z_x,z_note,x_x,x_note,"p(y|x,D)_mean","p(y|x,D)_std","p(y|x,z,D)_mean","p(y|x,z,D)_std","H[p(y|x,D)]","Var[y|x,D]",Va,Ve,Va_variance,Ve_variance,yxz_std,kl_pyx_pyxz,kl_pyxz_pyx,api_calls
6.9,x = 6.9,7.6,x = 7.6,0.6100000000000001,2.5383502954127946,-0.6112925979989885,2.231799950338805,2.35045,6.44322,2.20756,0.14288999999999996,5.3012,1.14202,2.2505831236956175,0.1678095637198841,0.13097691246561816,69948
7.7,x = 7.7,7.6,x = 7.6,0.6100000000000001,2.5383502954127946,-0.10824132394099323,2.3496710871271023,2.35045,6.44322,1.89978,0.4506699999999999,3.02758,3.41564,1.6790793604864156,0.05300463866611116,0.04570221031360666,70104
8.0,x = 8.0,7.6,x = 7.6,0.6100000000000001,2.5383502954127946,0.17966536737016459,2.0071115071937013,2.35045,6.44322,2.01838,0.33206999999999987,3.67886,2.76436,1.8736050272091607,0.08787254262626931,0.061803564451073045,70260
6.7,x = 6.7,7.6,x = 7.6,0.6100000000000001,2.5383502954127946,0.4320916333713004,2.3522962718891103,2.35045,6.44322,2.26408,0.08637000000000006,6.05156,0.39166,2.394525519942598,0.008960311028049506,0.007967588821430116,70417
7.2,x = 7.2,7.6,x = 7.6,0.6100000000000001,2.5383502954127946,-0.11237280701285655,2.4475278672681497,2.35045,6.44322,2.02356,0.3268900000000001,4.3481,2.09512,1.9545660526056707,0.044915365664070395,0.041789812330035314,70573
