z_x,z_note,x_x,x_note,"p(y|x,D)_mean","p(y|x,D)_std","p(y|x,z,D)_mean","p(y|x,z,D)_std","H[p(y|x,D)]","Var[y|x,D]",Va,Ve,Va_variance,Ve_variance,yxz_std,kl_pyx_pyxz,kl_pyxz_pyx,api_calls
7.9,x = 7.9,8.2,x = 8.2,0.99,3.180303968700686,1.0466174798230667,2.960749135962331,2.57592,10.11433,2.03697,0.5389499999999998,6.03066,4.08367,2.151694948289039,0.005553037866724231,0.005040091908108946,72328
7.3,x = 7.3,8.2,x = 8.2,0.99,3.180303968700686,0.10135324459329503,2.9308848369091187,2.57592,10.11433,2.40889,0.16703,8.03757,2.07676,2.768328773524523,0.05301427860348629,0.045359866217943745,72484
8.7,x = 8.7,8.2,x = 8.2,0.99,3.180303968700686,1.0224576691314264,3.4568223537926306,2.57592,10.11433,2.00075,0.57517,5.30678,4.80755,2.0358211557152797,0.00662436640457198,0.007406147106882366,72640
7.6,x = 7.6,8.2,x = 8.2,0.99,3.180303968700686,0.3794217440055007,3.1930986499431127,2.57592,10.11433,2.25732,0.3186,6.24533,3.869,2.4151961872107806,0.018298258221905783,0.018445742511550955,72796
8.5,x = 8.5,8.2,x = 8.2,0.99,3.180303968700686,0.10146130032756305,3.5398656183890274,2.57592,10.11433,2.20652,0.3694000000000002,6.92016,3.19417,2.429155785361796,0.04219857635816748,0.05136688675967793,72952
