z_x,z_note,x_x,x_note,"p(y|x,D)_mean","p(y|x,D)_std","p(y|x,z,D)_mean","p(y|x,z,D)_std","H[p(y|x,D)]","Var[y|x,D]",Va,Ve,Va_variance,Ve_variance,yxz_std,kl_pyx_pyxz,kl_pyxz_pyx,api_calls
5.6,x = 5.6,6.2,x = 6.2,1.19,2.1398078833806036,0.25184438558656336,1.7736300848169344,2.17965,4.57878,1.93055,0.2491000000000001,3.06552,1.51326,1.7101735715269504,0.17997342084971213,0.12731372179732536,64395
5.7,x = 5.7,6.2,x = 6.2,1.19,2.1398078833806036,-0.10071734519813112,1.7003625290008753,2.17965,4.57878,2.00621,0.17344000000000026,3.40941,1.16937,1.8240699657263753,0.3500677288234323,0.22751654109467934,64551
6.4,x = 6.4,6.2,x = 6.2,1.19,2.1398078833806036,0.8852975603096084,2.0707750810368015,2.17965,4.57878,1.89983,0.2798200000000002,2.86326,1.71552,1.6568465510466541,0.011924987212042493,0.011190723543037628,64707
4.8,x = 4.8,6.2,x = 6.2,1.19,2.1398078833806036,0.11957479217717576,2.1383866480212315,2.17965,4.57878,2.03184,0.14781000000000022,3.81548,0.7633,1.9078820951115054,0.12528864804463458,0.1251222730024445,64864
7.1,x = 7.1,6.2,x = 6.2,1.19,2.1398078833806036,0.2570665106315911,1.5808074329410629,2.17965,4.57878,1.9629,0.21675,3.02649,1.55229,1.7314635709850055,0.2875052204190369,0.17070785699405044,65020
