z_x,z_note,x_x,x_note,"p(y|x,D)_mean","p(y|x,D)_std","p(y|x,z,D)_mean","p(y|x,z,D)_std","H[p(y|x,D)]","Var[y|x,D]",Va,Ve,Va_variance,Ve_variance,yxz_std,kl_pyx_pyxz,kl_pyxz_pyx,api_calls
-5.2,x = -5.2,-6.2,x = -6.2,-3.9200000000000004,0.3966526608171605,-3.456874679476131,0.9369775770397778,0.49424,0.15733,1.01762,-0.52338,0.88085,-0.72352,0.7927767650342421,0.5713576579616815,2.112050076369893,15228
-5.8,x = -5.8,-6.2,x = -6.2,-3.9200000000000004,0.3966526608171605,-3.7326479847269787,0.9321455064391011,0.49424,0.15733,0.86646,-0.37222,0.77707,-0.61974,0.6963041881711945,0.4651628688674264,1.5184407791914563,15384
-6.2,x = -6.2,-6.2,x = -6.2,-3.9200000000000004,0.3966526608171605,-3.4874203451121373,0.5616965536117374,0.49424,0.15733,0.52438,-0.030139999999999945,0.35654,-0.19921,0.49522064352903555,0.39378856643358273,0.7494345296691673,15540
-6.1,x = -6.1,-6.2,x = -6.2,-3.9200000000000004,0.3966526608171605,-3.590546440413919,1.0019615480097925,0.49424,0.15733,0.83212,-0.33787999999999996,0.71869,-0.56136,0.670323981953609,0.5590704162143365,2.1087271996988095,15696
-6.8,x = -6.8,-6.2,x = -6.2,-3.9200000000000004,0.3966526608171605,-3.9051370666901812,0.5119432837859229,0.49424,0.15733,0.61693,-0.12268999999999997,0.24335,-0.08602,0.4709472531429155,0.05573031014316643,0.07844936514781575,15853
