z_x,z_note,x_x,x_note,"p(y|x,D)_mean","p(y|x,D)_std","p(y|x,z,D)_mean","p(y|x,z,D)_std","H[p(y|x,D)]","Var[y|x,D]",Va,Ve,Va_variance,Ve_variance,yxz_std,kl_pyx_pyxz,kl_pyxz_pyx,api_calls
1.7,x = 1.7,1.8,x = 1.8,0.15999999999999998,0.9946523680831075,-0.003125836834912632,1.0569767493794966,1.41358,0.98933,1.08371,0.3298700000000001,1.03172,-0.04239,0.841011497360994,0.015457608432016157,0.017296343198106023,46948
1.8,x = 1.8,1.8,x = 1.8,0.15999999999999998,0.9946523680831075,0.16192457764234125,1.0925020423783598,1.41358,0.98933,1.19565,0.21792999999999996,0.88449,0.10484,0.8768781348842327,0.008280221339129867,0.00938401870221961,47104
1.2,x = 1.2,1.8,x = 1.8,0.15999999999999998,0.9946523680831075,0.2798138927997565,0.997620150398524,1.41358,0.98933,1.02768,0.38590000000000013,0.60154,0.38779,0.7256153087130449,0.007220829016871155,0.0072639657466526675,47261
2.7,x = 2.7,1.8,x = 1.8,0.15999999999999998,0.9946523680831075,0.431401816136408,1.0253831320247873,1.41358,0.98933,1.28609,0.1274900000000001,0.88071,0.10862,0.9074417638990436,0.03593601354580089,0.038171509610939625,47417
1.4,x = 1.4,1.8,x = 1.8,0.15999999999999998,0.9946523680831075,0.20970886019181856,1.1237354832621407,1.41358,0.98933,1.22516,0.18842000000000003,0.88656,0.10277,0.8822186465970253,0.01472661206277548,0.017426600974085993,47573
