z_x,z_note,x_x,x_note,"p(y|x,D)_mean","p(y|x,D)_std","p(y|x,z,D)_mean","p(y|x,z,D)_std","H[p(y|x,D)]","Var[y|x,D]",Va,Ve,Va_variance,Ve_variance,yxz_std,kl_pyx_pyxz,kl_pyxz_pyx,api_calls
1.6,x = 1.6,2.0,x = 2.0,0.11999999999999995,0.9449279807947742,0.3352291281788674,1.2074490657430819,1.36229,0.89289,1.45442,-0.09213000000000005,1.31127,-0.41838,1.0860681796270522,0.06726055982349133,0.09719738180174609,47741
2.6,x = 2.6,2.0,x = 2.0,0.11999999999999995,0.9449279807947742,0.41308656212642153,1.0486547249261862,1.36229,0.89289,1.32509,0.0371999999999999,1.18102,-0.28813,0.9947393296445742,0.049189399297704606,0.059744521551315044,47897
2.9,x = 2.9,2.0,x = 2.0,0.11999999999999995,0.9449279807947742,-0.0650305939955509,0.9437999146046443,1.36229,0.89289,1.33261,0.02967999999999993,1.13812,-0.24523,0.9947338545820484,0.019218942771856096,0.01917308369538373,48053
1.8,x = 1.8,2.0,x = 2.0,0.11999999999999995,0.9449279807947742,-0.019265830079639525,1.0387279762229076,1.36229,0.89289,1.3216,0.04068999999999989,0.96059,-0.0677,0.9456791585565973,0.017405814230186056,0.02041113823966889,48209
2.4,x = 2.4,2.0,x = 2.0,0.11999999999999995,0.9449279807947742,0.06653103244095532,0.9924721270208015,1.36229,0.89289,1.18428,0.17801,0.86397,0.02892,0.8604632955991974,0.0037841132956167867,0.004091634448464276,48365
