z_x,z_note,x_x,x_note,"p(y|x,D)_mean","p(y|x,D)_std","p(y|x,z,D)_mean","p(y|x,z,D)_std","H[p(y|x,D)]","Var[y|x,D]",Va,Ve,Va_variance,Ve_variance,yxz_std,kl_pyx_pyxz,kl_pyxz_pyx,api_calls
-5.6,x = -5.6,-6.0,x = -6.0,-3.63,0.3560586718193755,-3.5905936111164167,0.690268589375037,0.38628,0.12678,0.85347,-0.46718999999999994,0.42108,-0.2943,0.6024065782845227,0.29665317414992975,0.723296207860169,16021
-6.9,x = -6.9,-6.0,x = -6.0,-3.63,0.3560586718193755,-3.718678737229006,0.7429436428881369,0.38628,0.12678,0.78956,-0.40328,0.36593,-0.23915,0.5719021670228045,0.3574904001544704,0.9723905732756757,16177
-5.9,x = -5.9,-6.0,x = -6.0,-3.63,0.3560586718193755,-3.4064659763603267,0.7565446163454392,0.38628,0.12678,0.87461,-0.48833,0.51763,-0.39085,0.6431601317068644,0.40806645888618753,1.2007358338612728,16334
-6.1,x = -6.1,-6.0,x = -6.0,-3.63,0.3560586718193755,-3.6154202213731734,0.7087094976478605,0.38628,0.12678,0.82536,-0.43907999999999997,0.36627,-0.23949,0.5788630198167334,0.31476681208720225,0.7933919298309693,16490
-5.3,x = -5.3,-6.0,x = -6.0,-3.63,0.3560586718193755,-3.431284494092308,1.050660848255861,0.38628,0.12678,1.05409,-0.66781,0.73344,-0.60666,0.7765947202278759,0.6573881867826223,2.9272919061570124,16646
