z_x,z_note,x_x,x_note,"p(y|x,D)_mean","p(y|x,D)_std","p(y|x,z,D)_mean","p(y|x,z,D)_std","H[p(y|x,D)]","Var[y|x,D]",Va,Ve,Va_variance,Ve_variance,yxz_std,kl_pyx_pyxz,kl_pyxz_pyx,api_calls
-4.2,x = -4.2,-4.6,x = -4.6,-2.8,1.5534906930308057,-1.8621503758153637,1.0059819304623654,1.85944,2.41333,0.99968,0.85976,0.92631,1.48702,0.8080600620395179,0.692384753617203,0.32643846278960065,21568
-4.5,x = -4.5,-4.6,x = -4.6,-2.8,1.5534906930308057,-2.307407439826296,1.4795056667802775,1.85944,2.41333,1.13603,0.7234099999999999,0.90506,1.50827,0.8547056941224581,0.05788633801346399,0.052577744179048924,21724
-4.0,x = -4.0,-4.6,x = -4.6,-2.8,1.5534906930308057,-1.8289652122936095,1.0512065481668578,1.85944,2.41333,1.16124,0.6981999999999999,0.7881,1.62523,0.8407391716687527,0.6280472435843356,0.3148636024481286,21880
-4.7,x = -4.7,-4.6,x = -4.6,-2.8,1.5534906930308057,-2.1774160941892164,1.0303651238131977,1.85944,2.41333,1.07267,0.78677,0.71001,1.70332,0.7751028011235194,0.4085525627235598,0.2108529032588753,22036
-5.1,x = -5.1,-4.6,x = -4.6,-2.8,1.5534906930308057,-1.935329631643898,1.180639915455867,1.85944,2.41333,1.36931,0.49012999999999995,1.06301,1.35032,0.9919349793539655,0.3594082637391842,0.21814236667334452,22193
