z_x,z_note,x_x,x_note,"p(y|x,D)_mean","p(y|x,D)_std","p(y|x,z,D)_mean","p(y|x,z,D)_std","H[p(y|x,D)]","Var[y|x,D]",Va,Ve,Va_variance,Ve_variance,yxz_std,kl_pyx_pyxz,kl_pyxz_pyx,api_calls
7.3,x = 7.3,7.0,x = 7.0,-1.11,1.9879917281294488,-0.6342772526034548,2.5208005066417125,2.10606,3.95211,2.24426,-0.13820000000000032,5.88232,-1.93021,2.3552551090386915,0.06623163099147422,0.09510945627581346,67567
7.4,x = 7.4,7.0,x = 7.0,-1.11,1.9879917281294488,-0.6584919588019963,2.461005283679334,2.10606,3.95211,2.20457,-0.0985100000000001,5.05296,-1.10085,2.22282478545635,0.05654233477945536,0.07858824127484598,67723
6.7,x = 6.7,7.0,x = 7.0,-1.11,1.9879917281294488,-0.8481496131594187,2.0806020643969507,2.10606,3.95211,2.07046,0.03559999999999963,3.94602,0.00609,1.952139168917502,0.009931182527325388,0.010812143400599994,67879
6.1,x = 6.1,7.0,x = 7.0,-1.11,1.9879917281294488,-1.0470736679625383,2.2108941919695853,2.10606,3.95211,2.15965,-0.05359000000000025,4.81637,-0.86426,2.145859113809134,0.01093942995271091,0.01263925252203879,68036
7.6,x = 7.6,7.0,x = 7.0,-1.11,1.9879917281294488,-0.4755698256637871,2.343361821985517,2.10606,3.95211,2.12709,-0.021030000000000104,4.24794,-0.29583,2.0457133197330717,0.0609594843056489,0.08119634016644639,68192
