z_x1,z_x2,z_note,x_x1,x_x2,x_note,"p(y=0|x,D)","p(y=1|x,D)","p(y=2|x,D)","p(u=0|z,D)","p(u=1|z,D)","p(u=2|z,D)","p(y=0|x,u=0,z,D)","p(y=1|x,u=0,z,D)","p(y=2|x,u=0,z,D)","p(y=0|x,u=1,z,D)","p(y=1|x,u=1,z,D)","p(y=2|x,u=1,z,D)","p(y=0|x,u=2,z,D)","p(y=1|x,u=2,z,D)","p(y=2|x,u=2,z,D)","p(y=0|x,z,D)","p(y=1|x,z,D)","p(y=2|x,z,D)","H[p(u|z,D)]","Var[p(u|z,D)]","H[p(y|x,u=0,z,D)]","H[p(y|x,u=1,z,D)]","H[p(y|x,u=2,z,D)]","Var[p(y|x,u=0,z,D)]","Var[p(y|x,u=1,z,D)]","Var[p(y|x,u=2,z,D)]","H[p(y|x,D)]","Var[p(y|x,D)]",Va,Ve,Va_variance,Ve_variance,kl_pyx_pyxz,kl_pyxz_pyx,api_calls
-1.4,0.0,x1 = -1.4; x2 = 0.0,-1.4,0.0,x1 = -1.4; x2 = 0.0,0.16976186197226498,0.3922950820351804,0.4379430559925547,0.16976186197226498,0.3922950820351804,0.4379430559925547,0.5737148993747467,0.24121278661129666,0.18507231401395666,0.11135990387290184,0.6789556219979752,0.20968447412912297,0.11636161030664807,0.22263472074467994,0.661003668948672,0.19204061140224568,0.40480101318956907,0.4031583754081852,1.48559,0.53578,1.4052,1.20448,1.23841,0.60774,0.31138,0.48073,1.48559,0.53578,1.25341,0.23218000000000005,0.43586,0.09992000000000001,0.002999807458529846,0.003018602442181058,26050
