z_x1,z_x2,z_note,x_x1,x_x2,x_note,"p(y=0|x,D)","p(y=1|x,D)","p(y=2|x,D)","p(u=0|z,D)","p(u=1|z,D)","p(u=2|z,D)","p(y=0|x,u=0,z,D)","p(y=1|x,u=0,z,D)","p(y=2|x,u=0,z,D)","p(y=0|x,u=1,z,D)","p(y=1|x,u=1,z,D)","p(y=2|x,u=1,z,D)","p(y=0|x,u=2,z,D)","p(y=1|x,u=2,z,D)","p(y=2|x,u=2,z,D)","p(y=0|x,z,D)","p(y=1|x,z,D)","p(y=2|x,z,D)","H[p(u|z,D)]","Var[p(u|z,D)]","H[p(y|x,u=0,z,D)]","H[p(y|x,u=1,z,D)]","H[p(y|x,u=2,z,D)]","Var[p(y|x,u=0,z,D)]","Var[p(y|x,u=1,z,D)]","Var[p(y|x,u=2,z,D)]","H[p(y|x,D)]","Var[p(y|x,D)]",Va,Ve,Va_variance,Ve_variance,kl_pyx_pyxz,kl_pyxz_pyx,api_calls
2.4,-2.8,x1 = 2.4; x2 = -2.8,2.4,-2.8,x1 = 2.4; x2 = -2.8,0.6379929769323023,0.11536563087845128,0.24664139218924644,0.6379929769323023,0.11536563087845128,0.24664139218924644,0.8886454535889816,0.056965351313396625,0.05438919509762171,0.23516631698134147,0.6597362159537405,0.10509746706491804,0.16108844309879886,0.07687210060899521,0.7620394562922059,0.6338107467639907,0.13141422074800818,0.23477503248800105,1.27121,0.73148,0.6153,1.22854,1.00762,0.24705,0.32335,0.56199,1.27121,0.73148,0.78281,0.48839999999999995,0.33353,0.39795,0.0013311889663030884,0.0013717138942877845,16650
