z_x1,z_x2,z_note,x_x1,x_x2,x_note,"p(y=0|x,D)","p(y=1|x,D)","p(y=2|x,D)","p(u=0|z,D)","p(u=1|z,D)","p(u=2|z,D)","p(y=0|x,u=0,z,D)","p(y=1|x,u=0,z,D)","p(y=2|x,u=0,z,D)","p(y=0|x,u=1,z,D)","p(y=1|x,u=1,z,D)","p(y=2|x,u=1,z,D)","p(y=0|x,u=2,z,D)","p(y=1|x,u=2,z,D)","p(y=2|x,u=2,z,D)","p(y=0|x,z,D)","p(y=1|x,z,D)","p(y=2|x,z,D)","H[p(u|z,D)]","Var[p(u|z,D)]","H[p(y|x,u=0,z,D)]","H[p(y|x,u=1,z,D)]","H[p(y|x,u=2,z,D)]","Var[p(y|x,u=0,z,D)]","Var[p(y|x,u=1,z,D)]","Var[p(y|x,u=2,z,D)]","H[p(y|x,D)]","Var[p(y|x,D)]",Va,Ve,Va_variance,Ve_variance,kl_pyx_pyxz,kl_pyxz_pyx,api_calls
0.4,-2.4,x1 = 0.4; x2 = -2.4,0.4,-2.4,x1 = 0.4; x2 = -2.4,0.6180267274228748,0.22025515950890323,0.16171811306822192,0.6180267274228748,0.22025515950890323,0.16171811306822192,0.7801125089653874,0.13369946124517812,0.08618802978943443,0.29851665613022904,0.5896074255160796,0.1118759183536913,0.26000312862958663,0.1307471027240107,0.6092497686464027,0.5899274300033654,0.2336380927879008,0.17643447720873373,1.3349,0.57153,0.97239,1.32356,1.3246,0.38477,0.37556,0.74728,1.3349,0.57153,1.1067,0.22819999999999996,0.44137,0.13016,0.0016812154407585475,0.001697438683847188,16850
