z_x1,z_x2,z_note,x_x1,x_x2,x_note,"p(y=0|x,D)","p(y=1|x,D)","p(y=2|x,D)","p(u=0|z,D)","p(u=1|z,D)","p(u=2|z,D)","p(y=0|x,u=0,z,D)","p(y=1|x,u=0,z,D)","p(y=2|x,u=0,z,D)","p(y=0|x,u=1,z,D)","p(y=1|x,u=1,z,D)","p(y=2|x,u=1,z,D)","p(y=0|x,u=2,z,D)","p(y=1|x,u=2,z,D)","p(y=2|x,u=2,z,D)","p(y=0|x,z,D)","p(y=1|x,z,D)","p(y=2|x,z,D)","H[p(u|z,D)]","Var[p(u|z,D)]","H[p(y|x,u=0,z,D)]","H[p(y|x,u=1,z,D)]","H[p(y|x,u=2,z,D)]","Var[p(y|x,u=0,z,D)]","Var[p(y|x,u=1,z,D)]","Var[p(y|x,u=2,z,D)]","H[p(y|x,D)]","Var[p(y|x,D)]",Va,Ve,Va_variance,Ve_variance,kl_pyx_pyxz,kl_pyxz_pyx,api_calls
-1.6,-3.6,x1 = -1.6; x2 = -3.6,-1.6,-3.6,x1 = -1.6; x2 = -3.6,0.18345777858527507,0.17430431171877642,0.5422379096959485,0.18345777858527507,0.17430431171877642,0.5422379096959485,0.7049555654610602,0.1005411771489629,0.1945032573899768,0.15850820134233382,0.6540500019687473,0.18744179668891892,0.079555134925637,0.07839068257642862,0.8420541824979344,0.20009605504522585,0.17495519629880546,0.5249487486559687,1.36693,0.75873,1.14823,1.2746,0.78731,0.6389,0.34511,0.3402,1.36693,0.75873,0.85973,0.5072,0.36183,0.39690000000000003,0.0009946068584082667,0.0010124791360322898,16250
