z_x1,z_x2,z_note,x_x1,x_x2,x_note,"p(y=0|x,D)","p(y=1|x,D)","p(y=2|x,D)","p(u=0|z,D)","p(u=1|z,D)","p(u=2|z,D)","p(y=0|x,u=0,z,D)","p(y=1|x,u=0,z,D)","p(y=2|x,u=0,z,D)","p(y=0|x,u=1,z,D)","p(y=1|x,u=1,z,D)","p(y=2|x,u=1,z,D)","p(y=0|x,u=2,z,D)","p(y=1|x,u=2,z,D)","p(y=2|x,u=2,z,D)","p(y=0|x,z,D)","p(y=1|x,z,D)","p(y=2|x,z,D)","H[p(u|z,D)]","Var[p(u|z,D)]","H[p(y|x,u=0,z,D)]","H[p(y|x,u=1,z,D)]","H[p(y|x,u=2,z,D)]","Var[p(y|x,u=0,z,D)]","Var[p(y|x,u=1,z,D)]","Var[p(y|x,u=2,z,D)]","H[p(y|x,D)]","Var[p(y|x,D)]",Va,Ve,Va_variance,Ve_variance,kl_pyx_pyxz,kl_pyxz_pyx,api_calls
0.8,-2.6,x1 = 0.8; x2 = -2.6,0.8,-2.6,x1 = 0.8; x2 = -2.6,0.7089701208635746,0.20366819056087498,0.08736168857555045,0.7089701208635746,0.20366819056087498,0.08736168857555045,0.823066821735571,0.12724608944072474,0.04968708882370424,0.2912835470562395,0.6351470549532818,0.0735693979904786,0.2683071491018561,0.13750730949097503,0.5941855414071687,0.6662947426561938,0.23158579758122377,0.10211945976258233,1.12659,0.40993,0.82488,1.21123,1.3491,0.27464,0.31745,0.7563,1.12659,0.40993,0.94936,0.17723,0.32544,0.08449000000000001,0.004214914184409335,0.0043241625287987195,32750
