z_x1,z_x2,z_note,x_x1,x_x2,x_note,"p(y=0|x,D)","p(y=1|x,D)","p(y=2|x,D)","p(u=0|z,D)","p(u=1|z,D)","p(u=2|z,D)","p(y=0|x,u=0,z,D)","p(y=1|x,u=0,z,D)","p(y=2|x,u=0,z,D)","p(y=0|x,u=1,z,D)","p(y=1|x,u=1,z,D)","p(y=2|x,u=1,z,D)","p(y=0|x,u=2,z,D)","p(y=1|x,u=2,z,D)","p(y=2|x,u=2,z,D)","p(y=0|x,z,D)","p(y=1|x,z,D)","p(y=2|x,z,D)","H[p(u|z,D)]","Var[p(u|z,D)]","H[p(y|x,u=0,z,D)]","H[p(y|x,u=1,z,D)]","H[p(y|x,u=2,z,D)]","Var[p(y|x,u=0,z,D)]","Var[p(y|x,u=1,z,D)]","Var[p(y|x,u=2,z,D)]","H[p(y|x,D)]","Var[p(y|x,D)]",Va,Ve,Va_variance,Ve_variance,kl_pyx_pyxz,kl_pyxz_pyx,api_calls
-3.3,-1.5,x1 = -3.3; x2 = -1.5,-3.3,-1.5,x1 = -3.3; x2 = -1.5,0.1539457584507328,0.1151090715285104,0.7309451700207569,0.1539457584507328,0.1151090715285104,0.7309451700207569,0.7637769196870685,0.07300934606340162,0.1632137342495299,0.14184478274853476,0.6578637496191929,0.20029146763227237,0.07861126977345904,0.0702456032404131,0.8511431269861278,0.19136836638184593,0.1383112489684265,0.6703203846497277,1.1051,0.55196,0.99944,1.26175,0.75549,0.56631,0.33872,0.33295,1.1051,0.55196,0.85132,0.25378,0.36954,0.18242000000000003,0.00865153511459587,0.009001208350758766,29300
