z_x1,z_x2,z_note,x_x1,x_x2,x_note,"p(y=0|x,D)","p(y=1|x,D)","p(y=2|x,D)","p(u=0|z,D)","p(u=1|z,D)","p(u=2|z,D)","p(y=0|x,u=0,z,D)","p(y=1|x,u=0,z,D)","p(y=2|x,u=0,z,D)","p(y=0|x,u=1,z,D)","p(y=1|x,u=1,z,D)","p(y=2|x,u=1,z,D)","p(y=0|x,u=2,z,D)","p(y=1|x,u=2,z,D)","p(y=2|x,u=2,z,D)","p(y=0|x,z,D)","p(y=1|x,z,D)","p(y=2|x,z,D)","H[p(u|z,D)]","Var[p(u|z,D)]","H[p(y|x,u=0,z,D)]","H[p(y|x,u=1,z,D)]","H[p(y|x,u=2,z,D)]","Var[p(y|x,u=0,z,D)]","Var[p(y|x,u=1,z,D)]","Var[p(y|x,u=2,z,D)]","H[p(y|x,D)]","Var[p(y|x,D)]",Va,Ve,Va_variance,Ve_variance,kl_pyx_pyxz,kl_pyxz_pyx,api_calls
0.6,3.2,x1 = 0.6; x2 = 3.2,0.6,3.2,x1 = 0.6; x2 = 3.2,0.404762268280464,0.27047566338114376,0.3247620683383922,0.404762268280464,0.27047566338114376,0.3247620683383922,0.8017896108418123,0.07926262669530526,0.11894776246288244,0.1376318040752634,0.7179565038544438,0.14441169207029295,0.08185566215030791,0.07200222385308948,0.8461421139966026,0.3883438492227856,0.24965587337339004,0.3620002774038244,1.56533,0.72312,0.91077,1.14015,0.77281,0.45446,0.282,0.34386,1.56533,0.72312,0.92801,0.6373200000000001,0.3719,0.35122,0.003171812433918758,0.0032179791200432836,27650
