z_x1,z_x2,z_note,x_x1,x_x2,x_note,"p(y=0|x,D)","p(y=1|x,D)","p(y=2|x,D)","p(u=0|z,D)","p(u=1|z,D)","p(u=2|z,D)","p(y=0|x,u=0,z,D)","p(y=1|x,u=0,z,D)","p(y=2|x,u=0,z,D)","p(y=0|x,u=1,z,D)","p(y=1|x,u=1,z,D)","p(y=2|x,u=1,z,D)","p(y=0|x,u=2,z,D)","p(y=1|x,u=2,z,D)","p(y=2|x,u=2,z,D)","p(y=0|x,z,D)","p(y=1|x,z,D)","p(y=2|x,z,D)","H[p(u|z,D)]","Var[p(u|z,D)]","H[p(y|x,u=0,z,D)]","H[p(y|x,u=1,z,D)]","H[p(y|x,u=2,z,D)]","Var[p(y|x,u=0,z,D)]","Var[p(y|x,u=1,z,D)]","Var[p(y|x,u=2,z,D)]","H[p(y|x,D)]","Var[p(y|x,D)]",Va,Ve,Va_variance,Ve_variance,kl_pyx_pyxz,kl_pyxz_pyx,api_calls
2.8,-1.6,x1 = 2.8; x2 = -1.6,2.8,-1.6,x1 = 2.8; x2 = -1.6,0.740146205445849,0.13700442229907303,0.12284937225507801,0.740146205445849,0.13700442229907303,0.12284937225507801,0.8735711328696775,0.07255482387835724,0.05387404325196534,0.2416066484739307,0.6726266721754055,0.0857666793506638,0.2519714734809354,0.11357624023053037,0.6344522862885342,0.7106260758216294,0.15980677604011,0.1295671481382607,1.08582,0.48194,0.67199,1.18385,1.27398,0.25554,0.30309,0.74013,1.08582,0.48194,0.81607,0.26975000000000005,0.32159,0.16035,0.002492288584180215,0.002577350402499316,33250
