z_x1,z_x2,z_note,x_x1,x_x2,x_note,"p(y=0|x,D)","p(y=1|x,D)","p(y=2|x,D)","p(u=0|z,D)","p(u=1|z,D)","p(u=2|z,D)","p(y=0|x,u=0,z,D)","p(y=1|x,u=0,z,D)","p(y=2|x,u=0,z,D)","p(y=0|x,u=1,z,D)","p(y=1|x,u=1,z,D)","p(y=2|x,u=1,z,D)","p(y=0|x,u=2,z,D)","p(y=1|x,u=2,z,D)","p(y=2|x,u=2,z,D)","p(y=0|x,z,D)","p(y=1|x,z,D)","p(y=2|x,z,D)","H[p(u|z,D)]","Var[p(u|z,D)]","H[p(y|x,u=0,z,D)]","H[p(y|x,u=1,z,D)]","H[p(y|x,u=2,z,D)]","Var[p(y|x,u=0,z,D)]","Var[p(y|x,u=1,z,D)]","Var[p(y|x,u=2,z,D)]","H[p(y|x,D)]","Var[p(y|x,D)]",Va,Ve,Va_variance,Ve_variance,kl_pyx_pyxz,kl_pyxz_pyx,api_calls
-2.1,-2.7,x1 = -2.1; x2 = -2.7,-2.1,-2.7,x1 = -2.1; x2 = -2.7,0.13525737124069484,0.08340989044837935,0.7813327383109259,0.13525737124069484,0.08340989044837935,0.7813327383109259,0.5427237705907946,0.092227472833807,0.36504875657539837,0.20376208963689244,0.4164313251324076,0.37980658523069993,0.09939288663444858,0.06444722300454175,0.8361598903610096,0.16806208037681597,0.09756366196691439,0.7343742576562695,0.96744,0.49918,1.32639,1.52441,0.80184,0.8762,0.55258,0.39273,0.96744,0.49918,0.93306,0.034379999999999966,0.47146,0.027720000000000022,0.0059836118408813435,0.006269094807212515,76700
