z_x1,z_x2,z_note,x_x1,x_x2,x_note,"p(y=0|x,D)","p(y=1|x,D)","p(y=2|x,D)","p(u=0|z,D)","p(u=1|z,D)","p(u=2|z,D)","p(y=0|x,u=0,z,D)","p(y=1|x,u=0,z,D)","p(y=2|x,u=0,z,D)","p(y=0|x,u=1,z,D)","p(y=1|x,u=1,z,D)","p(y=2|x,u=1,z,D)","p(y=0|x,u=2,z,D)","p(y=1|x,u=2,z,D)","p(y=2|x,u=2,z,D)","p(y=0|x,z,D)","p(y=1|x,z,D)","p(y=2|x,z,D)","H[p(u|z,D)]","Var[p(u|z,D)]","H[p(y|x,u=0,z,D)]","H[p(y|x,u=1,z,D)]","H[p(y|x,u=2,z,D)]","Var[p(y|x,u=0,z,D)]","Var[p(y|x,u=1,z,D)]","Var[p(y|x,u=2,z,D)]","H[p(y|x,D)]","Var[p(y|x,D)]",Va,Ve,Va_variance,Ve_variance,kl_pyx_pyxz,kl_pyxz_pyx,api_calls
-3.4,2.7,x1 = -3.4; x2 = 2.7,-3.4,2.7,x1 = -3.4; x2 = 2.7,0.29409326983120226,0.217066450044835,0.38884028012396277,0.29409326983120226,0.217066450044835,0.38884028012396277,0.8713897594582655,0.050308669464239265,0.07830157107749525,0.09719360289444957,0.8048596267144503,0.0979467703911,0.046770635685021024,0.04639859073811029,0.9068307735768686,0.2955536410852111,0.20754510407887597,0.396901254835913,1.52753,0.78291,0.67779,0.90724,0.54013,0.3207,0.19514,0.2139,1.52753,0.78291,0.60629,0.9212400000000001,0.21985,0.56306,0.0003011676267329882,0.00029854658849277037,27400
