z_x1,z_x2,z_note,x_x1,x_x2,x_note,"p(y=0|x,D)","p(y=1|x,D)","p(y=2|x,D)","p(u=0|z,D)","p(u=1|z,D)","p(u=2|z,D)","p(y=0|x,u=0,z,D)","p(y=1|x,u=0,z,D)","p(y=2|x,u=0,z,D)","p(y=0|x,u=1,z,D)","p(y=1|x,u=1,z,D)","p(y=2|x,u=1,z,D)","p(y=0|x,u=2,z,D)","p(y=1|x,u=2,z,D)","p(y=2|x,u=2,z,D)","p(y=0|x,z,D)","p(y=1|x,z,D)","p(y=2|x,z,D)","H[p(u|z,D)]","Var[p(u|z,D)]","H[p(y|x,u=0,z,D)]","H[p(y|x,u=1,z,D)]","H[p(y|x,u=2,z,D)]","Var[p(y|x,u=0,z,D)]","Var[p(y|x,u=1,z,D)]","Var[p(y|x,u=2,z,D)]","H[p(y|x,D)]","Var[p(y|x,D)]",Va,Ve,Va_variance,Ve_variance,kl_pyx_pyxz,kl_pyxz_pyx,api_calls
-3.4,1.1,x1 = -3.4; x2 = 1.1,-3.4,1.1,x1 = -3.4; x2 = 1.1,0.24025726491770336,0.15230571231775678,0.5074370227645398,0.24025726491770336,0.15230571231775678,0.5074370227645398,0.8555035312444812,0.056161192809332974,0.08833527594618579,0.10914279858571477,0.7555689112092547,0.13528829020503041,0.05595194381316722,0.05536945664007721,0.8886785995467555,0.25055609801362916,0.15666710803529466,0.49277679395107615,1.40442,0.81975,0.73518,1.04474,0.61521,0.35529,0.24375,0.2512,1.40442,0.81975,0.64793,0.75649,0.24995,0.5698,0.000491842891901623,0.0004933462152558934,26600
