z_x1,z_x2,z_note,x_x1,x_x2,x_note,"p(y=0|x,D)","p(y=1|x,D)","p(y=2|x,D)","p(u=0|z,D)","p(u=1|z,D)","p(u=2|z,D)","p(y=0|x,u=0,z,D)","p(y=1|x,u=0,z,D)","p(y=2|x,u=0,z,D)","p(y=0|x,u=1,z,D)","p(y=1|x,u=1,z,D)","p(y=2|x,u=1,z,D)","p(y=0|x,u=2,z,D)","p(y=1|x,u=2,z,D)","p(y=2|x,u=2,z,D)","p(y=0|x,z,D)","p(y=1|x,z,D)","p(y=2|x,z,D)","H[p(u|z,D)]","Var[p(u|z,D)]","H[p(y|x,u=0,z,D)]","H[p(y|x,u=1,z,D)]","H[p(y|x,u=2,z,D)]","Var[p(y|x,u=0,z,D)]","Var[p(y|x,u=1,z,D)]","Var[p(y|x,u=2,z,D)]","H[p(y|x,D)]","Var[p(y|x,D)]",Va,Ve,Va_variance,Ve_variance,kl_pyx_pyxz,kl_pyxz_pyx,api_calls
-3.4,-1.9,x1 = -3.4; x2 = -1.9,-3.4,-1.9,x1 = -3.4; x2 = -1.9,0.12437136082219538,0.0928580832395446,0.68277055593826,0.12437136082219538,0.0928580832395446,0.68277055593826,0.7660836665336463,0.07241846489035456,0.16149786857599924,0.12810771782270847,0.6791648458662005,0.19272743631109104,0.06301728376993124,0.060634434178865916,0.8763482820512027,0.15020105110897072,0.11347213515119,0.6363268137398392,1.0683,0.69701,0.99359,1.21667,0.66339,0.56206,0.31666,0.27786,1.0683,0.69701,0.68949,0.37881,0.28902,0.40799,0.006012975806215563,0.0062657692187679664,25100
