z_x1,z_x2,z_note,x_x1,x_x2,x_note,"p(y=0|x,D)","p(y=1|x,D)","p(y=2|x,D)","p(u=0|z,D)","p(u=1|z,D)","p(u=2|z,D)","p(y=0|x,u=0,z,D)","p(y=1|x,u=0,z,D)","p(y=2|x,u=0,z,D)","p(y=0|x,u=1,z,D)","p(y=1|x,u=1,z,D)","p(y=2|x,u=1,z,D)","p(y=0|x,u=2,z,D)","p(y=1|x,u=2,z,D)","p(y=2|x,u=2,z,D)","p(y=0|x,z,D)","p(y=1|x,z,D)","p(y=2|x,z,D)","H[p(u|z,D)]","Var[p(u|z,D)]","H[p(y|x,u=0,z,D)]","H[p(y|x,u=1,z,D)]","H[p(y|x,u=2,z,D)]","Var[p(y|x,u=0,z,D)]","Var[p(y|x,u=1,z,D)]","Var[p(y|x,u=2,z,D)]","H[p(y|x,D)]","Var[p(y|x,D)]",Va,Ve,Va_variance,Ve_variance,kl_pyx_pyxz,kl_pyxz_pyx,api_calls
-2.2,0.1,x1 = -2.2; x2 = 0.1,-2.2,0.1,x1 = -2.2; x2 = 0.1,0.4683579724048233,0.27310967046409873,0.25853235713107814,0.4683579724048233,0.27310967046409873,0.25853235713107814,0.6894478701586558,0.19334618110859952,0.11720594873274467,0.28566331180460797,0.5781974484078006,0.1361392397875914,0.2620262940629058,0.19057205210933675,0.5474016538277574,0.4686680949313755,0.29773558178921006,0.23359632327941454,1.52846,0.68286,1.19076,1.36501,1.43793,0.47919,0.39945,0.72799,1.52846,0.68286,1.30225,0.22621000000000002,0.52174,0.16112000000000004,0.0023337743608947033,0.002321614429812345,74100
