z_x1,z_x2,z_note,x_x1,x_x2,x_note,"p(y=0|x,D)","p(y=1|x,D)","p(y=2|x,D)","p(u=0|z,D)","p(u=1|z,D)","p(u=2|z,D)","p(y=0|x,u=0,z,D)","p(y=1|x,u=0,z,D)","p(y=2|x,u=0,z,D)","p(y=0|x,u=1,z,D)","p(y=1|x,u=1,z,D)","p(y=2|x,u=1,z,D)","p(y=0|x,u=2,z,D)","p(y=1|x,u=2,z,D)","p(y=2|x,u=2,z,D)","p(y=0|x,z,D)","p(y=1|x,z,D)","p(y=2|x,z,D)","H[p(u|z,D)]","Var[p(u|z,D)]","H[p(y|x,u=0,z,D)]","H[p(y|x,u=1,z,D)]","H[p(y|x,u=2,z,D)]","Var[p(y|x,u=0,z,D)]","Var[p(y|x,u=1,z,D)]","Var[p(y|x,u=2,z,D)]","H[p(y|x,D)]","Var[p(y|x,D)]",Va,Ve,Va_variance,Ve_variance,kl_pyx_pyxz,kl_pyxz_pyx,api_calls
-3.7,2.3,x1 = -3.7; x2 = 2.3,-3.7,2.3,x1 = -3.7; x2 = 2.3,0.2868155968516821,0.20825599524256128,0.40492840790575657,0.2868155968516821,0.20825599524256128,0.40492840790575657,0.858291642245443,0.05408184787365582,0.08762650988090126,0.10652374916518137,0.781895474574284,0.11158077626053467,0.057318450141889375,0.05252727350776082,0.8901542763503498,0.29156550780238166,0.19961572294297455,0.4088187692546438,1.51632,0.79142,0.72462,0.97471,0.60915,0.35199,0.21808,0.25386,1.51632,0.79142,0.65748,0.8588399999999999,0.24917,0.54225,0.0002418258800913494,0.000239513139952012,15200
