z_x1,z_x2,z_note,x_x1,x_x2,x_note,"p(y=0|x,D)","p(y=1|x,D)","p(y=2|x,D)","p(u=0|z,D)","p(u=1|z,D)","p(u=2|z,D)","p(y=0|x,u=0,z,D)","p(y=1|x,u=0,z,D)","p(y=2|x,u=0,z,D)","p(y=0|x,u=1,z,D)","p(y=1|x,u=1,z,D)","p(y=2|x,u=1,z,D)","p(y=0|x,u=2,z,D)","p(y=1|x,u=2,z,D)","p(y=2|x,u=2,z,D)","p(y=0|x,z,D)","p(y=1|x,z,D)","p(y=2|x,z,D)","H[p(u|z,D)]","Var[p(u|z,D)]","H[p(y|x,u=0,z,D)]","H[p(y|x,u=1,z,D)]","H[p(y|x,u=2,z,D)]","Var[p(y|x,u=0,z,D)]","Var[p(y|x,u=1,z,D)]","Var[p(y|x,u=2,z,D)]","H[p(y|x,D)]","Var[p(y|x,D)]",Va,Ve,Va_variance,Ve_variance,kl_pyx_pyxz,kl_pyxz_pyx,api_calls
-1.1,-1.4,x1 = -1.1; x2 = -1.4,-1.1,-1.4,x1 = -1.1; x2 = -1.4,0.19909521247109224,0.44469326386263247,0.35621152366627534,0.19909521247109224,0.44469326386263247,0.35621152366627534,0.46960233674254087,0.2686766090719639,0.2617210541854952,0.134502690599315,0.6247737954325528,0.2407235139681322,0.1335770126762877,0.2753474648792262,0.5910755224444861,0.20088968870380258,0.42940686483821716,0.36970344645798026,1.51395,0.53062,1.52766,1.30784,1.34866,0.68811,0.36394,0.51535,1.51395,0.53062,1.36615,0.14779999999999993,0.48241,0.048209999999999975,0.0005261926449359709,0.0005262071716390752,37350
