z_x1,z_x2,z_note,x_x1,x_x2,x_note,"p(y=0|x,D)","p(y=1|x,D)","p(y=2|x,D)","p(u=0|z,D)","p(u=1|z,D)","p(u=2|z,D)","p(y=0|x,u=0,z,D)","p(y=1|x,u=0,z,D)","p(y=2|x,u=0,z,D)","p(y=0|x,u=1,z,D)","p(y=1|x,u=1,z,D)","p(y=2|x,u=1,z,D)","p(y=0|x,u=2,z,D)","p(y=1|x,u=2,z,D)","p(y=2|x,u=2,z,D)","p(y=0|x,z,D)","p(y=1|x,z,D)","p(y=2|x,z,D)","H[p(u|z,D)]","Var[p(u|z,D)]","H[p(y|x,u=0,z,D)]","H[p(y|x,u=1,z,D)]","H[p(y|x,u=2,z,D)]","Var[p(y|x,u=0,z,D)]","Var[p(y|x,u=1,z,D)]","Var[p(y|x,u=2,z,D)]","H[p(y|x,D)]","Var[p(y|x,D)]",Va,Ve,Va_variance,Ve_variance,kl_pyx_pyxz,kl_pyxz_pyx,api_calls
2.3,-1.4,x1 = 2.3; x2 = -1.4,2.3,-1.4,x1 = 2.3; x2 = -1.4,0.46702315873054145,0.29882446235661314,0.23415237891284538,0.46702315873054145,0.29882446235661314,0.23415237891284538,0.6295281904529741,0.21088634423845165,0.15958546530857426,0.1924393582204705,0.6500072896483327,0.15755335213119678,0.19590114711957812,0.20935467106908123,0.5947441818113407,0.3973805514015582,0.34174777974376197,0.2608716688546799,1.52416,0.64695,1.31636,1.28154,1.37888,0.56827,0.34878,0.63157,1.52416,0.64695,1.32059,0.20357000000000003,0.5175,0.12945000000000007,0.01000807337590694,0.009886342574988116,13350
