z_x1,z_x2,z_note,x_x1,x_x2,x_note,"p(y=0|x,D)","p(y=1|x,D)","p(y=2|x,D)","p(u=0|z,D)","p(u=1|z,D)","p(u=2|z,D)","p(y=0|x,u=0,z,D)","p(y=1|x,u=0,z,D)","p(y=2|x,u=0,z,D)","p(y=0|x,u=1,z,D)","p(y=1|x,u=1,z,D)","p(y=2|x,u=1,z,D)","p(y=0|x,u=2,z,D)","p(y=1|x,u=2,z,D)","p(y=2|x,u=2,z,D)","p(y=0|x,z,D)","p(y=1|x,z,D)","p(y=2|x,z,D)","H[p(u|z,D)]","Var[p(u|z,D)]","H[p(y|x,u=0,z,D)]","H[p(y|x,u=1,z,D)]","H[p(y|x,u=2,z,D)]","Var[p(y|x,u=0,z,D)]","Var[p(y|x,u=1,z,D)]","Var[p(y|x,u=2,z,D)]","H[p(y|x,D)]","Var[p(y|x,D)]",Va,Ve,Va_variance,Ve_variance,kl_pyx_pyxz,kl_pyxz_pyx,api_calls
-2.9,-2.0,x1 = -2.9; x2 = -2.0,-2.9,-2.0,x1 = -2.9; x2 = -2.0,0.11142920189782793,0.08231550087778622,0.8062552972243859,0.11142920189782793,0.08231550087778622,0.8062552972243859,0.5465300177145188,0.07685623200470638,0.3766137502807748,0.15918965775690774,0.4481470218693929,0.3926633203736993,0.07597213813002757,0.0638296482007534,0.860198213669219,0.1352561189087553,0.09691646714705246,0.7678274139441923,0.89982,0.4349,1.29146,1.47053,0.72276,0.89427,0.49734,0.32116,0.89982,0.4349,0.84768,0.052139999999999964,0.39952,0.03538000000000002,0.004339710888288668,0.004538321414529721,45050
