z_x1,z_x2,z_note,x_x1,x_x2,x_note,"p(y=0|x,D)","p(y=1|x,D)","p(y=2|x,D)","p(u=0|z,D)","p(u=1|z,D)","p(u=2|z,D)","p(y=0|x,u=0,z,D)","p(y=1|x,u=0,z,D)","p(y=2|x,u=0,z,D)","p(y=0|x,u=1,z,D)","p(y=1|x,u=1,z,D)","p(y=2|x,u=1,z,D)","p(y=0|x,u=2,z,D)","p(y=1|x,u=2,z,D)","p(y=2|x,u=2,z,D)","p(y=0|x,z,D)","p(y=1|x,z,D)","p(y=2|x,z,D)","H[p(u|z,D)]","Var[p(u|z,D)]","H[p(y|x,u=0,z,D)]","H[p(y|x,u=1,z,D)]","H[p(y|x,u=2,z,D)]","Var[p(y|x,u=0,z,D)]","Var[p(y|x,u=1,z,D)]","Var[p(y|x,u=2,z,D)]","H[p(y|x,D)]","Var[p(y|x,D)]",Va,Ve,Va_variance,Ve_variance,kl_pyx_pyxz,kl_pyxz_pyx,api_calls
0.5,0.8,x1 = 0.5; x2 = 0.8,0.5,0.8,x1 = 0.5; x2 = 0.8,0.15752137119307572,0.3258828631801601,0.5165957656267642,0.15752137119307572,0.3258828631801601,0.5165957656267642,0.645907505640326,0.14422261138107192,0.2098698829786021,0.080989579942645,0.710758317174403,0.20825210288295198,0.07378535631723379,0.10199851037561232,0.8242161333071539,0.16625455479057602,0.3070340974919782,0.5267113477174458,1.43941,0.54518,1.28293,1.11517,0.84327,0.66565,0.27305,0.33486,1.43941,0.54518,1.00113,0.43828,0.36682,0.17836000000000002,0.000898333830634793,0.0008920549661847951,22450
