z_x1,z_x2,z_note,x_x1,x_x2,x_note,"p(y=0|x,D)","p(y=1|x,D)","p(y=2|x,D)","p(u=0|z,D)","p(u=1|z,D)","p(u=2|z,D)","p(y=0|x,u=0,z,D)","p(y=1|x,u=0,z,D)","p(y=2|x,u=0,z,D)","p(y=0|x,u=1,z,D)","p(y=1|x,u=1,z,D)","p(y=2|x,u=1,z,D)","p(y=0|x,u=2,z,D)","p(y=1|x,u=2,z,D)","p(y=2|x,u=2,z,D)","p(y=0|x,z,D)","p(y=1|x,z,D)","p(y=2|x,z,D)","H[p(u|z,D)]","Var[p(u|z,D)]","H[p(y|x,u=0,z,D)]","H[p(y|x,u=1,z,D)]","H[p(y|x,u=2,z,D)]","Var[p(y|x,u=0,z,D)]","Var[p(y|x,u=1,z,D)]","Var[p(y|x,u=2,z,D)]","H[p(y|x,D)]","Var[p(y|x,D)]",Va,Ve,Va_variance,Ve_variance,kl_pyx_pyxz,kl_pyxz_pyx,api_calls
2.9,1.5,x1 = 2.9; x2 = 1.5,2.9,1.5,x1 = 2.9; x2 = 1.5,0.35538282030069646,0.3972664783135634,0.2473507013857401,0.35538282030069646,0.3972664783135634,0.2473507013857401,0.8015763166908535,0.11185320821770055,0.08657047509144612,0.21528858696507075,0.6718287054545103,0.11288270758041904,0.1987866228267504,0.1261242604140137,0.6750891167592359,0.41956340145885607,0.3378426567171251,0.24259394182401897,1.55802,0.59106,0.91486,1.21778,1.22273,0.37691,0.31768,0.64701,1.55802,0.59106,1.11135,0.4466699999999999,0.42019,0.17087000000000002,0.010170665836053458,0.010205166532467533,38800
