z_x1,z_x2,z_note,x_x1,x_x2,x_note,"p(y=0|x,D)","p(y=1|x,D)","p(y=2|x,D)","p(u=0|z,D)","p(u=1|z,D)","p(u=2|z,D)","p(y=0|x,u=0,z,D)","p(y=1|x,u=0,z,D)","p(y=2|x,u=0,z,D)","p(y=0|x,u=1,z,D)","p(y=1|x,u=1,z,D)","p(y=2|x,u=1,z,D)","p(y=0|x,u=2,z,D)","p(y=1|x,u=2,z,D)","p(y=2|x,u=2,z,D)","p(y=0|x,z,D)","p(y=1|x,z,D)","p(y=2|x,z,D)","H[p(u|z,D)]","Var[p(u|z,D)]","H[p(y|x,u=0,z,D)]","H[p(y|x,u=1,z,D)]","H[p(y|x,u=2,z,D)]","Var[p(y|x,u=0,z,D)]","Var[p(y|x,u=1,z,D)]","Var[p(y|x,u=2,z,D)]","H[p(y|x,D)]","Var[p(y|x,D)]",Va,Ve,Va_variance,Ve_variance,kl_pyx_pyxz,kl_pyxz_pyx,api_calls
0.7,-2.3,x1 = 0.7; x2 = -2.3,0.7,-2.3,x1 = 0.7; x2 = -2.3,0.5804377896621297,0.2869724466585553,0.13258976367931494,0.5804377896621297,0.2869724466585553,0.13258976367931494,0.7306986063625592,0.19206842152618575,0.07723297211125502,0.2682052944238461,0.6390442532409633,0.09275045233519069,0.2450934487003727,0.18922193397468584,0.5656846173249415,0.5335894959764025,0.31996075443884864,0.14644974958474885,1.35886,0.51246,1.07328,1.24022,1.41663,0.38091,0.33017,0.708,1.35886,0.51246,1.16671,0.19215000000000004,0.40972,0.10274000000000005,0.0044387280399921965,0.004471351095473086,28900
