z_x1,z_x2,z_note,x_x1,x_x2,x_note,"p(y=0|x,D)","p(y=1|x,D)","p(y=2|x,D)","p(u=0|z,D)","p(u=1|z,D)","p(u=2|z,D)","p(y=0|x,u=0,z,D)","p(y=1|x,u=0,z,D)","p(y=2|x,u=0,z,D)","p(y=0|x,u=1,z,D)","p(y=1|x,u=1,z,D)","p(y=2|x,u=1,z,D)","p(y=0|x,u=2,z,D)","p(y=1|x,u=2,z,D)","p(y=2|x,u=2,z,D)","p(y=0|x,z,D)","p(y=1|x,z,D)","p(y=2|x,z,D)","H[p(u|z,D)]","Var[p(u|z,D)]","H[p(y|x,u=0,z,D)]","H[p(y|x,u=1,z,D)]","H[p(y|x,u=2,z,D)]","Var[p(y|x,u=0,z,D)]","Var[p(y|x,u=1,z,D)]","Var[p(y|x,u=2,z,D)]","H[p(y|x,D)]","Var[p(y|x,D)]",Va,Ve,Va_variance,Ve_variance,kl_pyx_pyxz,kl_pyxz_pyx,api_calls
-2.5,2.2,x1 = -2.5; x2 = 2.2,-2.5,2.2,x1 = -2.5; x2 = 2.2,0.31551143580399527,0.19839126214896793,0.4860973020470367,0.31551143580399527,0.19839126214896793,0.4860973020470367,0.7749873940100064,0.06825038193660841,0.1567622240533852,0.20472121971686477,0.611554454553256,0.18372432572987926,0.10138718941656762,0.062481577651593824,0.8361312329318386,0.3344163258199241,0.17323296243471667,0.49235071174535916,1.49392,0.77251,0.96842,1.35142,0.80063,0.54955,0.388,0.39767,1.49392,0.77251,0.96284,0.5310799999999999,0.44367,0.32884,0.002328923171924539,0.0022626825229630654,63150
