z_x1,z_x2,z_note,x_x1,x_x2,x_note,"p(y=0|x,D)","p(y=1|x,D)","p(y=2|x,D)","p(u=0|z,D)","p(u=1|z,D)","p(u=2|z,D)","p(y=0|x,u=0,z,D)","p(y=1|x,u=0,z,D)","p(y=2|x,u=0,z,D)","p(y=0|x,u=1,z,D)","p(y=1|x,u=1,z,D)","p(y=2|x,u=1,z,D)","p(y=0|x,u=2,z,D)","p(y=1|x,u=2,z,D)","p(y=2|x,u=2,z,D)","p(y=0|x,z,D)","p(y=1|x,z,D)","p(y=2|x,z,D)","H[p(u|z,D)]","Var[p(u|z,D)]","H[p(y|x,u=0,z,D)]","H[p(y|x,u=1,z,D)]","H[p(y|x,u=2,z,D)]","Var[p(y|x,u=0,z,D)]","Var[p(y|x,u=1,z,D)]","Var[p(y|x,u=2,z,D)]","H[p(y|x,D)]","Var[p(y|x,D)]",Va,Ve,Va_variance,Ve_variance,kl_pyx_pyxz,kl_pyxz_pyx,api_calls
-0.2,0.3,x1 = -0.2; x2 = 0.3,-0.2,0.3,x1 = -0.2; x2 = 0.3,0.14860817422520473,0.2580027490725957,0.5933890767021994,0.14860817422520473,0.2580027490725957,0.5933890767021994,0.6715077614685576,0.1432567867778569,0.18523545175358544,0.09916880938443617,0.6757845281187718,0.22504666249679203,0.08556299176802175,0.12255461255770128,0.7918823956742769,0.1761495125384417,0.2683659639550069,0.5554845235065512,1.3598,0.54417,1.23799,1.19692,0.94122,0.62028,0.30837,0.37856,1.3598,0.54417,1.05129,0.30850999999999984,0.39637,0.14780000000000004,0.0037424897336926985,0.003850268470223059,74200
