z_x1,z_x2,z_note,x_x1,x_x2,x_note,"p(y=0|x,D)","p(y=1|x,D)","p(y=2|x,D)","p(u=0|z,D)","p(u=1|z,D)","p(u=2|z,D)","p(y=0|x,u=0,z,D)","p(y=1|x,u=0,z,D)","p(y=2|x,u=0,z,D)","p(y=0|x,u=1,z,D)","p(y=1|x,u=1,z,D)","p(y=2|x,u=1,z,D)","p(y=0|x,u=2,z,D)","p(y=1|x,u=2,z,D)","p(y=2|x,u=2,z,D)","p(y=0|x,z,D)","p(y=1|x,z,D)","p(y=2|x,z,D)","H[p(u|z,D)]","Var[p(u|z,D)]","H[p(y|x,u=0,z,D)]","H[p(y|x,u=1,z,D)]","H[p(y|x,u=2,z,D)]","Var[p(y|x,u=0,z,D)]","Var[p(y|x,u=1,z,D)]","Var[p(y|x,u=2,z,D)]","H[p(y|x,D)]","Var[p(y|x,D)]",Va,Ve,Va_variance,Ve_variance,kl_pyx_pyxz,kl_pyxz_pyx,api_calls
-2.5,-1.2,x1 = -2.5; x2 = -1.2,-2.5,-1.2,x1 = -2.5; x2 = -1.2,0.19951713229688553,0.1175256202287341,0.6829572474743804,0.19951713229688553,0.1175256202287341,0.6829572474743804,0.621534515233078,0.09506072929635101,0.28340475547057103,0.22108465713791303,0.5244787265201938,0.2544366163418931,0.13202029503785795,0.07847013994323228,0.7895095650189099,0.24015411286583996,0.13419768251888023,0.6256482046152799,1.20271,0.64876,1.26469,1.4721,0.94297,0.79061,0.47441,0.48924,1.20271,0.64876,1.06934,0.13337,0.54763,0.10113000000000005,0.007279818958706247,0.007487965634886344,61450
