z_x1,z_x2,z_note,x_x1,x_x2,x_note,"p(y=0|x,D)","p(y=1|x,D)","p(y=2|x,D)","p(u=0|z,D)","p(u=1|z,D)","p(u=2|z,D)","p(y=0|x,u=0,z,D)","p(y=1|x,u=0,z,D)","p(y=2|x,u=0,z,D)","p(y=0|x,u=1,z,D)","p(y=1|x,u=1,z,D)","p(y=2|x,u=1,z,D)","p(y=0|x,u=2,z,D)","p(y=1|x,u=2,z,D)","p(y=2|x,u=2,z,D)","p(y=0|x,z,D)","p(y=1|x,z,D)","p(y=2|x,z,D)","H[p(u|z,D)]","Var[p(u|z,D)]","H[p(y|x,u=0,z,D)]","H[p(y|x,u=1,z,D)]","H[p(y|x,u=2,z,D)]","Var[p(y|x,u=0,z,D)]","Var[p(y|x,u=1,z,D)]","Var[p(y|x,u=2,z,D)]","H[p(y|x,D)]","Var[p(y|x,D)]",Va,Ve,Va_variance,Ve_variance,kl_pyx_pyxz,kl_pyxz_pyx,api_calls
1.6,2.3,x1 = 1.6; x2 = 2.3,1.6,2.3,x1 = 1.6; x2 = 2.3,0.2579889405669805,0.40154077764006235,0.34047028179295713,0.2579889405669805,0.40154077764006235,0.34047028179295713,0.6070514318025122,0.2099798500821744,0.1829687181153134,0.18679873362153523,0.6199746365537065,0.19322662982475824,0.12047672553686621,0.17718586963385743,0.7023374048292764,0.27263860921399846,0.3634440997059736,0.363917291080028,1.56208,0.59166,1.35828,1.33801,1.16824,0.61017,0.37998,0.48425,1.56208,0.59166,1.28544,0.27664,0.47487,0.11678999999999995,0.00310328348299211,0.003064979666785643,67200
