z_x1,z_x2,z_note,x_x1,x_x2,x_note,"p(y=0|x,D)","p(y=1|x,D)","p(y=2|x,D)","p(u=0|z,D)","p(u=1|z,D)","p(u=2|z,D)","p(y=0|x,u=0,z,D)","p(y=1|x,u=0,z,D)","p(y=2|x,u=0,z,D)","p(y=0|x,u=1,z,D)","p(y=1|x,u=1,z,D)","p(y=2|x,u=1,z,D)","p(y=0|x,u=2,z,D)","p(y=1|x,u=2,z,D)","p(y=2|x,u=2,z,D)","p(y=0|x,z,D)","p(y=1|x,z,D)","p(y=2|x,z,D)","H[p(u|z,D)]","Var[p(u|z,D)]","H[p(y|x,u=0,z,D)]","H[p(y|x,u=1,z,D)]","H[p(y|x,u=2,z,D)]","Var[p(y|x,u=0,z,D)]","Var[p(y|x,u=1,z,D)]","Var[p(y|x,u=2,z,D)]","H[p(y|x,D)]","Var[p(y|x,D)]",Va,Ve,Va_variance,Ve_variance,kl_pyx_pyxz,kl_pyxz_pyx,api_calls
-0.3,-2.6,x1 = -0.3; x2 = -2.6,-0.3,-2.6,x1 = -0.3; x2 = -2.6,0.3175630312950747,0.3878364022366006,0.29460056646832466,0.3175630312950747,0.3878364022366006,0.29460056646832466,0.5802201516813679,0.2543584582776441,0.165421390040988,0.2144166825377612,0.6119302826246009,0.17365303483763783,0.17647844756100467,0.23332607320530604,0.5901954792336892,0.31940571554229835,0.38684167561705485,0.29375260884064675,1.57493,0.61164,1.38744,1.34852,1.3805,0.57358,0.38641,0.59551,1.57493,0.61164,1.3703,0.20462999999999987,0.50745,0.10419,7.826093475971703e-06,7.834106655286673e-06,68750
