z_x1,z_x2,z_note,x_x1,x_x2,x_note,"p(y=0|x,D)","p(y=1|x,D)","p(y=2|x,D)","p(u=0|z,D)","p(u=1|z,D)","p(u=2|z,D)","p(y=0|x,u=0,z,D)","p(y=1|x,u=0,z,D)","p(y=2|x,u=0,z,D)","p(y=0|x,u=1,z,D)","p(y=1|x,u=1,z,D)","p(y=2|x,u=1,z,D)","p(y=0|x,u=2,z,D)","p(y=1|x,u=2,z,D)","p(y=2|x,u=2,z,D)","p(y=0|x,z,D)","p(y=1|x,z,D)","p(y=2|x,z,D)","H[p(u|z,D)]","Var[p(u|z,D)]","H[p(y|x,u=0,z,D)]","H[p(y|x,u=1,z,D)]","H[p(y|x,u=2,z,D)]","Var[p(y|x,u=0,z,D)]","Var[p(y|x,u=1,z,D)]","Var[p(y|x,u=2,z,D)]","H[p(y|x,D)]","Var[p(y|x,D)]",Va,Ve,Va_variance,Ve_variance,kl_pyx_pyxz,kl_pyxz_pyx,api_calls
0.8,-0.1,x1 = 0.8; x2 = -0.1,0.8,-0.1,x1 = 0.8; x2 = -0.1,0.26509515097419023,0.3382622907135833,0.39664255831222645,0.26509515097419023,0.3382622907135833,0.39664255831222645,0.752362817309329,0.13024710897882036,0.11739007371185077,0.11039862657209172,0.7370339057571961,0.15256746767071222,0.11592763444780227,0.13981012710602192,0.7442622384461759,0.2827732604643538,0.3392933008069907,0.3779334387286556,1.56589,0.64443,1.05467,1.08926,1.07437,0.46656,0.26119,0.46539,1.56589,0.64443,1.07418,0.4917100000000001,0.39663,0.24779999999999996,0.0010216757993605635,0.00102667624891652,34000
