z_x1,z_x2,z_note,x_x1,x_x2,x_note,"p(y=0|x,D)","p(y=1|x,D)","p(y=2|x,D)","p(u=0|z,D)","p(u=1|z,D)","p(u=2|z,D)","p(y=0|x,u=0,z,D)","p(y=1|x,u=0,z,D)","p(y=2|x,u=0,z,D)","p(y=0|x,u=1,z,D)","p(y=1|x,u=1,z,D)","p(y=2|x,u=1,z,D)","p(y=0|x,u=2,z,D)","p(y=1|x,u=2,z,D)","p(y=2|x,u=2,z,D)","p(y=0|x,z,D)","p(y=1|x,z,D)","p(y=2|x,z,D)","H[p(u|z,D)]","Var[p(u|z,D)]","H[p(y|x,u=0,z,D)]","H[p(y|x,u=1,z,D)]","H[p(y|x,u=2,z,D)]","Var[p(y|x,u=0,z,D)]","Var[p(y|x,u=1,z,D)]","Var[p(y|x,u=2,z,D)]","H[p(y|x,D)]","Var[p(y|x,D)]",Va,Ve,Va_variance,Ve_variance,kl_pyx_pyxz,kl_pyxz_pyx,api_calls
-3.8,-0.2,x1 = -3.8; x2 = -0.2,-3.8,-0.2,x1 = -3.8; x2 = -0.2,0.1721755883301535,0.10949126325056628,0.61833314841928,0.1721755883301535,0.10949126325056628,0.61833314841928,0.7988452855973374,0.07131473010015456,0.12983998430250815,0.13425406470189782,0.6916673542396157,0.17407858105848648,0.0769823519819818,0.06970645726026309,0.8533111907577553,0.19984204424696514,0.1311120011593651,0.5690459545936697,1.21523,0.77068,0.91292,1.19585,0.74792,0.48112,0.30675,0.32761,1.21523,0.77068,0.75058,0.46465,0.319,0.45168,0.005975162230567765,0.006137795884147652,9950
