z_x1,z_x2,z_note,x_x1,x_x2,x_note,"p(y=0|x,D)","p(y=1|x,D)","p(y=2|x,D)","p(u=0|z,D)","p(u=1|z,D)","p(u=2|z,D)","p(y=0|x,u=0,z,D)","p(y=1|x,u=0,z,D)","p(y=2|x,u=0,z,D)","p(y=0|x,u=1,z,D)","p(y=1|x,u=1,z,D)","p(y=2|x,u=1,z,D)","p(y=0|x,u=2,z,D)","p(y=1|x,u=2,z,D)","p(y=2|x,u=2,z,D)","p(y=0|x,z,D)","p(y=1|x,z,D)","p(y=2|x,z,D)","H[p(u|z,D)]","Var[p(u|z,D)]","H[p(y|x,u=0,z,D)]","H[p(y|x,u=1,z,D)]","H[p(y|x,u=2,z,D)]","Var[p(y|x,u=0,z,D)]","Var[p(y|x,u=1,z,D)]","Var[p(y|x,u=2,z,D)]","H[p(y|x,D)]","Var[p(y|x,D)]",Va,Ve,Va_variance,Ve_variance,kl_pyx_pyxz,kl_pyxz_pyx,api_calls
-2.7,-3.2,x1 = -2.7; x2 = -3.2,-2.7,-3.2,x1 = -2.7; x2 = -3.2,0.11636520960421601,0.08698841744650317,0.6966463729492808,0.11636520960421601,0.08698841744650317,0.6966463729492808,0.6630773389953778,0.06514641307325689,0.2717762479313652,0.12128224272869323,0.5332359740300638,0.24548178324124298,0.06175708028534638,0.05454730031532571,0.883695619399328,0.1307321298800587,0.0919663084374991,0.6686027199377919,1.03088,0.68234,1.16053,1.35028,0.63463,0.78174,0.46618,0.26987,1.03088,0.68234,0.69462,0.33626,0.31952,0.3628199999999999,0.010236185910379551,-0.00713437414442088,52450
