z_x1,z_x2,z_note,x_x1,x_x2,x_note,"p(y=0|x,D)","p(y=1|x,D)","p(y=2|x,D)","p(u=0|z,D)","p(u=1|z,D)","p(u=2|z,D)","p(y=0|x,u=0,z,D)","p(y=1|x,u=0,z,D)","p(y=2|x,u=0,z,D)","p(y=0|x,u=1,z,D)","p(y=1|x,u=1,z,D)","p(y=2|x,u=1,z,D)","p(y=0|x,u=2,z,D)","p(y=1|x,u=2,z,D)","p(y=2|x,u=2,z,D)","p(y=0|x,z,D)","p(y=1|x,z,D)","p(y=2|x,z,D)","H[p(u|z,D)]","Var[p(u|z,D)]","H[p(y|x,u=0,z,D)]","H[p(y|x,u=1,z,D)]","H[p(y|x,u=2,z,D)]","Var[p(y|x,u=0,z,D)]","Var[p(y|x,u=1,z,D)]","Var[p(y|x,u=2,z,D)]","H[p(y|x,D)]","Var[p(y|x,D)]",Va,Ve,Va_variance,Ve_variance,kl_pyx_pyxz,kl_pyxz_pyx,api_calls
-1.9,-1.6,x1 = -1.9; x2 = -1.6,-1.9,-1.6,x1 = -1.9; x2 = -1.6,0.315833732322409,0.4102398238026247,0.27392644387496634,0.315833732322409,0.4102398238026247,0.27392644387496634,0.6154845484933007,0.22393358235881325,0.16058186914788605,0.21591889567511996,0.6239358316408045,0.16014527268407558,0.19698109835689107,0.20882124225771986,0.5941976593853892,0.33692764363831856,0.3838907650423894,0.27918159131929215,1.56424,0.588,1.33812,1.32529,1.3798,0.56913,0.37295,0.6334,1.56424,0.588,1.34427,0.21997,0.50625,0.08174999999999999,0.0016085628730770733,0.0016042220949201253,5250
