z_x1,z_x2,z_note,x_x1,x_x2,x_note,"p(y=0|x,D)","p(y=1|x,D)","p(y=2|x,D)","p(u=0|z,D)","p(u=1|z,D)","p(u=2|z,D)","p(y=0|x,u=0,z,D)","p(y=1|x,u=0,z,D)","p(y=2|x,u=0,z,D)","p(y=0|x,u=1,z,D)","p(y=1|x,u=1,z,D)","p(y=2|x,u=1,z,D)","p(y=0|x,u=2,z,D)","p(y=1|x,u=2,z,D)","p(y=2|x,u=2,z,D)","p(y=0|x,z,D)","p(y=1|x,z,D)","p(y=2|x,z,D)","H[p(u|z,D)]","Var[p(u|z,D)]","H[p(y|x,u=0,z,D)]","H[p(y|x,u=1,z,D)]","H[p(y|x,u=2,z,D)]","Var[p(y|x,u=0,z,D)]","Var[p(y|x,u=1,z,D)]","Var[p(y|x,u=2,z,D)]","H[p(y|x,D)]","Var[p(y|x,D)]",Va,Ve,Va_variance,Ve_variance,kl_pyx_pyxz,kl_pyxz_pyx,api_calls
-0.4,2.0,x1 = -0.4; x2 = 2.0,-0.4,2.0,x1 = -0.4; x2 = 2.0,0.26535101552960605,0.15655868219391778,0.5780903022764762,0.26563031606834364,0.15448008969218768,0.5798895942394686,0.6218116574754377,0.11413281106459923,0.2640555314599632,0.14249219996162962,0.57363013088755,0.2838776691508204,0.09274733884699633,0.08337865930259016,0.8238740018504135,0.24096745163146605,0.167281985657718,0.5917505627108159,1.38015,0.74676,1.29087,1.3762,0.84729,0.75788,0.40638,0.38208,1.38378,0.74564,1.04682,0.3369599999999999,0.48566,0.25998,0.0017042481973968075,0.00167558014256107,67050
