z_x1,z_x2,z_note,x_x1,x_x2,x_note,"p(y=0|x,D)","p(y=1|x,D)","p(y=2|x,D)","p(u=0|z,D)","p(u=1|z,D)","p(u=2|z,D)","p(y=0|x,u=0,z,D)","p(y=1|x,u=0,z,D)","p(y=2|x,u=0,z,D)","p(y=0|x,u=1,z,D)","p(y=1|x,u=1,z,D)","p(y=2|x,u=1,z,D)","p(y=0|x,u=2,z,D)","p(y=1|x,u=2,z,D)","p(y=2|x,u=2,z,D)","p(y=0|x,z,D)","p(y=1|x,z,D)","p(y=2|x,z,D)","H[p(u|z,D)]","Var[p(u|z,D)]","H[p(y|x,u=0,z,D)]","H[p(y|x,u=1,z,D)]","H[p(y|x,u=2,z,D)]","Var[p(y|x,u=0,z,D)]","Var[p(y|x,u=1,z,D)]","Var[p(y|x,u=2,z,D)]","H[p(y|x,D)]","Var[p(y|x,D)]",Va,Ve,Va_variance,Ve_variance,kl_pyx_pyxz,kl_pyxz_pyx,api_calls
-2.1,3.5,x1 = -2.1; x2 = 3.5,-2.1,3.5,x1 = -2.1; x2 = 3.5,0.3545317511332164,0.1571530995700192,0.48831514929676445,0.3545317511332164,0.1571530995700192,0.48831514929676445,0.8147965650835027,0.06211098462041696,0.12309245029608015,0.1629736673375282,0.6763184766445219,0.16070785601794993,0.07719230082234817,0.06164538531163517,0.8611623138660167,0.35217723990739536,0.15840823657515266,0.48941452351745196,1.45492,0.82495,0.86177,1.23201,0.71877,0.45943,0.32368,0.32375,1.45492,0.82495,0.85013,0.6047899999999999,0.37184,0.45310999999999996,1.4074534677091218e-05,1.407127580703633e-05,79800
