z_x1,z_x2,z_note,x_x1,x_x2,x_note,"p(y=0|x,D)","p(y=1|x,D)","p(y=2|x,D)","p(u=0|z,D)","p(u=1|z,D)","p(u=2|z,D)","p(y=0|x,u=0,z,D)","p(y=1|x,u=0,z,D)","p(y=2|x,u=0,z,D)","p(y=0|x,u=1,z,D)","p(y=1|x,u=1,z,D)","p(y=2|x,u=1,z,D)","p(y=0|x,u=2,z,D)","p(y=1|x,u=2,z,D)","p(y=2|x,u=2,z,D)","p(y=0|x,z,D)","p(y=1|x,z,D)","p(y=2|x,z,D)","H[p(u|z,D)]","Var[p(u|z,D)]","H[p(y|x,u=0,z,D)]","H[p(y|x,u=1,z,D)]","H[p(y|x,u=2,z,D)]","Var[p(y|x,u=0,z,D)]","Var[p(y|x,u=1,z,D)]","Var[p(y|x,u=2,z,D)]","H[p(y|x,D)]","Var[p(y|x,D)]",Va,Ve,Va_variance,Ve_variance,kl_pyx_pyxz,kl_pyxz_pyx,api_calls
2.3,-2.2,x1 = 2.3; x2 = -2.2,2.3,-2.2,x1 = 2.3; x2 = -2.2,0.7368299052148242,0.10833678509444004,0.1548333096907359,0.7368299052148242,0.10833678509444004,0.1548333096907359,0.8673719409537208,0.07295644844915179,0.059671610597127334,0.2947939261973314,0.6041054222183682,0.10110065158430055,0.2522091787265576,0.09979646399938001,0.6479943572740623,0.71009299314513,0.13465514911331242,0.1552518577415577,1.08871,0.55294,0.69627,1.29301,1.23864,0.27466,0.35838,0.74356,1.08871,0.55294,0.8449,0.24381000000000008,0.35633,0.19661,0.0032558355480467064,0.0034570362035998,12950
