z_x1,z_x2,z_note,x_x1,x_x2,x_note,"p(y=0|x,D)","p(y=1|x,D)","p(y=2|x,D)","p(u=0|z,D)","p(u=1|z,D)","p(u=2|z,D)","p(y=0|x,u=0,z,D)","p(y=1|x,u=0,z,D)","p(y=2|x,u=0,z,D)","p(y=0|x,u=1,z,D)","p(y=1|x,u=1,z,D)","p(y=2|x,u=1,z,D)","p(y=0|x,u=2,z,D)","p(y=1|x,u=2,z,D)","p(y=2|x,u=2,z,D)","p(y=0|x,z,D)","p(y=1|x,z,D)","p(y=2|x,z,D)","H[p(u|z,D)]","Var[p(u|z,D)]","H[p(y|x,u=0,z,D)]","H[p(y|x,u=1,z,D)]","H[p(y|x,u=2,z,D)]","Var[p(y|x,u=0,z,D)]","Var[p(y|x,u=1,z,D)]","Var[p(y|x,u=2,z,D)]","H[p(y|x,D)]","Var[p(y|x,D)]",Va,Ve,Va_variance,Ve_variance,kl_pyx_pyxz,kl_pyxz_pyx,api_calls
-3.1,1.2,x1 = -3.1; x2 = 1.2,-3.1,1.2,x1 = -3.1; x2 = 1.2,0.2692439436776681,0.16411212558796337,0.5666439307343685,0.2692439436776681,0.16411212558796337,0.5666439307343685,0.8656491133794034,0.052019305085556536,0.08233158153504,0.10496808178741365,0.7749640750211831,0.1200678431914032,0.059310063102234446,0.04806901108709275,0.8926209258106729,0.2839050034367246,0.16842489784354744,0.5476700987197278,1.40192,0.74744,0.69863,0.99356,0.59849,0.33439,0.22481,0.25752,1.40192,0.74744,0.69029,0.7116300000000001,0.27285,0.47459,0.0007658783412570515,0.0007695631238541431,38650
