z_x1,z_x2,z_note,x_x1,x_x2,x_note,"p(y=0|x,D)","p(y=1|x,D)","p(y=2|x,D)","p(u=0|z,D)","p(u=1|z,D)","p(u=2|z,D)","p(y=0|x,u=0,z,D)","p(y=1|x,u=0,z,D)","p(y=2|x,u=0,z,D)","p(y=0|x,u=1,z,D)","p(y=1|x,u=1,z,D)","p(y=2|x,u=1,z,D)","p(y=0|x,u=2,z,D)","p(y=1|x,u=2,z,D)","p(y=2|x,u=2,z,D)","p(y=0|x,z,D)","p(y=1|x,z,D)","p(y=2|x,z,D)","H[p(u|z,D)]","Var[p(u|z,D)]","H[p(y|x,u=0,z,D)]","H[p(y|x,u=1,z,D)]","H[p(y|x,u=2,z,D)]","Var[p(y|x,u=0,z,D)]","Var[p(y|x,u=1,z,D)]","Var[p(y|x,u=2,z,D)]","H[p(y|x,D)]","Var[p(y|x,D)]",Va,Ve,Va_variance,Ve_variance,kl_pyx_pyxz,kl_pyxz_pyx,api_calls
-2.8,1.3,x1 = -2.8; x2 = 1.3,-2.8,1.3,x1 = -2.8; x2 = 1.3,0.19309140143630332,0.12287034092315496,0.6840382576405417,0.19309140143630332,0.12287034092315496,0.6840382576405417,0.6974970495942692,0.07130246038323867,0.231200490022492,0.15328254167350666,0.5961821486862885,0.25053530964020493,0.08403096002732179,0.05605624346256123,0.859912796510117,0.2109949524417869,0.12536561097064378,0.6636394365875694,1.20455,0.6361,1.12265,1.3599,0.7205,0.71127,0.39436,0.34195,1.20455,0.6361,0.87672,0.32782999999999995,0.4197,0.21639999999999998,0.001117372989387782,0.0011378829230724273,50700
