z_x1,z_x2,z_note,x_x1,x_x2,x_note,"p(y=0|x,D)","p(y=1|x,D)","p(y=2|x,D)","p(u=0|z,D)","p(u=1|z,D)","p(u=2|z,D)","p(y=0|x,u=0,z,D)","p(y=1|x,u=0,z,D)","p(y=2|x,u=0,z,D)","p(y=0|x,u=1,z,D)","p(y=1|x,u=1,z,D)","p(y=2|x,u=1,z,D)","p(y=0|x,u=2,z,D)","p(y=1|x,u=2,z,D)","p(y=2|x,u=2,z,D)","p(y=0|x,z,D)","p(y=1|x,z,D)","p(y=2|x,z,D)","H[p(u|z,D)]","Var[p(u|z,D)]","H[p(y|x,u=0,z,D)]","H[p(y|x,u=1,z,D)]","H[p(y|x,u=2,z,D)]","Var[p(y|x,u=0,z,D)]","Var[p(y|x,u=1,z,D)]","Var[p(y|x,u=2,z,D)]","H[p(y|x,D)]","Var[p(y|x,D)]",Va,Ve,Va_variance,Ve_variance,kl_pyx_pyxz,kl_pyxz_pyx,api_calls
1.1,1.3,x1 = 1.1; x2 = 1.3,1.1,1.3,x1 = 1.1; x2 = 1.3,0.3416145660804712,0.22149699071124695,0.4368884432082818,0.3416145660804712,0.22149699071124695,0.4368884432082818,0.6522925249108527,0.13004479595507507,0.2176626791340722,0.22122517629167912,0.548788971478497,0.2299858522298238,0.16471337523934074,0.13185938424700208,0.7034272405136572,0.34379470875702506,0.2235881433652992,0.4326171478776757,1.53296,0.76943,1.26361,1.44421,1.171,0.68105,0.45113,0.57793,1.53296,0.76943,1.26315,0.2698100000000001,0.58507,0.18435999999999997,3.77533599863495e-05,3.773012452874987e-05,46700
