z_x1,z_x2,z_note,x_x1,x_x2,x_note,"p(y=0|x,D)","p(y=1|x,D)","p(y=2|x,D)","p(u=0|z,D)","p(u=1|z,D)","p(u=2|z,D)","p(y=0|x,u=0,z,D)","p(y=1|x,u=0,z,D)","p(y=2|x,u=0,z,D)","p(y=0|x,u=1,z,D)","p(y=1|x,u=1,z,D)","p(y=2|x,u=1,z,D)","p(y=0|x,u=2,z,D)","p(y=1|x,u=2,z,D)","p(y=2|x,u=2,z,D)","p(y=0|x,z,D)","p(y=1|x,z,D)","p(y=2|x,z,D)","H[p(u|z,D)]","Var[p(u|z,D)]","H[p(y|x,u=0,z,D)]","H[p(y|x,u=1,z,D)]","H[p(y|x,u=2,z,D)]","Var[p(y|x,u=0,z,D)]","Var[p(y|x,u=1,z,D)]","Var[p(y|x,u=2,z,D)]","H[p(y|x,D)]","Var[p(y|x,D)]",Va,Ve,Va_variance,Ve_variance,kl_pyx_pyxz,kl_pyxz_pyx,api_calls
-3.4,0.3,x1 = -3.4; x2 = 0.3,-3.4,0.3,x1 = -3.4; x2 = 0.3,0.17438820095480984,0.10936285004844559,0.6162489489967445,0.17438820095480984,0.10936285004844559,0.6162489489967445,0.8555675403274835,0.05237277838072966,0.09205968129178681,0.09958080832174357,0.7735442734039737,0.12687491827428282,0.05207414826844833,0.04742734363959751,0.9004985080919541,0.1921819643015673,0.12295725165054239,0.5848607840478902,1.21896,0.77377,0.73219,0.99586,0.56676,0.36468,0.22571,0.23275,1.21896,0.77377,0.58586,0.6331,0.23171,0.54206,0.0024588546701206707,0.0025036454560900014,26200
