z_x1,z_x2,z_note,x_x1,x_x2,x_note,"p(y=0|x,D)","p(y=1|x,D)","p(y=2|x,D)","p(u=0|z,D)","p(u=1|z,D)","p(u=2|z,D)","p(y=0|x,u=0,z,D)","p(y=1|x,u=0,z,D)","p(y=2|x,u=0,z,D)","p(y=0|x,u=1,z,D)","p(y=1|x,u=1,z,D)","p(y=2|x,u=1,z,D)","p(y=0|x,u=2,z,D)","p(y=1|x,u=2,z,D)","p(y=2|x,u=2,z,D)","p(y=0|x,z,D)","p(y=1|x,z,D)","p(y=2|x,z,D)","H[p(u|z,D)]","Var[p(u|z,D)]","H[p(y|x,u=0,z,D)]","H[p(y|x,u=1,z,D)]","H[p(y|x,u=2,z,D)]","Var[p(y|x,u=0,z,D)]","Var[p(y|x,u=1,z,D)]","Var[p(y|x,u=2,z,D)]","H[p(y|x,D)]","Var[p(y|x,D)]",Va,Ve,Va_variance,Ve_variance,kl_pyx_pyxz,kl_pyxz_pyx,api_calls
3.1,1.4,x1 = 3.1; x2 = 1.4,3.1,1.4,x1 = 3.1; x2 = 1.4,0.3580807259673936,0.38332729025831075,0.2585919837742957,0.3580807259673936,0.38332729025831075,0.2585919837742957,0.8576855339629257,0.08063925822459653,0.06167520781247796,0.14733510916959713,0.7658655768043214,0.08679931402608146,0.13135259737641022,0.09333999358492404,0.7753074090386658,0.3975649555405424,0.34658951449165987,0.25584552996779786,1.5654,0.60677,0.73075,1.00786,0.98868,0.28573,0.23047,0.49198,1.5654,0.60677,0.90367,0.6617299999999999,0.31788,0.28889000000000004,0.003925416859880201,0.003935213334343492,46750
