z_x1,z_x2,z_note,x_x1,x_x2,x_note,"p(y=0|x,D)","p(y=1|x,D)","p(y=2|x,D)","p(u=0|z,D)","p(u=1|z,D)","p(u=2|z,D)","p(y=0|x,u=0,z,D)","p(y=1|x,u=0,z,D)","p(y=2|x,u=0,z,D)","p(y=0|x,u=1,z,D)","p(y=1|x,u=1,z,D)","p(y=2|x,u=1,z,D)","p(y=0|x,u=2,z,D)","p(y=1|x,u=2,z,D)","p(y=2|x,u=2,z,D)","p(y=0|x,z,D)","p(y=1|x,z,D)","p(y=2|x,z,D)","H[p(u|z,D)]","Var[p(u|z,D)]","H[p(y|x,u=0,z,D)]","H[p(y|x,u=1,z,D)]","H[p(y|x,u=2,z,D)]","Var[p(y|x,u=0,z,D)]","Var[p(y|x,u=1,z,D)]","Var[p(y|x,u=2,z,D)]","H[p(y|x,D)]","Var[p(y|x,D)]",Va,Ve,Va_variance,Ve_variance,kl_pyx_pyxz,kl_pyxz_pyx,api_calls
3.0,1.4,x1 = 3.0; x2 = 1.4,3.0,1.4,x1 = 3.0; x2 = 1.4,0.3514286350659297,0.3493857519468667,0.29918561298720364,0.3514286350659297,0.3493857519468667,0.29918561298720364,0.8373670251424681,0.07585626994723445,0.08677670491029747,0.21921098443934098,0.6501267927249517,0.13066222283570736,0.17547945647232807,0.09108958922203964,0.7334309543056323,0.42336487407972245,0.2810557983339098,0.29557932758636785,1.5811,0.64788,0.80268,1.26748,1.08346,0.36076,0.34203,0.5976,1.5811,0.64788,1.04908,0.5320199999999999,0.42508,0.2228,0.01421695276989186,0.014093499705472318,42750
