z_x1,z_x2,z_note,x_x1,x_x2,x_note,"p(y=0|x,D)","p(y=1|x,D)","p(y=2|x,D)","p(u=0|z,D)","p(u=1|z,D)","p(u=2|z,D)","p(y=0|x,u=0,z,D)","p(y=1|x,u=0,z,D)","p(y=2|x,u=0,z,D)","p(y=0|x,u=1,z,D)","p(y=1|x,u=1,z,D)","p(y=2|x,u=1,z,D)","p(y=0|x,u=2,z,D)","p(y=1|x,u=2,z,D)","p(y=2|x,u=2,z,D)","p(y=0|x,z,D)","p(y=1|x,z,D)","p(y=2|x,z,D)","H[p(u|z,D)]","Var[p(u|z,D)]","H[p(y|x,u=0,z,D)]","H[p(y|x,u=1,z,D)]","H[p(y|x,u=2,z,D)]","Var[p(y|x,u=0,z,D)]","Var[p(y|x,u=1,z,D)]","Var[p(y|x,u=2,z,D)]","H[p(y|x,D)]","Var[p(y|x,D)]",Va,Ve,Va_variance,Ve_variance,kl_pyx_pyxz,kl_pyxz_pyx,api_calls
-2.5,0.7,x1 = -2.5; x2 = 0.7,-2.5,0.7,x1 = -2.5; x2 = 0.7,0.21794847717468527,0.15980645600947074,0.6222450668158439,0.21794847717468527,0.15980645600947074,0.6222450668158439,0.7731378979682262,0.08202774433680829,0.14483435769496553,0.1544635343519381,0.7000606438265318,0.14547582182153013,0.08325194851396164,0.0617033955326293,0.8550446559534091,0.2449916117813117,0.16814666592187358,0.5868617222968147,1.32771,0.67674,0.98665,1.18096,0.73971,0.52321,0.29986,0.34263,1.32771,0.67674,0.86404,0.4636699999999999,0.37515,0.30159,0.0028069385654773057,0.002851972641146769,62400
