z_x1,z_x2,z_note,x_x1,x_x2,x_note,"p(y=0|x,D)","p(y=1|x,D)","p(y=2|x,D)","p(u=0|z,D)","p(u=1|z,D)","p(u=2|z,D)","p(y=0|x,u=0,z,D)","p(y=1|x,u=0,z,D)","p(y=2|x,u=0,z,D)","p(y=0|x,u=1,z,D)","p(y=1|x,u=1,z,D)","p(y=2|x,u=1,z,D)","p(y=0|x,u=2,z,D)","p(y=1|x,u=2,z,D)","p(y=2|x,u=2,z,D)","p(y=0|x,z,D)","p(y=1|x,z,D)","p(y=2|x,z,D)","H[p(u|z,D)]","Var[p(u|z,D)]","H[p(y|x,u=0,z,D)]","H[p(y|x,u=1,z,D)]","H[p(y|x,u=2,z,D)]","Var[p(y|x,u=0,z,D)]","Var[p(y|x,u=1,z,D)]","Var[p(y|x,u=2,z,D)]","H[p(y|x,D)]","Var[p(y|x,D)]",Va,Ve,Va_variance,Ve_variance,kl_pyx_pyxz,kl_pyxz_pyx,api_calls
-1.4,-2.0,x1 = -1.4; x2 = -2.0,-1.4,-2.0,x1 = -1.4; x2 = -2.0,0.24322869032853295,0.35123703835135134,0.40553427132011566,0.24322869032853295,0.35123703835135134,0.40553427132011566,0.5355790882890016,0.2372581130604856,0.22716279865051278,0.18521541828488325,0.6200468406459801,0.1947377410691366,0.1487275740518168,0.22295351664346455,0.6283189093047186,0.25563684355558475,0.3659066879673919,0.3784564684770232,1.55433,0.62242,1.46061,1.33779,1.31287,0.66762,0.37986,0.54704,1.55433,0.62242,1.35756,0.1967699999999999,0.51765,0.10476999999999992,0.001550572860105983,0.001538235992310167,25050
