z_x1,z_x2,z_note,x_x1,x_x2,x_note,"p(y=0|x,D)","p(y=1|x,D)","p(y=2|x,D)","p(u=0|z,D)","p(u=1|z,D)","p(u=2|z,D)","p(y=0|x,u=0,z,D)","p(y=1|x,u=0,z,D)","p(y=2|x,u=0,z,D)","p(y=0|x,u=1,z,D)","p(y=1|x,u=1,z,D)","p(y=2|x,u=1,z,D)","p(y=0|x,u=2,z,D)","p(y=1|x,u=2,z,D)","p(y=2|x,u=2,z,D)","p(y=0|x,z,D)","p(y=1|x,z,D)","p(y=2|x,z,D)","H[p(u|z,D)]","Var[p(u|z,D)]","H[p(y|x,u=0,z,D)]","H[p(y|x,u=1,z,D)]","H[p(y|x,u=2,z,D)]","Var[p(y|x,u=0,z,D)]","Var[p(y|x,u=1,z,D)]","Var[p(y|x,u=2,z,D)]","H[p(y|x,D)]","Var[p(y|x,D)]",Va,Ve,Va_variance,Ve_variance,kl_pyx_pyxz,kl_pyxz_pyx,api_calls
-0.8,1.0,x1 = -0.8; x2 = 1.0,-0.8,1.0,x1 = -0.8; x2 = 1.0,0.1739515970918169,0.49724900403307093,0.3287993988751122,0.17183355001468684,0.4938309822233392,0.33433546776197387,0.6302770819045118,0.2062611745220803,0.1634617435734079,0.11588747162024593,0.7242353781048704,0.15987715027488375,0.11075413082703112,0.19685641967270473,0.6923894495002642,0.2025606065507815,0.4589085411319687,0.3385308523172498,1.46775,0.47976,1.3166,1.1203,1.18039,0.57582,0.27383,0.46484,1.46776,0.47877,1.17412,0.2936399999999999,0.38958,0.08918999999999999,0.003822801203272986,0.003893544438916912,50550
