z_x1,z_x2,z_note,x_x1,x_x2,x_note,"p(y=0|x,D)","p(y=1|x,D)","p(y=2|x,D)","p(u=0|z,D)","p(u=1|z,D)","p(u=2|z,D)","p(y=0|x,u=0,z,D)","p(y=1|x,u=0,z,D)","p(y=2|x,u=0,z,D)","p(y=0|x,u=1,z,D)","p(y=1|x,u=1,z,D)","p(y=2|x,u=1,z,D)","p(y=0|x,u=2,z,D)","p(y=1|x,u=2,z,D)","p(y=2|x,u=2,z,D)","p(y=0|x,z,D)","p(y=1|x,z,D)","p(y=2|x,z,D)","H[p(u|z,D)]","Var[p(u|z,D)]","H[p(y|x,u=0,z,D)]","H[p(y|x,u=1,z,D)]","H[p(y|x,u=2,z,D)]","Var[p(y|x,u=0,z,D)]","Var[p(y|x,u=1,z,D)]","Var[p(y|x,u=2,z,D)]","H[p(y|x,D)]","Var[p(y|x,D)]",Va,Ve,Va_variance,Ve_variance,kl_pyx_pyxz,kl_pyxz_pyx,api_calls
-1.4,-3.7,x1 = -1.4; x2 = -3.7,-1.4,-3.7,x1 = -1.4; x2 = -3.7,0.19511204580047548,0.19417981511006832,0.5107081390894562,0.19511204580047548,0.19417981511006832,0.5107081390894562,0.7269158332200711,0.10919489580132416,0.16388927097860462,0.1425475135587928,0.686661082102091,0.17079140433911624,0.07195862114979372,0.08855983778527514,0.8394815410649311,0.206259738670426,0.19986919143001153,0.4938710698995624,1.41424,0.75934,1.11098,1.20849,0.79483,0.57381,0.31254,0.32235,1.41424,0.75934,0.85736,0.5568799999999999,0.33727,0.42207,0.0006723805776361891,0.000675753210185405,24200
