z_x1,z_x2,z_note,x_x1,x_x2,x_note,"p(y=0|x,D)","p(y=1|x,D)","p(y=2|x,D)","p(u=0|z,D)","p(u=1|z,D)","p(u=2|z,D)","p(y=0|x,u=0,z,D)","p(y=1|x,u=0,z,D)","p(y=2|x,u=0,z,D)","p(y=0|x,u=1,z,D)","p(y=1|x,u=1,z,D)","p(y=2|x,u=1,z,D)","p(y=0|x,u=2,z,D)","p(y=1|x,u=2,z,D)","p(y=2|x,u=2,z,D)","p(y=0|x,z,D)","p(y=1|x,z,D)","p(y=2|x,z,D)","H[p(u|z,D)]","Var[p(u|z,D)]","H[p(y|x,u=0,z,D)]","H[p(y|x,u=1,z,D)]","H[p(y|x,u=2,z,D)]","Var[p(y|x,u=0,z,D)]","Var[p(y|x,u=1,z,D)]","Var[p(y|x,u=2,z,D)]","H[p(y|x,D)]","Var[p(y|x,D)]",Va,Ve,Va_variance,Ve_variance,kl_pyx_pyxz,kl_pyxz_pyx,api_calls
3.6,-0.9,x1 = 3.6; x2 = -0.9,3.6,-0.9,x1 = 3.6; x2 = -0.9,0.8238981167311785,0.10340019537799591,0.0727016878908256,0.8231073753449405,0.10555027376788054,0.07134235088717893,0.929326180445168,0.03935567263393868,0.031318146920893276,0.2605617829501405,0.666752595406861,0.07268562164299855,0.2707540920007931,0.078484132764871,0.650761775234336,0.8117538341850553,0.1083691059260824,0.07987705988886223,0.84532,0.3293,0.43845,1.17038,1.20185,0.15423,0.29795,0.77711,0.8437,0.3323,0.57017,0.27353000000000005,0.21384,0.11845999999999998,0.0005384826771927479,0.000550453989739453,65600
