z_x1,z_x2,z_note,x_x1,x_x2,x_note,"p(y=0|x,D)","p(y=1|x,D)","p(y=2|x,D)","p(u=0|z,D)","p(u=1|z,D)","p(u=2|z,D)","p(y=0|x,u=0,z,D)","p(y=1|x,u=0,z,D)","p(y=2|x,u=0,z,D)","p(y=0|x,u=1,z,D)","p(y=1|x,u=1,z,D)","p(y=2|x,u=1,z,D)","p(y=0|x,u=2,z,D)","p(y=1|x,u=2,z,D)","p(y=2|x,u=2,z,D)","p(y=0|x,z,D)","p(y=1|x,z,D)","p(y=2|x,z,D)","H[p(u|z,D)]","Var[p(u|z,D)]","H[p(y|x,u=0,z,D)]","H[p(y|x,u=1,z,D)]","H[p(y|x,u=2,z,D)]","Var[p(y|x,u=0,z,D)]","Var[p(y|x,u=1,z,D)]","Var[p(y|x,u=2,z,D)]","H[p(y|x,D)]","Var[p(y|x,D)]",Va,Ve,Va_variance,Ve_variance,kl_pyx_pyxz,kl_pyxz_pyx,api_calls
2.3,-0.7,x1 = 2.3; x2 = -0.7,2.3,-0.7,x1 = 2.3; x2 = -0.7,0.3164844648853833,0.3764783213647892,0.3070372137498275,0.3164844648853833,0.3764783213647892,0.3070372137498275,0.581048404620663,0.21140363926512035,0.2075479561142167,0.13908671269687556,0.6751771453911838,0.18573614191194057,0.13603781093284184,0.21718664453363115,0.6467755445335269,0.27802459596258816,0.3877799081696676,0.3341954958677441,1.57894,0.62343,1.39989,1.22952,1.27657,0.64909,0.32265,0.52196,1.57894,0.62343,1.29789,0.28105,0.48716,0.13627000000000006,0.0038462909118145705,0.0037728772657286067,13700
