z_x1,z_x2,z_note,x_x1,x_x2,x_note,"p(y=0|x,D)","p(y=1|x,D)","p(y=2|x,D)","p(u=0|z,D)","p(u=1|z,D)","p(u=2|z,D)","p(y=0|x,u=0,z,D)","p(y=1|x,u=0,z,D)","p(y=2|x,u=0,z,D)","p(y=0|x,u=1,z,D)","p(y=1|x,u=1,z,D)","p(y=2|x,u=1,z,D)","p(y=0|x,u=2,z,D)","p(y=1|x,u=2,z,D)","p(y=2|x,u=2,z,D)","p(y=0|x,z,D)","p(y=1|x,z,D)","p(y=2|x,z,D)","H[p(u|z,D)]","Var[p(u|z,D)]","H[p(y|x,u=0,z,D)]","H[p(y|x,u=1,z,D)]","H[p(y|x,u=2,z,D)]","Var[p(y|x,u=0,z,D)]","Var[p(y|x,u=1,z,D)]","Var[p(y|x,u=2,z,D)]","H[p(y|x,D)]","Var[p(y|x,D)]",Va,Ve,Va_variance,Ve_variance,kl_pyx_pyxz,kl_pyxz_pyx,api_calls
3.7,1.3,x1 = 3.7; x2 = 1.3,3.7,1.3,x1 = 3.7; x2 = 1.3,0.38118608594500775,0.3619647057179952,0.256849208336997,0.38118608594500775,0.3619647057179952,0.256849208336997,0.8902850589825537,0.06473791327958575,0.04497702773786065,0.11342393086413642,0.8137254392689839,0.07285062986687971,0.09983429762022908,0.08651190309860265,0.8136537992811682,0.4060620970741314,0.3414375947581399,0.2525003081677288,1.56475,0.62258,0.60619,0.87346,0.87942,0.22072,0.18463,0.40395,1.56475,0.62258,0.77311,0.7916400000000001,0.25472,0.36786,0.0014202997216890495,0.0014249968189966053,70700
