z_x1,z_x2,z_note,x_x1,x_x2,x_note,"p(y=0|x,D)","p(y=1|x,D)","p(y=2|x,D)","p(u=0|z,D)","p(u=1|z,D)","p(u=2|z,D)","p(y=0|x,u=0,z,D)","p(y=1|x,u=0,z,D)","p(y=2|x,u=0,z,D)","p(y=0|x,u=1,z,D)","p(y=1|x,u=1,z,D)","p(y=2|x,u=1,z,D)","p(y=0|x,u=2,z,D)","p(y=1|x,u=2,z,D)","p(y=2|x,u=2,z,D)","p(y=0|x,z,D)","p(y=1|x,z,D)","p(y=2|x,z,D)","H[p(u|z,D)]","Var[p(u|z,D)]","H[p(y|x,u=0,z,D)]","H[p(y|x,u=1,z,D)]","H[p(y|x,u=2,z,D)]","Var[p(y|x,u=0,z,D)]","Var[p(y|x,u=1,z,D)]","Var[p(y|x,u=2,z,D)]","H[p(y|x,D)]","Var[p(y|x,D)]",Va,Ve,Va_variance,Ve_variance,kl_pyx_pyxz,kl_pyxz_pyx,api_calls
-2.1,-1.1,x1 = -2.1; x2 = -1.1,-2.1,-1.1,x1 = -2.1; x2 = -1.1,0.4808583390525077,0.17194030333315963,0.34720135761433274,0.4808583390525077,0.17194030333315963,0.34720135761433274,0.6930966813346954,0.12825520385490946,0.17864811481039516,0.3618143875022906,0.4394919905162099,0.19869362198149956,0.32955594406656474,0.13403159011310486,0.5364124658203303,0.5099140657166364,0.18377492051284156,0.30631101377052206,1.47455,0.8102,1.19047,1.51517,1.39837,0.60709,0.5339,0.82318,1.47455,0.8102,1.31848,0.15606999999999993,0.66953,0.14067000000000007,0.003848869336434052,0.003767300359730462,77500
