z_x1,z_x2,z_note,x_x1,x_x2,x_note,"p(y=0|x,D)","p(y=1|x,D)","p(y=2|x,D)","p(u=0|z,D)","p(u=1|z,D)","p(u=2|z,D)","p(y=0|x,u=0,z,D)","p(y=1|x,u=0,z,D)","p(y=2|x,u=0,z,D)","p(y=0|x,u=1,z,D)","p(y=1|x,u=1,z,D)","p(y=2|x,u=1,z,D)","p(y=0|x,u=2,z,D)","p(y=1|x,u=2,z,D)","p(y=2|x,u=2,z,D)","p(y=0|x,z,D)","p(y=1|x,z,D)","p(y=2|x,z,D)","H[p(u|z,D)]","Var[p(u|z,D)]","H[p(y|x,u=0,z,D)]","H[p(y|x,u=1,z,D)]","H[p(y|x,u=2,z,D)]","Var[p(y|x,u=0,z,D)]","Var[p(y|x,u=1,z,D)]","Var[p(y|x,u=2,z,D)]","H[p(y|x,D)]","Var[p(y|x,D)]",Va,Ve,Va_variance,Ve_variance,kl_pyx_pyxz,kl_pyxz_pyx,api_calls
-0.8,-0.6,x1 = -0.8; x2 = -0.6,-0.8,-0.6,x1 = -0.8; x2 = -0.6,0.36164455958000236,0.3166320710397069,0.32172336938029084,0.36164455958000236,0.3166320710397069,0.32172336938029084,0.6366612593025396,0.19786905861127962,0.1654696820861808,0.1828832211726786,0.6230551070108047,0.1940616718165168,0.16569129777845742,0.1987898580629711,0.6355188441585715,0.34145853639871304,0.332792840395332,0.3257486232059551,1.58237,0.68177,1.30667,1.33256,1.30865,0.58011,0.37682,0.58047,1.58237,0.68177,1.3155,0.26687000000000016,0.51586,0.16591,0.0010091224785281957,0.001004802558679194,49750
