z_x1,z_x2,z_note,x_x1,x_x2,x_note,"p(y=0|x,D)","p(y=1|x,D)","p(y=2|x,D)","p(u=0|z,D)","p(u=1|z,D)","p(u=2|z,D)","p(y=0|x,u=0,z,D)","p(y=1|x,u=0,z,D)","p(y=2|x,u=0,z,D)","p(y=0|x,u=1,z,D)","p(y=1|x,u=1,z,D)","p(y=2|x,u=1,z,D)","p(y=0|x,u=2,z,D)","p(y=1|x,u=2,z,D)","p(y=2|x,u=2,z,D)","p(y=0|x,z,D)","p(y=1|x,z,D)","p(y=2|x,z,D)","H[p(u|z,D)]","Var[p(u|z,D)]","H[p(y|x,u=0,z,D)]","H[p(y|x,u=1,z,D)]","H[p(y|x,u=2,z,D)]","Var[p(y|x,u=0,z,D)]","Var[p(y|x,u=1,z,D)]","Var[p(y|x,u=2,z,D)]","H[p(y|x,D)]","Var[p(y|x,D)]",Va,Ve,Va_variance,Ve_variance,kl_pyx_pyxz,kl_pyxz_pyx,api_calls
1.0,-0.6,x1 = 1.0; x2 = -0.6,1.0,-0.6,x1 = 1.0; x2 = -0.6,0.5376358174582534,0.23516221136937326,0.22720197117237345,0.5376358174582534,0.23516221136937326,0.22720197117237345,0.8161682026328991,0.09538624482539777,0.08844555254170307,0.14394366144519874,0.7355689580125693,0.12048738054223203,0.12815255785759547,0.11745605239318069,0.7543913897492237,0.5017678823000569,0.2509473311217335,0.2472847865782098,1.45817,0.66847,0.87203,1.09629,1.04952,0.37503,0.26388,0.49037,1.45817,0.66847,0.96509,0.49307999999999996,0.3751,0.29337,0.0025981999731578206,0.0026048188904989854,41750
