z_x1,z_x2,z_note,x_x1,x_x2,x_note,"p(y=0|x,D)","p(y=1|x,D)","p(y=2|x,D)","p(u=0|z,D)","p(u=1|z,D)","p(u=2|z,D)","p(y=0|x,u=0,z,D)","p(y=1|x,u=0,z,D)","p(y=2|x,u=0,z,D)","p(y=0|x,u=1,z,D)","p(y=1|x,u=1,z,D)","p(y=2|x,u=1,z,D)","p(y=0|x,u=2,z,D)","p(y=1|x,u=2,z,D)","p(y=2|x,u=2,z,D)","p(y=0|x,z,D)","p(y=1|x,z,D)","p(y=2|x,z,D)","H[p(u|z,D)]","Var[p(u|z,D)]","H[p(y|x,u=0,z,D)]","H[p(y|x,u=1,z,D)]","H[p(y|x,u=2,z,D)]","Var[p(y|x,u=0,z,D)]","Var[p(y|x,u=1,z,D)]","Var[p(y|x,u=2,z,D)]","H[p(y|x,D)]","Var[p(y|x,D)]",Va,Ve,Va_variance,Ve_variance,kl_pyx_pyxz,kl_pyxz_pyx,api_calls
1.4,-3.1,x1 = 1.4; x2 = -3.1,1.4,-3.1,x1 = 1.4; x2 = -3.1,0.5136319606812709,0.1734294538457937,0.31293858547293546,0.5136319606812709,0.1734294538457937,0.31293858547293546,0.8433709557710319,0.08133137395257992,0.07529767027638813,0.1865355103012237,0.6728760770490745,0.14058841264970184,0.11750204497302996,0.08771496745257691,0.7947829875743933,0.5023039530127374,0.18592032145610046,0.31177572553116223,1.45656,0.78629,0.78265,1.23441,0.93433,0.32873,0.32501,0.45358,1.45656,0.78629,0.90847,0.5480900000000001,0.36716,0.41913000000000006,0.0005582702769242878,0.000567397130042546,56500
