z_x1,z_x2,z_note,x_x1,x_x2,x_note,"p(y=0|x,D)","p(y=1|x,D)","p(y=2|x,D)","p(u=0|z,D)","p(u=1|z,D)","p(u=2|z,D)","p(y=0|x,u=0,z,D)","p(y=1|x,u=0,z,D)","p(y=2|x,u=0,z,D)","p(y=0|x,u=1,z,D)","p(y=1|x,u=1,z,D)","p(y=2|x,u=1,z,D)","p(y=0|x,u=2,z,D)","p(y=1|x,u=2,z,D)","p(y=2|x,u=2,z,D)","p(y=0|x,z,D)","p(y=1|x,z,D)","p(y=2|x,z,D)","H[p(u|z,D)]","Var[p(u|z,D)]","H[p(y|x,u=0,z,D)]","H[p(y|x,u=1,z,D)]","H[p(y|x,u=2,z,D)]","Var[p(y|x,u=0,z,D)]","Var[p(y|x,u=1,z,D)]","Var[p(y|x,u=2,z,D)]","H[p(y|x,D)]","Var[p(y|x,D)]",Va,Ve,Va_variance,Ve_variance,kl_pyx_pyxz,kl_pyxz_pyx,api_calls
3.8,1.4,x1 = 3.8; x2 = 1.4,3.8,1.4,x1 = 3.8; x2 = 1.4,0.375405533473821,0.36553865680382797,0.25905580972235104,0.375405533473821,0.36553865680382797,0.25905580972235104,0.8826077960975149,0.06918027146180064,0.04821193244068435,0.12322280895544288,0.809051982359081,0.06772520868547607,0.09788671321979521,0.08839184178286599,0.8137214449973389,0.40173667236952193,0.3446088517759041,0.25365447585457396,1.56617,0.62092,0.63649,0.88259,0.87955,0.2346,0.18787,0.39919,1.56617,0.62092,0.78942,0.77675,0.26016,0.36076,0.001562609942375507,0.0015702496532766785,74750
