z_x1,z_x2,z_note,x_x1,x_x2,x_note,"p(y=0|x,D)","p(y=1|x,D)","p(y=2|x,D)","p(u=0|z,D)","p(u=1|z,D)","p(u=2|z,D)","p(y=0|x,u=0,z,D)","p(y=1|x,u=0,z,D)","p(y=2|x,u=0,z,D)","p(y=0|x,u=1,z,D)","p(y=1|x,u=1,z,D)","p(y=2|x,u=1,z,D)","p(y=0|x,u=2,z,D)","p(y=1|x,u=2,z,D)","p(y=2|x,u=2,z,D)","p(y=0|x,z,D)","p(y=1|x,z,D)","p(y=2|x,z,D)","H[p(u|z,D)]","Var[p(u|z,D)]","H[p(y|x,u=0,z,D)]","H[p(y|x,u=1,z,D)]","H[p(y|x,u=2,z,D)]","Var[p(y|x,u=0,z,D)]","Var[p(y|x,u=1,z,D)]","Var[p(y|x,u=2,z,D)]","H[p(y|x,D)]","Var[p(y|x,D)]",Va,Ve,Va_variance,Ve_variance,kl_pyx_pyxz,kl_pyxz_pyx,api_calls
2.0,-0.8,x1 = 2.0; x2 = -0.8,2.0,-0.8,x1 = 2.0; x2 = -0.8,0.3507333581385096,0.2712217766715654,0.378044865189925,0.3507333581385096,0.2712217766715654,0.378044865189925,0.8113778897178727,0.08998235621035662,0.09863975407177071,0.1271081138993448,0.737536220076478,0.13535566602417726,0.13000947383043254,0.1086784174092413,0.7613121087603262,0.3682011944688777,0.27268101559417796,0.35911778993694426,1.57125,0.72803,0.88692,1.09272,1.03016,0.40202,0.2624,0.49278,1.57125,0.72803,0.99689,0.57436,0.39846,0.32957,0.0009152008755725222,0.0009137633588181641,1650
