z_x1,z_x2,z_note,x_x1,x_x2,x_note,"p(y=0|x,D)","p(y=1|x,D)","p(y=2|x,D)","p(u=0|z,D)","p(u=1|z,D)","p(u=2|z,D)","p(y=0|x,u=0,z,D)","p(y=1|x,u=0,z,D)","p(y=2|x,u=0,z,D)","p(y=0|x,u=1,z,D)","p(y=1|x,u=1,z,D)","p(y=2|x,u=1,z,D)","p(y=0|x,u=2,z,D)","p(y=1|x,u=2,z,D)","p(y=2|x,u=2,z,D)","p(y=0|x,z,D)","p(y=1|x,z,D)","p(y=2|x,z,D)","H[p(u|z,D)]","Var[p(u|z,D)]","H[p(y|x,u=0,z,D)]","H[p(y|x,u=1,z,D)]","H[p(y|x,u=2,z,D)]","Var[p(y|x,u=0,z,D)]","Var[p(y|x,u=1,z,D)]","Var[p(y|x,u=2,z,D)]","H[p(y|x,D)]","Var[p(y|x,D)]",Va,Ve,Va_variance,Ve_variance,kl_pyx_pyxz,kl_pyxz_pyx,api_calls
-0.3,-2.9,x1 = -0.3; x2 = -2.9,-0.3,-2.9,x1 = -0.3; x2 = -2.9,0.2299202606103628,0.33839507182018613,0.431684667569451,0.23655137500121953,0.3371757829698144,0.4262728420289661,0.6162549242171087,0.20990996775934678,0.17383510802354457,0.168248174333025,0.6388007662054898,0.1929510594614851,0.12121616110247449,0.18058560484187278,0.6981982340556527,0.2541763170818018,0.34202137901245344,0.4038023039057448,1.54519,0.62683,1.34194,1.30365,1.1768,0.59435,0.36059,0.48651,1.53978,0.6209,1.25863,0.28115,0.46956,0.15134000000000003,0.002156561406816467,0.002176573279457989,68600
