z_x1,z_x2,z_note,x_x1,x_x2,x_note,"p(y=0|x,D)","p(y=1|x,D)","p(y=2|x,D)","p(u=0|z,D)","p(u=1|z,D)","p(u=2|z,D)","p(y=0|x,u=0,z,D)","p(y=1|x,u=0,z,D)","p(y=2|x,u=0,z,D)","p(y=0|x,u=1,z,D)","p(y=1|x,u=1,z,D)","p(y=2|x,u=1,z,D)","p(y=0|x,u=2,z,D)","p(y=1|x,u=2,z,D)","p(y=2|x,u=2,z,D)","p(y=0|x,z,D)","p(y=1|x,z,D)","p(y=2|x,z,D)","H[p(u|z,D)]","Var[p(u|z,D)]","H[p(y|x,u=0,z,D)]","H[p(y|x,u=1,z,D)]","H[p(y|x,u=2,z,D)]","Var[p(y|x,u=0,z,D)]","Var[p(y|x,u=1,z,D)]","Var[p(y|x,u=2,z,D)]","H[p(y|x,D)]","Var[p(y|x,D)]",Va,Ve,Va_variance,Ve_variance,kl_pyx_pyxz,kl_pyxz_pyx,api_calls
-2.8,-2.5,x1 = -2.8; x2 = -2.5,-2.8,-2.5,x1 = -2.8; x2 = -2.5,0.09532593017891625,0.08151993515661538,0.8231541346644684,0.09532593017891625,0.08151993515661538,0.8231541346644684,0.5372051437385336,0.0759942725311975,0.38680058373026893,0.14729654266349101,0.4581575523866608,0.3945459049498482,0.07878416932119581,0.06519874452375685,0.8560170861550475,0.12806869935334342,0.09826181480904347,0.7736694858376133,0.8492,0.38875,1.29417,1.45231,0.73763,0.90138,0.48071,0.33071,0.8492,0.38875,0.84894,0.00025999999999992696,0.39734,-0.008590000000000042,0.007661145203119092,0.008201812310529993,48800
