z_x1,z_x2,z_note,x_x1,x_x2,x_note,"p(y=0|x,D)","p(y=1|x,D)","p(y=2|x,D)","p(u=0|z,D)","p(u=1|z,D)","p(u=2|z,D)","p(y=0|x,u=0,z,D)","p(y=1|x,u=0,z,D)","p(y=2|x,u=0,z,D)","p(y=0|x,u=1,z,D)","p(y=1|x,u=1,z,D)","p(y=2|x,u=1,z,D)","p(y=0|x,u=2,z,D)","p(y=1|x,u=2,z,D)","p(y=2|x,u=2,z,D)","p(y=0|x,z,D)","p(y=1|x,z,D)","p(y=2|x,z,D)","H[p(u|z,D)]","Var[p(u|z,D)]","H[p(y|x,u=0,z,D)]","H[p(y|x,u=1,z,D)]","H[p(y|x,u=2,z,D)]","Var[p(y|x,u=0,z,D)]","Var[p(y|x,u=1,z,D)]","Var[p(y|x,u=2,z,D)]","H[p(y|x,D)]","Var[p(y|x,D)]",Va,Ve,Va_variance,Ve_variance,kl_pyx_pyxz,kl_pyxz_pyx,api_calls
-2.9,-3.5,x1 = -2.9; x2 = -3.5,-2.9,-3.5,x1 = -2.9; x2 = -3.5,0.14174753080660868,0.09782450230160966,0.6604279668917815,0.14174753080660868,0.09782450230160966,0.6604279668917815,0.7132887382051226,0.06547277110965397,0.2212384906852233,0.12182808555967362,0.5664951929999898,0.2116767214403366,0.062009897087106566,0.0582849764556004,0.879705126457293,0.15397775948937703,0.10319074245224555,0.6330490478282162,1.12288,0.72688,1.08668,1.30862,0.65042,0.69241,0.4334,0.27309,1.12288,0.72688,0.7116,0.4112800000000001,0.3209,0.40597999999999995,0.011007279214840689,-0.008549290813001483,44300
