z_x1,z_x2,z_note,x_x1,x_x2,x_note,"p(y=0|x,D)","p(y=1|x,D)","p(y=2|x,D)","p(u=0|z,D)","p(u=1|z,D)","p(u=2|z,D)","p(y=0|x,u=0,z,D)","p(y=1|x,u=0,z,D)","p(y=2|x,u=0,z,D)","p(y=0|x,u=1,z,D)","p(y=1|x,u=1,z,D)","p(y=2|x,u=1,z,D)","p(y=0|x,u=2,z,D)","p(y=1|x,u=2,z,D)","p(y=2|x,u=2,z,D)","p(y=0|x,z,D)","p(y=1|x,z,D)","p(y=2|x,z,D)","H[p(u|z,D)]","Var[p(u|z,D)]","H[p(y|x,u=0,z,D)]","H[p(y|x,u=1,z,D)]","H[p(y|x,u=2,z,D)]","Var[p(y|x,u=0,z,D)]","Var[p(y|x,u=1,z,D)]","Var[p(y|x,u=2,z,D)]","H[p(y|x,D)]","Var[p(y|x,D)]",Va,Ve,Va_variance,Ve_variance,kl_pyx_pyxz,kl_pyxz_pyx,api_calls
0.3,2.6,x1 = 0.3; x2 = 2.6,0.3,2.6,x1 = 0.3; x2 = 2.6,0.4540566333406176,0.19637634512757002,0.3495670215318124,0.4540566333406176,0.19637634512757002,0.3495670215318124,0.7706573285103205,0.08776939374848132,0.14157327774119816,0.20716936955618737,0.6291848725156834,0.16364575792812913,0.14676813350552267,0.08591887264988232,0.7673129938445951,0.44191053494380644,0.19344370551555895,0.3646457595406347,1.50842,0.79271,0.99702,1.31842,1.00374,0.51648,0.36892,0.52901,1.50842,0.79271,1.06248,0.44594,0.49188,0.30083000000000004,0.0005036844139586147,0.00050656741093065,15350
