z_x1,z_x2,z_note,x_x1,x_x2,x_note,"p(y=0|x,D)","p(y=1|x,D)","p(y=2|x,D)","p(u=0|z,D)","p(u=1|z,D)","p(u=2|z,D)","p(y=0|x,u=0,z,D)","p(y=1|x,u=0,z,D)","p(y=2|x,u=0,z,D)","p(y=0|x,u=1,z,D)","p(y=1|x,u=1,z,D)","p(y=2|x,u=1,z,D)","p(y=0|x,u=2,z,D)","p(y=1|x,u=2,z,D)","p(y=2|x,u=2,z,D)","p(y=0|x,z,D)","p(y=1|x,z,D)","p(y=2|x,z,D)","H[p(u|z,D)]","Var[p(u|z,D)]","H[p(y|x,u=0,z,D)]","H[p(y|x,u=1,z,D)]","H[p(y|x,u=2,z,D)]","Var[p(y|x,u=0,z,D)]","Var[p(y|x,u=1,z,D)]","Var[p(y|x,u=2,z,D)]","H[p(y|x,D)]","Var[p(y|x,D)]",Va,Ve,Va_variance,Ve_variance,kl_pyx_pyxz,kl_pyxz_pyx,api_calls
1.0,-2.2,x1 = 1.0; x2 = -2.2,1.0,-2.2,x1 = 1.0; x2 = -2.2,0.6713364931632932,0.21236318921154634,0.11630031762516028,0.6713364931632932,0.21236318921154634,0.11630031762516028,0.8516611341756641,0.0925989330155728,0.05573993280876306,0.1882211014373314,0.7220203132118104,0.08975858535085829,0.18559232017960067,0.11863151202037055,0.6957761678000288,0.6333068783447829,0.22929246187883912,0.13740065977637783,1.22167,0.47957,0.74733,1.10495,1.1799,0.27391,0.26828,0.62108,1.22167,0.47957,0.87358,0.34809,0.31309,0.16648000000000002,0.0034707005628912962,0.0035634550585308816,40950
