z_x1,z_x2,z_note,x_x1,x_x2,x_note,"p(y=0|x,D)","p(y=1|x,D)","p(y=2|x,D)","p(u=0|z,D)","p(u=1|z,D)","p(u=2|z,D)","p(y=0|x,u=0,z,D)","p(y=1|x,u=0,z,D)","p(y=2|x,u=0,z,D)","p(y=0|x,u=1,z,D)","p(y=1|x,u=1,z,D)","p(y=2|x,u=1,z,D)","p(y=0|x,u=2,z,D)","p(y=1|x,u=2,z,D)","p(y=2|x,u=2,z,D)","p(y=0|x,z,D)","p(y=1|x,z,D)","p(y=2|x,z,D)","H[p(u|z,D)]","Var[p(u|z,D)]","H[p(y|x,u=0,z,D)]","H[p(y|x,u=1,z,D)]","H[p(y|x,u=2,z,D)]","Var[p(y|x,u=0,z,D)]","Var[p(y|x,u=1,z,D)]","Var[p(y|x,u=2,z,D)]","H[p(y|x,D)]","Var[p(y|x,D)]",Va,Ve,Va_variance,Ve_variance,kl_pyx_pyxz,kl_pyxz_pyx,api_calls
3.6,-3.1,x1 = 3.6; x2 = -3.1,3.6,-3.1,x1 = 3.6; x2 = -3.1,0.4930218874006004,0.158114311207719,0.24886380139168057,0.4930218874006004,0.158114311207719,0.24886380139168057,0.9193476624759167,0.04250166314442895,0.038150674379654206,0.14628002779822996,0.7652169169996899,0.08850305520208016,0.08467743883871533,0.061695222635098634,0.8536273385261859,0.4974606348914839,0.15729970356970782,0.24523966153880808,1.42312,0.72344,0.48496,1.01068,0.74445,0.18099,0.23144,0.34702,1.42312,0.72344,0.58417,0.83895,0.21219,0.51125,4.861562562722679e-05,4.854144512514728e-05,64500
