z_x1,z_x2,z_note,x_x1,x_x2,x_note,"p(y=0|x,D)","p(y=1|x,D)","p(y=2|x,D)","p(u=0|z,D)","p(u=1|z,D)","p(u=2|z,D)","p(y=0|x,u=0,z,D)","p(y=1|x,u=0,z,D)","p(y=2|x,u=0,z,D)","p(y=0|x,u=1,z,D)","p(y=1|x,u=1,z,D)","p(y=2|x,u=1,z,D)","p(y=0|x,u=2,z,D)","p(y=1|x,u=2,z,D)","p(y=2|x,u=2,z,D)","p(y=0|x,z,D)","p(y=1|x,z,D)","p(y=2|x,z,D)","H[p(u|z,D)]","Var[p(u|z,D)]","H[p(y|x,u=0,z,D)]","H[p(y|x,u=1,z,D)]","H[p(y|x,u=2,z,D)]","Var[p(y|x,u=0,z,D)]","Var[p(y|x,u=1,z,D)]","Var[p(y|x,u=2,z,D)]","H[p(y|x,D)]","Var[p(y|x,D)]",Va,Ve,Va_variance,Ve_variance,kl_pyx_pyxz,kl_pyxz_pyx,api_calls
-1.0,0.7,x1 = -1.0; x2 = 0.7,-1.0,0.7,x1 = -1.0; x2 = 0.7,0.20188179659152944,0.42734943932638164,0.37076876408208886,0.20188179659152944,0.42734943932638164,0.37076876408208886,0.7258459146193461,0.14407612570341072,0.1300779596772432,0.08666704542615121,0.7807245161379411,0.13260843843590753,0.08467986916920395,0.1323566113994215,0.7829635194313745,0.21496884099741398,0.4118022285695182,0.37322893043306776,1.5209,0.54413,1.121,0.97112,0.96414,0.50098,0.21716,0.38004,1.5209,0.54413,0.99879,0.52211,0.33485,0.20928000000000002,0.0007046871980356836,0.0007097511437179978,42400
