z_x1,z_x2,z_note,x_x1,x_x2,x_note,"p(y=0|x,D)","p(y=1|x,D)","p(y=2|x,D)","p(u=0|z,D)","p(u=1|z,D)","p(u=2|z,D)","p(y=0|x,u=0,z,D)","p(y=1|x,u=0,z,D)","p(y=2|x,u=0,z,D)","p(y=0|x,u=1,z,D)","p(y=1|x,u=1,z,D)","p(y=2|x,u=1,z,D)","p(y=0|x,u=2,z,D)","p(y=1|x,u=2,z,D)","p(y=2|x,u=2,z,D)","p(y=0|x,z,D)","p(y=1|x,z,D)","p(y=2|x,z,D)","H[p(u|z,D)]","Var[p(u|z,D)]","H[p(y|x,u=0,z,D)]","H[p(y|x,u=1,z,D)]","H[p(y|x,u=2,z,D)]","Var[p(y|x,u=0,z,D)]","Var[p(y|x,u=1,z,D)]","Var[p(y|x,u=2,z,D)]","H[p(y|x,D)]","Var[p(y|x,D)]",Va,Ve,Va_variance,Ve_variance,kl_pyx_pyxz,kl_pyxz_pyx,api_calls
1.5,3.8,x1 = 1.5; x2 = 3.8,1.5,3.8,x1 = 1.5; x2 = 3.8,0.34825420463676,0.3269878837591864,0.3247579116040536,0.34825420463676,0.3269878837591864,0.3247579116040536,0.8255461830887029,0.08509568130151261,0.08935813560978456,0.1647182166088101,0.7107233463598521,0.12455843703133777,0.07994822890288844,0.08113257662931295,0.8389191944677986,0.36732461030291624,0.2883812979233283,0.3442940917737555,1.58424,0.67246,0.84217,1.15303,0.79796,0.37293,0.28766,0.34283,1.58424,0.67246,0.92946,0.6547800000000001,0.33527,0.33718999999999993,0.0035449240884737436,0.0034635253483941593,63950
