z_x1,z_x2,z_note,x_x1,x_x2,x_note,"p(y=0|x,D)","p(y=1|x,D)","p(y=2|x,D)","p(u=0|z,D)","p(u=1|z,D)","p(u=2|z,D)","p(y=0|x,u=0,z,D)","p(y=1|x,u=0,z,D)","p(y=2|x,u=0,z,D)","p(y=0|x,u=1,z,D)","p(y=1|x,u=1,z,D)","p(y=2|x,u=1,z,D)","p(y=0|x,u=2,z,D)","p(y=1|x,u=2,z,D)","p(y=2|x,u=2,z,D)","p(y=0|x,z,D)","p(y=1|x,z,D)","p(y=2|x,z,D)","H[p(u|z,D)]","Var[p(u|z,D)]","H[p(y|x,u=0,z,D)]","H[p(y|x,u=1,z,D)]","H[p(y|x,u=2,z,D)]","Var[p(y|x,u=0,z,D)]","Var[p(y|x,u=1,z,D)]","Var[p(y|x,u=2,z,D)]","H[p(y|x,D)]","Var[p(y|x,D)]",Va,Ve,Va_variance,Ve_variance,kl_pyx_pyxz,kl_pyxz_pyx,api_calls
-0.2,1.7,x1 = -0.2; x2 = 1.7,-0.2,1.7,x1 = -0.2; x2 = 1.7,0.2522277399044121,0.4366069702253297,0.31116528987025827,0.2522277399044121,0.4366069702253297,0.31116528987025827,0.6096537731561138,0.19559152516714476,0.1947547016767413,0.16384385070291532,0.6487200839108271,0.18743606538625748,0.13640946404813786,0.17693898677734476,0.6866515491745174,0.26775285099440027,0.38762658980791603,0.34462055919768375,1.54731,0.55992,1.35537,1.28534,1.20656,0.63227,0.35072,0.52029,1.54731,0.55992,1.27849,0.26882000000000006,0.4745,0.08542,0.005110098615886294,0.005061910723025337,74900
