z_x1,z_x2,z_note,x_x1,x_x2,x_note,"p(y=0|x,D)","p(y=1|x,D)","p(y=2|x,D)","p(u=0|z,D)","p(u=1|z,D)","p(u=2|z,D)","p(y=0|x,u=0,z,D)","p(y=1|x,u=0,z,D)","p(y=2|x,u=0,z,D)","p(y=0|x,u=1,z,D)","p(y=1|x,u=1,z,D)","p(y=2|x,u=1,z,D)","p(y=0|x,u=2,z,D)","p(y=1|x,u=2,z,D)","p(y=2|x,u=2,z,D)","p(y=0|x,z,D)","p(y=1|x,z,D)","p(y=2|x,z,D)","H[p(u|z,D)]","Var[p(u|z,D)]","H[p(y|x,u=0,z,D)]","H[p(y|x,u=1,z,D)]","H[p(y|x,u=2,z,D)]","Var[p(y|x,u=0,z,D)]","Var[p(y|x,u=1,z,D)]","Var[p(y|x,u=2,z,D)]","H[p(y|x,D)]","Var[p(y|x,D)]",Va,Ve,Va_variance,Ve_variance,kl_pyx_pyxz,kl_pyxz_pyx,api_calls
-1.1,3.1,x1 = -1.1; x2 = 3.1,-1.1,3.1,x1 = -1.1; x2 = 3.1,0.35559697670974477,0.2633664886933965,0.3810365345968588,0.35559697670974477,0.2633664886933965,0.3810365345968588,0.7760354052831681,0.09980402448476183,0.12416057023207024,0.15263685142602268,0.70040482113836,0.14695832743561735,0.07414779807719342,0.08525631730573233,0.8405958846170742,0.3444082955710247,0.2524389394760494,0.40315276495292607,1.56778,0.73599,0.98939,1.18031,0.79173,0.47526,0.29956,0.3273,1.56778,0.73599,0.96436,0.60342,0.37261,0.36338000000000004,0.0010310150341422582,0.001037571491914635,39600
