z_x1,z_x2,z_note,x_x1,x_x2,x_note,"p(y=0|x,D)","p(y=1|x,D)","p(y=2|x,D)","p(u=0|z,D)","p(u=1|z,D)","p(u=2|z,D)","p(y=0|x,u=0,z,D)","p(y=1|x,u=0,z,D)","p(y=2|x,u=0,z,D)","p(y=0|x,u=1,z,D)","p(y=1|x,u=1,z,D)","p(y=2|x,u=1,z,D)","p(y=0|x,u=2,z,D)","p(y=1|x,u=2,z,D)","p(y=2|x,u=2,z,D)","p(y=0|x,z,D)","p(y=1|x,z,D)","p(y=2|x,z,D)","H[p(u|z,D)]","Var[p(u|z,D)]","H[p(y|x,u=0,z,D)]","H[p(y|x,u=1,z,D)]","H[p(y|x,u=2,z,D)]","Var[p(y|x,u=0,z,D)]","Var[p(y|x,u=1,z,D)]","Var[p(y|x,u=2,z,D)]","H[p(y|x,D)]","Var[p(y|x,D)]",Va,Ve,Va_variance,Ve_variance,kl_pyx_pyxz,kl_pyxz_pyx,api_calls
0.6,0.9,x1 = 0.6; x2 = 0.9,0.6,0.9,x1 = 0.6; x2 = 0.9,0.25603882601454014,0.38910296920756127,0.35485820477789864,0.25603882601454014,0.38910296920756127,0.35485820477789864,0.6734793774252773,0.15199204220824644,0.17452858036647617,0.13267057989664938,0.6885351589514008,0.17879426115194974,0.11914096964425909,0.13167987206669277,0.7491791582890481,0.26633753630870655,0.353554621809312,0.38010784188198143,1.56353,0.60113,1.23673,1.20138,1.06295,0.59906,0.30934,0.47137,1.56353,0.60113,1.16131,0.40222,0.44102,0.16011000000000003,0.002789639458180799,0.0027578166318805754,26500
