z_x1,z_x2,z_note,x_x1,x_x2,x_note,"p(y=0|x,D)","p(y=1|x,D)","p(y=2|x,D)","p(u=0|z,D)","p(u=1|z,D)","p(u=2|z,D)","p(y=0|x,u=0,z,D)","p(y=1|x,u=0,z,D)","p(y=2|x,u=0,z,D)","p(y=0|x,u=1,z,D)","p(y=1|x,u=1,z,D)","p(y=2|x,u=1,z,D)","p(y=0|x,u=2,z,D)","p(y=1|x,u=2,z,D)","p(y=2|x,u=2,z,D)","p(y=0|x,z,D)","p(y=1|x,z,D)","p(y=2|x,z,D)","H[p(u|z,D)]","Var[p(u|z,D)]","H[p(y|x,u=0,z,D)]","H[p(y|x,u=1,z,D)]","H[p(y|x,u=2,z,D)]","Var[p(y|x,u=0,z,D)]","Var[p(y|x,u=1,z,D)]","Var[p(y|x,u=2,z,D)]","H[p(y|x,D)]","Var[p(y|x,D)]",Va,Ve,Va_variance,Ve_variance,kl_pyx_pyxz,kl_pyxz_pyx,api_calls
3.7,2.1,x1 = 3.7; x2 = 2.1,3.7,2.1,x1 = 3.7; x2 = 2.1,0.3549168598979404,0.3445958706429639,0.3004872694590957,0.3549168598979404,0.3445958706429639,0.3004872694590957,0.8833082217710702,0.06544318441861324,0.05124859381031651,0.10715822240264417,0.820072057735266,0.07276971986208974,0.06985704951156868,0.07568429830551976,0.8544586521829114,0.3714184153986134,0.3285625023795803,0.3000190822218062,1.58129,0.65244,0.63522,0.85508,0.74394,0.24223,0.17875,0.30872,1.58129,0.65244,0.74365,0.83764,0.24033,0.41211000000000003,0.0007574771655861536,0.0007570909984010058,71100
