z_x1,z_x2,z_note,x_x1,x_x2,x_note,"p(y=0|x,D)","p(y=1|x,D)","p(y=2|x,D)","p(u=0|z,D)","p(u=1|z,D)","p(u=2|z,D)","p(y=0|x,u=0,z,D)","p(y=1|x,u=0,z,D)","p(y=2|x,u=0,z,D)","p(y=0|x,u=1,z,D)","p(y=1|x,u=1,z,D)","p(y=2|x,u=1,z,D)","p(y=0|x,u=2,z,D)","p(y=1|x,u=2,z,D)","p(y=2|x,u=2,z,D)","p(y=0|x,z,D)","p(y=1|x,z,D)","p(y=2|x,z,D)","H[p(u|z,D)]","Var[p(u|z,D)]","H[p(y|x,u=0,z,D)]","H[p(y|x,u=1,z,D)]","H[p(y|x,u=2,z,D)]","Var[p(y|x,u=0,z,D)]","Var[p(y|x,u=1,z,D)]","Var[p(y|x,u=2,z,D)]","H[p(y|x,D)]","Var[p(y|x,D)]",Va,Ve,Va_variance,Ve_variance,kl_pyx_pyxz,kl_pyxz_pyx,api_calls
-1.8,3.1,x1 = -1.8; x2 = 3.1,-1.8,3.1,x1 = -1.8; x2 = 3.1,0.33587236669583287,0.257026784556882,0.407100848747285,0.33587236669583287,0.257026784556882,0.407100848747285,0.7851735334552656,0.08005282036089417,0.1347736461838402,0.12907925293952344,0.7144109715209123,0.15650977553956433,0.06985270568148685,0.0717260079054218,0.8584212864130913,0.3253320140548275,0.23971000379301985,0.43495798215215253,1.56027,0.7379,0.95527,1.14664,0.72992,0.49693,0.28484,0.30643,1.56027,0.7379,0.91272,0.6475500000000001,0.36486,0.37304,0.0016916205887232798,0.001696132882562193,11600
