z_x1,z_x2,z_note,x_x1,x_x2,x_note,"p(y=0|x,D)","p(y=1|x,D)","p(y=2|x,D)","p(u=0|z,D)","p(u=1|z,D)","p(u=2|z,D)","p(y=0|x,u=0,z,D)","p(y=1|x,u=0,z,D)","p(y=2|x,u=0,z,D)","p(y=0|x,u=1,z,D)","p(y=1|x,u=1,z,D)","p(y=2|x,u=1,z,D)","p(y=0|x,u=2,z,D)","p(y=1|x,u=2,z,D)","p(y=2|x,u=2,z,D)","p(y=0|x,z,D)","p(y=1|x,z,D)","p(y=2|x,z,D)","H[p(u|z,D)]","Var[p(u|z,D)]","H[p(y|x,u=0,z,D)]","H[p(y|x,u=1,z,D)]","H[p(y|x,u=2,z,D)]","Var[p(y|x,u=0,z,D)]","Var[p(y|x,u=1,z,D)]","Var[p(y|x,u=2,z,D)]","H[p(y|x,D)]","Var[p(y|x,D)]",Va,Ve,Va_variance,Ve_variance,kl_pyx_pyxz,kl_pyxz_pyx,api_calls
3.0,1.2,x1 = 3.0; x2 = 1.2,3.0,1.2,x1 = 3.0; x2 = 1.2,0.35168992364456325,0.3483623679523312,0.2999477084031055,0.35168992364456325,0.3483623679523312,0.2999477084031055,0.8474523145001122,0.07212058877386637,0.08042709672602147,0.1980610102216805,0.6775738515331974,0.12436513824512219,0.16448834738283885,0.08632606541701876,0.7491855872001424,0.4163753451553048,0.2872986212390593,0.2963260336056358,1.58127,0.64896,0.7684,1.21717,1.04551,0.33955,0.317,0.5718,1.58127,0.64896,1.00785,0.57342,0.40136,0.2476,0.011402126391155573,0.011331446858896402,42650
