z_x1,z_x2,z_note,x_x1,x_x2,x_note,"p(y=0|x,D)","p(y=1|x,D)","p(y=2|x,D)","p(u=0|z,D)","p(u=1|z,D)","p(u=2|z,D)","p(y=0|x,u=0,z,D)","p(y=1|x,u=0,z,D)","p(y=2|x,u=0,z,D)","p(y=0|x,u=1,z,D)","p(y=1|x,u=1,z,D)","p(y=2|x,u=1,z,D)","p(y=0|x,u=2,z,D)","p(y=1|x,u=2,z,D)","p(y=2|x,u=2,z,D)","p(y=0|x,z,D)","p(y=1|x,z,D)","p(y=2|x,z,D)","H[p(u|z,D)]","Var[p(u|z,D)]","H[p(y|x,u=0,z,D)]","H[p(y|x,u=1,z,D)]","H[p(y|x,u=2,z,D)]","Var[p(y|x,u=0,z,D)]","Var[p(y|x,u=1,z,D)]","Var[p(y|x,u=2,z,D)]","H[p(y|x,D)]","Var[p(y|x,D)]",Va,Ve,Va_variance,Ve_variance,kl_pyx_pyxz,kl_pyxz_pyx,api_calls
-3.4,-1.6,x1 = -3.4; x2 = -1.6,-3.4,-1.6,x1 = -3.4; x2 = -1.6,0.14338951839562677,0.10155474532391087,0.6550557362804623,0.14338951839562677,0.10155474532391087,0.6550557362804623,0.7702749115093297,0.07396294780232361,0.15576214068834676,0.13491265381049022,0.6780061701911978,0.18708117599831195,0.07247293660879438,0.06365511302803327,0.8638719503631723,0.1716241816429352,0.12115790233889771,0.6072179160181671,1.13666,0.72898,0.98578,1.22241,0.70972,0.54841,0.31927,0.31003,1.13666,0.72898,0.7304,0.40625999999999995,0.31415,0.41483,0.005977345987471662,0.0061851739811463954,25250
