z_x1,z_x2,z_note,x_x1,x_x2,x_note,"p(y=0|x,D)","p(y=1|x,D)","p(y=2|x,D)","p(u=0|z,D)","p(u=1|z,D)","p(u=2|z,D)","p(y=0|x,u=0,z,D)","p(y=1|x,u=0,z,D)","p(y=2|x,u=0,z,D)","p(y=0|x,u=1,z,D)","p(y=1|x,u=1,z,D)","p(y=2|x,u=1,z,D)","p(y=0|x,u=2,z,D)","p(y=1|x,u=2,z,D)","p(y=2|x,u=2,z,D)","p(y=0|x,z,D)","p(y=1|x,z,D)","p(y=2|x,z,D)","H[p(u|z,D)]","Var[p(u|z,D)]","H[p(y|x,u=0,z,D)]","H[p(y|x,u=1,z,D)]","H[p(y|x,u=2,z,D)]","Var[p(y|x,u=0,z,D)]","Var[p(y|x,u=1,z,D)]","Var[p(y|x,u=2,z,D)]","H[p(y|x,D)]","Var[p(y|x,D)]",Va,Ve,Va_variance,Ve_variance,kl_pyx_pyxz,kl_pyxz_pyx,api_calls
-3.4,-1.5,x1 = -3.4; x2 = -1.5,-3.4,-1.5,x1 = -3.4; x2 = -1.5,0.1407127330495824,0.10164688282608454,0.6576403841243331,0.1407127330495824,0.10164688282608454,0.6576403841243331,0.7728220560436492,0.07531481618140126,0.15186312777494948,0.1323289812617083,0.690230848871693,0.17744016986659877,0.07239625890800191,0.06625256819544527,0.8613511728965527,0.16980743563712647,0.12432793223949792,0.6058646321233756,1.131,0.72452,0.98126,1.19792,0.71914,0.5391,0.30773,0.3113,1.131,0.72452,0.73278,0.39822,0.31186,0.41266,0.007007918484060349,0.00727433955507658,25300
