z_x1,z_x2,z_note,x_x1,x_x2,x_note,"p(y=0|x,D)","p(y=1|x,D)","p(y=2|x,D)","p(u=0|z,D)","p(u=1|z,D)","p(u=2|z,D)","p(y=0|x,u=0,z,D)","p(y=1|x,u=0,z,D)","p(y=2|x,u=0,z,D)","p(y=0|x,u=1,z,D)","p(y=1|x,u=1,z,D)","p(y=2|x,u=1,z,D)","p(y=0|x,u=2,z,D)","p(y=1|x,u=2,z,D)","p(y=2|x,u=2,z,D)","p(y=0|x,z,D)","p(y=1|x,z,D)","p(y=2|x,z,D)","H[p(u|z,D)]","Var[p(u|z,D)]","H[p(y|x,u=0,z,D)]","H[p(y|x,u=1,z,D)]","H[p(y|x,u=2,z,D)]","Var[p(y|x,u=0,z,D)]","Var[p(y|x,u=1,z,D)]","Var[p(y|x,u=2,z,D)]","H[p(y|x,D)]","Var[p(y|x,D)]",Va,Ve,Va_variance,Ve_variance,kl_pyx_pyxz,kl_pyxz_pyx,api_calls
-1.9,-0.1,x1 = -1.9; x2 = -0.1,-1.9,-0.1,x1 = -1.9; x2 = -0.1,0.20829859123473252,0.5777775034235714,0.21392390534169606,0.20829859123473252,0.5777775034235714,0.21392390534169606,0.5833747682737254,0.29678362622719023,0.11984160549908449,0.1065917600513862,0.7755810478885612,0.11782719206005243,0.1300259145124873,0.2952424241681401,0.5747316613193727,0.2109181148294566,0.5730923051969474,0.2159895799735958,1.40464,0.42219,1.34051,0.99217,1.36155,0.48835,0.22429,0.50699,1.40464,0.42219,1.14375,0.26089000000000007,0.33977,0.08242,4.534343150018952e-05,4.5391647122736134e-05,6000
