z_x1,z_x2,z_note,x_x1,x_x2,x_note,"p(y=0|x,D)","p(y=1|x,D)","p(y=2|x,D)","p(u=0|z,D)","p(u=1|z,D)","p(u=2|z,D)","p(y=0|x,u=0,z,D)","p(y=1|x,u=0,z,D)","p(y=2|x,u=0,z,D)","p(y=0|x,u=1,z,D)","p(y=1|x,u=1,z,D)","p(y=2|x,u=1,z,D)","p(y=0|x,u=2,z,D)","p(y=1|x,u=2,z,D)","p(y=2|x,u=2,z,D)","p(y=0|x,z,D)","p(y=1|x,z,D)","p(y=2|x,z,D)","H[p(u|z,D)]","Var[p(u|z,D)]","H[p(y|x,u=0,z,D)]","H[p(y|x,u=1,z,D)]","H[p(y|x,u=2,z,D)]","Var[p(y|x,u=0,z,D)]","Var[p(y|x,u=1,z,D)]","Var[p(y|x,u=2,z,D)]","H[p(y|x,D)]","Var[p(y|x,D)]",Va,Ve,Va_variance,Ve_variance,kl_pyx_pyxz,kl_pyxz_pyx,api_calls
1.4,2.0,x1 = 1.4; x2 = 2.0,1.4,2.0,x1 = 1.4; x2 = 2.0,0.26055609731684026,0.3607943205242928,0.37864958215886696,0.2599816919789404,0.35657862030307963,0.38343968771797987,0.569695988944054,0.19553016675468435,0.23477384430126153,0.19061089200219183,0.56232376225583,0.2470653457419781,0.12996524015020156,0.16897062137743898,0.7010641384723594,0.2659121271015573,0.31613693718910624,0.4179509357093363,1.56603,0.62818,1.41366,1.42117,1.17524,0.6923,0.43449,0.50488,1.56672,0.62526,1.32492,0.2417999999999998,0.52851,0.09675,0.004978234631330229,0.004912564580589807,59050
