z_x1,z_x2,z_note,x_x1,x_x2,x_note,"p(y=0|x,D)","p(y=1|x,D)","p(y=2|x,D)","p(u=0|z,D)","p(u=1|z,D)","p(u=2|z,D)","p(y=0|x,u=0,z,D)","p(y=1|x,u=0,z,D)","p(y=2|x,u=0,z,D)","p(y=0|x,u=1,z,D)","p(y=1|x,u=1,z,D)","p(y=2|x,u=1,z,D)","p(y=0|x,u=2,z,D)","p(y=1|x,u=2,z,D)","p(y=2|x,u=2,z,D)","p(y=0|x,z,D)","p(y=1|x,z,D)","p(y=2|x,z,D)","H[p(u|z,D)]","Var[p(u|z,D)]","H[p(y|x,u=0,z,D)]","H[p(y|x,u=1,z,D)]","H[p(y|x,u=2,z,D)]","Var[p(y|x,u=0,z,D)]","Var[p(y|x,u=1,z,D)]","Var[p(y|x,u=2,z,D)]","H[p(y|x,D)]","Var[p(y|x,D)]",Va,Ve,Va_variance,Ve_variance,kl_pyx_pyxz,kl_pyxz_pyx,api_calls
-2.2,3.0,x1 = -2.2; x2 = 3.0,-2.2,3.0,x1 = -2.2; x2 = 3.0,0.3778630992636702,0.18045530075703967,0.4416815999792901,0.3778630992636702,0.18045530075703967,0.4416815999792901,0.8045378735554107,0.05823885232380077,0.1372232741207885,0.17251204148089982,0.6452934395481202,0.1821945189709799,0.08240077382963298,0.061136375510773555,0.8564628506595934,0.3715307923309009,0.16545574709936434,0.46301346056973464,1.49703,0.81547,0.88453,1.29272,0.73468,0.49645,0.35461,0.33969,1.49703,0.81547,0.892,0.6050300000000001,0.40162,0.41385000000000005,0.0012130207644607642,0.001201804871906742,75550
