z_x1,z_x2,z_note,x_x1,x_x2,x_note,"p(y=0|x,D)","p(y=1|x,D)","p(y=2|x,D)","p(u=0|z,D)","p(u=1|z,D)","p(u=2|z,D)","p(y=0|x,u=0,z,D)","p(y=1|x,u=0,z,D)","p(y=2|x,u=0,z,D)","p(y=0|x,u=1,z,D)","p(y=1|x,u=1,z,D)","p(y=2|x,u=1,z,D)","p(y=0|x,u=2,z,D)","p(y=1|x,u=2,z,D)","p(y=2|x,u=2,z,D)","p(y=0|x,z,D)","p(y=1|x,z,D)","p(y=2|x,z,D)","H[p(u|z,D)]","Var[p(u|z,D)]","H[p(y|x,u=0,z,D)]","H[p(y|x,u=1,z,D)]","H[p(y|x,u=2,z,D)]","Var[p(y|x,u=0,z,D)]","Var[p(y|x,u=1,z,D)]","Var[p(y|x,u=2,z,D)]","H[p(y|x,D)]","Var[p(y|x,D)]",Va,Ve,Va_variance,Ve_variance,kl_pyx_pyxz,kl_pyxz_pyx,api_calls
-1.9,-3.7,x1 = -1.9; x2 = -3.7,-1.9,-3.7,x1 = -1.9; x2 = -3.7,0.16229510313816742,0.15614379627776104,0.5815611005840716,0.16229510313816742,0.15614379627776104,0.5815611005840716,0.7377989252674568,0.0886676199981749,0.1735334547343682,0.12345837091159888,0.7056567268003021,0.17088490228809886,0.061169902641835625,0.06501571203397084,0.8738143853241935,0.17459244729092238,0.16238484976989084,0.5630227029391868,1.29885,0.74193,1.07208,1.16307,0.67298,0.59294,0.29209,0.27459,1.29885,0.74193,0.74698,0.5518700000000001,0.30153,0.44039999999999996,0.0008670282298364612,0.0008763157737985798,4200
