z_x1,z_x2,z_note,x_x1,x_x2,x_note,"p(y=0|x,D)","p(y=1|x,D)","p(y=2|x,D)","p(u=0|z,D)","p(u=1|z,D)","p(u=2|z,D)","p(y=0|x,u=0,z,D)","p(y=1|x,u=0,z,D)","p(y=2|x,u=0,z,D)","p(y=0|x,u=1,z,D)","p(y=1|x,u=1,z,D)","p(y=2|x,u=1,z,D)","p(y=0|x,u=2,z,D)","p(y=1|x,u=2,z,D)","p(y=2|x,u=2,z,D)","p(y=0|x,z,D)","p(y=1|x,z,D)","p(y=2|x,z,D)","H[p(u|z,D)]","Var[p(u|z,D)]","H[p(y|x,u=0,z,D)]","H[p(y|x,u=1,z,D)]","H[p(y|x,u=2,z,D)]","Var[p(y|x,u=0,z,D)]","Var[p(y|x,u=1,z,D)]","Var[p(y|x,u=2,z,D)]","H[p(y|x,D)]","Var[p(y|x,D)]",Va,Ve,Va_variance,Ve_variance,kl_pyx_pyxz,kl_pyxz_pyx,api_calls
-2.7,-3.0,x1 = -2.7; x2 = -3.0,-2.7,-3.0,x1 = -2.7; x2 = -3.0,0.10627916835512481,0.07984687421432625,0.713873957430549,0.10627916835512481,0.07984687421432625,0.713873957430549,0.6787233656867402,0.06322176402191323,0.25805487029134666,0.12545821196367266,0.6104640765803475,0.26407771145597986,0.052027477998376134,0.051470084804926784,0.8965024371966971,0.11929266253202725,0.09220595796624778,0.6885013795017252,0.98201,0.6625,1.13562,1.31766,0.58348,0.75982,0.37032,0.23539,0.98201,0.6625,0.64243,0.3395800000000001,0.27836,0.38414,0.002067004853461677,0.0021330467744758268,52550
