z_x1,z_x2,z_note,x_x1,x_x2,x_note,"p(y=0|x,D)","p(y=1|x,D)","p(y=2|x,D)","p(u=0|z,D)","p(u=1|z,D)","p(u=2|z,D)","p(y=0|x,u=0,z,D)","p(y=1|x,u=0,z,D)","p(y=2|x,u=0,z,D)","p(y=0|x,u=1,z,D)","p(y=1|x,u=1,z,D)","p(y=2|x,u=1,z,D)","p(y=0|x,u=2,z,D)","p(y=1|x,u=2,z,D)","p(y=2|x,u=2,z,D)","p(y=0|x,z,D)","p(y=1|x,z,D)","p(y=2|x,z,D)","H[p(u|z,D)]","Var[p(u|z,D)]","H[p(y|x,u=0,z,D)]","H[p(y|x,u=1,z,D)]","H[p(y|x,u=2,z,D)]","Var[p(y|x,u=0,z,D)]","Var[p(y|x,u=1,z,D)]","Var[p(y|x,u=2,z,D)]","H[p(y|x,D)]","Var[p(y|x,D)]",Va,Ve,Va_variance,Ve_variance,kl_pyx_pyxz,kl_pyxz_pyx,api_calls
2.7,1.6,x1 = 2.7; x2 = 1.6,2.7,1.6,x1 = 2.7; x2 = 1.6,0.32423113866846875,0.4289334072044251,0.24683545412710606,0.32423113866846875,0.4289334072044251,0.24683545412710606,0.7730809341480656,0.13438466119109974,0.09253440466083472,0.1517088322398802,0.7466387618678159,0.10165240589230402,0.1178984234559308,0.13553264896586886,0.7465689275782005,0.3448314087719817,0.3972842627529622,0.25788432847505616,1.54885,0.56508,0.99392,1.06274,1.06922,0.40247,0.25086,0.46924,1.54885,0.56508,1.04203,0.50682,0.35392,0.21116000000000001,0.0020965509593465596,0.0020821211502536335,30850
