z_x1,z_x2,z_note,x_x1,x_x2,x_note,"p(y=0|x,D)","p(y=1|x,D)","p(y=2|x,D)","p(u=0|z,D)","p(u=1|z,D)","p(u=2|z,D)","p(y=0|x,u=0,z,D)","p(y=1|x,u=0,z,D)","p(y=2|x,u=0,z,D)","p(y=0|x,u=1,z,D)","p(y=1|x,u=1,z,D)","p(y=2|x,u=1,z,D)","p(y=0|x,u=2,z,D)","p(y=1|x,u=2,z,D)","p(y=2|x,u=2,z,D)","p(y=0|x,z,D)","p(y=1|x,z,D)","p(y=2|x,z,D)","H[p(u|z,D)]","Var[p(u|z,D)]","H[p(y|x,u=0,z,D)]","H[p(y|x,u=1,z,D)]","H[p(y|x,u=2,z,D)]","Var[p(y|x,u=0,z,D)]","Var[p(y|x,u=1,z,D)]","Var[p(y|x,u=2,z,D)]","H[p(y|x,D)]","Var[p(y|x,D)]",Va,Ve,Va_variance,Ve_variance,kl_pyx_pyxz,kl_pyxz_pyx,api_calls
2.9,0.3,x1 = 2.9; x2 = 0.3,2.9,0.3,x1 = 2.9; x2 = 0.3,0.5167162879117906,0.3217992593170916,0.16148445277111792,0.5167162879117906,0.3217992593170916,0.16148445277111792,0.8473447061672182,0.08211309704021302,0.0705421967925688,0.20631916508619694,0.7076213975411322,0.08605943737267087,0.2269956076669981,0.11060645361121098,0.6623979387217909,0.5408864271456434,0.2880024389315815,0.1711111339227752,1.44338,0.55201,0.76847,1.12739,1.23056,0.31446,0.27792,0.69982,1.44338,0.55201,0.95859,0.48479000000000005,0.36493,0.18708000000000002,0.0027339865580550144,0.0026784481192512945,38200
