z_x1,z_x2,z_note,x_x1,x_x2,x_note,"p(y=0|x,D)","p(y=1|x,D)","p(y=2|x,D)","p(u=0|z,D)","p(u=1|z,D)","p(u=2|z,D)","p(y=0|x,u=0,z,D)","p(y=1|x,u=0,z,D)","p(y=2|x,u=0,z,D)","p(y=0|x,u=1,z,D)","p(y=1|x,u=1,z,D)","p(y=2|x,u=1,z,D)","p(y=0|x,u=2,z,D)","p(y=1|x,u=2,z,D)","p(y=2|x,u=2,z,D)","p(y=0|x,z,D)","p(y=1|x,z,D)","p(y=2|x,z,D)","H[p(u|z,D)]","Var[p(u|z,D)]","H[p(y|x,u=0,z,D)]","H[p(y|x,u=1,z,D)]","H[p(y|x,u=2,z,D)]","Var[p(y|x,u=0,z,D)]","Var[p(y|x,u=1,z,D)]","Var[p(y|x,u=2,z,D)]","H[p(y|x,D)]","Var[p(y|x,D)]",Va,Ve,Va_variance,Ve_variance,kl_pyx_pyxz,kl_pyxz_pyx,api_calls
-0.2,2.8,x1 = -0.2; x2 = 2.8,-0.2,2.8,x1 = -0.2; x2 = 2.8,0.3972735865444493,0.22426736472688374,0.3784590487286669,0.3972735865444493,0.22426736472688374,0.3784590487286669,0.7202331791157638,0.10651146118451835,0.17325535969971784,0.20080661090935142,0.6071667218004932,0.19202666729015544,0.14223213472863566,0.09107496030939427,0.76669290496197,0.3849930260720542,0.2129500136826155,0.40205696024533016,1.54329,0.77538,1.1233,1.3593,1.00888,0.5943,0.39276,0.51897,1.54329,0.77538,1.13292,0.4103700000000001,0.52059,0.25478999999999996,0.001195833123210463,0.001203145910703432,75450
