z_x1,z_x2,z_note,x_x1,x_x2,x_note,"p(y=0|x,D)","p(y=1|x,D)","p(y=2|x,D)","p(u=0|z,D)","p(u=1|z,D)","p(u=2|z,D)","p(y=0|x,u=0,z,D)","p(y=1|x,u=0,z,D)","p(y=2|x,u=0,z,D)","p(y=0|x,u=1,z,D)","p(y=1|x,u=1,z,D)","p(y=2|x,u=1,z,D)","p(y=0|x,u=2,z,D)","p(y=1|x,u=2,z,D)","p(y=2|x,u=2,z,D)","p(y=0|x,z,D)","p(y=1|x,z,D)","p(y=2|x,z,D)","H[p(u|z,D)]","Var[p(u|z,D)]","H[p(y|x,u=0,z,D)]","H[p(y|x,u=1,z,D)]","H[p(y|x,u=2,z,D)]","Var[p(y|x,u=0,z,D)]","Var[p(y|x,u=1,z,D)]","Var[p(y|x,u=2,z,D)]","H[p(y|x,D)]","Var[p(y|x,D)]",Va,Ve,Va_variance,Ve_variance,kl_pyx_pyxz,kl_pyxz_pyx,api_calls
-1.4,0.2,x1 = -1.4; x2 = 0.2,-1.4,0.2,x1 = -1.4; x2 = 0.2,0.16078922259953612,0.3521271372694184,0.4870836401310454,0.16078922259953612,0.3521271372694184,0.4870836401310454,0.5605407023506886,0.20971757180376405,0.2297417258455472,0.10861776351941273,0.6520144571897564,0.23936777929083095,0.10120769220711287,0.18990322151154065,0.7088890862813466,0.17767277702056566,0.35581106201074575,0.46651616096868864,1.45968,0.5414,1.4282,1.24392,1.14146,0.68085,0.33089,0.44082,1.45968,0.5414,1.22364,0.23604000000000003,0.4407,0.10070000000000001,0.0012948803650199223,0.0013166163644940491,26150
