z_x1,z_x2,z_note,x_x1,x_x2,x_note,"p(y=0|x,D)","p(y=1|x,D)","p(y=2|x,D)","p(u=0|z,D)","p(u=1|z,D)","p(u=2|z,D)","p(y=0|x,u=0,z,D)","p(y=1|x,u=0,z,D)","p(y=2|x,u=0,z,D)","p(y=0|x,u=1,z,D)","p(y=1|x,u=1,z,D)","p(y=2|x,u=1,z,D)","p(y=0|x,u=2,z,D)","p(y=1|x,u=2,z,D)","p(y=2|x,u=2,z,D)","p(y=0|x,z,D)","p(y=1|x,z,D)","p(y=2|x,z,D)","H[p(u|z,D)]","Var[p(u|z,D)]","H[p(y|x,u=0,z,D)]","H[p(y|x,u=1,z,D)]","H[p(y|x,u=2,z,D)]","Var[p(y|x,u=0,z,D)]","Var[p(y|x,u=1,z,D)]","Var[p(y|x,u=2,z,D)]","H[p(y|x,D)]","Var[p(y|x,D)]",Va,Ve,Va_variance,Ve_variance,kl_pyx_pyxz,kl_pyxz_pyx,api_calls
0.6,-2.4,x1 = 0.6; x2 = -2.4,0.6,-2.4,x1 = 0.6; x2 = -2.4,0.5807099568838495,0.2918402949525109,0.12744974816363938,0.5807099568838495,0.2918402949525109,0.12744974816363938,0.7359411513252584,0.1914311159764335,0.07262773269830804,0.2007089915675231,0.7097583347386129,0.08953267369386403,0.17867637483386098,0.18253136116893917,0.6387922639971999,0.508715584529196,0.34156561287296927,0.14971880259783457,1.35265,0.50271,1.05689,1.12776,1.30486,0.36858,0.27788,0.60576,1.35265,0.50271,1.10918,0.24346999999999985,0.37234,0.13036999999999999,0.01042390206759277,0.01051501375480865,24850
