z_x1,z_x2,z_note,x_x1,x_x2,x_note,"p(y=0|x,D)","p(y=1|x,D)","p(y=2|x,D)","p(u=0|z,D)","p(u=1|z,D)","p(u=2|z,D)","p(y=0|x,u=0,z,D)","p(y=1|x,u=0,z,D)","p(y=2|x,u=0,z,D)","p(y=0|x,u=1,z,D)","p(y=1|x,u=1,z,D)","p(y=2|x,u=1,z,D)","p(y=0|x,u=2,z,D)","p(y=1|x,u=2,z,D)","p(y=2|x,u=2,z,D)","p(y=0|x,z,D)","p(y=1|x,z,D)","p(y=2|x,z,D)","H[p(u|z,D)]","Var[p(u|z,D)]","H[p(y|x,u=0,z,D)]","H[p(y|x,u=1,z,D)]","H[p(y|x,u=2,z,D)]","Var[p(y|x,u=0,z,D)]","Var[p(y|x,u=1,z,D)]","Var[p(y|x,u=2,z,D)]","H[p(y|x,D)]","Var[p(y|x,D)]",Va,Ve,Va_variance,Ve_variance,kl_pyx_pyxz,kl_pyxz_pyx,api_calls
0.7,-0.9,x1 = 0.7; x2 = -0.9,0.7,-0.9,x1 = 0.7; x2 = -0.9,0.3883335239442968,0.28699799157530476,0.3246684844803983,0.3883335239442968,0.28699799157530476,0.3246684844803983,0.7150444395549962,0.15042157454097488,0.13453398590402896,0.17282100528438255,0.6609718599246671,0.1662071347909504,0.1790198020415944,0.17241491344110776,0.6485652845172979,0.3853970962286347,0.30408902505366314,0.3105138787177021,1.57371,0.70895,1.14643,1.26282,1.28669,0.51259,0.33898,0.60711,1.57371,0.70895,1.22537,0.34833999999999987,0.49345,0.21549999999999997,0.000818532497274746,0.0008233476606830763,29600
