z_x1,z_x2,z_note,x_x1,x_x2,x_note,"p(y=0|x,D)","p(y=1|x,D)","p(y=2|x,D)","p(u=0|z,D)","p(u=1|z,D)","p(u=2|z,D)","p(y=0|x,u=0,z,D)","p(y=1|x,u=0,z,D)","p(y=2|x,u=0,z,D)","p(y=0|x,u=1,z,D)","p(y=1|x,u=1,z,D)","p(y=2|x,u=1,z,D)","p(y=0|x,u=2,z,D)","p(y=1|x,u=2,z,D)","p(y=2|x,u=2,z,D)","p(y=0|x,z,D)","p(y=1|x,z,D)","p(y=2|x,z,D)","H[p(u|z,D)]","Var[p(u|z,D)]","H[p(y|x,u=0,z,D)]","H[p(y|x,u=1,z,D)]","H[p(y|x,u=2,z,D)]","Var[p(y|x,u=0,z,D)]","Var[p(y|x,u=1,z,D)]","Var[p(y|x,u=2,z,D)]","H[p(y|x,D)]","Var[p(y|x,D)]",Va,Ve,Va_variance,Ve_variance,kl_pyx_pyxz,kl_pyxz_pyx,api_calls
-3.3,-3.8,x1 = -3.3; x2 = -3.8,-3.3,-3.8,x1 = -3.3; x2 = -3.8,0.19084957000173336,0.12085907765262091,0.5882913523456457,0.19084957000173336,0.12085907765262091,0.5882913523456457,0.7964525939047403,0.05769812138122869,0.1458492847140309,0.1183911078160879,0.6831246875663745,0.19848420461753766,0.0628718115269234,0.056223133243508805,0.8809050552295679,0.20329821819400354,0.1266490644054554,0.570052717400541,1.27476,0.79067,0.90404,1.20306,0.64558,0.51902,0.31046,0.2746,1.27476,0.79067,0.69773,0.5770299999999999,0.29812,0.49255,0.0008122840139080725,0.0008196656883183509,28150
