z_x1,z_x2,z_note,x_x1,x_x2,x_note,"p(y=0|x,D)","p(y=1|x,D)","p(y=2|x,D)","p(u=0|z,D)","p(u=1|z,D)","p(u=2|z,D)","p(y=0|x,u=0,z,D)","p(y=1|x,u=0,z,D)","p(y=2|x,u=0,z,D)","p(y=0|x,u=1,z,D)","p(y=1|x,u=1,z,D)","p(y=2|x,u=1,z,D)","p(y=0|x,u=2,z,D)","p(y=1|x,u=2,z,D)","p(y=2|x,u=2,z,D)","p(y=0|x,z,D)","p(y=1|x,z,D)","p(y=2|x,z,D)","H[p(u|z,D)]","Var[p(u|z,D)]","H[p(y|x,u=0,z,D)]","H[p(y|x,u=1,z,D)]","H[p(y|x,u=2,z,D)]","Var[p(y|x,u=0,z,D)]","Var[p(y|x,u=1,z,D)]","Var[p(y|x,u=2,z,D)]","H[p(y|x,D)]","Var[p(y|x,D)]",Va,Ve,Va_variance,Ve_variance,kl_pyx_pyxz,kl_pyxz_pyx,api_calls
1.8,-0.7,x1 = 1.8; x2 = -0.7,1.8,-0.7,x1 = 1.8; x2 = -0.7,0.30767986579673967,0.2522920007550641,0.4400281334481962,0.30767986579673967,0.2522920007550641,0.4400281334481962,0.6600291579735537,0.1356128818973475,0.20435796012909885,0.16898431662262714,0.6031578699422433,0.2278578134351296,0.15328853402633677,0.1439279029798522,0.702783562993811,0.3131623415908072,0.2572295855807137,0.429608072828479,1.54561,0.73019,1.25466,1.35959,1.17487,0.65675,0.39338,0.55413,1.54561,0.73019,1.24602,0.29959,0.54515,0.18503999999999998,0.00022132692358169115,0.00022092366693069083,73700
