z_x1,z_x2,z_note,x_x1,x_x2,x_note,"p(y=0|x,D)","p(y=1|x,D)","p(y=2|x,D)","p(u=0|z,D)","p(u=1|z,D)","p(u=2|z,D)","p(y=0|x,u=0,z,D)","p(y=1|x,u=0,z,D)","p(y=2|x,u=0,z,D)","p(y=0|x,u=1,z,D)","p(y=1|x,u=1,z,D)","p(y=2|x,u=1,z,D)","p(y=0|x,u=2,z,D)","p(y=1|x,u=2,z,D)","p(y=2|x,u=2,z,D)","p(y=0|x,z,D)","p(y=1|x,z,D)","p(y=2|x,z,D)","H[p(u|z,D)]","Var[p(u|z,D)]","H[p(y|x,u=0,z,D)]","H[p(y|x,u=1,z,D)]","H[p(y|x,u=2,z,D)]","Var[p(y|x,u=0,z,D)]","Var[p(y|x,u=1,z,D)]","Var[p(y|x,u=2,z,D)]","H[p(y|x,D)]","Var[p(y|x,D)]",Va,Ve,Va_variance,Ve_variance,kl_pyx_pyxz,kl_pyxz_pyx,api_calls
-0.8,3.7,x1 = -0.8; x2 = 3.7,-0.8,3.7,x1 = -0.8; x2 = 3.7,0.39181651466876,0.24598582897215743,0.3621976563590826,0.39181651466876,0.24598582897215743,0.3621976563590826,0.8300536059557707,0.0827202648833145,0.08722612916091477,0.1344587753518576,0.7399314548410465,0.12560976980709598,0.06808950448738484,0.07012828293222376,0.8617822125803913,0.38296552313931614,0.2398241179032443,0.3772103589574395,1.55803,0.75314,0.82744,1.0867,0.71775,0.36549,0.25999,0.29992,1.55803,0.75314,0.85148,0.70655,0.31579,0.43735,0.0004827793026333776,0.0004854752073706198,51900
