z_x1,z_x2,z_note,x_x1,x_x2,x_note,"p(y=0|x,D)","p(y=1|x,D)","p(y=2|x,D)","p(u=0|z,D)","p(u=1|z,D)","p(u=2|z,D)","p(y=0|x,u=0,z,D)","p(y=1|x,u=0,z,D)","p(y=2|x,u=0,z,D)","p(y=0|x,u=1,z,D)","p(y=1|x,u=1,z,D)","p(y=2|x,u=1,z,D)","p(y=0|x,u=2,z,D)","p(y=1|x,u=2,z,D)","p(y=2|x,u=2,z,D)","p(y=0|x,z,D)","p(y=1|x,z,D)","p(y=2|x,z,D)","H[p(u|z,D)]","Var[p(u|z,D)]","H[p(y|x,u=0,z,D)]","H[p(y|x,u=1,z,D)]","H[p(y|x,u=2,z,D)]","Var[p(y|x,u=0,z,D)]","Var[p(y|x,u=1,z,D)]","Var[p(y|x,u=2,z,D)]","H[p(y|x,D)]","Var[p(y|x,D)]",Va,Ve,Va_variance,Ve_variance,kl_pyx_pyxz,kl_pyxz_pyx,api_calls
-1.4,-0.2,x1 = -1.4; x2 = -0.2,-1.4,-0.2,x1 = -1.4; x2 = -0.2,0.2808394157543469,0.35642296908596693,0.36273761515968617,0.2808394157543469,0.35642296908596693,0.36273761515968617,0.6082919672360844,0.19454779497236063,0.1971602377915549,0.162075796053185,0.6157702632871929,0.2221539406596221,0.16015354989332137,0.20199933190229635,0.6378471182043822,0.28669361388055326,0.347384110510092,0.36592227560935464,1.57571,0.63687,1.35759,1.3384,1.30311,0.63642,0.38062,0.56981,1.57571,0.63687,1.33099,0.24472000000000005,0.52109,0.11578,0.00019066782445200693,0.00019012967766515168,25950
