z_x1,z_x2,z_note,x_x1,x_x2,x_note,"p(y=0|x,D)","p(y=1|x,D)","p(y=2|x,D)","p(u=0|z,D)","p(u=1|z,D)","p(u=2|z,D)","p(y=0|x,u=0,z,D)","p(y=1|x,u=0,z,D)","p(y=2|x,u=0,z,D)","p(y=0|x,u=1,z,D)","p(y=1|x,u=1,z,D)","p(y=2|x,u=1,z,D)","p(y=0|x,u=2,z,D)","p(y=1|x,u=2,z,D)","p(y=2|x,u=2,z,D)","p(y=0|x,z,D)","p(y=1|x,z,D)","p(y=2|x,z,D)","H[p(u|z,D)]","Var[p(u|z,D)]","H[p(y|x,u=0,z,D)]","H[p(y|x,u=1,z,D)]","H[p(y|x,u=2,z,D)]","Var[p(y|x,u=0,z,D)]","Var[p(y|x,u=1,z,D)]","Var[p(y|x,u=2,z,D)]","H[p(y|x,D)]","Var[p(y|x,D)]",Va,Ve,Va_variance,Ve_variance,kl_pyx_pyxz,kl_pyxz_pyx,api_calls
-1.4,3.1,x1 = -1.4; x2 = 3.1,-1.4,3.1,x1 = -1.4; x2 = 3.1,0.33122980465370894,0.24944288594937838,0.41932730939691265,0.33122980465370894,0.24944288594937838,0.41932730939691265,0.7431906761096553,0.10234364526233093,0.15446567862801389,0.1579262199025145,0.671762824853431,0.17031095524405454,0.08283989565603679,0.0840893269212079,0.8330707774227554,0.32029750508398525,0.23672667453960447,0.4429758203764103,1.55347,0.7428,1.07102,1.24102,0.81755,0.55106,0.32808,0.35306,1.55347,0.7428,1.00714,0.54633,0.41241,0.33039,0.001162850363880693,0.001166858967317358,27600
