z_x1,z_x2,z_note,x_x1,x_x2,x_note,"p(y=0|x,D)","p(y=1|x,D)","p(y=2|x,D)","p(u=0|z,D)","p(u=1|z,D)","p(u=2|z,D)","p(y=0|x,u=0,z,D)","p(y=1|x,u=0,z,D)","p(y=2|x,u=0,z,D)","p(y=0|x,u=1,z,D)","p(y=1|x,u=1,z,D)","p(y=2|x,u=1,z,D)","p(y=0|x,u=2,z,D)","p(y=1|x,u=2,z,D)","p(y=2|x,u=2,z,D)","p(y=0|x,z,D)","p(y=1|x,z,D)","p(y=2|x,z,D)","H[p(u|z,D)]","Var[p(u|z,D)]","H[p(y|x,u=0,z,D)]","H[p(y|x,u=1,z,D)]","H[p(y|x,u=2,z,D)]","Var[p(y|x,u=0,z,D)]","Var[p(y|x,u=1,z,D)]","Var[p(y|x,u=2,z,D)]","H[p(y|x,D)]","Var[p(y|x,D)]",Va,Ve,Va_variance,Ve_variance,kl_pyx_pyxz,kl_pyxz_pyx,api_calls
-2.7,-2.2,x1 = -2.7; x2 = -2.2,-2.7,-2.2,x1 = -2.7; x2 = -2.2,0.09936742865461531,0.07851398326020487,0.8221185880851799,0.09936742865461531,0.07851398326020487,0.8221185880851799,0.43733652998640354,0.07750895494946752,0.48515451506412904,0.13959849473910638,0.3716619281556556,0.4887395771052381,0.07182642938647746,0.05955758770228573,0.8686159829112368,0.11346728303498771,0.08584592386826603,0.8006867930967463,0.85153,0.39912,1.31404,1.43206,0.69178,0.9202,0.50644,0.30557,0.85153,0.39912,0.81173,0.03980000000000006,0.38242,0.016699999999999993,0.0015214977649147636,0.0015701071303512483,52950
