z_x1,z_x2,z_note,x_x1,x_x2,x_note,"p(y=0|x,D)","p(y=1|x,D)","p(y=2|x,D)","p(u=0|z,D)","p(u=1|z,D)","p(u=2|z,D)","p(y=0|x,u=0,z,D)","p(y=1|x,u=0,z,D)","p(y=2|x,u=0,z,D)","p(y=0|x,u=1,z,D)","p(y=1|x,u=1,z,D)","p(y=2|x,u=1,z,D)","p(y=0|x,u=2,z,D)","p(y=1|x,u=2,z,D)","p(y=2|x,u=2,z,D)","p(y=0|x,z,D)","p(y=1|x,z,D)","p(y=2|x,z,D)","H[p(u|z,D)]","Var[p(u|z,D)]","H[p(y|x,u=0,z,D)]","H[p(y|x,u=1,z,D)]","H[p(y|x,u=2,z,D)]","Var[p(y|x,u=0,z,D)]","Var[p(y|x,u=1,z,D)]","Var[p(y|x,u=2,z,D)]","H[p(y|x,D)]","Var[p(y|x,D)]",Va,Ve,Va_variance,Ve_variance,kl_pyx_pyxz,kl_pyxz_pyx,api_calls
-2.7,-1.2,x1 = -2.7; x2 = -1.2,-2.7,-1.2,x1 = -2.7; x2 = -1.2,0.1662329815309129,0.09784832296511763,0.7359186955039694,0.1662329815309129,0.09784832296511763,0.7359186955039694,0.5111890207942865,0.08805714110671739,0.400753838098996,0.19649847267333503,0.4117763093991414,0.3917252179275235,0.1117694832411245,0.07245944597230516,0.8157710707865704,0.186456773372756,0.1082538833796085,0.7052893432476355,1.084,0.57761,1.33222,1.51801,0.86737,0.89975,0.55011,0.43192,1.084,0.57761,1.00831,0.07569000000000004,0.52125,0.056359999999999966,0.0023113329748503664,0.0023642359844289543,53450
