z_x1,z_x2,z_note,x_x1,x_x2,x_note,"p(y=0|x,D)","p(y=1|x,D)","p(y=2|x,D)","p(u=0|z,D)","p(u=1|z,D)","p(u=2|z,D)","p(y=0|x,u=0,z,D)","p(y=1|x,u=0,z,D)","p(y=2|x,u=0,z,D)","p(y=0|x,u=1,z,D)","p(y=1|x,u=1,z,D)","p(y=2|x,u=1,z,D)","p(y=0|x,u=2,z,D)","p(y=1|x,u=2,z,D)","p(y=2|x,u=2,z,D)","p(y=0|x,z,D)","p(y=1|x,z,D)","p(y=2|x,z,D)","H[p(u|z,D)]","Var[p(u|z,D)]","H[p(y|x,u=0,z,D)]","H[p(y|x,u=1,z,D)]","H[p(y|x,u=2,z,D)]","Var[p(y|x,u=0,z,D)]","Var[p(y|x,u=1,z,D)]","Var[p(y|x,u=2,z,D)]","H[p(y|x,D)]","Var[p(y|x,D)]",Va,Ve,Va_variance,Ve_variance,kl_pyx_pyxz,kl_pyxz_pyx,api_calls
-2.1,2.6,x1 = -2.1; x2 = 2.6,-2.1,2.6,x1 = -2.1; x2 = 2.6,0.28193300270675453,0.1755047232790647,0.5425622740141808,0.28193300270675453,0.1755047232790647,0.5425622740141808,0.7197349135314044,0.08461198346311712,0.1956531030054785,0.17677475359119058,0.598876674841463,0.22434857156734642,0.09953773864171553,0.07589786130702751,0.824564400051257,0.2879472513642203,0.170139911882622,0.5419128367531577,1.43418,0.75657,1.10345,1.36865,0.84312,0.64073,0.39886,0.39844,1.43418,0.75657,1.00875,0.42543,0.46682,0.28974999999999995,0.0001473453495421835,0.00014693005210233284,79350
