z_x1,z_x2,z_note,x_x1,x_x2,x_note,"p(y=0|x,D)","p(y=1|x,D)","p(y=2|x,D)","p(u=0|z,D)","p(u=1|z,D)","p(u=2|z,D)","p(y=0|x,u=0,z,D)","p(y=1|x,u=0,z,D)","p(y=2|x,u=0,z,D)","p(y=0|x,u=1,z,D)","p(y=1|x,u=1,z,D)","p(y=2|x,u=1,z,D)","p(y=0|x,u=2,z,D)","p(y=1|x,u=2,z,D)","p(y=2|x,u=2,z,D)","p(y=0|x,z,D)","p(y=1|x,z,D)","p(y=2|x,z,D)","H[p(u|z,D)]","Var[p(u|z,D)]","H[p(y|x,u=0,z,D)]","H[p(y|x,u=1,z,D)]","H[p(y|x,u=2,z,D)]","Var[p(y|x,u=0,z,D)]","Var[p(y|x,u=1,z,D)]","Var[p(y|x,u=2,z,D)]","H[p(y|x,D)]","Var[p(y|x,D)]",Va,Ve,Va_variance,Ve_variance,kl_pyx_pyxz,kl_pyxz_pyx,api_calls
-3.4,-0.8,x1 = -3.4; x2 = -0.8,-3.4,-0.8,x1 = -3.4; x2 = -0.8,0.15518179434479676,0.10384309693742513,0.6409751087177782,0.15518179434479676,0.10384309693742513,0.6409751087177782,0.8007501673397821,0.06839966008579927,0.13085017257441875,0.13072986165608166,0.6954018088056537,0.1738683295382649,0.06987817069540123,0.06405252383579993,0.8660693054687989,0.18262740954473658,0.12388313285625473,0.5934894575990088,1.16772,0.74732,0.90531,1.18702,0.70187,0.48283,0.30274,0.30203,1.16772,0.74732,0.71363,0.4540900000000001,0.29996,0.44736,0.005741231638697761,0.005919550142253746,25650
