z_x1,z_x2,z_note,x_x1,x_x2,x_note,"p(y=0|x,D)","p(y=1|x,D)","p(y=2|x,D)","p(u=0|z,D)","p(u=1|z,D)","p(u=2|z,D)","p(y=0|x,u=0,z,D)","p(y=1|x,u=0,z,D)","p(y=2|x,u=0,z,D)","p(y=0|x,u=1,z,D)","p(y=1|x,u=1,z,D)","p(y=2|x,u=1,z,D)","p(y=0|x,u=2,z,D)","p(y=1|x,u=2,z,D)","p(y=2|x,u=2,z,D)","p(y=0|x,z,D)","p(y=1|x,z,D)","p(y=2|x,z,D)","H[p(u|z,D)]","Var[p(u|z,D)]","H[p(y|x,u=0,z,D)]","H[p(y|x,u=1,z,D)]","H[p(y|x,u=2,z,D)]","Var[p(y|x,u=0,z,D)]","Var[p(y|x,u=1,z,D)]","Var[p(y|x,u=2,z,D)]","H[p(y|x,D)]","Var[p(y|x,D)]",Va,Ve,Va_variance,Ve_variance,kl_pyx_pyxz,kl_pyxz_pyx,api_calls
-0.1,-3.1,x1 = -0.1; x2 = -3.1,-0.1,-3.1,x1 = -0.1; x2 = -3.1,0.21438483628588195,0.27407655169920725,0.4115386120149108,0.21438483628588195,0.27407655169920725,0.4115386120149108,0.7602010241539973,0.1242402796525639,0.11555869619343892,0.09712330980692717,0.7528172544505715,0.15005943574250138,0.06260178127100069,0.10241343380952936,0.8349847849194699,0.21535784412303954,0.2751118715745591,0.40953028430240146,1.51524,0.71648,1.03428,1.04572,0.80419,0.4602,0.24438,0.30101,1.51524,0.71648,0.8393,0.6759399999999999,0.28952,0.42696,9.068299911684126e-06,9.06606784684431e-06,76500
