z_x1,z_x2,z_note,x_x1,x_x2,x_note,"p(y=0|x,D)","p(y=1|x,D)","p(y=2|x,D)","p(u=0|z,D)","p(u=1|z,D)","p(u=2|z,D)","p(y=0|x,u=0,z,D)","p(y=1|x,u=0,z,D)","p(y=2|x,u=0,z,D)","p(y=0|x,u=1,z,D)","p(y=1|x,u=1,z,D)","p(y=2|x,u=1,z,D)","p(y=0|x,u=2,z,D)","p(y=1|x,u=2,z,D)","p(y=2|x,u=2,z,D)","p(y=0|x,z,D)","p(y=1|x,z,D)","p(y=2|x,z,D)","H[p(u|z,D)]","Var[p(u|z,D)]","H[p(y|x,u=0,z,D)]","H[p(y|x,u=1,z,D)]","H[p(y|x,u=2,z,D)]","Var[p(y|x,u=0,z,D)]","Var[p(y|x,u=1,z,D)]","Var[p(y|x,u=2,z,D)]","H[p(y|x,D)]","Var[p(y|x,D)]",Va,Ve,Va_variance,Ve_variance,kl_pyx_pyxz,kl_pyxz_pyx,api_calls
-2.3,1.0,x1 = -2.3; x2 = 1.0,-2.3,1.0,x1 = -2.3; x2 = 1.0,0.13605638188715488,0.10430348532696318,0.7596401327858819,0.13605638188715488,0.10430348532696318,0.7596401327858819,0.4926403459333488,0.10063749540361192,0.4067221586630393,0.13908512125784167,0.4468466170061126,0.4140682617360457,0.06700518928078823,0.06464995491282727,0.8683448558063844,0.13243375682624509,0.1094107334016822,0.7581555097720726,1.03296,0.50684,1.36445,1.44185,0.69358,0.89198,0.47754,0.2932,1.03296,0.50684,0.8629,0.1700600000000001,0.3939,0.11293999999999998,0.000171655466870831,0.0001731599499083102,70550
