z_x1,z_x2,z_note,x_x1,x_x2,x_note,"p(y=0|x,D)","p(y=1|x,D)","p(y=2|x,D)","p(u=0|z,D)","p(u=1|z,D)","p(u=2|z,D)","p(y=0|x,u=0,z,D)","p(y=1|x,u=0,z,D)","p(y=2|x,u=0,z,D)","p(y=0|x,u=1,z,D)","p(y=1|x,u=1,z,D)","p(y=2|x,u=1,z,D)","p(y=0|x,u=2,z,D)","p(y=1|x,u=2,z,D)","p(y=2|x,u=2,z,D)","p(y=0|x,z,D)","p(y=1|x,z,D)","p(y=2|x,z,D)","H[p(u|z,D)]","Var[p(u|z,D)]","H[p(y|x,u=0,z,D)]","H[p(y|x,u=1,z,D)]","H[p(y|x,u=2,z,D)]","Var[p(y|x,u=0,z,D)]","Var[p(y|x,u=1,z,D)]","Var[p(y|x,u=2,z,D)]","H[p(y|x,D)]","Var[p(y|x,D)]",Va,Ve,Va_variance,Ve_variance,kl_pyx_pyxz,kl_pyxz_pyx,api_calls
-0.8,0.5,x1 = -0.8; x2 = 0.5,-0.8,0.5,x1 = -0.8; x2 = 0.5,0.11665604703891089,0.29212262637327513,0.5912213265878139,0.11665604703891089,0.29212262637327513,0.5912213265878139,0.6087206525094128,0.17761827071462388,0.2136610767759634,0.08801815070295077,0.6811972969855097,0.23078455231153966,0.07699257726795403,0.13305494520980726,0.7899524775222387,0.14224269209433382,0.29837831003324927,0.5593789978724168,1.3285,0.48267,1.3545,1.17408,0.9407,0.66631,0.29842,0.35863,1.3285,0.48267,1.05715,0.27135,0.37693,0.10574,0.0034088036262725774,0.003560594518138307,50300
