z_x1,z_x2,z_note,x_x1,x_x2,x_note,"p(y=0|x,D)","p(y=1|x,D)","p(y=2|x,D)","p(u=0|z,D)","p(u=1|z,D)","p(u=2|z,D)","p(y=0|x,u=0,z,D)","p(y=1|x,u=0,z,D)","p(y=2|x,u=0,z,D)","p(y=0|x,u=1,z,D)","p(y=1|x,u=1,z,D)","p(y=2|x,u=1,z,D)","p(y=0|x,u=2,z,D)","p(y=1|x,u=2,z,D)","p(y=2|x,u=2,z,D)","p(y=0|x,z,D)","p(y=1|x,z,D)","p(y=2|x,z,D)","H[p(u|z,D)]","Var[p(u|z,D)]","H[p(y|x,u=0,z,D)]","H[p(y|x,u=1,z,D)]","H[p(y|x,u=2,z,D)]","Var[p(y|x,u=0,z,D)]","Var[p(y|x,u=1,z,D)]","Var[p(y|x,u=2,z,D)]","H[p(y|x,D)]","Var[p(y|x,D)]",Va,Ve,Va_variance,Ve_variance,kl_pyx_pyxz,kl_pyxz_pyx,api_calls
-1.9,1.9,x1 = -1.9; x2 = 1.9,-1.9,1.9,x1 = -1.9; x2 = 1.9,0.22917533272079135,0.20526196815605244,0.5655626991231562,0.22917533272079135,0.20526196815605244,0.5655626991231562,0.6621950396049037,0.11672783278174473,0.22107712761335158,0.1487427038473898,0.615504217287232,0.23575307886537794,0.08613088071160543,0.09436313464692121,0.8195059846414734,0.23100240204118963,0.2064590160928956,0.5625385818659147,1.42105,0.68158,1.23687,1.33132,0.86138,0.68869,0.37692,0.3678,1.42105,0.68158,1.04389,0.37715999999999994,0.44321,0.23836999999999997,1.883557475527509e-05,1.8847033714736953e-05,7000
