z_x1,z_x2,z_note,x_x1,x_x2,x_note,"p(y=0|x,D)","p(y=1|x,D)","p(y=2|x,D)","p(u=0|z,D)","p(u=1|z,D)","p(u=2|z,D)","p(y=0|x,u=0,z,D)","p(y=1|x,u=0,z,D)","p(y=2|x,u=0,z,D)","p(y=0|x,u=1,z,D)","p(y=1|x,u=1,z,D)","p(y=2|x,u=1,z,D)","p(y=0|x,u=2,z,D)","p(y=1|x,u=2,z,D)","p(y=2|x,u=2,z,D)","p(y=0|x,z,D)","p(y=1|x,z,D)","p(y=2|x,z,D)","H[p(u|z,D)]","Var[p(u|z,D)]","H[p(y|x,u=0,z,D)]","H[p(y|x,u=1,z,D)]","H[p(y|x,u=2,z,D)]","Var[p(y|x,u=0,z,D)]","Var[p(y|x,u=1,z,D)]","Var[p(y|x,u=2,z,D)]","H[p(y|x,D)]","Var[p(y|x,D)]",Va,Ve,Va_variance,Ve_variance,kl_pyx_pyxz,kl_pyxz_pyx,api_calls
1.3,1.2,x1 = 1.3; x2 = 1.2,1.3,1.2,x1 = 1.3; x2 = 1.2,0.38089826867165216,0.19905169413148632,0.4200500371968614,0.38089826867165216,0.19905169413148632,0.4200500371968614,0.6549622719417141,0.1275447523176711,0.21749297574061505,0.2501273250168582,0.5089657403005148,0.240906934682627,0.18407162705169705,0.12882980805959315,0.6870985648887097,0.3765815570109854,0.2040070338651558,0.41941140912385877,1.51959,0.79942,1.25748,1.49068,1.20232,0.68108,0.49095,0.61813,1.51959,0.79942,1.28073,0.23886000000000007,0.61679,0.18263000000000007,8.580895208687087e-05,8.621462459482794e-05,54650
