z_x1,z_x2,z_note,x_x1,x_x2,x_note,"p(y=0|x,D)","p(y=1|x,D)","p(y=2|x,D)","p(u=0|z,D)","p(u=1|z,D)","p(u=2|z,D)","p(y=0|x,u=0,z,D)","p(y=1|x,u=0,z,D)","p(y=2|x,u=0,z,D)","p(y=0|x,u=1,z,D)","p(y=1|x,u=1,z,D)","p(y=2|x,u=1,z,D)","p(y=0|x,u=2,z,D)","p(y=1|x,u=2,z,D)","p(y=2|x,u=2,z,D)","p(y=0|x,z,D)","p(y=1|x,z,D)","p(y=2|x,z,D)","H[p(u|z,D)]","Var[p(u|z,D)]","H[p(y|x,u=0,z,D)]","H[p(y|x,u=1,z,D)]","H[p(y|x,u=2,z,D)]","Var[p(y|x,u=0,z,D)]","Var[p(y|x,u=1,z,D)]","Var[p(y|x,u=2,z,D)]","H[p(y|x,D)]","Var[p(y|x,D)]",Va,Ve,Va_variance,Ve_variance,kl_pyx_pyxz,kl_pyxz_pyx,api_calls
0.8,2.5,x1 = 0.8; x2 = 2.5,0.8,2.5,x1 = 0.8; x2 = 2.5,0.3672630299649269,0.2793337041645338,0.3534032658705393,0.3672630299649269,0.2793337041645338,0.3534032658705393,0.7537707517553014,0.10748734643567337,0.13874190180902532,0.1561559694168851,0.6969867058293444,0.1468573247537705,0.10424120153753827,0.09879712522700672,0.7969616732354551,0.35729093661484995,0.26908323354144703,0.37362582984370296,1.57502,0.72047,1.04861,1.18775,0.9309,0.51425,0.30293,0.42134,1.57502,0.72047,1.04588,0.5291400000000002,0.42239,0.29808000000000007,0.0008881179843551676,0.0008949062396326479,35300
