z_x1,z_x2,z_note,x_x1,x_x2,x_note,"p(y=0|x,D)","p(y=1|x,D)","p(y=2|x,D)","p(u=0|z,D)","p(u=1|z,D)","p(u=2|z,D)","p(y=0|x,u=0,z,D)","p(y=1|x,u=0,z,D)","p(y=2|x,u=0,z,D)","p(y=0|x,u=1,z,D)","p(y=1|x,u=1,z,D)","p(y=2|x,u=1,z,D)","p(y=0|x,u=2,z,D)","p(y=1|x,u=2,z,D)","p(y=2|x,u=2,z,D)","p(y=0|x,z,D)","p(y=1|x,z,D)","p(y=2|x,z,D)","H[p(u|z,D)]","Var[p(u|z,D)]","H[p(y|x,u=0,z,D)]","H[p(y|x,u=1,z,D)]","H[p(y|x,u=2,z,D)]","Var[p(y|x,u=0,z,D)]","Var[p(y|x,u=1,z,D)]","Var[p(y|x,u=2,z,D)]","H[p(y|x,D)]","Var[p(y|x,D)]",Va,Ve,Va_variance,Ve_variance,kl_pyx_pyxz,kl_pyxz_pyx,api_calls
0.6,2.9,x1 = 0.6; x2 = 2.9,0.6,2.9,x1 = 0.6; x2 = 2.9,0.3560883160873516,0.28034403940962827,0.3635676445030201,0.3560883160873516,0.28034403940962827,0.3635676445030201,0.6920366401370664,0.11104587478927277,0.19691748507366094,0.16903289816581474,0.6181207193464997,0.21284638248768553,0.11145825143359833,0.10459528998704962,0.7839464585793522,0.334336141256216,0.2508560610732439,0.4148077976705401,1.57552,0.7196,1.18127,1.3376,0.96879,0.64381,0.37996,0.44316,1.57552,0.7196,1.14785,0.42767,0.49689,0.22271000000000002,0.0056655032316747025,0.005738828749437097,27500
