z_x1,z_x2,z_note,x_x1,x_x2,x_note,"p(y=0|x,D)","p(y=1|x,D)","p(y=2|x,D)","p(u=0|z,D)","p(u=1|z,D)","p(u=2|z,D)","p(y=0|x,u=0,z,D)","p(y=1|x,u=0,z,D)","p(y=2|x,u=0,z,D)","p(y=0|x,u=1,z,D)","p(y=1|x,u=1,z,D)","p(y=2|x,u=1,z,D)","p(y=0|x,u=2,z,D)","p(y=1|x,u=2,z,D)","p(y=2|x,u=2,z,D)","p(y=0|x,z,D)","p(y=1|x,z,D)","p(y=2|x,z,D)","H[p(u|z,D)]","Var[p(u|z,D)]","H[p(y|x,u=0,z,D)]","H[p(y|x,u=1,z,D)]","H[p(y|x,u=2,z,D)]","Var[p(y|x,u=0,z,D)]","Var[p(y|x,u=1,z,D)]","Var[p(y|x,u=2,z,D)]","H[p(y|x,D)]","Var[p(y|x,D)]",Va,Ve,Va_variance,Ve_variance,kl_pyx_pyxz,kl_pyxz_pyx,api_calls
-2.5,-1.9,x1 = -2.5; x2 = -1.9,-2.5,-1.9,x1 = -2.5; x2 = -1.9,0.13807411653946397,0.09532333052628686,0.7666025529342491,0.13807411653946397,0.09532333052628686,0.7666025529342491,0.553990191802359,0.08891922843116894,0.35709057976647196,0.1914141754583825,0.47898273219670634,0.32960309234491103,0.09080454999723628,0.0633843307678848,0.8458111192348788,0.16434894286520196,0.10652626298926438,0.7291247941455334,1.0116,0.50963,1.31299,1.49298,0.77088,0.87231,0.50192,0.36658,1.0116,0.50963,0.91456,0.09704000000000002,0.44931,0.06032000000000004,0.003780141895268964,0.00392032100112593,61100
