z_x1,z_x2,z_note,x_x1,x_x2,x_note,"p(y=0|x,D)","p(y=1|x,D)","p(y=2|x,D)","p(u=0|z,D)","p(u=1|z,D)","p(u=2|z,D)","p(y=0|x,u=0,z,D)","p(y=1|x,u=0,z,D)","p(y=2|x,u=0,z,D)","p(y=0|x,u=1,z,D)","p(y=1|x,u=1,z,D)","p(y=2|x,u=1,z,D)","p(y=0|x,u=2,z,D)","p(y=1|x,u=2,z,D)","p(y=2|x,u=2,z,D)","p(y=0|x,z,D)","p(y=1|x,z,D)","p(y=2|x,z,D)","H[p(u|z,D)]","Var[p(u|z,D)]","H[p(y|x,u=0,z,D)]","H[p(y|x,u=1,z,D)]","H[p(y|x,u=2,z,D)]","Var[p(y|x,u=0,z,D)]","Var[p(y|x,u=1,z,D)]","Var[p(y|x,u=2,z,D)]","H[p(y|x,D)]","Var[p(y|x,D)]",Va,Ve,Va_variance,Ve_variance,kl_pyx_pyxz,kl_pyxz_pyx,api_calls
2.0,-2.2,x1 = 2.0; x2 = -2.2,2.0,-2.2,x1 = 2.0; x2 = -2.2,0.7697451584792768,0.10661319565324663,0.12364164586747659,0.7697451584792768,0.10661319565324663,0.12364164586747659,0.8832023529580543,0.062235784104912664,0.05456186293703309,0.22989669042693986,0.6731532705059444,0.09695003906711562,0.2069818681883108,0.08708329273160909,0.70593483908008,0.7299423348310167,0.13043983647288657,0.13961782869609674,1.0078,0.47594,0.63652,1.19836,1.13167,0.25112,0.30917,0.66396,1.0078,0.47594,0.75764,0.25016000000000005,0.30835,0.16758999999999996,0.004339310137001576,0.004521376501744501,950
