z_x1,z_x2,z_note,x_x1,x_x2,x_note,"p(y=0|x,D)","p(y=1|x,D)","p(y=2|x,D)","p(u=0|z,D)","p(u=1|z,D)","p(u=2|z,D)","p(y=0|x,u=0,z,D)","p(y=1|x,u=0,z,D)","p(y=2|x,u=0,z,D)","p(y=0|x,u=1,z,D)","p(y=1|x,u=1,z,D)","p(y=2|x,u=1,z,D)","p(y=0|x,u=2,z,D)","p(y=1|x,u=2,z,D)","p(y=2|x,u=2,z,D)","p(y=0|x,z,D)","p(y=1|x,z,D)","p(y=2|x,z,D)","H[p(u|z,D)]","Var[p(u|z,D)]","H[p(y|x,u=0,z,D)]","H[p(y|x,u=1,z,D)]","H[p(y|x,u=2,z,D)]","Var[p(y|x,u=0,z,D)]","Var[p(y|x,u=1,z,D)]","Var[p(y|x,u=2,z,D)]","H[p(y|x,D)]","Var[p(y|x,D)]",Va,Ve,Va_variance,Ve_variance,kl_pyx_pyxz,kl_pyxz_pyx,api_calls
1.4,2.3,x1 = 1.4; x2 = 2.3,1.4,2.3,x1 = 1.4; x2 = 2.3,0.23768342345201732,0.41519931216044803,0.34711726438753454,0.23768342345201732,0.41519931216044803,0.34711726438753454,0.6056493688723037,0.20473716710855366,0.18961346401914259,0.1727288801018877,0.6264614598782832,0.20080966001982917,0.11994947059354015,0.18652664174520334,0.6935238876612565,0.25730625971083376,0.37351561564071073,0.36917812464845534,1.54909,0.57282,1.36148,1.32536,1.18502,0.62218,0.37275,0.48449,1.54909,0.57282,1.28523,0.26386,0.47082,0.10199999999999998,0.003684621891814177,0.0036414095922995306,59200
