z_x1,z_x2,z_note,x_x1,x_x2,x_note,"p(y=0|x,D)","p(y=1|x,D)","p(y=2|x,D)","p(u=0|z,D)","p(u=1|z,D)","p(u=2|z,D)","p(y=0|x,u=0,z,D)","p(y=1|x,u=0,z,D)","p(y=2|x,u=0,z,D)","p(y=0|x,u=1,z,D)","p(y=1|x,u=1,z,D)","p(y=2|x,u=1,z,D)","p(y=0|x,u=2,z,D)","p(y=1|x,u=2,z,D)","p(y=2|x,u=2,z,D)","p(y=0|x,z,D)","p(y=1|x,z,D)","p(y=2|x,z,D)","H[p(u|z,D)]","Var[p(u|z,D)]","H[p(y|x,u=0,z,D)]","H[p(y|x,u=1,z,D)]","H[p(y|x,u=2,z,D)]","Var[p(y|x,u=0,z,D)]","Var[p(y|x,u=1,z,D)]","Var[p(y|x,u=2,z,D)]","H[p(y|x,D)]","Var[p(y|x,D)]",Va,Ve,Va_variance,Ve_variance,kl_pyx_pyxz,kl_pyxz_pyx,api_calls
-2.1,-0.6,x1 = -2.1; x2 = -0.6,-2.1,-0.6,x1 = -2.1; x2 = -0.6,0.5874532381105076,0.1765676223031505,0.2359791395863419,0.5874532381105076,0.1765676223031505,0.2359791395863419,0.7700063356764109,0.10901084038856199,0.1209828239350272,0.37590417100211987,0.4764594584678304,0.14763637053004972,0.35153736098485555,0.12566560435827664,0.5227970346568679,0.6016707049240547,0.17782054607298373,0.2205087490029616,1.38417,0.6999,1.00754,1.44768,1.39541,0.46976,0.47143,0.845,1.38417,0.6999,1.17678,0.20738999999999996,0.5586,0.14129999999999998,0.0007041624425594938,0.0006936742551523975,77750
