z_x1,z_x2,z_note,x_x1,x_x2,x_note,"p(y=0|x,D)","p(y=1|x,D)","p(y=2|x,D)","p(u=0|z,D)","p(u=1|z,D)","p(u=2|z,D)","p(y=0|x,u=0,z,D)","p(y=1|x,u=0,z,D)","p(y=2|x,u=0,z,D)","p(y=0|x,u=1,z,D)","p(y=1|x,u=1,z,D)","p(y=2|x,u=1,z,D)","p(y=0|x,u=2,z,D)","p(y=1|x,u=2,z,D)","p(y=2|x,u=2,z,D)","p(y=0|x,z,D)","p(y=1|x,z,D)","p(y=2|x,z,D)","H[p(u|z,D)]","Var[p(u|z,D)]","H[p(y|x,u=0,z,D)]","H[p(y|x,u=1,z,D)]","H[p(y|x,u=2,z,D)]","Var[p(y|x,u=0,z,D)]","Var[p(y|x,u=1,z,D)]","Var[p(y|x,u=2,z,D)]","H[p(y|x,D)]","Var[p(y|x,D)]",Va,Ve,Va_variance,Ve_variance,kl_pyx_pyxz,kl_pyxz_pyx,api_calls
3.0,-3.4,x1 = 3.0; x2 = -3.4,3.0,-3.4,x1 = 3.0; x2 = -3.4,0.6324719865210903,0.1125544607868014,0.25497355269210836,0.6324719865210903,0.1125544607868014,0.25497355269210836,0.9293056518296234,0.035936922563076165,0.03475742560730032,0.17294692009787443,0.7268528945631494,0.10020018533897623,0.10811941663653266,0.0637868464660318,0.8280937368974353,0.6347933308091278,0.12080359128027465,0.2444030779105974,1.27541,0.74494,0.43919,1.10495,0.82561,0.16385,0.26786,0.41785,1.27541,0.74494,0.61265,0.6627599999999999,0.24032,0.5046200000000001,0.0005178979846624816,0.0005216221119385082,40350
