z_x1,z_x2,z_note,x_x1,x_x2,x_note,"p(y=0|x,D)","p(y=1|x,D)","p(y=2|x,D)","p(u=0|z,D)","p(u=1|z,D)","p(u=2|z,D)","p(y=0|x,u=0,z,D)","p(y=1|x,u=0,z,D)","p(y=2|x,u=0,z,D)","p(y=0|x,u=1,z,D)","p(y=1|x,u=1,z,D)","p(y=2|x,u=1,z,D)","p(y=0|x,u=2,z,D)","p(y=1|x,u=2,z,D)","p(y=2|x,u=2,z,D)","p(y=0|x,z,D)","p(y=1|x,z,D)","p(y=2|x,z,D)","H[p(u|z,D)]","Var[p(u|z,D)]","H[p(y|x,u=0,z,D)]","H[p(y|x,u=1,z,D)]","H[p(y|x,u=2,z,D)]","Var[p(y|x,u=0,z,D)]","Var[p(y|x,u=1,z,D)]","Var[p(y|x,u=2,z,D)]","H[p(y|x,D)]","Var[p(y|x,D)]",Va,Ve,Va_variance,Ve_variance,kl_pyx_pyxz,kl_pyxz_pyx,api_calls
0.7,0.1,x1 = 0.7; x2 = 0.1,0.7,0.1,x1 = 0.7; x2 = 0.1,0.14382272773902677,0.3531408369871876,0.5030364352737856,0.14382272773902677,0.3531408369871876,0.5030364352737856,0.6351941681311668,0.15724285588963532,0.20756297597919784,0.09126474158048375,0.6772000435262913,0.2315352148932251,0.08871883154069951,0.12179669926440936,0.7894844691948911,0.1682134698935868,0.32303026405623825,0.508756266050175,1.43131,0.51782,1.30638,1.18473,0.94922,0.65989,0.30312,0.38713,1.43131,0.51782,1.08376,0.34755,0.39669,0.12112999999999996,0.0032545175024549736,0.0033145027504540058,30100
