z_x1,z_x2,z_note,x_x1,x_x2,x_note,"p(y=0|x,D)","p(y=1|x,D)","p(y=2|x,D)","p(u=0|z,D)","p(u=1|z,D)","p(u=2|z,D)","p(y=0|x,u=0,z,D)","p(y=1|x,u=0,z,D)","p(y=2|x,u=0,z,D)","p(y=0|x,u=1,z,D)","p(y=1|x,u=1,z,D)","p(y=2|x,u=1,z,D)","p(y=0|x,u=2,z,D)","p(y=1|x,u=2,z,D)","p(y=2|x,u=2,z,D)","p(y=0|x,z,D)","p(y=1|x,z,D)","p(y=2|x,z,D)","H[p(u|z,D)]","Var[p(u|z,D)]","H[p(y|x,u=0,z,D)]","H[p(y|x,u=1,z,D)]","H[p(y|x,u=2,z,D)]","Var[p(y|x,u=0,z,D)]","Var[p(y|x,u=1,z,D)]","Var[p(y|x,u=2,z,D)]","H[p(y|x,D)]","Var[p(y|x,D)]",Va,Ve,Va_variance,Ve_variance,kl_pyx_pyxz,kl_pyxz_pyx,api_calls
1.6,-1.7,x1 = 1.6; x2 = -1.7,1.6,-1.7,x1 = 1.6; x2 = -1.7,0.2882777590762693,0.34981468228728546,0.3619075586364452,0.2882777590762693,0.34981468228728546,0.3619075586364452,0.6041118644216574,0.18399860144806,0.21188953413028253,0.18449679035620795,0.5918282074384844,0.2236750022053077,0.1485432528121892,0.16381882860021996,0.6876379185875907,0.2924506265855189,0.3193601731697493,0.3881892002447317,1.57806,0.64476,1.36296,1.38099,1.2077,0.66216,0.40664,0.54556,1.57806,0.64476,1.31308,0.26498,0.53058,0.11417999999999995,0.002348386290275655,0.0023279512438088706,65200
