z_x1,z_x2,z_note,x_x1,x_x2,x_note,"p(y=0|x,D)","p(y=1|x,D)","p(y=2|x,D)","p(u=0|z,D)","p(u=1|z,D)","p(u=2|z,D)","p(y=0|x,u=0,z,D)","p(y=1|x,u=0,z,D)","p(y=2|x,u=0,z,D)","p(y=0|x,u=1,z,D)","p(y=1|x,u=1,z,D)","p(y=2|x,u=1,z,D)","p(y=0|x,u=2,z,D)","p(y=1|x,u=2,z,D)","p(y=2|x,u=2,z,D)","p(y=0|x,z,D)","p(y=1|x,z,D)","p(y=2|x,z,D)","H[p(u|z,D)]","Var[p(u|z,D)]","H[p(y|x,u=0,z,D)]","H[p(y|x,u=1,z,D)]","H[p(y|x,u=2,z,D)]","Var[p(y|x,u=0,z,D)]","Var[p(y|x,u=1,z,D)]","Var[p(y|x,u=2,z,D)]","H[p(y|x,D)]","Var[p(y|x,D)]",Va,Ve,Va_variance,Ve_variance,kl_pyx_pyxz,kl_pyxz_pyx,api_calls
-0.2,1.1,x1 = -0.2; x2 = 1.1,-0.2,1.1,x1 = -0.2; x2 = 1.1,0.16231763060878826,0.4962288919821719,0.34145347740903986,0.16231763060878826,0.4962288919821719,0.34145347740903986,0.5700368135179191,0.23538145759033308,0.19458172889174777,0.1052919038170286,0.6971845599573634,0.19752353622560812,0.09756669071263577,0.2185359114477511,0.6838973978396132,0.17809039551895162,0.458789529082615,0.3631200753984335,1.45676,0.47168,1.41297,1.16693,1.18193,0.62365,0.29431,0.43768,1.45676,0.47168,1.21199,0.24477000000000015,0.39672,0.07495999999999997,0.0028673812156409587,0.0028652579404825664,74600
