z_x1,z_x2,z_note,x_x1,x_x2,x_note,"p(y=0|x,D)","p(y=1|x,D)","p(y=2|x,D)","p(u=0|z,D)","p(u=1|z,D)","p(u=2|z,D)","p(y=0|x,u=0,z,D)","p(y=1|x,u=0,z,D)","p(y=2|x,u=0,z,D)","p(y=0|x,u=1,z,D)","p(y=1|x,u=1,z,D)","p(y=2|x,u=1,z,D)","p(y=0|x,u=2,z,D)","p(y=1|x,u=2,z,D)","p(y=2|x,u=2,z,D)","p(y=0|x,z,D)","p(y=1|x,z,D)","p(y=2|x,z,D)","H[p(u|z,D)]","Var[p(u|z,D)]","H[p(y|x,u=0,z,D)]","H[p(y|x,u=1,z,D)]","H[p(y|x,u=2,z,D)]","Var[p(y|x,u=0,z,D)]","Var[p(y|x,u=1,z,D)]","Var[p(y|x,u=2,z,D)]","H[p(y|x,D)]","Var[p(y|x,D)]",Va,Ve,Va_variance,Ve_variance,kl_pyx_pyxz,kl_pyxz_pyx,api_calls
1.1,-3.5,x1 = 1.1; x2 = -3.5,1.1,-3.5,x1 = 1.1; x2 = -3.5,0.5498507630622828,0.16747547031102938,0.2826737666266878,0.5498507630622828,0.16747547031102938,0.2826737666266878,0.8787949320528472,0.06444340126892792,0.05676166667822483,0.16729763072276718,0.7174519180899805,0.11525045118725223,0.09284586665741523,0.07735885011489059,0.8297952832276941,0.5374694041955121,0.17745716831360403,0.28507342749088377,1.42146,0.76114,0.65367,1.13449,0.82736,0.25982,0.27984,0.37955,1.42146,0.76114,0.78329,0.6381699999999999,0.29702,0.46412000000000003,0.00043780103156436725,0.0004423345889992959,44300
