z_x1,z_x2,z_note,x_x1,x_x2,x_note,"p(y=0|x,D)","p(y=1|x,D)","p(y=2|x,D)","p(u=0|z,D)","p(u=1|z,D)","p(u=2|z,D)","p(y=0|x,u=0,z,D)","p(y=1|x,u=0,z,D)","p(y=2|x,u=0,z,D)","p(y=0|x,u=1,z,D)","p(y=1|x,u=1,z,D)","p(y=2|x,u=1,z,D)","p(y=0|x,u=2,z,D)","p(y=1|x,u=2,z,D)","p(y=2|x,u=2,z,D)","p(y=0|x,z,D)","p(y=1|x,z,D)","p(y=2|x,z,D)","H[p(u|z,D)]","Var[p(u|z,D)]","H[p(y|x,u=0,z,D)]","H[p(y|x,u=1,z,D)]","H[p(y|x,u=2,z,D)]","Var[p(y|x,u=0,z,D)]","Var[p(y|x,u=1,z,D)]","Var[p(y|x,u=2,z,D)]","H[p(y|x,D)]","Var[p(y|x,D)]",Va,Ve,Va_variance,Ve_variance,kl_pyx_pyxz,kl_pyxz_pyx,api_calls
3.7,3.2,x1 = 3.7; x2 = 3.2,3.7,3.2,x1 = 3.7; x2 = 3.2,0.3614688612780454,0.2810060474932187,0.25752509122873585,0.3614688612780454,0.2810060474932187,0.25752509122873585,0.8878730983127877,0.058405374694970744,0.053721526992241406,0.11103221285480913,0.8175844537504954,0.07138333339469552,0.06449298604137346,0.07094070719209064,0.8645663067665359,0.3687477631992074,0.2691269122153118,0.2621253245854807,1.5493,0.6774,0.61828,0.86148,0.70737,0.24579,0.18084,0.28894,1.5493,0.6774,0.64774,0.9015599999999999,0.21407,0.46333,0.0003713184341097558,0.0003683473908154553,71650
