z_x1,z_x2,z_note,x_x1,x_x2,x_note,"p(y=0|x,D)","p(y=1|x,D)","p(y=2|x,D)","p(u=0|z,D)","p(u=1|z,D)","p(u=2|z,D)","p(y=0|x,u=0,z,D)","p(y=1|x,u=0,z,D)","p(y=2|x,u=0,z,D)","p(y=0|x,u=1,z,D)","p(y=1|x,u=1,z,D)","p(y=2|x,u=1,z,D)","p(y=0|x,u=2,z,D)","p(y=1|x,u=2,z,D)","p(y=2|x,u=2,z,D)","p(y=0|x,z,D)","p(y=1|x,z,D)","p(y=2|x,z,D)","H[p(u|z,D)]","Var[p(u|z,D)]","H[p(y|x,u=0,z,D)]","H[p(y|x,u=1,z,D)]","H[p(y|x,u=2,z,D)]","Var[p(y|x,u=0,z,D)]","Var[p(y|x,u=1,z,D)]","Var[p(y|x,u=2,z,D)]","H[p(y|x,D)]","Var[p(y|x,D)]",Va,Ve,Va_variance,Ve_variance,kl_pyx_pyxz,kl_pyxz_pyx,api_calls
-0.7,-0.4,x1 = -0.7; x2 = -0.4,-0.7,-0.4,x1 = -0.7; x2 = -0.4,0.3827637509509689,0.3105515615565797,0.3066846874924514,0.3827637509509689,0.3105515615565797,0.3066846874924514,0.6401802142367183,0.1955222010088615,0.1642975847544202,0.23742197890977698,0.564568799753313,0.19800922133691004,0.22051941998636485,0.20441159090172034,0.5750689891119147,0.38639947578866063,0.3128564382973854,0.30074408591395396,1.57719,0.68366,1.3004,1.42079,1.40817,0.57801,0.43388,0.66988,1.57719,0.68366,1.37084,0.20635000000000003,0.56143,0.12223000000000006,8.395961573845999e-05,8.365595549925022e-05,53850
