z_x1,z_x2,z_note,x_x1,x_x2,x_note,"p(y=0|x,D)","p(y=1|x,D)","p(y=2|x,D)","p(u=0|z,D)","p(u=1|z,D)","p(u=2|z,D)","p(y=0|x,u=0,z,D)","p(y=1|x,u=0,z,D)","p(y=2|x,u=0,z,D)","p(y=0|x,u=1,z,D)","p(y=1|x,u=1,z,D)","p(y=2|x,u=1,z,D)","p(y=0|x,u=2,z,D)","p(y=1|x,u=2,z,D)","p(y=2|x,u=2,z,D)","p(y=0|x,z,D)","p(y=1|x,z,D)","p(y=2|x,z,D)","H[p(u|z,D)]","Var[p(u|z,D)]","H[p(y|x,u=0,z,D)]","H[p(y|x,u=1,z,D)]","H[p(y|x,u=2,z,D)]","Var[p(y|x,u=0,z,D)]","Var[p(y|x,u=1,z,D)]","Var[p(y|x,u=2,z,D)]","H[p(y|x,D)]","Var[p(y|x,D)]",Va,Ve,Va_variance,Ve_variance,kl_pyx_pyxz,kl_pyxz_pyx,api_calls
-2.0,1.3,x1 = -2.0; x2 = 1.3,-2.0,1.3,x1 = -2.0; x2 = 1.3,0.24503359479637,0.19497644980629553,0.5599899553973346,0.24503359479637,0.19497644980629553,0.5599899553973346,0.7011271802865029,0.10940321573012632,0.18946960398337082,0.17846822676974605,0.6378545634278706,0.18367720980238325,0.12513939965405027,0.08776374469448209,0.7870968556514677,0.2766736214845552,0.20032089697951247,0.5230054815359325,1.42548,0.70583,1.16312,1.30654,0.95514,0.6288,0.36212,0.47405,1.42548,0.70583,1.07462,0.35086000000000017,0.49015,0.21567999999999998,0.0032321970860271637,0.0032818277590246567,2700
