z_x1,z_x2,z_note,x_x1,x_x2,x_note,"p(y=0|x,D)","p(y=1|x,D)","p(y=2|x,D)","p(u=0|z,D)","p(u=1|z,D)","p(u=2|z,D)","p(y=0|x,u=0,z,D)","p(y=1|x,u=0,z,D)","p(y=2|x,u=0,z,D)","p(y=0|x,u=1,z,D)","p(y=1|x,u=1,z,D)","p(y=2|x,u=1,z,D)","p(y=0|x,u=2,z,D)","p(y=1|x,u=2,z,D)","p(y=2|x,u=2,z,D)","p(y=0|x,z,D)","p(y=1|x,z,D)","p(y=2|x,z,D)","H[p(u|z,D)]","Var[p(u|z,D)]","H[p(y|x,u=0,z,D)]","H[p(y|x,u=1,z,D)]","H[p(y|x,u=2,z,D)]","Var[p(y|x,u=0,z,D)]","Var[p(y|x,u=1,z,D)]","Var[p(y|x,u=2,z,D)]","H[p(y|x,D)]","Var[p(y|x,D)]",Va,Ve,Va_variance,Ve_variance,kl_pyx_pyxz,kl_pyxz_pyx,api_calls
-3.5,-2.1,x1 = -3.5; x2 = -2.1,-3.5,-2.1,x1 = -3.5; x2 = -2.1,0.12478871295764586,0.09398423399565033,0.681227053046704,0.12478871295764586,0.09398423399565033,0.681227053046704,0.7456989424299802,0.06834303522648534,0.1859580223435345,0.12053154404699218,0.5740585105102919,0.20540994544271593,0.0643510625017478,0.06212934047685047,0.8735195970214017,0.14822056078777435,0.10480507630530607,0.6375759395073547,1.07255,0.69768,1.03155,1.29663,0.67416,0.61835,0.42571,0.28312,1.07255,0.69768,0.70984,0.36270999999999987,0.31004,0.38764,0.01339688476221379,-0.005294866823883235,21000
