z_x1,z_x2,z_note,x_x1,x_x2,x_note,"p(y=0|x,D)","p(y=1|x,D)","p(y=2|x,D)","p(u=0|z,D)","p(u=1|z,D)","p(u=2|z,D)","p(y=0|x,u=0,z,D)","p(y=1|x,u=0,z,D)","p(y=2|x,u=0,z,D)","p(y=0|x,u=1,z,D)","p(y=1|x,u=1,z,D)","p(y=2|x,u=1,z,D)","p(y=0|x,u=2,z,D)","p(y=1|x,u=2,z,D)","p(y=2|x,u=2,z,D)","p(y=0|x,z,D)","p(y=1|x,z,D)","p(y=2|x,z,D)","H[p(u|z,D)]","Var[p(u|z,D)]","H[p(y|x,u=0,z,D)]","H[p(y|x,u=1,z,D)]","H[p(y|x,u=2,z,D)]","Var[p(y|x,u=0,z,D)]","Var[p(y|x,u=1,z,D)]","Var[p(y|x,u=2,z,D)]","H[p(y|x,D)]","Var[p(y|x,D)]",Va,Ve,Va_variance,Ve_variance,kl_pyx_pyxz,kl_pyxz_pyx,api_calls
-3.0,-1.0,x1 = -3.0; x2 = -1.0,-3.0,-1.0,x1 = -3.0; x2 = -1.0,0.1775520363400949,0.12079257439364972,0.6016553892662553,0.1775520363400949,0.12079257439364972,0.6016553892662553,0.8052916001615988,0.06573680040836971,0.12897159943003159,0.1465720480336936,0.6522137006182516,0.20121425134805482,0.0720014976381701,0.07066358540973165,0.8573349169520981,0.2040060675616515,0.13296940171411753,0.5630245307242308,1.25211,0.77416,0.89084,1.27364,0.73383,0.47685,0.3448,0.31259,1.25211,0.77416,0.75353,0.49858,0.31439,0.45976999999999996,0.0036659153060147193,0.0037413005552495437,41550
