z_x1,z_x2,z_note,x_x1,x_x2,x_note,"p(y=0|x,D)","p(y=1|x,D)","p(y=2|x,D)","p(u=0|z,D)","p(u=1|z,D)","p(u=2|z,D)","p(y=0|x,u=0,z,D)","p(y=1|x,u=0,z,D)","p(y=2|x,u=0,z,D)","p(y=0|x,u=1,z,D)","p(y=1|x,u=1,z,D)","p(y=2|x,u=1,z,D)","p(y=0|x,u=2,z,D)","p(y=1|x,u=2,z,D)","p(y=2|x,u=2,z,D)","p(y=0|x,z,D)","p(y=1|x,z,D)","p(y=2|x,z,D)","H[p(u|z,D)]","Var[p(u|z,D)]","H[p(y|x,u=0,z,D)]","H[p(y|x,u=1,z,D)]","H[p(y|x,u=2,z,D)]","Var[p(y|x,u=0,z,D)]","Var[p(y|x,u=1,z,D)]","Var[p(y|x,u=2,z,D)]","H[p(y|x,D)]","Var[p(y|x,D)]",Va,Ve,Va_variance,Ve_variance,kl_pyx_pyxz,kl_pyxz_pyx,api_calls
-3.8,-3.2,x1 = -3.8; x2 = -3.2,-3.8,-3.2,x1 = -3.8; x2 = -3.2,0.1955065821361162,0.12294349364908416,0.5815499242147995,0.1955065821361162,0.12294349364908416,0.5815499242147995,0.806932986250899,0.05641696153566409,0.1366500522134368,0.1225712888902416,0.6922033336587435,0.18522537745101492,0.0651070472892786,0.05422175343718698,0.8806711992735344,0.21069305104896974,0.12766444008208067,0.5616425088689494,1.28692,0.79524,0.87611,1.18915,0.64604,0.4943,0.30387,0.28063,1.28692,0.79524,0.69319,0.5937300000000001,0.2972,0.4980399999999999,0.0009980533082784016,0.001009308470483146,8450
