z_x1,z_x2,z_note,x_x1,x_x2,x_note,"p(y=0|x,D)","p(y=1|x,D)","p(y=2|x,D)","p(u=0|z,D)","p(u=1|z,D)","p(u=2|z,D)","p(y=0|x,u=0,z,D)","p(y=1|x,u=0,z,D)","p(y=2|x,u=0,z,D)","p(y=0|x,u=1,z,D)","p(y=1|x,u=1,z,D)","p(y=2|x,u=1,z,D)","p(y=0|x,u=2,z,D)","p(y=1|x,u=2,z,D)","p(y=2|x,u=2,z,D)","p(y=0|x,z,D)","p(y=1|x,z,D)","p(y=2|x,z,D)","H[p(u|z,D)]","Var[p(u|z,D)]","H[p(y|x,u=0,z,D)]","H[p(y|x,u=1,z,D)]","H[p(y|x,u=2,z,D)]","Var[p(y|x,u=0,z,D)]","Var[p(y|x,u=1,z,D)]","Var[p(y|x,u=2,z,D)]","H[p(y|x,D)]","Var[p(y|x,D)]",Va,Ve,Va_variance,Ve_variance,kl_pyx_pyxz,kl_pyxz_pyx,api_calls
-0.7,-3.1,x1 = -0.7; x2 = -3.1,-0.7,-3.1,x1 = -0.7; x2 = -3.1,0.22409634480891905,0.24597776865937102,0.42992588653171,0.22409634480891905,0.24597776865937102,0.42992588653171,0.7152368442199893,0.14610729082402946,0.1386558649559812,0.14304311866877453,0.6872343478995735,0.16972253343165195,0.09294289776157133,0.11797689000807218,0.7890802122303565,0.23542594733155825,0.2525078002929882,0.4120662523754536,1.50485,0.74282,1.14648,1.20746,0.95201,0.52145,0.31205,0.39742,1.50485,0.74282,0.96322,0.5416300000000001,0.36447,0.37835,0.0007438261236210435,0.0007438079597799178,52500
