z_x1,z_x2,z_note,x_x1,x_x2,x_note,"p(y=0|x,D)","p(y=1|x,D)","p(y=2|x,D)","p(u=0|z,D)","p(u=1|z,D)","p(u=2|z,D)","p(y=0|x,u=0,z,D)","p(y=1|x,u=0,z,D)","p(y=2|x,u=0,z,D)","p(y=0|x,u=1,z,D)","p(y=1|x,u=1,z,D)","p(y=2|x,u=1,z,D)","p(y=0|x,u=2,z,D)","p(y=1|x,u=2,z,D)","p(y=2|x,u=2,z,D)","p(y=0|x,z,D)","p(y=1|x,z,D)","p(y=2|x,z,D)","H[p(u|z,D)]","Var[p(u|z,D)]","H[p(y|x,u=0,z,D)]","H[p(y|x,u=1,z,D)]","H[p(y|x,u=2,z,D)]","Var[p(y|x,u=0,z,D)]","Var[p(y|x,u=1,z,D)]","Var[p(y|x,u=2,z,D)]","H[p(y|x,D)]","Var[p(y|x,D)]",Va,Ve,Va_variance,Ve_variance,kl_pyx_pyxz,kl_pyxz_pyx,api_calls
1.9,-0.2,x1 = 1.9; x2 = -0.2,1.9,-0.2,x1 = 1.9; x2 = -0.2,0.3492026944659022,0.27058163882111386,0.380215666712984,0.3492026944659022,0.27058163882111386,0.380215666712984,0.7074603210880455,0.12773007249989105,0.16480960641206338,0.16360202037296878,0.6632293617258096,0.17316861790122154,0.14846369143747454,0.14207217170754408,0.7094641368549814,0.34776297456119104,0.2780794385784833,0.3741575868603257,1.57076,0.72846,1.16112,1.25827,1.15985,0.5778,0.33668,0.54321,1.57076,0.72846,1.18692,0.38383999999999996,0.49941,0.22904999999999998,0.00015375920828802642,0.00015442822051824501,77950
