z_x1,z_x2,z_note,x_x1,x_x2,x_note,"p(y=0|x,D)","p(y=1|x,D)","p(y=2|x,D)","p(u=0|z,D)","p(u=1|z,D)","p(u=2|z,D)","p(y=0|x,u=0,z,D)","p(y=1|x,u=0,z,D)","p(y=2|x,u=0,z,D)","p(y=0|x,u=1,z,D)","p(y=1|x,u=1,z,D)","p(y=2|x,u=1,z,D)","p(y=0|x,u=2,z,D)","p(y=1|x,u=2,z,D)","p(y=2|x,u=2,z,D)","p(y=0|x,z,D)","p(y=1|x,z,D)","p(y=2|x,z,D)","H[p(u|z,D)]","Var[p(u|z,D)]","H[p(y|x,u=0,z,D)]","H[p(y|x,u=1,z,D)]","H[p(y|x,u=2,z,D)]","Var[p(y|x,u=0,z,D)]","Var[p(y|x,u=1,z,D)]","Var[p(y|x,u=2,z,D)]","H[p(y|x,D)]","Var[p(y|x,D)]",Va,Ve,Va_variance,Ve_variance,kl_pyx_pyxz,kl_pyxz_pyx,api_calls
-1.3,-2.4,x1 = -1.3; x2 = -2.4,-1.3,-2.4,x1 = -1.3; x2 = -2.4,0.2261914763474382,0.2795663529658056,0.49424217068675624,0.2261914763474382,0.2795663529658056,0.49424217068675624,0.5299424728897908,0.2059147847010939,0.2641427424091153,0.19218540033297016,0.5806517372607299,0.22716286240629985,0.1513393101045521,0.1981096463119392,0.6505510435835087,0.24839531092282577,0.30682099930974516,0.4447836897674291,1.50159,0.64858,1.46225,1.39839,1.27849,0.72344,0.41812,0.55268,1.50159,0.64858,1.35357,0.14802000000000004,0.55369,0.09489000000000003,0.0049245867808150115,0.004904711549983183,28850
