z_x1,z_x2,z_note,x_x1,x_x2,x_note,"p(y=0|x,D)","p(y=1|x,D)","p(y=2|x,D)","p(u=0|z,D)","p(u=1|z,D)","p(u=2|z,D)","p(y=0|x,u=0,z,D)","p(y=1|x,u=0,z,D)","p(y=2|x,u=0,z,D)","p(y=0|x,u=1,z,D)","p(y=1|x,u=1,z,D)","p(y=2|x,u=1,z,D)","p(y=0|x,u=2,z,D)","p(y=1|x,u=2,z,D)","p(y=2|x,u=2,z,D)","p(y=0|x,z,D)","p(y=1|x,z,D)","p(y=2|x,z,D)","H[p(u|z,D)]","Var[p(u|z,D)]","H[p(y|x,u=0,z,D)]","H[p(y|x,u=1,z,D)]","H[p(y|x,u=2,z,D)]","Var[p(y|x,u=0,z,D)]","Var[p(y|x,u=1,z,D)]","Var[p(y|x,u=2,z,D)]","H[p(y|x,D)]","Var[p(y|x,D)]",Va,Ve,Va_variance,Ve_variance,kl_pyx_pyxz,kl_pyxz_pyx,api_calls
1.6,2.9,x1 = 1.6; x2 = 2.9,1.6,2.9,x1 = 1.6; x2 = 2.9,0.27463223702107276,0.3993236458923349,0.3260441170865923,0.27463223702107276,0.3993236458923349,0.3260441170865923,0.6920651513551904,0.16731045573474027,0.14062439291006937,0.17210219565916227,0.6647954429485141,0.16310236139232365,0.10703458408158462,0.1513091521553926,0.7416562637630227,0.2936858733823068,0.36075084370788313,0.3455632829098101,1.56805,0.59803,1.19704,1.25519,1.07708,0.5286,0.33512,0.44595,1.56805,0.59803,1.18115,0.3869,0.42439,0.17363999999999996,0.003186216846613712,0.0031451711329878417,67500
