z_x1,z_x2,z_note,x_x1,x_x2,x_note,"p(y=0|x,D)","p(y=1|x,D)","p(y=2|x,D)","p(u=0|z,D)","p(u=1|z,D)","p(u=2|z,D)","p(y=0|x,u=0,z,D)","p(y=1|x,u=0,z,D)","p(y=2|x,u=0,z,D)","p(y=0|x,u=1,z,D)","p(y=1|x,u=1,z,D)","p(y=2|x,u=1,z,D)","p(y=0|x,u=2,z,D)","p(y=1|x,u=2,z,D)","p(y=2|x,u=2,z,D)","p(y=0|x,z,D)","p(y=1|x,z,D)","p(y=2|x,z,D)","H[p(u|z,D)]","Var[p(u|z,D)]","H[p(y|x,u=0,z,D)]","H[p(y|x,u=1,z,D)]","H[p(y|x,u=2,z,D)]","Var[p(y|x,u=0,z,D)]","Var[p(y|x,u=1,z,D)]","Var[p(y|x,u=2,z,D)]","H[p(y|x,D)]","Var[p(y|x,D)]",Va,Ve,Va_variance,Ve_variance,kl_pyx_pyxz,kl_pyxz_pyx,api_calls
0.0,-1.7,x1 = 0.0; x2 = -1.7,0.0,-1.7,x1 = 0.0; x2 = -1.7,0.19425334060011382,0.4024956147547486,0.40325104464513767,0.19425334060011382,0.4024956147547486,0.40325104464513767,0.7825916534480074,0.11647868416444959,0.10092966238754306,0.07606094619771905,0.8037005894443572,0.12023846435792367,0.0697856469234778,0.10688849440786583,0.8233258586686564,0.21077637532984994,0.3892152333653281,0.400008391304822,1.51603,0.55382,0.97201,0.90353,0.84376,0.41886,0.19435,0.32529,1.51603,0.55382,0.89273,0.6233,0.29076,0.26305999999999996,0.0009023936491871958,0.0009182169043810032,1200
