z_x1,z_x2,z_note,x_x1,x_x2,x_note,"p(y=0|x,D)","p(y=1|x,D)","p(y=2|x,D)","p(u=0|z,D)","p(u=1|z,D)","p(u=2|z,D)","p(y=0|x,u=0,z,D)","p(y=1|x,u=0,z,D)","p(y=2|x,u=0,z,D)","p(y=0|x,u=1,z,D)","p(y=1|x,u=1,z,D)","p(y=2|x,u=1,z,D)","p(y=0|x,u=2,z,D)","p(y=1|x,u=2,z,D)","p(y=2|x,u=2,z,D)","p(y=0|x,z,D)","p(y=1|x,z,D)","p(y=2|x,z,D)","H[p(u|z,D)]","Var[p(u|z,D)]","H[p(y|x,u=0,z,D)]","H[p(y|x,u=1,z,D)]","H[p(y|x,u=2,z,D)]","Var[p(y|x,u=0,z,D)]","Var[p(y|x,u=1,z,D)]","Var[p(y|x,u=2,z,D)]","H[p(y|x,D)]","Var[p(y|x,D)]",Va,Ve,Va_variance,Ve_variance,kl_pyx_pyxz,kl_pyxz_pyx,api_calls
1.9,-0.1,x1 = 1.9; x2 = -0.1,1.9,-0.1,x1 = 1.9; x2 = -0.1,0.35251998177772037,0.2598207592881253,0.3876592589341543,0.35251998177772037,0.2598207592881253,0.3876592589341543,0.7125731607126181,0.13101261159607086,0.15641422769131103,0.1698655702321174,0.6529595815834149,0.1771748481844678,0.14681633327073235,0.13264948990838438,0.7205341768208832,0.3522455900194858,0.2672598206798358,0.38049458930067837,1.56545,0.73894,1.15118,1.27833,1.13367,0.55967,0.34699,0.5382,1.56545,0.73894,1.17743,0.38802000000000003,0.49609,0.24285000000000007,0.00017164805988234989,0.00017222049128887747,78000
