z_x1,z_x2,z_note,x_x1,x_x2,x_note,"p(y=0|x,D)","p(y=1|x,D)","p(y=2|x,D)","p(u=0|z,D)","p(u=1|z,D)","p(u=2|z,D)","p(y=0|x,u=0,z,D)","p(y=1|x,u=0,z,D)","p(y=2|x,u=0,z,D)","p(y=0|x,u=1,z,D)","p(y=1|x,u=1,z,D)","p(y=2|x,u=1,z,D)","p(y=0|x,u=2,z,D)","p(y=1|x,u=2,z,D)","p(y=2|x,u=2,z,D)","p(y=0|x,z,D)","p(y=1|x,z,D)","p(y=2|x,z,D)","H[p(u|z,D)]","Var[p(u|z,D)]","H[p(y|x,u=0,z,D)]","H[p(y|x,u=1,z,D)]","H[p(y|x,u=2,z,D)]","Var[p(y|x,u=0,z,D)]","Var[p(y|x,u=1,z,D)]","Var[p(y|x,u=2,z,D)]","H[p(y|x,D)]","Var[p(y|x,D)]",Va,Ve,Va_variance,Ve_variance,kl_pyx_pyxz,kl_pyxz_pyx,api_calls
2.9,-2.9,x1 = 2.9; x2 = -2.9,2.9,-2.9,x1 = 2.9; x2 = -2.9,0.5643236728890468,0.11615729049222208,0.31951903661873116,0.5643236728890468,0.11615729049222208,0.31951903661873116,0.8951732054229404,0.04980118985426176,0.05502560472279774,0.2600152754955883,0.6271417989366652,0.11284292556774664,0.16512266149954416,0.07179059039538462,0.7630867481050714,0.5881299347705464,0.1238895427731259,0.2879805224563278,1.3525,0.82391,0.58875,1.28263,0.99953,0.24435,0.3512,0.57065,1.3525,0.82391,0.8006,0.5519000000000001,0.36102,0.46289,0.0024021111228647585,0.0023574768562613785,36600
