z_x1,z_x2,z_note,x_x1,x_x2,x_note,"p(y=0|x,D)","p(y=1|x,D)","p(y=2|x,D)","p(u=0|z,D)","p(u=1|z,D)","p(u=2|z,D)","p(y=0|x,u=0,z,D)","p(y=1|x,u=0,z,D)","p(y=2|x,u=0,z,D)","p(y=0|x,u=1,z,D)","p(y=1|x,u=1,z,D)","p(y=2|x,u=1,z,D)","p(y=0|x,u=2,z,D)","p(y=1|x,u=2,z,D)","p(y=2|x,u=2,z,D)","p(y=0|x,z,D)","p(y=1|x,z,D)","p(y=2|x,z,D)","H[p(u|z,D)]","Var[p(u|z,D)]","H[p(y|x,u=0,z,D)]","H[p(y|x,u=1,z,D)]","H[p(y|x,u=2,z,D)]","Var[p(y|x,u=0,z,D)]","Var[p(y|x,u=1,z,D)]","Var[p(y|x,u=2,z,D)]","H[p(y|x,D)]","Var[p(y|x,D)]",Va,Ve,Va_variance,Ve_variance,kl_pyx_pyxz,kl_pyxz_pyx,api_calls
0.9,-1.6,x1 = 0.9; x2 = -1.6,0.9,-1.6,x1 = 0.9; x2 = -1.6,0.22947459087049965,0.4309044644343502,0.33962094469515014,0.22947459087049965,0.4309044644343502,0.33962094469515014,0.6097004947611316,0.24384793953628287,0.1464515657025854,0.12724937648083562,0.724822377175299,0.1479282463438652,0.1356131587267413,0.22925476963639518,0.6351320716368636,0.2408001650908006,0.44614582584623913,0.3130540090629601,1.5398,0.55696,1.33757,1.12285,1.29399,0.54155,0.27475,0.52123,1.5398,0.55696,1.23025,0.30955,0.41968,0.13728,0.0016306553019483291,0.0016087304760574878,37250
