z_x1,z_x2,z_note,x_x1,x_x2,x_note,"p(y=0|x,D)","p(y=1|x,D)","p(y=2|x,D)","p(u=0|z,D)","p(u=1|z,D)","p(u=2|z,D)","p(y=0|x,u=0,z,D)","p(y=1|x,u=0,z,D)","p(y=2|x,u=0,z,D)","p(y=0|x,u=1,z,D)","p(y=1|x,u=1,z,D)","p(y=2|x,u=1,z,D)","p(y=0|x,u=2,z,D)","p(y=1|x,u=2,z,D)","p(y=2|x,u=2,z,D)","p(y=0|x,z,D)","p(y=1|x,z,D)","p(y=2|x,z,D)","H[p(u|z,D)]","Var[p(u|z,D)]","H[p(y|x,u=0,z,D)]","H[p(y|x,u=1,z,D)]","H[p(y|x,u=2,z,D)]","Var[p(y|x,u=0,z,D)]","Var[p(y|x,u=1,z,D)]","Var[p(y|x,u=2,z,D)]","H[p(y|x,D)]","Var[p(y|x,D)]",Va,Ve,Va_variance,Ve_variance,kl_pyx_pyxz,kl_pyxz_pyx,api_calls
-3.8,3.8,x1 = -3.8; x2 = 3.8,-3.8,3.8,x1 = -3.8; x2 = 3.8,0.3356989541653873,0.17938371053489885,0.2849173352997138,0.3356989541653873,0.17938371053489885,0.2849173352997138,0.8627542722777749,0.053186604771024534,0.08405912295120058,0.12688468143852755,0.749326453281802,0.12378886527967045,0.07144926349876053,0.06302005051496043,0.865530685986279,0.33274388563704443,0.1702271520520618,0.2970289623108937,1.48941,0.75772,0.70917,1.06299,0.70366,0.34045,0.25066,0.30641,1.48941,0.75772,0.62924,0.8601699999999999,0.24655,0.5111699999999999,0.0005054071214381124,0.0005046779290417969,11950
