z_x1,z_x2,z_note,x_x1,x_x2,x_note,"p(y=0|x,D)","p(y=1|x,D)","p(y=2|x,D)","p(u=0|z,D)","p(u=1|z,D)","p(u=2|z,D)","p(y=0|x,u=0,z,D)","p(y=1|x,u=0,z,D)","p(y=2|x,u=0,z,D)","p(y=0|x,u=1,z,D)","p(y=1|x,u=1,z,D)","p(y=2|x,u=1,z,D)","p(y=0|x,u=2,z,D)","p(y=1|x,u=2,z,D)","p(y=2|x,u=2,z,D)","p(y=0|x,z,D)","p(y=1|x,z,D)","p(y=2|x,z,D)","H[p(u|z,D)]","Var[p(u|z,D)]","H[p(y|x,u=0,z,D)]","H[p(y|x,u=1,z,D)]","H[p(y|x,u=2,z,D)]","Var[p(y|x,u=0,z,D)]","Var[p(y|x,u=1,z,D)]","Var[p(y|x,u=2,z,D)]","H[p(y|x,D)]","Var[p(y|x,D)]",Va,Ve,Va_variance,Ve_variance,kl_pyx_pyxz,kl_pyxz_pyx,api_calls
-2.8,0.2,x1 = -2.8; x2 = 0.2,-2.8,0.2,x1 = -2.8; x2 = 0.2,0.16140945575346824,0.11091980454963277,0.7276707396968989,0.16140945575346824,0.11091980454963277,0.7276707396968989,0.7173883883254396,0.08456618951928305,0.19804542215527735,0.18220176736115273,0.6097604643736559,0.20803776826519127,0.10124826465483054,0.06695375437932956,0.8317979809658398,0.2096784533821716,0.13000458213056257,0.6603169644872656,1.11032,0.56843,1.10778,1.35396,0.8167,0.64572,0.38957,0.39934,1.11032,0.56843,0.92328,0.18703999999999998,0.43802,0.13040999999999997,0.010838141860934389,0.011362443059949046,50150
