z_x1,z_x2,z_note,x_x1,x_x2,x_note,"p(y=0|x,D)","p(y=1|x,D)","p(y=2|x,D)","p(u=0|z,D)","p(u=1|z,D)","p(u=2|z,D)","p(y=0|x,u=0,z,D)","p(y=1|x,u=0,z,D)","p(y=2|x,u=0,z,D)","p(y=0|x,u=1,z,D)","p(y=1|x,u=1,z,D)","p(y=2|x,u=1,z,D)","p(y=0|x,u=2,z,D)","p(y=1|x,u=2,z,D)","p(y=2|x,u=2,z,D)","p(y=0|x,z,D)","p(y=1|x,z,D)","p(y=2|x,z,D)","H[p(u|z,D)]","Var[p(u|z,D)]","H[p(y|x,u=0,z,D)]","H[p(y|x,u=1,z,D)]","H[p(y|x,u=2,z,D)]","Var[p(y|x,u=0,z,D)]","Var[p(y|x,u=1,z,D)]","Var[p(y|x,u=2,z,D)]","H[p(y|x,D)]","Var[p(y|x,D)]",Va,Ve,Va_variance,Ve_variance,kl_pyx_pyxz,kl_pyxz_pyx,api_calls
3.7,-3.1,x1 = 3.7; x2 = -3.1,3.7,-3.1,x1 = 3.7; x2 = -3.1,0.48953788242939805,0.15892454469379752,0.25153757287680445,0.48953788242939805,0.15892454469379752,0.25153757287680445,0.9204866747937958,0.04078365882030124,0.03872966638590292,0.14556235614557325,0.7687075075595081,0.08573013629491866,0.08683316866513752,0.06140663927515346,0.8517601920597089,0.4955883332492552,0.15757771362000564,0.24683395313073908,1.42704,0.72683,0.47994,1.00026,0.7505,0.18172,0.22771,0.35348,1.42704,0.72683,0.58269,0.84435,0.21406,0.51277,8.735812471502829e-05,8.721469172357204e-05,68500
