z_x1,z_x2,z_note,x_x1,x_x2,x_note,"p(y=0|x,D)","p(y=1|x,D)","p(y=2|x,D)","p(u=0|z,D)","p(u=1|z,D)","p(u=2|z,D)","p(y=0|x,u=0,z,D)","p(y=1|x,u=0,z,D)","p(y=2|x,u=0,z,D)","p(y=0|x,u=1,z,D)","p(y=1|x,u=1,z,D)","p(y=2|x,u=1,z,D)","p(y=0|x,u=2,z,D)","p(y=1|x,u=2,z,D)","p(y=2|x,u=2,z,D)","p(y=0|x,z,D)","p(y=1|x,z,D)","p(y=2|x,z,D)","H[p(u|z,D)]","Var[p(u|z,D)]","H[p(y|x,u=0,z,D)]","H[p(y|x,u=1,z,D)]","H[p(y|x,u=2,z,D)]","Var[p(y|x,u=0,z,D)]","Var[p(y|x,u=1,z,D)]","Var[p(y|x,u=2,z,D)]","H[p(y|x,D)]","Var[p(y|x,D)]",Va,Ve,Va_variance,Ve_variance,kl_pyx_pyxz,kl_pyxz_pyx,api_calls
0.6,2.6,x1 = 0.6; x2 = 2.6,0.6,2.6,x1 = 0.6; x2 = 2.6,0.3622690207694485,0.2018300385444801,0.4359009406860713,0.3622690207694485,0.2018300385444801,0.4359009406860713,0.6652371709875881,0.10377620658948025,0.2309866224229317,0.18269980242612466,0.5706629057363708,0.2466372918375046,0.11017413173842336,0.09130949857696294,0.7985163696846137,0.3258941343428952,0.19257371732428735,0.4815321483328173,1.51884,0.79275,1.21872,1.40799,0.92509,0.70765,0.42525,0.43488,1.51884,0.79275,1.12893,0.38991,0.53175,0.261,0.004411197755380417,0.00441529925222553,27350
