z_x1,z_x2,z_note,x_x1,x_x2,x_note,"p(y=0|x,D)","p(y=1|x,D)","p(y=2|x,D)","p(u=0|z,D)","p(u=1|z,D)","p(u=2|z,D)","p(y=0|x,u=0,z,D)","p(y=1|x,u=0,z,D)","p(y=2|x,u=0,z,D)","p(y=0|x,u=1,z,D)","p(y=1|x,u=1,z,D)","p(y=2|x,u=1,z,D)","p(y=0|x,u=2,z,D)","p(y=1|x,u=2,z,D)","p(y=2|x,u=2,z,D)","p(y=0|x,z,D)","p(y=1|x,z,D)","p(y=2|x,z,D)","H[p(u|z,D)]","Var[p(u|z,D)]","H[p(y|x,u=0,z,D)]","H[p(y|x,u=1,z,D)]","H[p(y|x,u=2,z,D)]","Var[p(y|x,u=0,z,D)]","Var[p(y|x,u=1,z,D)]","Var[p(y|x,u=2,z,D)]","H[p(y|x,D)]","Var[p(y|x,D)]",Va,Ve,Va_variance,Ve_variance,kl_pyx_pyxz,kl_pyxz_pyx,api_calls
-1.8,-2.6,x1 = -1.8; x2 = -2.6,-1.8,-2.6,x1 = -1.8; x2 = -2.6,0.2026043590415248,0.1639928724886352,0.63340276846984,0.2026043590415248,0.1639928724886352,0.63340276846984,0.5874483784008844,0.1253242221580386,0.2872273994410771,0.21062879478401433,0.5143634144840517,0.27500779073193393,0.13553594170953254,0.10103495722509928,0.7634291010653682,0.23941006396732883,0.17373898916561892,0.5868509468670523,1.31168,0.65042,1.34328,1.47887,1.02222,0.78454,0.48149,0.50472,1.31168,0.65042,1.16216,0.14951999999999988,0.5576,0.09282000000000001,0.005064438693194347,0.005195487415735771,8750
