z_x1,z_x2,z_note,x_x1,x_x2,x_note,"p(y=0|x,D)","p(y=1|x,D)","p(y=2|x,D)","p(u=0|z,D)","p(u=1|z,D)","p(u=2|z,D)","p(y=0|x,u=0,z,D)","p(y=1|x,u=0,z,D)","p(y=2|x,u=0,z,D)","p(y=0|x,u=1,z,D)","p(y=1|x,u=1,z,D)","p(y=2|x,u=1,z,D)","p(y=0|x,u=2,z,D)","p(y=1|x,u=2,z,D)","p(y=2|x,u=2,z,D)","p(y=0|x,z,D)","p(y=1|x,z,D)","p(y=2|x,z,D)","H[p(u|z,D)]","Var[p(u|z,D)]","H[p(y|x,u=0,z,D)]","H[p(y|x,u=1,z,D)]","H[p(y|x,u=2,z,D)]","Var[p(y|x,u=0,z,D)]","Var[p(y|x,u=1,z,D)]","Var[p(y|x,u=2,z,D)]","H[p(y|x,D)]","Var[p(y|x,D)]",Va,Ve,Va_variance,Ve_variance,kl_pyx_pyxz,kl_pyxz_pyx,api_calls
-4.0,-3.6,x1 = -4.0; x2 = -3.6,-4.0,-3.6,x1 = -4.0; x2 = -3.6,0.23412250815208205,0.13304592553637473,0.5328315663115433,0.23412250815208205,0.13304592553637473,0.5328315663115433,0.8531321395890773,0.049319743038235206,0.09754811737268756,0.09928306439264531,0.6658929231298287,0.13482401247752596,0.05105037605238002,0.05189845638218116,0.8970511675654388,0.24014789533073685,0.12779433801072682,0.5187531741048989,1.36152,0.82747,0.73718,1.11124,0.58122,0.37977,0.32995,0.23238,1.36152,0.82747,0.63013,0.7313900000000001,0.25663,0.57084,0.013676609278861262,-0.012935029305289305,250
