z_x1,z_x2,z_note,x_x1,x_x2,x_note,"p(y=0|x,D)","p(y=1|x,D)","p(y=2|x,D)","p(u=0|z,D)","p(u=1|z,D)","p(u=2|z,D)","p(y=0|x,u=0,z,D)","p(y=1|x,u=0,z,D)","p(y=2|x,u=0,z,D)","p(y=0|x,u=1,z,D)","p(y=1|x,u=1,z,D)","p(y=2|x,u=1,z,D)","p(y=0|x,u=2,z,D)","p(y=1|x,u=2,z,D)","p(y=2|x,u=2,z,D)","p(y=0|x,z,D)","p(y=1|x,z,D)","p(y=2|x,z,D)","H[p(u|z,D)]","Var[p(u|z,D)]","H[p(y|x,u=0,z,D)]","H[p(y|x,u=1,z,D)]","H[p(y|x,u=2,z,D)]","Var[p(y|x,u=0,z,D)]","Var[p(y|x,u=1,z,D)]","Var[p(y|x,u=2,z,D)]","H[p(y|x,D)]","Var[p(y|x,D)]",Va,Ve,Va_variance,Ve_variance,kl_pyx_pyxz,kl_pyxz_pyx,api_calls
-1.3,-3.9,x1 = -1.3; x2 = -3.9,-1.3,-3.9,x1 = -1.3; x2 = -3.9,0.2087529049501799,0.23182679562729844,0.4594202994225217,0.2087529049501799,0.23182679562729844,0.4594202994225217,0.7144113028256275,0.11761760455525652,0.16797109261911614,0.12853516015297173,0.7006898076874166,0.17077503215961157,0.07277143604495773,0.09447388591052079,0.8327546780445216,0.2123660040349788,0.23039491042169372,0.4572390855433276,1.47623,0.74547,1.14211,1.17544,0.81657,0.58379,0.29753,0.32795,1.47623,0.74547,0.88607,0.5901599999999999,0.34151,0.40396,4.0546336782898255e-05,4.070626249519718e-05,28100
