z_x1,z_x2,z_note,x_x1,x_x2,x_note,"p(y=0|x,D)","p(y=1|x,D)","p(y=2|x,D)","p(u=0|z,D)","p(u=1|z,D)","p(u=2|z,D)","p(y=0|x,u=0,z,D)","p(y=1|x,u=0,z,D)","p(y=2|x,u=0,z,D)","p(y=0|x,u=1,z,D)","p(y=1|x,u=1,z,D)","p(y=2|x,u=1,z,D)","p(y=0|x,u=2,z,D)","p(y=1|x,u=2,z,D)","p(y=2|x,u=2,z,D)","p(y=0|x,z,D)","p(y=1|x,z,D)","p(y=2|x,z,D)","H[p(u|z,D)]","Var[p(u|z,D)]","H[p(y|x,u=0,z,D)]","H[p(y|x,u=1,z,D)]","H[p(y|x,u=2,z,D)]","Var[p(y|x,u=0,z,D)]","Var[p(y|x,u=1,z,D)]","Var[p(y|x,u=2,z,D)]","H[p(y|x,D)]","Var[p(y|x,D)]",Va,Ve,Va_variance,Ve_variance,kl_pyx_pyxz,kl_pyxz_pyx,api_calls
1.3,-1.6,x1 = 1.3; x2 = -1.6,1.3,-1.6,x1 = 1.3; x2 = -1.6,0.3479911552139205,0.34400796952408524,0.3080008752619943,0.3479911552139205,0.34400796952408524,0.3080008752619943,0.609733713221851,0.19148018872530254,0.19878609805284647,0.2227830356191453,0.5675177401940098,0.20969922418684478,0.18716471932427786,0.19413169163725932,0.6187035890384627,0.34646797633474247,0.32165676848850366,0.33187525517675387,1.58283,0.65439,1.35514,1.419,1.34016,0.63964,0.43231,0.61964,1.58283,0.65439,1.37249,0.21033999999999997,0.56216,0.09223000000000003,0.0016426246536473295,0.001647984386264057,53250
