z_x1,z_x2,z_note,x_x1,x_x2,x_note,"p(y=0|x,D)","p(y=1|x,D)","p(y=2|x,D)","p(u=0|z,D)","p(u=1|z,D)","p(u=2|z,D)","p(y=0|x,u=0,z,D)","p(y=1|x,u=0,z,D)","p(y=2|x,u=0,z,D)","p(y=0|x,u=1,z,D)","p(y=1|x,u=1,z,D)","p(y=2|x,u=1,z,D)","p(y=0|x,u=2,z,D)","p(y=1|x,u=2,z,D)","p(y=2|x,u=2,z,D)","p(y=0|x,z,D)","p(y=1|x,z,D)","p(y=2|x,z,D)","H[p(u|z,D)]","Var[p(u|z,D)]","H[p(y|x,u=0,z,D)]","H[p(y|x,u=1,z,D)]","H[p(y|x,u=2,z,D)]","Var[p(y|x,u=0,z,D)]","Var[p(y|x,u=1,z,D)]","Var[p(y|x,u=2,z,D)]","H[p(y|x,D)]","Var[p(y|x,D)]",Va,Ve,Va_variance,Ve_variance,kl_pyx_pyxz,kl_pyxz_pyx,api_calls
2.4,-2.7,x1 = 2.4; x2 = -2.7,2.4,-2.7,x1 = 2.4; x2 = -2.7,0.6145060984094013,0.1028315354087247,0.2826623661818741,0.6145060984094013,0.1028315354087247,0.2826623661818741,0.8878909905297665,0.05524542994878219,0.056863579521451345,0.24351040280430397,0.6447732036344084,0.11171639356128768,0.15637598572020944,0.07692466353718683,0.7666993507426036,0.6148565831493664,0.12199537954607033,0.2631480373045634,1.2844,0.78705,0.61834,1.25775,0.99711,0.25415,0.33786,0.55058,1.2844,0.78705,0.79116,0.49324,0.34655,0.4405,0.0022972632507876345,0.0023738514524174747,16700
