z_x1,z_x2,z_note,x_x1,x_x2,x_note,"p(y=0|x,D)","p(y=1|x,D)","p(y=2|x,D)","p(u=0|z,D)","p(u=1|z,D)","p(u=2|z,D)","p(y=0|x,u=0,z,D)","p(y=1|x,u=0,z,D)","p(y=2|x,u=0,z,D)","p(y=0|x,u=1,z,D)","p(y=1|x,u=1,z,D)","p(y=2|x,u=1,z,D)","p(y=0|x,u=2,z,D)","p(y=1|x,u=2,z,D)","p(y=2|x,u=2,z,D)","p(y=0|x,z,D)","p(y=1|x,z,D)","p(y=2|x,z,D)","H[p(u|z,D)]","Var[p(u|z,D)]","H[p(y|x,u=0,z,D)]","H[p(y|x,u=1,z,D)]","H[p(y|x,u=2,z,D)]","Var[p(y|x,u=0,z,D)]","Var[p(y|x,u=1,z,D)]","Var[p(y|x,u=2,z,D)]","H[p(y|x,D)]","Var[p(y|x,D)]",Va,Ve,Va_variance,Ve_variance,kl_pyx_pyxz,kl_pyxz_pyx,api_calls
3.9,3.1,x1 = 3.9; x2 = 3.1,3.9,3.1,x1 = 3.9; x2 = 3.1,0.34697660564395194,0.2849123129163572,0.26811108143969087,0.34697660564395194,0.2849123129163572,0.26811108143969087,0.8884385890759308,0.059167209576613776,0.052394201347455385,0.1136679195981692,0.8107567835312492,0.07557529687058176,0.06553391518221723,0.07090277406464521,0.8635633107531376,0.3582231647082545,0.2705340473843785,0.27124278790736717,1.55513,0.68309,0.61587,0.88356,0.71111,0.24186,0.18779,0.29225,1.55513,0.68309,0.65609,0.89904,0.21578,0.46731,0.0005720624884599538,0.0005676144645626402,79600
