z_x1,z_x2,z_note,x_x1,x_x2,x_note,"p(y=0|x,D)","p(y=1|x,D)","p(y=2|x,D)","p(u=0|z,D)","p(u=1|z,D)","p(u=2|z,D)","p(y=0|x,u=0,z,D)","p(y=1|x,u=0,z,D)","p(y=2|x,u=0,z,D)","p(y=0|x,u=1,z,D)","p(y=1|x,u=1,z,D)","p(y=2|x,u=1,z,D)","p(y=0|x,u=2,z,D)","p(y=1|x,u=2,z,D)","p(y=2|x,u=2,z,D)","p(y=0|x,z,D)","p(y=1|x,z,D)","p(y=2|x,z,D)","H[p(u|z,D)]","Var[p(u|z,D)]","H[p(y|x,u=0,z,D)]","H[p(y|x,u=1,z,D)]","H[p(y|x,u=2,z,D)]","Var[p(y|x,u=0,z,D)]","Var[p(y|x,u=1,z,D)]","Var[p(y|x,u=2,z,D)]","H[p(y|x,D)]","Var[p(y|x,D)]",Va,Ve,Va_variance,Ve_variance,kl_pyx_pyxz,kl_pyxz_pyx,api_calls
2.5,1.8,x1 = 2.5; x2 = 1.8,2.5,1.8,x1 = 2.5; x2 = 1.8,0.26128136397050855,0.46467498670950763,0.27404364931998393,0.26128136397050855,0.46467498670950763,0.27404364931998393,0.7643372851948478,0.13592840927782995,0.09973430552732221,0.1322684253977436,0.7696823055517428,0.09804926905051366,0.0946536716717524,0.11033919766925329,0.7950071306589944,0.28710815482947205,0.4234054316735734,0.2894864134969547,1.5315,0.53516,1.01939,1.0052,0.93593,0.42237,0.22915,0.39917,1.5315,0.53516,0.98992,0.5415800000000001,0.32623,0.20892999999999995,0.003566483238924452,0.0035529664360660733,22950
