z_x1,z_x2,z_note,x_x1,x_x2,x_note,"p(y=0|x,D)","p(y=1|x,D)","p(y=2|x,D)","p(u=0|z,D)","p(u=1|z,D)","p(u=2|z,D)","p(y=0|x,u=0,z,D)","p(y=1|x,u=0,z,D)","p(y=2|x,u=0,z,D)","p(y=0|x,u=1,z,D)","p(y=1|x,u=1,z,D)","p(y=2|x,u=1,z,D)","p(y=0|x,u=2,z,D)","p(y=1|x,u=2,z,D)","p(y=2|x,u=2,z,D)","p(y=0|x,z,D)","p(y=1|x,z,D)","p(y=2|x,z,D)","H[p(u|z,D)]","Var[p(u|z,D)]","H[p(y|x,u=0,z,D)]","H[p(y|x,u=1,z,D)]","H[p(y|x,u=2,z,D)]","Var[p(y|x,u=0,z,D)]","Var[p(y|x,u=1,z,D)]","Var[p(y|x,u=2,z,D)]","H[p(y|x,D)]","Var[p(y|x,D)]",Va,Ve,Va_variance,Ve_variance,kl_pyx_pyxz,kl_pyxz_pyx,api_calls
0.8,-0.4,x1 = 0.8; x2 = -0.4,0.8,-0.4,x1 = 0.8; x2 = -0.4,0.25503834403055503,0.3207368853940632,0.4242247705753817,0.25503834403055503,0.3207368853940632,0.4242247705753817,0.7307537632992399,0.13741666877926234,0.1318295679214978,0.11071646055144654,0.7362449330586615,0.15303860638989195,0.12230155933607476,0.15717391718540835,0.7205245234785169,0.2737644333554177,0.3378644953224679,0.38837107132211435,1.55372,0.65064,1.10954,1.0912,1.13106,0.50387,0.26196,0.48496,1.55372,0.65064,1.11279,0.44093000000000004,0.41826,0.23237999999999998,0.0027035091114391147,0.00268031433081075,33850
