z_x1,z_x2,z_note,x_x1,x_x2,x_note,"p(y=0|x,D)","p(y=1|x,D)","p(y=2|x,D)","p(u=0|z,D)","p(u=1|z,D)","p(u=2|z,D)","p(y=0|x,u=0,z,D)","p(y=1|x,u=0,z,D)","p(y=2|x,u=0,z,D)","p(y=0|x,u=1,z,D)","p(y=1|x,u=1,z,D)","p(y=2|x,u=1,z,D)","p(y=0|x,u=2,z,D)","p(y=1|x,u=2,z,D)","p(y=2|x,u=2,z,D)","p(y=0|x,z,D)","p(y=1|x,z,D)","p(y=2|x,z,D)","H[p(u|z,D)]","Var[p(u|z,D)]","H[p(y|x,u=0,z,D)]","H[p(y|x,u=1,z,D)]","H[p(y|x,u=2,z,D)]","Var[p(y|x,u=0,z,D)]","Var[p(y|x,u=1,z,D)]","Var[p(y|x,u=2,z,D)]","H[p(y|x,D)]","Var[p(y|x,D)]",Va,Ve,Va_variance,Ve_variance,kl_pyx_pyxz,kl_pyxz_pyx,api_calls
0.2,-2.0,x1 = 0.2; x2 = -2.0,0.2,-2.0,x1 = 0.2; x2 = -2.0,0.383395680532944,0.4048773601206107,0.2117269593464453,0.383395680532944,0.4048773601206107,0.2117269593464453,0.7438000838782036,0.16486566998536317,0.09133424613643314,0.11114082592069148,0.7777696189233494,0.11108955515595902,0.10006665260460572,0.14130892886129512,0.7586244185340991,0.3513549516272888,0.4080290056685624,0.24061604270414877,1.53262,0.56565,1.06172,0.98645,1.03359,0.40942,0.22223,0.42499,1.53262,0.56565,1.02529,0.5073300000000001,0.33693,0.22871999999999998,0.003238797579381534,0.003276911010183056,9050
