z_x1,z_x2,z_note,x_x1,x_x2,x_note,"p(y=0|x,D)","p(y=1|x,D)","p(y=2|x,D)","p(u=0|z,D)","p(u=1|z,D)","p(u=2|z,D)","p(y=0|x,u=0,z,D)","p(y=1|x,u=0,z,D)","p(y=2|x,u=0,z,D)","p(y=0|x,u=1,z,D)","p(y=1|x,u=1,z,D)","p(y=2|x,u=1,z,D)","p(y=0|x,u=2,z,D)","p(y=1|x,u=2,z,D)","p(y=2|x,u=2,z,D)","p(y=0|x,z,D)","p(y=1|x,z,D)","p(y=2|x,z,D)","H[p(u|z,D)]","Var[p(u|z,D)]","H[p(y|x,u=0,z,D)]","H[p(y|x,u=1,z,D)]","H[p(y|x,u=2,z,D)]","Var[p(y|x,u=0,z,D)]","Var[p(y|x,u=1,z,D)]","Var[p(y|x,u=2,z,D)]","H[p(y|x,D)]","Var[p(y|x,D)]",Va,Ve,Va_variance,Ve_variance,kl_pyx_pyxz,kl_pyxz_pyx,api_calls
3.0,2.3,x1 = 3.0; x2 = 2.3,3.0,2.3,x1 = 3.0; x2 = 2.3,0.35542740778022025,0.35274142368902045,0.29183116853075936,0.35542740778022025,0.35274142368902045,0.29183116853075936,0.8453530026060486,0.07222504154772105,0.08242195584623019,0.16636786199495915,0.7007315859812908,0.13290055202374995,0.10791523045800802,0.08135916386912792,0.8107256056728641,0.39063949067852066,0.29659095641964406,0.3127695529018352,1.57924,0.64321,0.77551,1.17696,0.88653,0.34571,0.29815,0.4247,1.57924,0.64321,0.94952,0.62972,0.35199,0.2912199999999999,0.00736231742367735,0.007150249219742857,43200
