z_x1,z_x2,z_note,x_x1,x_x2,x_note,"p(y=0|x,D)","p(y=1|x,D)","p(y=2|x,D)","p(u=0|z,D)","p(u=1|z,D)","p(u=2|z,D)","p(y=0|x,u=0,z,D)","p(y=1|x,u=0,z,D)","p(y=2|x,u=0,z,D)","p(y=0|x,u=1,z,D)","p(y=1|x,u=1,z,D)","p(y=2|x,u=1,z,D)","p(y=0|x,u=2,z,D)","p(y=1|x,u=2,z,D)","p(y=2|x,u=2,z,D)","p(y=0|x,z,D)","p(y=1|x,z,D)","p(y=2|x,z,D)","H[p(u|z,D)]","Var[p(u|z,D)]","H[p(y|x,u=0,z,D)]","H[p(y|x,u=1,z,D)]","H[p(y|x,u=2,z,D)]","Var[p(y|x,u=0,z,D)]","Var[p(y|x,u=1,z,D)]","Var[p(y|x,u=2,z,D)]","H[p(y|x,D)]","Var[p(y|x,D)]",Va,Ve,Va_variance,Ve_variance,kl_pyx_pyxz,kl_pyxz_pyx,api_calls
-3.1,2.0,x1 = -3.1; x2 = 2.0,-3.1,2.0,x1 = -3.1; x2 = 2.0,0.2981951887022417,0.21250882652407005,0.3892959847736883,0.2981951887022417,0.21250882652407005,0.3892959847736883,0.8810788273557149,0.048046739526031536,0.07087443311825352,0.11120857508848898,0.78920054969524,0.09959087521627101,0.05403556899135855,0.0476910953978071,0.8982733356108342,0.30740210101965343,0.20060534121520415,0.3919925577651424,1.52524,0.78741,0.64199,0.95335,0.57589,0.29552,0.21066,0.23957,1.52524,0.78741,0.61823,0.90701,0.22615,0.5612600000000001,0.0004949490039396483,0.000489797439795295,39050
