z_x1,z_x2,z_note,x_x1,x_x2,x_note,"p(y=0|x,D)","p(y=1|x,D)","p(y=2|x,D)","p(u=0|z,D)","p(u=1|z,D)","p(u=2|z,D)","p(y=0|x,u=0,z,D)","p(y=1|x,u=0,z,D)","p(y=2|x,u=0,z,D)","p(y=0|x,u=1,z,D)","p(y=1|x,u=1,z,D)","p(y=2|x,u=1,z,D)","p(y=0|x,u=2,z,D)","p(y=1|x,u=2,z,D)","p(y=2|x,u=2,z,D)","p(y=0|x,z,D)","p(y=1|x,z,D)","p(y=2|x,z,D)","H[p(u|z,D)]","Var[p(u|z,D)]","H[p(y|x,u=0,z,D)]","H[p(y|x,u=1,z,D)]","H[p(y|x,u=2,z,D)]","Var[p(y|x,u=0,z,D)]","Var[p(y|x,u=1,z,D)]","Var[p(y|x,u=2,z,D)]","H[p(y|x,D)]","Var[p(y|x,D)]",Va,Ve,Va_variance,Ve_variance,kl_pyx_pyxz,kl_pyxz_pyx,api_calls
-0.6,-2.4,x1 = -0.6; x2 = -2.4,-0.6,-2.4,x1 = -0.6; x2 = -2.4,0.2823318527886679,0.40514442937635897,0.31252371783497324,0.2823318527886679,0.40514442937635897,0.31252371783497324,0.5770266929940728,0.2605987130361538,0.16237459396977333,0.21031058427190957,0.6286147017012017,0.1610747140268887,0.17200843529996349,0.24425892416284664,0.5837326405371899,0.3018758926971069,0.4045917691979068,0.29353233810498636,1.56763,0.59394,1.38918,1.31839,1.38685,0.56746,0.36896,0.58622,1.56763,0.59394,1.35977,0.20786000000000016,0.4929,0.10104000000000002,0.0012486790713846958,0.0012508310361652314,56850
