z_x1,z_x2,z_note,x_x1,x_x2,x_note,"p(y=0|x,D)","p(y=1|x,D)","p(y=2|x,D)","p(u=0|z,D)","p(u=1|z,D)","p(u=2|z,D)","p(y=0|x,u=0,z,D)","p(y=1|x,u=0,z,D)","p(y=2|x,u=0,z,D)","p(y=0|x,u=1,z,D)","p(y=1|x,u=1,z,D)","p(y=2|x,u=1,z,D)","p(y=0|x,u=2,z,D)","p(y=1|x,u=2,z,D)","p(y=2|x,u=2,z,D)","p(y=0|x,z,D)","p(y=1|x,z,D)","p(y=2|x,z,D)","H[p(u|z,D)]","Var[p(u|z,D)]","H[p(y|x,u=0,z,D)]","H[p(y|x,u=1,z,D)]","H[p(y|x,u=2,z,D)]","Var[p(y|x,u=0,z,D)]","Var[p(y|x,u=1,z,D)]","Var[p(y|x,u=2,z,D)]","H[p(y|x,D)]","Var[p(y|x,D)]",Va,Ve,Va_variance,Ve_variance,kl_pyx_pyxz,kl_pyxz_pyx,api_calls
1.2,-3.2,x1 = 1.2; x2 = -3.2,1.2,-3.2,x1 = 1.2; x2 = -3.2,0.5819543028957299,0.15625496186202154,0.26179073524224866,0.5819543028957299,0.15625496186202154,0.26179073524224866,0.8732235404818951,0.06865977657439518,0.058116682943709794,0.18279611963051212,0.6991126579199051,0.1180912224495829,0.11548185587265222,0.07743117853718962,0.8070869655901582,0.5669710774307146,0.16946743927378466,0.26356148329550083,1.37915,0.74124,0.67467,1.17314,0.89499,0.26694,0.2967,0.44425,1.37915,0.74124,0.81024,0.5689100000000001,0.31801,0.42323,0.0007312060248262089,0.0007440280589133879,48450
