z_x1,z_x2,z_note,x_x1,x_x2,x_note,"p(y=0|x,D)","p(y=1|x,D)","p(y=2|x,D)","p(u=0|z,D)","p(u=1|z,D)","p(u=2|z,D)","p(y=0|x,u=0,z,D)","p(y=1|x,u=0,z,D)","p(y=2|x,u=0,z,D)","p(y=0|x,u=1,z,D)","p(y=1|x,u=1,z,D)","p(y=2|x,u=1,z,D)","p(y=0|x,u=2,z,D)","p(y=1|x,u=2,z,D)","p(y=2|x,u=2,z,D)","p(y=0|x,z,D)","p(y=1|x,z,D)","p(y=2|x,z,D)","H[p(u|z,D)]","Var[p(u|z,D)]","H[p(y|x,u=0,z,D)]","H[p(y|x,u=1,z,D)]","H[p(y|x,u=2,z,D)]","Var[p(y|x,u=0,z,D)]","Var[p(y|x,u=1,z,D)]","Var[p(y|x,u=2,z,D)]","H[p(y|x,D)]","Var[p(y|x,D)]",Va,Ve,Va_variance,Ve_variance,kl_pyx_pyxz,kl_pyxz_pyx,api_calls
1.7,3.2,x1 = 1.7; x2 = 3.2,1.7,3.2,x1 = 1.7; x2 = 3.2,0.3161290659644177,0.3762808299470516,0.30759010408853077,0.3161290659644177,0.3762808299470516,0.30759010408853077,0.7787533754817288,0.12475540302538737,0.09649122149288389,0.1571469449039406,0.7138762254731164,0.12897682962294305,0.07883631728094154,0.11067719388946196,0.8104864888295966,0.329567231098176,0.3420999572216091,0.3283328116802151,1.57901,0.62365,0.98107,1.14778,0.88609,0.40976,0.28533,0.35401,1.57901,0.62365,1.01458,0.56443,0.34579,0.27786000000000005,0.002600642686707049,0.002567588085934977,71650
