z_x1,z_x2,z_note,x_x1,x_x2,x_note,"p(y=0|x,D)","p(y=1|x,D)","p(y=2|x,D)","p(u=0|z,D)","p(u=1|z,D)","p(u=2|z,D)","p(y=0|x,u=0,z,D)","p(y=1|x,u=0,z,D)","p(y=2|x,u=0,z,D)","p(y=0|x,u=1,z,D)","p(y=1|x,u=1,z,D)","p(y=2|x,u=1,z,D)","p(y=0|x,u=2,z,D)","p(y=1|x,u=2,z,D)","p(y=2|x,u=2,z,D)","p(y=0|x,z,D)","p(y=1|x,z,D)","p(y=2|x,z,D)","H[p(u|z,D)]","Var[p(u|z,D)]","H[p(y|x,u=0,z,D)]","H[p(y|x,u=1,z,D)]","H[p(y|x,u=2,z,D)]","Var[p(y|x,u=0,z,D)]","Var[p(y|x,u=1,z,D)]","Var[p(y|x,u=2,z,D)]","H[p(y|x,D)]","Var[p(y|x,D)]",Va,Ve,Va_variance,Ve_variance,kl_pyx_pyxz,kl_pyxz_pyx,api_calls
-2.6,1.8,x1 = -2.6; x2 = 1.8,-2.6,1.8,x1 = -2.6; x2 = 1.8,0.2024671747262929,0.13401677426967487,0.6635160510040322,0.2024671747262929,0.13401677426967487,0.6635160510040322,0.6588885092001487,0.07833140462681923,0.26278008617303195,0.1854326890327497,0.5263358874680376,0.2882314234992128,0.10667865615370435,0.062432887768423206,0.8308884560778724,0.22903738640321689,0.12782259915284927,0.6431400144439339,1.24778,0.65342,1.19105,1.45544,0.81633,0.76477,0.4631,0.41309,1.24778,0.65342,0.97785,0.2699299999999999,0.491,0.16242,0.0020716325706631317,0.0021333321987937956,58950
