z_x1,z_x2,z_note,x_x1,x_x2,x_note,"p(y=0|x,D)","p(y=1|x,D)","p(y=2|x,D)","p(u=0|z,D)","p(u=1|z,D)","p(u=2|z,D)","p(y=0|x,u=0,z,D)","p(y=1|x,u=0,z,D)","p(y=2|x,u=0,z,D)","p(y=0|x,u=1,z,D)","p(y=1|x,u=1,z,D)","p(y=2|x,u=1,z,D)","p(y=0|x,u=2,z,D)","p(y=1|x,u=2,z,D)","p(y=2|x,u=2,z,D)","p(y=0|x,z,D)","p(y=1|x,z,D)","p(y=2|x,z,D)","H[p(u|z,D)]","Var[p(u|z,D)]","H[p(y|x,u=0,z,D)]","H[p(y|x,u=1,z,D)]","H[p(y|x,u=2,z,D)]","Var[p(y|x,u=0,z,D)]","Var[p(y|x,u=1,z,D)]","Var[p(y|x,u=2,z,D)]","H[p(y|x,D)]","Var[p(y|x,D)]",Va,Ve,Va_variance,Ve_variance,kl_pyx_pyxz,kl_pyxz_pyx,api_calls
-1.0,-2.9,x1 = -1.0; x2 = -2.9,-1.0,-2.9,x1 = -1.0; x2 = -2.9,0.21967716575147928,0.22391808433674396,0.5564047499117767,0.21967716575147928,0.22391808433674396,0.5564047499117767,0.7304210490922142,0.11806662666917764,0.1515123242386082,0.13722743505641974,0.6919036471294022,0.17086891781417807,0.08230192011840677,0.09217331919250003,0.8255247606890931,0.2369777095268193,0.2321519537411865,0.530870336731994,1.43437,0.6627,1.10744,1.19641,0.84191,0.5468,0.30696,0.35545,1.43437,0.6627,0.97962,0.4547499999999999,0.38663,0.27607,0.0013997187659501552,0.0014086850664920825,40600
