z_x1,z_x2,z_note,x_x1,x_x2,x_note,"p(y=0|x,D)","p(y=1|x,D)","p(y=2|x,D)","p(u=0|z,D)","p(u=1|z,D)","p(u=2|z,D)","p(y=0|x,u=0,z,D)","p(y=1|x,u=0,z,D)","p(y=2|x,u=0,z,D)","p(y=0|x,u=1,z,D)","p(y=1|x,u=1,z,D)","p(y=2|x,u=1,z,D)","p(y=0|x,u=2,z,D)","p(y=1|x,u=2,z,D)","p(y=2|x,u=2,z,D)","p(y=0|x,z,D)","p(y=1|x,z,D)","p(y=2|x,z,D)","H[p(u|z,D)]","Var[p(u|z,D)]","H[p(y|x,u=0,z,D)]","H[p(y|x,u=1,z,D)]","H[p(y|x,u=2,z,D)]","Var[p(y|x,u=0,z,D)]","Var[p(y|x,u=1,z,D)]","Var[p(y|x,u=2,z,D)]","H[p(y|x,D)]","Var[p(y|x,D)]",Va,Ve,Va_variance,Ve_variance,kl_pyx_pyxz,kl_pyxz_pyx,api_calls
0.1,0.8,x1 = 0.1; x2 = 0.8,0.1,0.8,x1 = 0.1; x2 = 0.8,0.18010050192749907,0.29589391315072466,0.5240055849217763,0.18010050192749907,0.29589391315072466,0.5240055849217763,0.6769811644301893,0.14325142585115763,0.17976740971865313,0.11211120184066022,0.7099927396462944,0.1778960585130453,0.10321189076579995,0.12640918167532808,0.7703789275588719,0.20918127692161903,0.3021213009234325,0.4886974221549485,1.45381,0.58584,1.22767,1.14788,1.00528,0.60953,0.28568,0.42848,1.45381,0.58584,1.08753,0.36627999999999994,0.41883,0.16701000000000005,0.0034326875361027215,0.0035130600061082026,6450
