z_x1,z_x2,z_note,x_x1,x_x2,x_note,"p(y=0|x,D)","p(y=1|x,D)","p(y=2|x,D)","p(u=0|z,D)","p(u=1|z,D)","p(u=2|z,D)","p(y=0|x,u=0,z,D)","p(y=1|x,u=0,z,D)","p(y=2|x,u=0,z,D)","p(y=0|x,u=1,z,D)","p(y=1|x,u=1,z,D)","p(y=2|x,u=1,z,D)","p(y=0|x,u=2,z,D)","p(y=1|x,u=2,z,D)","p(y=2|x,u=2,z,D)","p(y=0|x,z,D)","p(y=1|x,z,D)","p(y=2|x,z,D)","H[p(u|z,D)]","Var[p(u|z,D)]","H[p(y|x,u=0,z,D)]","H[p(y|x,u=1,z,D)]","H[p(y|x,u=2,z,D)]","Var[p(y|x,u=0,z,D)]","Var[p(y|x,u=1,z,D)]","Var[p(y|x,u=2,z,D)]","H[p(y|x,D)]","Var[p(y|x,D)]",Va,Ve,Va_variance,Ve_variance,kl_pyx_pyxz,kl_pyxz_pyx,api_calls
2.8,-0.5,x1 = 2.8; x2 = -0.5,2.8,-0.5,x1 = 2.8; x2 = -0.5,0.7177272165870308,0.17624448501141918,0.1060282984015501,0.7177272165870308,0.17624448501141918,0.1060282984015501,0.8475692846071137,0.08129556844588932,0.07113514694699696,0.2101343348444436,0.6937264266296691,0.09613923852588738,0.2267351672225845,0.12291796981308215,0.6503468629643334,0.6693989051020023,0.1936462820439409,0.13695481285405692,1.12807,0.44958,0.76783,1.16374,1.26084,0.31585,0.29328,0.69764,1.12807,0.44958,0.88988,0.2381899999999999,0.35235,0.09722999999999998,0.006299568709535561,0.006623428725191206,33800
