z_x1,z_x2,z_note,x_x1,x_x2,x_note,"p(y=0|x,D)","p(y=1|x,D)","p(y=2|x,D)","p(u=0|z,D)","p(u=1|z,D)","p(u=2|z,D)","p(y=0|x,u=0,z,D)","p(y=1|x,u=0,z,D)","p(y=2|x,u=0,z,D)","p(y=0|x,u=1,z,D)","p(y=1|x,u=1,z,D)","p(y=2|x,u=1,z,D)","p(y=0|x,u=2,z,D)","p(y=1|x,u=2,z,D)","p(y=2|x,u=2,z,D)","p(y=0|x,z,D)","p(y=1|x,z,D)","p(y=2|x,z,D)","H[p(u|z,D)]","Var[p(u|z,D)]","H[p(y|x,u=0,z,D)]","H[p(y|x,u=1,z,D)]","H[p(y|x,u=2,z,D)]","Var[p(y|x,u=0,z,D)]","Var[p(y|x,u=1,z,D)]","Var[p(y|x,u=2,z,D)]","H[p(y|x,D)]","Var[p(y|x,D)]",Va,Ve,Va_variance,Ve_variance,kl_pyx_pyxz,kl_pyxz_pyx,api_calls
1.3,-1.3,x1 = 1.3; x2 = -1.3,1.3,-1.3,x1 = 1.3; x2 = -1.3,0.37207380587510663,0.3036871188082905,0.3242390753166028,0.37207380587510663,0.3036871188082905,0.3242390753166028,0.6110310442007914,0.18004454844491993,0.20892440735428855,0.24025344638127652,0.5387884541177204,0.22095809950100312,0.195489030707353,0.19809587685896707,0.60641509243368,0.363695705590012,0.2948433975819328,0.3414608968280551,1.57969,0.69402,1.35155,1.45628,1.36065,0.65827,0.46084,0.63304,1.57969,0.69402,1.38631,0.1933800000000001,0.59013,0.10388999999999993,0.0006688806490050096,0.0006745561472586287,53400
