z_x1,z_x2,z_note,x_x1,x_x2,x_note,"p(y=0|x,D)","p(y=1|x,D)","p(y=2|x,D)","p(u=0|z,D)","p(u=1|z,D)","p(u=2|z,D)","p(y=0|x,u=0,z,D)","p(y=1|x,u=0,z,D)","p(y=2|x,u=0,z,D)","p(y=0|x,u=1,z,D)","p(y=1|x,u=1,z,D)","p(y=2|x,u=1,z,D)","p(y=0|x,u=2,z,D)","p(y=1|x,u=2,z,D)","p(y=2|x,u=2,z,D)","p(y=0|x,z,D)","p(y=1|x,z,D)","p(y=2|x,z,D)","H[p(u|z,D)]","Var[p(u|z,D)]","H[p(y|x,u=0,z,D)]","H[p(y|x,u=1,z,D)]","H[p(y|x,u=2,z,D)]","Var[p(y|x,u=0,z,D)]","Var[p(y|x,u=1,z,D)]","Var[p(y|x,u=2,z,D)]","H[p(y|x,D)]","Var[p(y|x,D)]",Va,Ve,Va_variance,Ve_variance,kl_pyx_pyxz,kl_pyxz_pyx,api_calls
2.2,-2.9,x1 = 2.2; x2 = -2.9,2.2,-2.9,x1 = 2.2; x2 = -2.9,0.6219819532801065,0.11631191098670164,0.2617061357331919,0.6219819532801065,0.11631191098670164,0.2617061357331919,0.8732088979612029,0.06116232129125963,0.06562878074753742,0.2596453378785836,0.6185776366717027,0.12177702544971361,0.1945157550390953,0.08285316289747088,0.7226310820634338,0.62422598799343,0.13167298817397624,0.2441010238325939,1.29325,0.75389,0.67525,1.30369,1.09585,0.28665,0.36241,0.63824,1.29325,0.75389,0.85842,0.43483000000000005,0.38748,0.36640999999999996,0.0015572115575370298,0.0015823719624538934,8600
