z_x1,z_x2,z_note,x_x1,x_x2,x_note,"p(y=0|x,D)","p(y=1|x,D)","p(y=2|x,D)","p(u=0|z,D)","p(u=1|z,D)","p(u=2|z,D)","p(y=0|x,u=0,z,D)","p(y=1|x,u=0,z,D)","p(y=2|x,u=0,z,D)","p(y=0|x,u=1,z,D)","p(y=1|x,u=1,z,D)","p(y=2|x,u=1,z,D)","p(y=0|x,u=2,z,D)","p(y=1|x,u=2,z,D)","p(y=2|x,u=2,z,D)","p(y=0|x,z,D)","p(y=1|x,z,D)","p(y=2|x,z,D)","H[p(u|z,D)]","Var[p(u|z,D)]","H[p(y|x,u=0,z,D)]","H[p(y|x,u=1,z,D)]","H[p(y|x,u=2,z,D)]","Var[p(y|x,u=0,z,D)]","Var[p(y|x,u=1,z,D)]","Var[p(y|x,u=2,z,D)]","H[p(y|x,D)]","Var[p(y|x,D)]",Va,Ve,Va_variance,Ve_variance,kl_pyx_pyxz,kl_pyxz_pyx,api_calls
-2.5,3.8,x1 = -2.5; x2 = 3.8,-2.5,3.8,x1 = -2.5; x2 = 3.8,0.3357253671441753,0.15236566824693049,0.41190896460889415,0.3357253671441753,0.15236566824693049,0.41190896460889415,0.8738191502796653,0.04316366555863811,0.0830171841616966,0.12826566392265767,0.7459729092487107,0.12576142682863162,0.05431061507923092,0.04678082295766524,0.8989085619631038,0.335277567866522,0.14742123862679268,0.41730119350668515,1.46931,0.84707,0.66381,1.07161,0.57313,0.33147,0.25402,0.23987,1.46931,0.84707,0.62221,0.8470999999999999,0.24879,0.5982799999999999,0.00011729325677945022,0.00011654832689798628,63950
