z_x1,z_x2,z_note,x_x1,x_x2,x_note,"p(y=0|x,D)","p(y=1|x,D)","p(y=2|x,D)","p(u=0|z,D)","p(u=1|z,D)","p(u=2|z,D)","p(y=0|x,u=0,z,D)","p(y=1|x,u=0,z,D)","p(y=2|x,u=0,z,D)","p(y=0|x,u=1,z,D)","p(y=1|x,u=1,z,D)","p(y=2|x,u=1,z,D)","p(y=0|x,u=2,z,D)","p(y=1|x,u=2,z,D)","p(y=2|x,u=2,z,D)","p(y=0|x,z,D)","p(y=1|x,z,D)","p(y=2|x,z,D)","H[p(u|z,D)]","Var[p(u|z,D)]","H[p(y|x,u=0,z,D)]","H[p(y|x,u=1,z,D)]","H[p(y|x,u=2,z,D)]","Var[p(y|x,u=0,z,D)]","Var[p(y|x,u=1,z,D)]","Var[p(y|x,u=2,z,D)]","H[p(y|x,D)]","Var[p(y|x,D)]",Va,Ve,Va_variance,Ve_variance,kl_pyx_pyxz,kl_pyxz_pyx,api_calls
3.9,1.3,x1 = 3.9; x2 = 1.3,3.9,1.3,x1 = 3.9; x2 = 1.3,0.37263986551616857,0.3531711424765537,0.2741889920072777,0.37263986551616857,0.3531711424765537,0.2741889920072777,0.8834646500754675,0.06791897196234364,0.04861637796218903,0.11710331087358875,0.8137038459694708,0.06919284315694049,0.1009869073072956,0.0888416785103062,0.8101714141823984,0.39826115680194324,0.3370454437756233,0.26469339942243353,1.57285,0.63714,0.63354,0.87097,0.89038,0.23511,0.184,0.40822,1.57285,0.63714,0.78782,0.7850300000000001,0.26452,0.37262000000000006,0.0013904838666365868,0.0014015279901796462,78700
