z_x1,z_x2,z_note,x_x1,x_x2,x_note,"p(y=0|x,D)","p(y=1|x,D)","p(y=2|x,D)","p(u=0|z,D)","p(u=1|z,D)","p(u=2|z,D)","p(y=0|x,u=0,z,D)","p(y=1|x,u=0,z,D)","p(y=2|x,u=0,z,D)","p(y=0|x,u=1,z,D)","p(y=1|x,u=1,z,D)","p(y=2|x,u=1,z,D)","p(y=0|x,u=2,z,D)","p(y=1|x,u=2,z,D)","p(y=2|x,u=2,z,D)","p(y=0|x,z,D)","p(y=1|x,z,D)","p(y=2|x,z,D)","H[p(u|z,D)]","Var[p(u|z,D)]","H[p(y|x,u=0,z,D)]","H[p(y|x,u=1,z,D)]","H[p(y|x,u=2,z,D)]","Var[p(y|x,u=0,z,D)]","Var[p(y|x,u=1,z,D)]","Var[p(y|x,u=2,z,D)]","H[p(y|x,D)]","Var[p(y|x,D)]",Va,Ve,Va_variance,Ve_variance,kl_pyx_pyxz,kl_pyxz_pyx,api_calls
0.2,1.5,x1 = 0.2; x2 = 1.5,0.2,1.5,x1 = 0.2; x2 = 1.5,0.20970557221886513,0.5307657167890671,0.25952871099206765,0.20970557221886513,0.5307657167890671,0.25952871099206765,0.6396522648340903,0.19727784537037021,0.1630698897955395,0.12118316528640853,0.7473534971270649,0.1314633375865266,0.11460486638417715,0.17052118841461067,0.7148739452012121,0.22820176705023823,0.48229502227304033,0.28950321067672136,1.46268,0.46675,1.30097,1.06779,1.13951,0.57559,0.25254,0.46916,1.46268,0.46675,1.1353,0.32738,0.3765,0.09025,0.004736876940452779,0.004744492540698371,10800
