z_x1,z_x2,z_note,x_x1,x_x2,x_note,"p(y=0|x,D)","p(y=1|x,D)","p(y=2|x,D)","p(u=0|z,D)","p(u=1|z,D)","p(u=2|z,D)","p(y=0|x,u=0,z,D)","p(y=1|x,u=0,z,D)","p(y=2|x,u=0,z,D)","p(y=0|x,u=1,z,D)","p(y=1|x,u=1,z,D)","p(y=2|x,u=1,z,D)","p(y=0|x,u=2,z,D)","p(y=1|x,u=2,z,D)","p(y=2|x,u=2,z,D)","p(y=0|x,z,D)","p(y=1|x,z,D)","p(y=2|x,z,D)","H[p(u|z,D)]","Var[p(u|z,D)]","H[p(y|x,u=0,z,D)]","H[p(y|x,u=1,z,D)]","H[p(y|x,u=2,z,D)]","Var[p(y|x,u=0,z,D)]","Var[p(y|x,u=1,z,D)]","Var[p(y|x,u=2,z,D)]","H[p(y|x,D)]","Var[p(y|x,D)]",Va,Ve,Va_variance,Ve_variance,kl_pyx_pyxz,kl_pyxz_pyx,api_calls
0.5,-3.4,x1 = 0.5; x2 = -3.4,0.5,-3.4,x1 = 0.5; x2 = -3.4,0.3603646982483118,0.19777109345251595,0.34186420829917213,0.3603646982483118,0.19777109345251595,0.34186420829917213,0.8764882132490748,0.0631867926977349,0.06032499405319034,0.08306277223515673,0.7986440997573747,0.11829312800746856,0.054188964384978236,0.06212505943836992,0.8836859761766519,0.3508080931838717,0.20195734063265142,0.3472345661834768,1.52241,0.78819,0.66284,0.92152,0.6346,0.27069,0.20011,0.24981,1.52241,0.78819,0.63806,0.8843500000000001,0.22252,0.5656699999999999,0.00021443780456915223,0.00021381079455309697,20350
