z_x1,z_x2,z_note,x_x1,x_x2,x_note,"p(y=0|x,D)","p(y=1|x,D)","p(y=2|x,D)","p(u=0|z,D)","p(u=1|z,D)","p(u=2|z,D)","p(y=0|x,u=0,z,D)","p(y=1|x,u=0,z,D)","p(y=2|x,u=0,z,D)","p(y=0|x,u=1,z,D)","p(y=1|x,u=1,z,D)","p(y=2|x,u=1,z,D)","p(y=0|x,u=2,z,D)","p(y=1|x,u=2,z,D)","p(y=2|x,u=2,z,D)","p(y=0|x,z,D)","p(y=1|x,z,D)","p(y=2|x,z,D)","H[p(u|z,D)]","Var[p(u|z,D)]","H[p(y|x,u=0,z,D)]","H[p(y|x,u=1,z,D)]","H[p(y|x,u=2,z,D)]","Var[p(y|x,u=0,z,D)]","Var[p(y|x,u=1,z,D)]","Var[p(y|x,u=2,z,D)]","H[p(y|x,D)]","Var[p(y|x,D)]",Va,Ve,Va_variance,Ve_variance,kl_pyx_pyxz,kl_pyxz_pyx,api_calls
-3.7,2.7,x1 = -3.7; x2 = 2.7,-3.7,2.7,x1 = -3.7; x2 = 2.7,0.30120898422499087,0.2253448396257181,0.373446176149291,0.30120898422499087,0.2253448396257181,0.373446176149291,0.8730075808663479,0.0492385256580543,0.07775389347559795,0.09623787556076244,0.8033429328096146,0.10041919162962298,0.05149209892434179,0.048560230776418384,0.8999476702992398,0.3038739627328255,0.21399490315301586,0.3821311341141586,1.53656,0.77388,0.67147,0.91178,0.56915,0.31833,0.19664,0.23156,1.53656,0.77388,0.62026,0.9162999999999999,0.22667,0.54721,0.0004069774650038577,0.00040272499219172996,15400
