z_x1,z_x2,z_note,x_x1,x_x2,x_note,"p(y=0|x,D)","p(y=1|x,D)","p(y=2|x,D)","p(u=0|z,D)","p(u=1|z,D)","p(u=2|z,D)","p(y=0|x,u=0,z,D)","p(y=1|x,u=0,z,D)","p(y=2|x,u=0,z,D)","p(y=0|x,u=1,z,D)","p(y=1|x,u=1,z,D)","p(y=2|x,u=1,z,D)","p(y=0|x,u=2,z,D)","p(y=1|x,u=2,z,D)","p(y=2|x,u=2,z,D)","p(y=0|x,z,D)","p(y=1|x,z,D)","p(y=2|x,z,D)","H[p(u|z,D)]","Var[p(u|z,D)]","H[p(y|x,u=0,z,D)]","H[p(y|x,u=1,z,D)]","H[p(y|x,u=2,z,D)]","Var[p(y|x,u=0,z,D)]","Var[p(y|x,u=1,z,D)]","Var[p(y|x,u=2,z,D)]","H[p(y|x,D)]","Var[p(y|x,D)]",Va,Ve,Va_variance,Ve_variance,kl_pyx_pyxz,kl_pyxz_pyx,api_calls
1.2,-0.2,x1 = 1.2; x2 = -0.2,1.2,-0.2,x1 = 1.2; x2 = -0.2,0.48270337897527915,0.21854911489817277,0.29874750612654816,0.48270337897527915,0.21854911489817277,0.29874750612654816,0.7702379994797619,0.10383446437231192,0.1259275361479263,0.22519597325956386,0.6248280409906555,0.14997598574978066,0.19889427097287002,0.13519903867998956,0.6659066903471405,0.4804320330345535,0.2270672377650238,0.2925007292004229,1.50743,0.74761,1.00582,1.31878,1.24433,0.48103,0.36951,0.6467,1.50743,0.74761,1.14547,0.36196000000000006,0.50615,0.24146,0.00023340453954679222,0.00023500666662439312,49950
