z_x1,z_x2,z_note,x_x1,x_x2,x_note,"p(y=0|x,D)","p(y=1|x,D)","p(y=2|x,D)","p(u=0|z,D)","p(u=1|z,D)","p(u=2|z,D)","p(y=0|x,u=0,z,D)","p(y=1|x,u=0,z,D)","p(y=2|x,u=0,z,D)","p(y=0|x,u=1,z,D)","p(y=1|x,u=1,z,D)","p(y=2|x,u=1,z,D)","p(y=0|x,u=2,z,D)","p(y=1|x,u=2,z,D)","p(y=2|x,u=2,z,D)","p(y=0|x,z,D)","p(y=1|x,z,D)","p(y=2|x,z,D)","H[p(u|z,D)]","Var[p(u|z,D)]","H[p(y|x,u=0,z,D)]","H[p(y|x,u=1,z,D)]","H[p(y|x,u=2,z,D)]","Var[p(y|x,u=0,z,D)]","Var[p(y|x,u=1,z,D)]","Var[p(y|x,u=2,z,D)]","H[p(y|x,D)]","Var[p(y|x,D)]",Va,Ve,Va_variance,Ve_variance,kl_pyx_pyxz,kl_pyxz_pyx,api_calls
-1.0,1.0,x1 = -1.0; x2 = 1.0,-1.0,1.0,x1 = -1.0; x2 = 1.0,0.23287253220189946,0.4834441537288294,0.28368331406927105,0.23287253220189946,0.4834441537288294,0.28368331406927105,0.7486900861946887,0.13034250801493166,0.12096740579037968,0.0984430532335102,0.7706772805222728,0.13087966624421685,0.08939184555687216,0.13949611719024757,0.7711120372528804,0.2473000497659139,0.4425053363994342,0.3101946138346518,1.51215,0.51397,1.06441,1.00283,0.99698,0.47562,0.22827,0.39576,1.51215,0.51397,1.01551,0.4966400000000002,0.33339,0.18058000000000002,0.0034338363413928714,0.003424374720953676,42550
