z_x1,z_x2,z_note,x_x1,x_x2,x_note,"p(y=0|x,D)","p(y=1|x,D)","p(y=2|x,D)","p(u=0|z,D)","p(u=1|z,D)","p(u=2|z,D)","p(y=0|x,u=0,z,D)","p(y=1|x,u=0,z,D)","p(y=2|x,u=0,z,D)","p(y=0|x,u=1,z,D)","p(y=1|x,u=1,z,D)","p(y=2|x,u=1,z,D)","p(y=0|x,u=2,z,D)","p(y=1|x,u=2,z,D)","p(y=2|x,u=2,z,D)","p(y=0|x,z,D)","p(y=1|x,z,D)","p(y=2|x,z,D)","H[p(u|z,D)]","Var[p(u|z,D)]","H[p(y|x,u=0,z,D)]","H[p(y|x,u=1,z,D)]","H[p(y|x,u=2,z,D)]","Var[p(y|x,u=0,z,D)]","Var[p(y|x,u=1,z,D)]","Var[p(y|x,u=2,z,D)]","H[p(y|x,D)]","Var[p(y|x,D)]",Va,Ve,Va_variance,Ve_variance,kl_pyx_pyxz,kl_pyxz_pyx,api_calls
2.7,2.0,x1 = 2.7; x2 = 2.0,2.7,2.0,x1 = 2.7; x2 = 2.0,0.3611935079387446,0.3946598443153908,0.24414664774586464,0.3611935079387446,0.3946598443153908,0.24414664774586464,0.809154663652819,0.10488556513488947,0.08595977121229156,0.14325931384013874,0.7516916840242224,0.1050490021356389,0.09490374125584837,0.10769875463904248,0.7973975041051091,0.37197054021279186,0.36084079810490854,0.2671886616822996,1.55665,0.59164,0.89273,1.05264,0.92912,0.3721,0.24685,0.3988,1.55665,0.59164,0.96472,0.5919300000000001,0.32919,0.26245000000000007,0.0027185636798480774,0.002706115447049174,31050
