z_x1,z_x2,z_note,x_x1,x_x2,x_note,"p(y=0|x,D)","p(y=1|x,D)","p(y=2|x,D)","p(u=0|z,D)","p(u=1|z,D)","p(u=2|z,D)","p(y=0|x,u=0,z,D)","p(y=1|x,u=0,z,D)","p(y=2|x,u=0,z,D)","p(y=0|x,u=1,z,D)","p(y=1|x,u=1,z,D)","p(y=2|x,u=1,z,D)","p(y=0|x,u=2,z,D)","p(y=1|x,u=2,z,D)","p(y=2|x,u=2,z,D)","p(y=0|x,z,D)","p(y=1|x,z,D)","p(y=2|x,z,D)","H[p(u|z,D)]","Var[p(u|z,D)]","H[p(y|x,u=0,z,D)]","H[p(y|x,u=1,z,D)]","H[p(y|x,u=2,z,D)]","Var[p(y|x,u=0,z,D)]","Var[p(y|x,u=1,z,D)]","Var[p(y|x,u=2,z,D)]","H[p(y|x,D)]","Var[p(y|x,D)]",Va,Ve,Va_variance,Ve_variance,kl_pyx_pyxz,kl_pyxz_pyx,api_calls
-3.3,-3.7,x1 = -3.3; x2 = -3.7,-3.3,-3.7,x1 = -3.3; x2 = -3.7,0.18657544618437608,0.12024980823868026,0.5931747455769436,0.18657544618437608,0.12024980823868026,0.5931747455769436,0.7884955308163197,0.05984055687450483,0.15166391230917542,0.12357803491692931,0.6738988457718613,0.20252311931120942,0.06594424474691787,0.058838450591937375,0.8752173046611447,0.2010906010777317,0.12710246853513057,0.5718069303871376,1.26633,0.78575,0.92612,1.22307,0.66744,0.5346,0.31987,0.28624,1.26633,0.78575,0.71577,0.5505599999999999,0.308,0.47774999999999995,0.0011194529550481204,0.00113174519415922,28200
