z_x1,z_x2,z_note,x_x1,x_x2,x_note,"p(y=0|x,D)","p(y=1|x,D)","p(y=2|x,D)","p(u=0|z,D)","p(u=1|z,D)","p(u=2|z,D)","p(y=0|x,u=0,z,D)","p(y=1|x,u=0,z,D)","p(y=2|x,u=0,z,D)","p(y=0|x,u=1,z,D)","p(y=1|x,u=1,z,D)","p(y=2|x,u=1,z,D)","p(y=0|x,u=2,z,D)","p(y=1|x,u=2,z,D)","p(y=2|x,u=2,z,D)","p(y=0|x,z,D)","p(y=1|x,z,D)","p(y=2|x,z,D)","H[p(u|z,D)]","Var[p(u|z,D)]","H[p(y|x,u=0,z,D)]","H[p(y|x,u=1,z,D)]","H[p(y|x,u=2,z,D)]","Var[p(y|x,u=0,z,D)]","Var[p(y|x,u=1,z,D)]","Var[p(y|x,u=2,z,D)]","H[p(y|x,D)]","Var[p(y|x,D)]",Va,Ve,Va_variance,Ve_variance,kl_pyx_pyxz,kl_pyxz_pyx,api_calls
3.5,-3.3,x1 = 3.5; x2 = -3.3,3.5,-3.3,x1 = 3.5; x2 = -3.3,0.5122457138285638,0.14507907460563046,0.24267521156580568,0.5122457138285638,0.14507907460563046,0.24267521156580568,0.9263983474713209,0.03798175958379656,0.03561989294488243,0.1326090036645135,0.7870417698647049,0.08034922647078165,0.07667634990818122,0.054834781800789364,0.8684888682910294,0.5123898237621325,0.14694632747308708,0.24066384876478028,1.39418,0.71834,0.45277,0.95071,0.69045,0.16853,0.21023,0.3182,1.39418,0.71834,0.53741,0.8567699999999999,0.19405,0.5242899999999999,2.0316193944408967e-05,2.034387131154931e-05,60400
