z_x1,z_x2,z_note,x_x1,x_x2,x_note,"p(y=0|x,D)","p(y=1|x,D)","p(y=2|x,D)","p(u=0|z,D)","p(u=1|z,D)","p(u=2|z,D)","p(y=0|x,u=0,z,D)","p(y=1|x,u=0,z,D)","p(y=2|x,u=0,z,D)","p(y=0|x,u=1,z,D)","p(y=1|x,u=1,z,D)","p(y=2|x,u=1,z,D)","p(y=0|x,u=2,z,D)","p(y=1|x,u=2,z,D)","p(y=2|x,u=2,z,D)","p(y=0|x,z,D)","p(y=1|x,z,D)","p(y=2|x,z,D)","H[p(u|z,D)]","Var[p(u|z,D)]","H[p(y|x,u=0,z,D)]","H[p(y|x,u=1,z,D)]","H[p(y|x,u=2,z,D)]","Var[p(y|x,u=0,z,D)]","Var[p(y|x,u=1,z,D)]","Var[p(y|x,u=2,z,D)]","H[p(y|x,D)]","Var[p(y|x,D)]",Va,Ve,Va_variance,Ve_variance,kl_pyx_pyxz,kl_pyxz_pyx,api_calls
1.1,-3.9,x1 = 1.1; x2 = -3.9,1.1,-3.9,x1 = 1.1; x2 = -3.9,0.537728037734189,0.17653405832092095,0.28573790394489,0.537728037734189,0.17653405832092095,0.28573790394489,0.8800678477174252,0.06401451773127476,0.05591763455130007,0.1669675972606305,0.7132367424714141,0.1197956602679553,0.09575051184578477,0.07806095117480766,0.8261885369794075,0.5300721749350192,0.18263795026684507,0.28728987479813567,1.43937,0.75997,0.6487,1.14564,0.83886,0.25676,0.28454,0.3884,1.43937,0.75997,0.79076,0.64861,0.29928,0.46069000000000004,0.00016237618907742396,0.0001632968397740455,44100
