z_x1,z_x2,z_note,x_x1,x_x2,x_note,"p(y=0|x,D)","p(y=1|x,D)","p(y=2|x,D)","p(u=0|z,D)","p(u=1|z,D)","p(u=2|z,D)","p(y=0|x,u=0,z,D)","p(y=1|x,u=0,z,D)","p(y=2|x,u=0,z,D)","p(y=0|x,u=1,z,D)","p(y=1|x,u=1,z,D)","p(y=2|x,u=1,z,D)","p(y=0|x,u=2,z,D)","p(y=1|x,u=2,z,D)","p(y=2|x,u=2,z,D)","p(y=0|x,z,D)","p(y=1|x,z,D)","p(y=2|x,z,D)","H[p(u|z,D)]","Var[p(u|z,D)]","H[p(y|x,u=0,z,D)]","H[p(y|x,u=1,z,D)]","H[p(y|x,u=2,z,D)]","Var[p(y|x,u=0,z,D)]","Var[p(y|x,u=1,z,D)]","Var[p(y|x,u=2,z,D)]","H[p(y|x,D)]","Var[p(y|x,D)]",Va,Ve,Va_variance,Ve_variance,kl_pyx_pyxz,kl_pyxz_pyx,api_calls
-3.8,-1.3,x1 = -3.8; x2 = -1.3,-3.8,-1.3,x1 = -3.8; x2 = -1.3,0.163859565175709,0.11048179108181673,0.6256586437424743,0.163859565175709,0.11048179108181673,0.6256586437424743,0.782828329071627,0.07161200535129074,0.14555966557708222,0.14309893672886806,0.673524828111938,0.18337623515919377,0.07974234030026031,0.06936074989788593,0.8508969098018537,0.19397522092172428,0.12954269411617497,0.5764820849621006,1.202,0.75862,0.95361,1.23417,0.75617,0.52228,0.32485,0.33596,1.202,0.75862,0.76572,0.43628,0.33167,0.42694999999999994,0.005986075464946172,0.006154413172834626,9400
