z_x1,z_x2,z_note,x_x1,x_x2,x_note,"p(y=0|x,D)","p(y=1|x,D)","p(y=2|x,D)","p(u=0|z,D)","p(u=1|z,D)","p(u=2|z,D)","p(y=0|x,u=0,z,D)","p(y=1|x,u=0,z,D)","p(y=2|x,u=0,z,D)","p(y=0|x,u=1,z,D)","p(y=1|x,u=1,z,D)","p(y=2|x,u=1,z,D)","p(y=0|x,u=2,z,D)","p(y=1|x,u=2,z,D)","p(y=2|x,u=2,z,D)","p(y=0|x,z,D)","p(y=1|x,z,D)","p(y=2|x,z,D)","H[p(u|z,D)]","Var[p(u|z,D)]","H[p(y|x,u=0,z,D)]","H[p(y|x,u=1,z,D)]","H[p(y|x,u=2,z,D)]","Var[p(y|x,u=0,z,D)]","Var[p(y|x,u=1,z,D)]","Var[p(y|x,u=2,z,D)]","H[p(y|x,D)]","Var[p(y|x,D)]",Va,Ve,Va_variance,Ve_variance,kl_pyx_pyxz,kl_pyxz_pyx,api_calls
2.9,2.3,x1 = 2.9; x2 = 2.3,2.9,2.3,x1 = 2.9; x2 = 2.3,0.36457424181932496,0.39401760771477085,0.2414081504659043,0.36457424181932496,0.39401760771477085,0.2414081504659043,0.7887661958822921,0.12166505132882255,0.08956875278888539,0.18003721202612305,0.7046782905930609,0.11528449738081603,0.12243889260370211,0.12918225528511856,0.7483788521111793,0.388059416027223,0.3531972474335215,0.25874333653925563,1.55514,0.59081,0.95154,1.16049,1.06533,0.38946,0.29113,0.47902,1.55514,0.59081,1.06134,0.4938,0.37234,0.21846999999999994,0.0035924926425794194,0.0035402766714221594,39200
