z_x1,z_x2,z_note,x_x1,x_x2,x_note,"p(y=0|x,D)","p(y=1|x,D)","p(y=2|x,D)","p(u=0|z,D)","p(u=1|z,D)","p(u=2|z,D)","p(y=0|x,u=0,z,D)","p(y=1|x,u=0,z,D)","p(y=2|x,u=0,z,D)","p(y=0|x,u=1,z,D)","p(y=1|x,u=1,z,D)","p(y=2|x,u=1,z,D)","p(y=0|x,u=2,z,D)","p(y=1|x,u=2,z,D)","p(y=2|x,u=2,z,D)","p(y=0|x,z,D)","p(y=1|x,z,D)","p(y=2|x,z,D)","H[p(u|z,D)]","Var[p(u|z,D)]","H[p(y|x,u=0,z,D)]","H[p(y|x,u=1,z,D)]","H[p(y|x,u=2,z,D)]","Var[p(y|x,u=0,z,D)]","Var[p(y|x,u=1,z,D)]","Var[p(y|x,u=2,z,D)]","H[p(y|x,D)]","Var[p(y|x,D)]",Va,Ve,Va_variance,Ve_variance,kl_pyx_pyxz,kl_pyxz_pyx,api_calls
-2.1,0.1,x1 = -2.1; x2 = 0.1,-2.1,0.1,x1 = -2.1; x2 = 0.1,0.461329859435138,0.35276968012455084,0.1859004604403111,0.461329859435138,0.35276968012455084,0.1859004604403111,0.7194450295882426,0.18375421302611333,0.096800757385644,0.19311740167835195,0.696912690520892,0.10996990780075615,0.19712399519692642,0.20107619810792085,0.6017998066951528,0.4366728798587516,0.36800112998759615,0.19532599015365226,1.49644,0.57137,1.117,1.17145,1.36806,0.42856,0.29617,0.63516,1.49644,0.57137,1.18288,0.31356000000000006,0.42026,0.15111000000000002,0.0012342091483335815,0.0012301889908163093,78100
