z_x1,z_x2,z_note,x_x1,x_x2,x_note,"p(y=0|x,D)","p(y=1|x,D)","p(y=2|x,D)","p(u=0|z,D)","p(u=1|z,D)","p(u=2|z,D)","p(y=0|x,u=0,z,D)","p(y=1|x,u=0,z,D)","p(y=2|x,u=0,z,D)","p(y=0|x,u=1,z,D)","p(y=1|x,u=1,z,D)","p(y=2|x,u=1,z,D)","p(y=0|x,u=2,z,D)","p(y=1|x,u=2,z,D)","p(y=2|x,u=2,z,D)","p(y=0|x,z,D)","p(y=1|x,z,D)","p(y=2|x,z,D)","H[p(u|z,D)]","Var[p(u|z,D)]","H[p(y|x,u=0,z,D)]","H[p(y|x,u=1,z,D)]","H[p(y|x,u=2,z,D)]","Var[p(y|x,u=0,z,D)]","Var[p(y|x,u=1,z,D)]","Var[p(y|x,u=2,z,D)]","H[p(y|x,D)]","Var[p(y|x,D)]",Va,Ve,Va_variance,Ve_variance,kl_pyx_pyxz,kl_pyxz_pyx,api_calls
-3.8,-2.4,x1 = -3.8; x2 = -2.4,-3.8,-2.4,x1 = -3.8; x2 = -2.4,0.13878904683502408,0.10334989889935023,0.6578610542656257,0.13878904683502408,0.10334989889935023,0.6578610542656257,0.7603971618289271,0.06560812241388252,0.17399471575719042,0.12849470414781866,0.6580561083759168,0.2134491874762645,0.06464752138363214,0.06243710141158387,0.872915377204784,0.16134379856216916,0.11819065840512354,0.6204655430327073,1.13127,0.72103,0.9973,1.25322,0.67645,0.59052,0.33473,0.28427,1.13127,0.72103,0.71294,0.41833,0.30356,0.41746999999999995,0.003733902835126368,0.0038422821277784847,8850
