z_x1,z_x2,z_note,x_x1,x_x2,x_note,"p(y=0|x,D)","p(y=1|x,D)","p(y=2|x,D)","p(u=0|z,D)","p(u=1|z,D)","p(u=2|z,D)","p(y=0|x,u=0,z,D)","p(y=1|x,u=0,z,D)","p(y=2|x,u=0,z,D)","p(y=0|x,u=1,z,D)","p(y=1|x,u=1,z,D)","p(y=2|x,u=1,z,D)","p(y=0|x,u=2,z,D)","p(y=1|x,u=2,z,D)","p(y=2|x,u=2,z,D)","p(y=0|x,z,D)","p(y=1|x,z,D)","p(y=2|x,z,D)","H[p(u|z,D)]","Var[p(u|z,D)]","H[p(y|x,u=0,z,D)]","H[p(y|x,u=1,z,D)]","H[p(y|x,u=2,z,D)]","Var[p(y|x,u=0,z,D)]","Var[p(y|x,u=1,z,D)]","Var[p(y|x,u=2,z,D)]","H[p(y|x,D)]","Var[p(y|x,D)]",Va,Ve,Va_variance,Ve_variance,kl_pyx_pyxz,kl_pyxz_pyx,api_calls
1.9,-2.2,x1 = 1.9; x2 = -2.2,1.9,-2.2,x1 = 1.9; x2 = -2.2,0.6185424229641228,0.19047263547829785,0.19098494155757945,0.6185424229641228,0.19047263547829785,0.19098494155757945,0.8050705198470494,0.10457716199074477,0.09035231816220594,0.2732641336847603,0.5921047928497343,0.13463107346550546,0.2442707551841997,0.12211223208631798,0.6336170127294822,0.5966716456308901,0.20078676904635834,0.20254158532275157,1.34052,0.62672,0.90585,1.3486,1.28429,0.3846,0.38868,0.7263,1.34052,0.62672,1.06246,0.27806,0.45064,0.17608000000000007,0.0010017466890898264,0.0010084511911716103,76950
