z_x1,z_x2,z_note,x_x1,x_x2,x_note,"p(y=0|x,D)","p(y=1|x,D)","p(y=2|x,D)","p(u=0|z,D)","p(u=1|z,D)","p(u=2|z,D)","p(y=0|x,u=0,z,D)","p(y=1|x,u=0,z,D)","p(y=2|x,u=0,z,D)","p(y=0|x,u=1,z,D)","p(y=1|x,u=1,z,D)","p(y=2|x,u=1,z,D)","p(y=0|x,u=2,z,D)","p(y=1|x,u=2,z,D)","p(y=2|x,u=2,z,D)","p(y=0|x,z,D)","p(y=1|x,z,D)","p(y=2|x,z,D)","H[p(u|z,D)]","Var[p(u|z,D)]","H[p(y|x,u=0,z,D)]","H[p(y|x,u=1,z,D)]","H[p(y|x,u=2,z,D)]","Var[p(y|x,u=0,z,D)]","Var[p(y|x,u=1,z,D)]","Var[p(y|x,u=2,z,D)]","H[p(y|x,D)]","Var[p(y|x,D)]",Va,Ve,Va_variance,Ve_variance,kl_pyx_pyxz,kl_pyxz_pyx,api_calls
-2.4,3.8,x1 = -2.4; x2 = 3.8,-2.4,3.8,x1 = -2.4; x2 = 3.8,0.30389445248624636,0.14510107450639517,0.45100447300735835,0.30389445248624636,0.14510107450639517,0.45100447300735835,0.8272680701611443,0.05381499912132912,0.11891693071752633,0.14062062715389417,0.7009331683045404,0.15844620454156527,0.06494034122235574,0.056180376519264906,0.8788792822583792,0.3010947657086744,0.14339783667711092,0.4555073976142144,1.44439,0.85268,0.8185,1.17845,0.65324,0.44442,0.29875,0.28132,1.44439,0.85268,0.71435,0.73004,0.30528,0.5474,4.5382123142192685e-05,4.537664546785773e-05,67950
