z_x1,z_x2,z_note,x_x1,x_x2,x_note,"p(y=0|x,D)","p(y=1|x,D)","p(y=2|x,D)","p(u=0|z,D)","p(u=1|z,D)","p(u=2|z,D)","p(y=0|x,u=0,z,D)","p(y=1|x,u=0,z,D)","p(y=2|x,u=0,z,D)","p(y=0|x,u=1,z,D)","p(y=1|x,u=1,z,D)","p(y=2|x,u=1,z,D)","p(y=0|x,u=2,z,D)","p(y=1|x,u=2,z,D)","p(y=2|x,u=2,z,D)","p(y=0|x,z,D)","p(y=1|x,z,D)","p(y=2|x,z,D)","H[p(u|z,D)]","Var[p(u|z,D)]","H[p(y|x,u=0,z,D)]","H[p(y|x,u=1,z,D)]","H[p(y|x,u=2,z,D)]","Var[p(y|x,u=0,z,D)]","Var[p(y|x,u=1,z,D)]","Var[p(y|x,u=2,z,D)]","H[p(y|x,D)]","Var[p(y|x,D)]",Va,Ve,Va_variance,Ve_variance,kl_pyx_pyxz,kl_pyxz_pyx,api_calls
2.8,-2.1,x1 = 2.8; x2 = -2.1,2.8,-2.1,x1 = 2.8; x2 = -2.1,0.7085742862469346,0.1101008120964371,0.18132490165662832,0.7085742862469346,0.1101008120964371,0.18132490165662832,0.8825203251806382,0.060784459124197276,0.05669521569516459,0.3080169026911009,0.5991530299523721,0.09283006735652717,0.2551882075301001,0.08820802369093182,0.6566037687789682,0.7055160972733295,0.12503185112771487,0.1694520515989558,1.1493,0.61191,0.63945,1.28441,1.2103,0.25723,0.35454,0.75066,1.1493,0.61191,0.81397,0.33533,0.35742,0.25448999999999994,0.0013424612860855924,0.0013736126391623252,33000
