z_x1,z_x2,z_note,x_x1,x_x2,x_note,"p(y=0|x,D)","p(y=1|x,D)","p(y=2|x,D)","p(u=0|z,D)","p(u=1|z,D)","p(u=2|z,D)","p(y=0|x,u=0,z,D)","p(y=1|x,u=0,z,D)","p(y=2|x,u=0,z,D)","p(y=0|x,u=1,z,D)","p(y=1|x,u=1,z,D)","p(y=2|x,u=1,z,D)","p(y=0|x,u=2,z,D)","p(y=1|x,u=2,z,D)","p(y=2|x,u=2,z,D)","p(y=0|x,z,D)","p(y=1|x,z,D)","p(y=2|x,z,D)","H[p(u|z,D)]","Var[p(u|z,D)]","H[p(y|x,u=0,z,D)]","H[p(y|x,u=1,z,D)]","H[p(y|x,u=2,z,D)]","Var[p(y|x,u=0,z,D)]","Var[p(y|x,u=1,z,D)]","Var[p(y|x,u=2,z,D)]","H[p(y|x,D)]","Var[p(y|x,D)]",Va,Ve,Va_variance,Ve_variance,kl_pyx_pyxz,kl_pyxz_pyx,api_calls
2.7,-2.8,x1 = 2.7; x2 = -2.8,2.7,-2.8,x1 = 2.7; x2 = -2.8,0.5364830887651889,0.11650218073114574,0.3470147305036654,0.5364830887651889,0.11650218073114574,0.3470147305036654,0.8895329852053843,0.05545521916357741,0.05501179563103843,0.22878530795163948,0.6672926761665372,0.1039220158818233,0.16340945710960475,0.07121124920941593,0.7653792936809793,0.5605788794777561,0.13220319167758515,0.30721792884465876,1.37318,0.8476,0.61179,1.21573,0.99375,0.24812,0.31712,0.56642,1.37318,0.8476,0.8147,0.5584800000000001,0.36661,0.48099000000000003,0.003970095608548753,0.0039212743170976005,28650
