z_x1,z_x2,z_note,x_x1,x_x2,x_note,"p(y=0|x,D)","p(y=1|x,D)","p(y=2|x,D)","p(u=0|z,D)","p(u=1|z,D)","p(u=2|z,D)","p(y=0|x,u=0,z,D)","p(y=1|x,u=0,z,D)","p(y=2|x,u=0,z,D)","p(y=0|x,u=1,z,D)","p(y=1|x,u=1,z,D)","p(y=2|x,u=1,z,D)","p(y=0|x,u=2,z,D)","p(y=1|x,u=2,z,D)","p(y=2|x,u=2,z,D)","p(y=0|x,z,D)","p(y=1|x,z,D)","p(y=2|x,z,D)","H[p(u|z,D)]","Var[p(u|z,D)]","H[p(y|x,u=0,z,D)]","H[p(y|x,u=1,z,D)]","H[p(y|x,u=2,z,D)]","Var[p(y|x,u=0,z,D)]","Var[p(y|x,u=1,z,D)]","Var[p(y|x,u=2,z,D)]","H[p(y|x,D)]","Var[p(y|x,D)]",Va,Ve,Va_variance,Ve_variance,kl_pyx_pyxz,kl_pyxz_pyx,api_calls
1.8,1.7,x1 = 1.8; x2 = 1.7,1.8,1.7,x1 = 1.8; x2 = 1.7,0.23855127869003043,0.30797734222540346,0.45347137908456603,0.23855127869003043,0.30797734222540346,0.45347137908456603,0.5342928587518208,0.17593934005275907,0.2897678011954202,0.17948921653096123,0.510281937766059,0.3102288457029797,0.11176706384788129,0.14177048335760173,0.746462452794517,0.23341802109485554,0.2634146861219425,0.5031672927832018,1.53389,0.64583,1.44204,1.46393,1.06781,0.76427,0.47263,0.45539,1.53389,0.64583,1.27908,0.25481,0.53438,0.11145000000000005,0.006168389164932744,0.006076176636920422,74900
