z_x1,z_x2,z_note,x_x1,x_x2,x_note,"p(y=0|x,D)","p(y=1|x,D)","p(y=2|x,D)","p(u=0|z,D)","p(u=1|z,D)","p(u=2|z,D)","p(y=0|x,u=0,z,D)","p(y=1|x,u=0,z,D)","p(y=2|x,u=0,z,D)","p(y=0|x,u=1,z,D)","p(y=1|x,u=1,z,D)","p(y=2|x,u=1,z,D)","p(y=0|x,u=2,z,D)","p(y=1|x,u=2,z,D)","p(y=2|x,u=2,z,D)","p(y=0|x,z,D)","p(y=1|x,z,D)","p(y=2|x,z,D)","H[p(u|z,D)]","Var[p(u|z,D)]","H[p(y|x,u=0,z,D)]","H[p(y|x,u=1,z,D)]","H[p(y|x,u=2,z,D)]","Var[p(y|x,u=0,z,D)]","Var[p(y|x,u=1,z,D)]","Var[p(y|x,u=2,z,D)]","H[p(y|x,D)]","Var[p(y|x,D)]",Va,Ve,Va_variance,Ve_variance,kl_pyx_pyxz,kl_pyxz_pyx,api_calls
-0.4,-3.0,x1 = -0.4; x2 = -3.0,-0.4,-3.0,x1 = -0.4; x2 = -3.0,0.20542941404987128,0.2761782937196431,0.41839229223048563,0.20542941404987128,0.2761782937196431,0.41839229223048563,0.744536044445683,0.1368359378011094,0.11862801775320748,0.10287791328196791,0.7570384565864572,0.140083630131575,0.07495633421646178,0.10774795500700822,0.81729571077653,0.2127234023911567,0.2822686296221758,0.4050079679866675,1.50768,0.71106,1.07435,1.03877,0.86439,0.4714,0.24158,0.34118,1.50768,0.71106,0.86924,0.6384399999999999,0.30631,0.40475,0.000411445640147199,0.00041105041574790446,64550
