z_x1,z_x2,z_note,x_x1,x_x2,x_note,"p(y=0|x,D)","p(y=1|x,D)","p(y=2|x,D)","p(u=0|z,D)","p(u=1|z,D)","p(u=2|z,D)","p(y=0|x,u=0,z,D)","p(y=1|x,u=0,z,D)","p(y=2|x,u=0,z,D)","p(y=0|x,u=1,z,D)","p(y=1|x,u=1,z,D)","p(y=2|x,u=1,z,D)","p(y=0|x,u=2,z,D)","p(y=1|x,u=2,z,D)","p(y=2|x,u=2,z,D)","p(y=0|x,z,D)","p(y=1|x,z,D)","p(y=2|x,z,D)","H[p(u|z,D)]","Var[p(u|z,D)]","H[p(y|x,u=0,z,D)]","H[p(y|x,u=1,z,D)]","H[p(y|x,u=2,z,D)]","Var[p(y|x,u=0,z,D)]","Var[p(y|x,u=1,z,D)]","Var[p(y|x,u=2,z,D)]","H[p(y|x,D)]","Var[p(y|x,D)]",Va,Ve,Va_variance,Ve_variance,kl_pyx_pyxz,kl_pyxz_pyx,api_calls
0.1,3.5,x1 = 0.1; x2 = 3.5,0.1,3.5,x1 = 0.1; x2 = 3.5,0.4484368786140969,0.26357625464413514,0.2879868667417679,0.4484368786140969,0.26357625464413514,0.2879868667417679,0.8551797255757299,0.06408550821812002,0.0807347662061501,0.14160502563543972,0.7558951186494057,0.10249985571515455,0.07700626192989471,0.06801438900842277,0.8549793490616825,0.4429946411797025,0.24756156033101773,0.3094437984892797,1.5431,0.71068,0.74016,1.04137,0.74186,0.33615,0.24258,0.32674,1.5431,0.71068,0.82004,0.7230599999999999,0.30878,0.4019,0.001302196477900048,0.001310040410915609,7800
