z_x1,z_x2,z_note,x_x1,x_x2,x_note,"p(y=0|x,D)","p(y=1|x,D)","p(y=2|x,D)","p(u=0|z,D)","p(u=1|z,D)","p(u=2|z,D)","p(y=0|x,u=0,z,D)","p(y=1|x,u=0,z,D)","p(y=2|x,u=0,z,D)","p(y=0|x,u=1,z,D)","p(y=1|x,u=1,z,D)","p(y=2|x,u=1,z,D)","p(y=0|x,u=2,z,D)","p(y=1|x,u=2,z,D)","p(y=2|x,u=2,z,D)","p(y=0|x,z,D)","p(y=1|x,z,D)","p(y=2|x,z,D)","H[p(u|z,D)]","Var[p(u|z,D)]","H[p(y|x,u=0,z,D)]","H[p(y|x,u=1,z,D)]","H[p(y|x,u=2,z,D)]","Var[p(y|x,u=0,z,D)]","Var[p(y|x,u=1,z,D)]","Var[p(y|x,u=2,z,D)]","H[p(y|x,D)]","Var[p(y|x,D)]",Va,Ve,Va_variance,Ve_variance,kl_pyx_pyxz,kl_pyxz_pyx,api_calls
1.7,1.3,x1 = 1.7; x2 = 1.3,1.7,1.3,x1 = 1.7; x2 = 1.3,0.40993311994457554,0.1880355101309263,0.40203136992449806,0.40993311994457554,0.1880355101309263,0.40203136992449806,0.6635629480455164,0.1122143895952031,0.2242226623592804,0.31950465438924425,0.4331233477715582,0.24737199783919758,0.22436725921802525,0.10906424690924417,0.6665684938727305,0.42229732683883336,0.1712902130719844,0.40641246008918214,1.50925,0.8119,1.23039,1.54729,1.22246,0.69477,0.56167,0.69539,1.50925,0.8119,1.28679,0.22245999999999988,0.66999,0.14190999999999998,0.0009995623238299774,0.0009771917084798179,70700
