z_x1,z_x2,z_note,x_x1,x_x2,x_note,"p(y=0|x,D)","p(y=1|x,D)","p(y=2|x,D)","p(u=0|z,D)","p(u=1|z,D)","p(u=2|z,D)","p(y=0|x,u=0,z,D)","p(y=1|x,u=0,z,D)","p(y=2|x,u=0,z,D)","p(y=0|x,u=1,z,D)","p(y=1|x,u=1,z,D)","p(y=2|x,u=1,z,D)","p(y=0|x,u=2,z,D)","p(y=1|x,u=2,z,D)","p(y=2|x,u=2,z,D)","p(y=0|x,z,D)","p(y=1|x,z,D)","p(y=2|x,z,D)","H[p(u|z,D)]","Var[p(u|z,D)]","H[p(y|x,u=0,z,D)]","H[p(y|x,u=1,z,D)]","H[p(y|x,u=2,z,D)]","Var[p(y|x,u=0,z,D)]","Var[p(y|x,u=1,z,D)]","Var[p(y|x,u=2,z,D)]","H[p(y|x,D)]","Var[p(y|x,D)]",Va,Ve,Va_variance,Ve_variance,kl_pyx_pyxz,kl_pyxz_pyx,api_calls
3.5,3.4,x1 = 3.5; x2 = 3.4,3.5,3.4,x1 = 3.5; x2 = 3.4,0.3718493887802429,0.27966332799766214,0.24848728322209496,0.3718493887802429,0.27966332799766214,0.24848728322209496,0.9022867387758241,0.05271086998040777,0.04500239124376815,0.11670272481580893,0.8094097482893788,0.07388752689481216,0.06423503076301254,0.06147255605295826,0.8742924131840291,0.384113833008682,0.26123787715096475,0.25464828984035315,1.54394,0.67045,0.55898,0.8863,0.67121,0.21235,0.18876,0.28233,1.54394,0.67045,0.62251,0.9214300000000001,0.20191,0.46853999999999996,0.0009080792454773164,0.0008965839419467969,63750
