z_x1,z_x2,z_note,x_x1,x_x2,x_note,"p(y=0|x,D)","p(y=1|x,D)","p(y=2|x,D)","p(u=0|z,D)","p(u=1|z,D)","p(u=2|z,D)","p(y=0|x,u=0,z,D)","p(y=1|x,u=0,z,D)","p(y=2|x,u=0,z,D)","p(y=0|x,u=1,z,D)","p(y=1|x,u=1,z,D)","p(y=2|x,u=1,z,D)","p(y=0|x,u=2,z,D)","p(y=1|x,u=2,z,D)","p(y=2|x,u=2,z,D)","p(y=0|x,z,D)","p(y=1|x,z,D)","p(y=2|x,z,D)","H[p(u|z,D)]","Var[p(u|z,D)]","H[p(y|x,u=0,z,D)]","H[p(y|x,u=1,z,D)]","H[p(y|x,u=2,z,D)]","Var[p(y|x,u=0,z,D)]","Var[p(y|x,u=1,z,D)]","Var[p(y|x,u=2,z,D)]","H[p(y|x,D)]","Var[p(y|x,D)]",Va,Ve,Va_variance,Ve_variance,kl_pyx_pyxz,kl_pyxz_pyx,api_calls
-1.8,-0.1,x1 = -1.8; x2 = -0.1,-1.8,-0.1,x1 = -1.8; x2 = -0.1,0.2643788482467471,0.45688696330445283,0.27873418844879994,0.2643788482467471,0.45688696330445283,0.27873418844879994,0.5946962254294684,0.265158271724995,0.14014550284553656,0.16432391761197096,0.6802847321480016,0.15539135024002756,0.18862656399142305,0.27917413055206936,0.5321993054565075,0.28487923108579016,0.4587308386505661,0.25638993026364365,1.53747,0.54291,1.351,1.22361,1.45208,0.52823,0.31964,0.60278,1.53747,0.54291,1.32097,0.21649999999999991,0.45371,0.0892,0.0017062234477926604,0.001699284526180879,10000
