z_x1,z_x2,z_note,x_x1,x_x2,x_note,"p(y=0|x,D)","p(y=1|x,D)","p(y=2|x,D)","p(u=0|z,D)","p(u=1|z,D)","p(u=2|z,D)","p(y=0|x,u=0,z,D)","p(y=1|x,u=0,z,D)","p(y=2|x,u=0,z,D)","p(y=0|x,u=1,z,D)","p(y=1|x,u=1,z,D)","p(y=2|x,u=1,z,D)","p(y=0|x,u=2,z,D)","p(y=1|x,u=2,z,D)","p(y=2|x,u=2,z,D)","p(y=0|x,z,D)","p(y=1|x,z,D)","p(y=2|x,z,D)","H[p(u|z,D)]","Var[p(u|z,D)]","H[p(y|x,u=0,z,D)]","H[p(y|x,u=1,z,D)]","H[p(y|x,u=2,z,D)]","Var[p(y|x,u=0,z,D)]","Var[p(y|x,u=1,z,D)]","Var[p(y|x,u=2,z,D)]","H[p(y|x,D)]","Var[p(y|x,D)]",Va,Ve,Va_variance,Ve_variance,kl_pyx_pyxz,kl_pyxz_pyx,api_calls
-1.1,-2.0,x1 = -1.1; x2 = -2.0,-1.1,-2.0,x1 = -1.1; x2 = -2.0,0.25441121417272317,0.4431806605695643,0.30240812525771243,0.25441121417272317,0.4431806605695643,0.30240812525771243,0.5860389772635408,0.24208398829193278,0.17187703444452643,0.15165599123542509,0.689143612947942,0.1592003958166328,0.13602659016377977,0.24132671695851218,0.6226466928777081,0.2574414362498339,0.43998316305671326,0.30257540069345273,1.5445,0.55452,1.38386,1.20488,1.31202,0.58639,0.3108,0.52187,1.5445,0.55452,1.28281,0.26169,0.44474,0.10977999999999999,2.9540863358420825e-05,2.958373265267455e-05,37050
