z_x1,z_x2,z_note,x_x1,x_x2,x_note,"p(y=0|x,D)","p(y=1|x,D)","p(y=2|x,D)","p(u=0|z,D)","p(u=1|z,D)","p(u=2|z,D)","p(y=0|x,u=0,z,D)","p(y=1|x,u=0,z,D)","p(y=2|x,u=0,z,D)","p(y=0|x,u=1,z,D)","p(y=1|x,u=1,z,D)","p(y=2|x,u=1,z,D)","p(y=0|x,u=2,z,D)","p(y=1|x,u=2,z,D)","p(y=2|x,u=2,z,D)","p(y=0|x,z,D)","p(y=1|x,z,D)","p(y=2|x,z,D)","H[p(u|z,D)]","Var[p(u|z,D)]","H[p(y|x,u=0,z,D)]","H[p(y|x,u=1,z,D)]","H[p(y|x,u=2,z,D)]","Var[p(y|x,u=0,z,D)]","Var[p(y|x,u=1,z,D)]","Var[p(y|x,u=2,z,D)]","H[p(y|x,D)]","Var[p(y|x,D)]",Va,Ve,Va_variance,Ve_variance,kl_pyx_pyxz,kl_pyxz_pyx,api_calls
-3.4,-1.7,x1 = -3.4; x2 = -1.7,-3.4,-1.7,x1 = -3.4; x2 = -1.7,0.13347848941946894,0.09670699394381894,0.6698145166367121,0.13347848941946894,0.09670699394381894,0.6698145166367121,0.7602838390959473,0.07519703148190808,0.16451912942214458,0.13286165484537066,0.6725430814645954,0.19459526369003396,0.07157893058943741,0.06452538181514232,0.8638956875954202,0.16227479641719544,0.11829684330849616,0.6194283602743084,1.10099,0.7129,1.00969,1.23132,0.70979,0.56987,0.32365,0.30771,1.10099,0.7129,0.72928,0.3717099999999999,0.31347,0.39942999999999995,0.006819334754273897,0.007097035689596173,25200
