z_x1,z_x2,z_note,x_x1,x_x2,x_note,"p(y=0|x,D)","p(y=1|x,D)","p(y=2|x,D)","p(u=0|z,D)","p(u=1|z,D)","p(u=2|z,D)","p(y=0|x,u=0,z,D)","p(y=1|x,u=0,z,D)","p(y=2|x,u=0,z,D)","p(y=0|x,u=1,z,D)","p(y=1|x,u=1,z,D)","p(y=2|x,u=1,z,D)","p(y=0|x,u=2,z,D)","p(y=1|x,u=2,z,D)","p(y=2|x,u=2,z,D)","p(y=0|x,z,D)","p(y=1|x,z,D)","p(y=2|x,z,D)","H[p(u|z,D)]","Var[p(u|z,D)]","H[p(y|x,u=0,z,D)]","H[p(y|x,u=1,z,D)]","H[p(y|x,u=2,z,D)]","Var[p(y|x,u=0,z,D)]","Var[p(y|x,u=1,z,D)]","Var[p(y|x,u=2,z,D)]","H[p(y|x,D)]","Var[p(y|x,D)]",Va,Ve,Va_variance,Ve_variance,kl_pyx_pyxz,kl_pyxz_pyx,api_calls
-0.7,3.2,x1 = -0.7; x2 = 3.2,-0.7,3.2,x1 = -0.7; x2 = 3.2,0.43308540009264684,0.21647132965155508,0.35044327025579813,0.43308540009264684,0.21647132965155508,0.35044327025579813,0.7912279275935952,0.09563910324605986,0.11313296916034485,0.1810417429011965,0.6698805913175352,0.14907766578126821,0.10254333126507956,0.08194038378352117,0.8155162849513993,0.41779523074606306,0.21514529766321092,0.367059471590726,1.5309,0.7767,0.94684,1.24293,0.87261,0.44455,0.3291,0.40973,1.5309,0.7767,0.98492,0.5459799999999999,0.40736,0.36933999999999995,0.0006624170165089177,0.0006650593001897298,55650
