z_x1,z_x2,z_note,x_x1,x_x2,x_note,"p(y=0|x,D)","p(y=1|x,D)","p(y=2|x,D)","p(u=0|z,D)","p(u=1|z,D)","p(u=2|z,D)","p(y=0|x,u=0,z,D)","p(y=1|x,u=0,z,D)","p(y=2|x,u=0,z,D)","p(y=0|x,u=1,z,D)","p(y=1|x,u=1,z,D)","p(y=2|x,u=1,z,D)","p(y=0|x,u=2,z,D)","p(y=1|x,u=2,z,D)","p(y=2|x,u=2,z,D)","p(y=0|x,z,D)","p(y=1|x,z,D)","p(y=2|x,z,D)","H[p(u|z,D)]","Var[p(u|z,D)]","H[p(y|x,u=0,z,D)]","H[p(y|x,u=1,z,D)]","H[p(y|x,u=2,z,D)]","Var[p(y|x,u=0,z,D)]","Var[p(y|x,u=1,z,D)]","Var[p(y|x,u=2,z,D)]","H[p(y|x,D)]","Var[p(y|x,D)]",Va,Ve,Va_variance,Ve_variance,kl_pyx_pyxz,kl_pyxz_pyx,api_calls
-2.1,-0.9,x1 = -2.1; x2 = -0.9,-2.1,-0.9,x1 = -2.1; x2 = -0.9,0.5660493944855782,0.17969208390305458,0.2542585216113672,0.5660493944855782,0.17969208390305458,0.2542585216113672,0.7471510509484564,0.12179321092943558,0.13105573812210816,0.3775294034548728,0.46290638020405395,0.1595642163410733,0.36413106536270395,0.1366324969343768,0.4992364377029193,0.5833468715720135,0.18686156208455176,0.22979156634343484,1.41204,0.72309,1.06837,1.46743,1.42341,0.49863,0.48958,0.84511,1.41204,0.72309,1.23035,0.1816899999999999,0.5851,0.13799000000000006,0.001656997682973168,0.0016197003645672496,77600
