z_x1,z_x2,z_note,x_x1,x_x2,x_note,"p(y=0|x,D)","p(y=1|x,D)","p(y=2|x,D)","p(u=0|z,D)","p(u=1|z,D)","p(u=2|z,D)","p(y=0|x,u=0,z,D)","p(y=1|x,u=0,z,D)","p(y=2|x,u=0,z,D)","p(y=0|x,u=1,z,D)","p(y=1|x,u=1,z,D)","p(y=2|x,u=1,z,D)","p(y=0|x,u=2,z,D)","p(y=1|x,u=2,z,D)","p(y=2|x,u=2,z,D)","p(y=0|x,z,D)","p(y=1|x,z,D)","p(y=2|x,z,D)","H[p(u|z,D)]","Var[p(u|z,D)]","H[p(y|x,u=0,z,D)]","H[p(y|x,u=1,z,D)]","H[p(y|x,u=2,z,D)]","Var[p(y|x,u=0,z,D)]","Var[p(y|x,u=1,z,D)]","Var[p(y|x,u=2,z,D)]","H[p(y|x,D)]","Var[p(y|x,D)]",Va,Ve,Va_variance,Ve_variance,kl_pyx_pyxz,kl_pyxz_pyx,api_calls
1.6,3.6,x1 = 1.6; x2 = 3.6,1.6,3.6,x1 = 1.6; x2 = 3.6,0.34370891209911847,0.33491137304275814,0.32137971485812333,0.34370891209911847,0.33491137304275814,0.32137971485812333,0.8151855493344277,0.09524337085352026,0.08957107981205203,0.1526226292117069,0.723741118703711,0.1236362520845821,0.07681880882140238,0.08830301782454925,0.8348781733540485,0.3559895995021099,0.3035039258628434,0.3405064746350467,1.58441,0.66459,0.87519,1.12436,0.81097,0.37824,0.27542,0.33704,1.58441,0.66459,0.938,0.6464100000000002,0.33056,0.33403,0.0023335864120072013,0.0022960127767378824,67850
