z_x1,z_x2,z_note,x_x1,x_x2,x_note,"p(y=0|x,D)","p(y=1|x,D)","p(y=2|x,D)","p(u=0|z,D)","p(u=1|z,D)","p(u=2|z,D)","p(y=0|x,u=0,z,D)","p(y=1|x,u=0,z,D)","p(y=2|x,u=0,z,D)","p(y=0|x,u=1,z,D)","p(y=1|x,u=1,z,D)","p(y=2|x,u=1,z,D)","p(y=0|x,u=2,z,D)","p(y=1|x,u=2,z,D)","p(y=2|x,u=2,z,D)","p(y=0|x,z,D)","p(y=1|x,z,D)","p(y=2|x,z,D)","H[p(u|z,D)]","Var[p(u|z,D)]","H[p(y|x,u=0,z,D)]","H[p(y|x,u=1,z,D)]","H[p(y|x,u=2,z,D)]","Var[p(y|x,u=0,z,D)]","Var[p(y|x,u=1,z,D)]","Var[p(y|x,u=2,z,D)]","H[p(y|x,D)]","Var[p(y|x,D)]",Va,Ve,Va_variance,Ve_variance,kl_pyx_pyxz,kl_pyxz_pyx,api_calls
0.6,0.4,x1 = 0.6; x2 = 0.4,0.6,0.4,x1 = 0.6; x2 = 0.4,0.13081167728697213,0.34362732467730056,0.5255609980357273,0.13081167728697213,0.34362732467730056,0.5255609980357273,0.631202702767332,0.14580963342339112,0.22298766380927687,0.07281199402628388,0.6974100315837265,0.22977797438998962,0.06589368427627335,0.10957798143916413,0.8245283342845624,0.1422200254412257,0.3163126593568475,0.5414673152019268,1.40117,0.50055,1.3068,1.12532,0.83761,0.68755,0.27795,0.3149,1.40117,0.50055,0.99785,0.40332,0.35095,0.14960000000000007,0.001853077551167509,0.0018374995561529547,26250
