z_x1,z_x2,z_note,x_x1,x_x2,x_note,"p(y=0|x,D)","p(y=1|x,D)","p(y=2|x,D)","p(u=0|z,D)","p(u=1|z,D)","p(u=2|z,D)","p(y=0|x,u=0,z,D)","p(y=1|x,u=0,z,D)","p(y=2|x,u=0,z,D)","p(y=0|x,u=1,z,D)","p(y=1|x,u=1,z,D)","p(y=2|x,u=1,z,D)","p(y=0|x,u=2,z,D)","p(y=1|x,u=2,z,D)","p(y=2|x,u=2,z,D)","p(y=0|x,z,D)","p(y=1|x,z,D)","p(y=2|x,z,D)","H[p(u|z,D)]","Var[p(u|z,D)]","H[p(y|x,u=0,z,D)]","H[p(y|x,u=1,z,D)]","H[p(y|x,u=2,z,D)]","Var[p(y|x,u=0,z,D)]","Var[p(y|x,u=1,z,D)]","Var[p(y|x,u=2,z,D)]","H[p(y|x,D)]","Var[p(y|x,D)]",Va,Ve,Va_variance,Ve_variance,kl_pyx_pyxz,kl_pyxz_pyx,api_calls
-3.1,0.0,x1 = -3.1; x2 = 0.0,-3.1,0.0,x1 = -3.1; x2 = 0.0,0.19981781153967398,0.13269719439333305,0.5674849940669929,0.19981781153967398,0.13269719439333305,0.5674849940669929,0.8596862667932088,0.053874077895297245,0.08643965531149396,0.10087752545014372,0.7537858763158908,0.14533659823396547,0.05779200154072521,0.06096170366918367,0.881246294790091,0.21796288669736552,0.14538512334921536,0.536651989953419,1.31471,0.79566,0.71987,1.04561,0.64446,0.34822,0.24424,0.26096,1.31471,0.79566,0.64831,0.6664,0.25008,0.54558,0.002216897888389177,0.002241336672736259,38050
