z_x1,z_x2,z_note,x_x1,x_x2,x_note,"p(y=0|x,D)","p(y=1|x,D)","p(y=2|x,D)","p(u=0|z,D)","p(u=1|z,D)","p(u=2|z,D)","p(y=0|x,u=0,z,D)","p(y=1|x,u=0,z,D)","p(y=2|x,u=0,z,D)","p(y=0|x,u=1,z,D)","p(y=1|x,u=1,z,D)","p(y=2|x,u=1,z,D)","p(y=0|x,u=2,z,D)","p(y=1|x,u=2,z,D)","p(y=2|x,u=2,z,D)","p(y=0|x,z,D)","p(y=1|x,z,D)","p(y=2|x,z,D)","H[p(u|z,D)]","Var[p(u|z,D)]","H[p(y|x,u=0,z,D)]","H[p(y|x,u=1,z,D)]","H[p(y|x,u=2,z,D)]","Var[p(y|x,u=0,z,D)]","Var[p(y|x,u=1,z,D)]","Var[p(y|x,u=2,z,D)]","H[p(y|x,D)]","Var[p(y|x,D)]",Va,Ve,Va_variance,Ve_variance,kl_pyx_pyxz,kl_pyxz_pyx,api_calls
-2.8,-3.5,x1 = -2.8; x2 = -3.5,-2.8,-3.5,x1 = -2.8; x2 = -3.5,0.14193463659750913,0.10371477310266317,0.6543505902998276,0.14193463659750913,0.10371477310266317,0.6543505902998276,0.6899616244741857,0.06943120018059826,0.24060717534521597,0.14144463436332635,0.6126410097608054,0.24591435587586813,0.06651197035832924,0.05814796205179018,0.8753400675898806,0.15612149766152952,0.1114437687802114,0.632434733558259,1.13924,0.7262,1.13111,1.32986,0.66686,0.72865,0.37645,0.28765,1.13924,0.7262,0.73483,0.40441000000000005,0.33069,0.39551,0.0013148987049152253,0.0013387707578701204,48300
