z_x1,z_x2,z_note,x_x1,x_x2,x_note,"p(y=0|x,D)","p(y=1|x,D)","p(y=2|x,D)","p(u=0|z,D)","p(u=1|z,D)","p(u=2|z,D)","p(y=0|x,u=0,z,D)","p(y=1|x,u=0,z,D)","p(y=2|x,u=0,z,D)","p(y=0|x,u=1,z,D)","p(y=1|x,u=1,z,D)","p(y=2|x,u=1,z,D)","p(y=0|x,u=2,z,D)","p(y=1|x,u=2,z,D)","p(y=2|x,u=2,z,D)","p(y=0|x,z,D)","p(y=1|x,z,D)","p(y=2|x,z,D)","H[p(u|z,D)]","Var[p(u|z,D)]","H[p(y|x,u=0,z,D)]","H[p(y|x,u=1,z,D)]","H[p(y|x,u=2,z,D)]","Var[p(y|x,u=0,z,D)]","Var[p(y|x,u=1,z,D)]","Var[p(y|x,u=2,z,D)]","H[p(y|x,D)]","Var[p(y|x,D)]",Va,Ve,Va_variance,Ve_variance,kl_pyx_pyxz,kl_pyxz_pyx,api_calls
1.8,3.3,x1 = 1.8; x2 = 3.3,1.8,3.3,x1 = 1.8; x2 = 3.3,0.2970713728838127,0.4042988051607209,0.2986298219554663,0.2970713728838127,0.4042988051607209,0.2986298219554663,0.7705573902858623,0.13891427806014472,0.09052833165399288,0.12293304478539005,0.7592874352763457,0.11777951993826422,0.07671594740286142,0.12313036361060045,0.8001536889865382,0.30152189465355306,0.3850168567146111,0.3134612486318358,1.56911,0.5957,0.99906,1.03686,0.91362,0.39865,0.24069,0.35351,1.56911,0.5957,0.98883,0.58028,0.32131,0.27439,0.0008645148211592398,0.000862812305304583,75700
