z_x1,z_x2,z_note,x_x1,x_x2,x_note,"p(y=0|x,D)","p(y=1|x,D)","p(y=2|x,D)","p(u=0|z,D)","p(u=1|z,D)","p(u=2|z,D)","p(y=0|x,u=0,z,D)","p(y=1|x,u=0,z,D)","p(y=2|x,u=0,z,D)","p(y=0|x,u=1,z,D)","p(y=1|x,u=1,z,D)","p(y=2|x,u=1,z,D)","p(y=0|x,u=2,z,D)","p(y=1|x,u=2,z,D)","p(y=2|x,u=2,z,D)","p(y=0|x,z,D)","p(y=1|x,z,D)","p(y=2|x,z,D)","H[p(u|z,D)]","Var[p(u|z,D)]","H[p(y|x,u=0,z,D)]","H[p(y|x,u=1,z,D)]","H[p(y|x,u=2,z,D)]","Var[p(y|x,u=0,z,D)]","Var[p(y|x,u=1,z,D)]","Var[p(y|x,u=2,z,D)]","H[p(y|x,D)]","Var[p(y|x,D)]",Va,Ve,Va_variance,Ve_variance,kl_pyx_pyxz,kl_pyxz_pyx,api_calls
2.7,-0.2,x1 = 2.7; x2 = -0.2,2.7,-0.2,x1 = 2.7; x2 = -0.2,0.621841109912898,0.24264718981119665,0.13551170027590542,0.621841109912898,0.24264718981119665,0.13551170027590542,0.8180545662474195,0.09576183510073633,0.08618359865184416,0.19157522785753045,0.7089463330500729,0.09947843909239669,0.2098816808100053,0.13325051994395382,0.6568677992460408,0.5836265735450078,0.2496294857881443,0.16674394066684795,1.31269,0.52084,0.8659,1.13975,1.25847,0.3686,0.28257,0.66695,1.31269,0.52084,0.98555,0.3271399999999999,0.38815,0.13268999999999997,0.004450156624292299,0.004649225643450286,29950
