z_x1,z_x2,z_note,x_x1,x_x2,x_note,"p(y=0|x,D)","p(y=1|x,D)","p(y=2|x,D)","p(u=0|z,D)","p(u=1|z,D)","p(u=2|z,D)","p(y=0|x,u=0,z,D)","p(y=1|x,u=0,z,D)","p(y=2|x,u=0,z,D)","p(y=0|x,u=1,z,D)","p(y=1|x,u=1,z,D)","p(y=2|x,u=1,z,D)","p(y=0|x,u=2,z,D)","p(y=1|x,u=2,z,D)","p(y=2|x,u=2,z,D)","p(y=0|x,z,D)","p(y=1|x,z,D)","p(y=2|x,z,D)","H[p(u|z,D)]","Var[p(u|z,D)]","H[p(y|x,u=0,z,D)]","H[p(y|x,u=1,z,D)]","H[p(y|x,u=2,z,D)]","Var[p(y|x,u=0,z,D)]","Var[p(y|x,u=1,z,D)]","Var[p(y|x,u=2,z,D)]","H[p(y|x,D)]","Var[p(y|x,D)]",Va,Ve,Va_variance,Ve_variance,kl_pyx_pyxz,kl_pyxz_pyx,api_calls
2.1,3.7,x1 = 2.1; x2 = 3.7,2.1,3.7,x1 = 2.1; x2 = 3.7,0.41167590613254906,0.3524482072230043,0.23587588664444673,0.41167590613254906,0.3524482072230043,0.23587588664444673,0.869493850023287,0.0688502553407202,0.061655894635992727,0.10629599151734896,0.8049481467331386,0.08875586174951249,0.06864995083933277,0.07692162064963726,0.8544284285110301,0.41160636825262203,0.33019047795128387,0.25820315379609426,1.54892,0.61665,0.68904,0.90583,0.74388,0.27855,0.19474,0.30563,1.54892,0.61665,0.77838,0.7705400000000001,0.2554,0.36125,0.0017283111717853981,0.0017429598245484491,7900
