z_x1,z_x2,z_note,x_x1,x_x2,x_note,"p(y=0|x,D)","p(y=1|x,D)","p(y=2|x,D)","p(u=0|z,D)","p(u=1|z,D)","p(u=2|z,D)","p(y=0|x,u=0,z,D)","p(y=1|x,u=0,z,D)","p(y=2|x,u=0,z,D)","p(y=0|x,u=1,z,D)","p(y=1|x,u=1,z,D)","p(y=2|x,u=1,z,D)","p(y=0|x,u=2,z,D)","p(y=1|x,u=2,z,D)","p(y=2|x,u=2,z,D)","p(y=0|x,z,D)","p(y=1|x,z,D)","p(y=2|x,z,D)","H[p(u|z,D)]","Var[p(u|z,D)]","H[p(y|x,u=0,z,D)]","H[p(y|x,u=1,z,D)]","H[p(y|x,u=2,z,D)]","Var[p(y|x,u=0,z,D)]","Var[p(y|x,u=1,z,D)]","Var[p(y|x,u=2,z,D)]","H[p(y|x,D)]","Var[p(y|x,D)]",Va,Ve,Va_variance,Ve_variance,kl_pyx_pyxz,kl_pyxz_pyx,api_calls
3.3,-1.9,x1 = 3.3; x2 = -1.9,3.3,-1.9,x1 = 3.3; x2 = -1.9,0.8210608662163293,0.08104575907179583,0.09789337471187491,0.8161150152818806,0.08314609763278027,0.10073888708533915,0.9325675886352188,0.03788642487104078,0.029545986493740344,0.35287780382080913,0.5734517439353931,0.07367045224379778,0.360465544940717,0.07494287004208058,0.5645915850172025,0.8267357220092824,0.08614961622456598,0.08711466176615165,0.87117,0.40509,0.42295,1.26755,1.2764,0.14667,0.34859,0.88339,0.85554,0.39598,0.57915,0.2763899999999999,0.23768,0.1583,0.0008146939725854965,0.0007934706021391173,53100
