z_x1,z_x2,z_note,x_x1,x_x2,x_note,"p(y=0|x,D)","p(y=1|x,D)","p(y=2|x,D)","p(u=0|z,D)","p(u=1|z,D)","p(u=2|z,D)","p(y=0|x,u=0,z,D)","p(y=1|x,u=0,z,D)","p(y=2|x,u=0,z,D)","p(y=0|x,u=1,z,D)","p(y=1|x,u=1,z,D)","p(y=2|x,u=1,z,D)","p(y=0|x,u=2,z,D)","p(y=1|x,u=2,z,D)","p(y=2|x,u=2,z,D)","p(y=0|x,z,D)","p(y=1|x,z,D)","p(y=2|x,z,D)","H[p(u|z,D)]","Var[p(u|z,D)]","H[p(y|x,u=0,z,D)]","H[p(y|x,u=1,z,D)]","H[p(y|x,u=2,z,D)]","Var[p(y|x,u=0,z,D)]","Var[p(y|x,u=1,z,D)]","Var[p(y|x,u=2,z,D)]","H[p(y|x,D)]","Var[p(y|x,D)]",Va,Ve,Va_variance,Ve_variance,kl_pyx_pyxz,kl_pyxz_pyx,api_calls
0.3,1.0,x1 = 0.3; x2 = 1.0,0.3,1.0,x1 = 0.3; x2 = 1.0,0.15973498502233052,0.566568731391661,0.2736962835860085,0.15973498502233052,0.566568731391661,0.2736962835860085,0.6231431617186097,0.20779582522796294,0.16906101305342733,0.09276635497924807,0.7587979730050133,0.1484356720157385,0.09341350147984458,0.17044091351857854,0.7361455850015769,0.17766320785210046,0.5097525125795449,0.3125842795683546,1.39874,0.42044,1.32977,1.02888,1.0799,0.58601,0.2381,0.41645,1.39874,0.42044,1.09091,0.30783000000000005,0.34249,0.07794999999999996,0.006517527309639996,0.006559973696028808,14550
