z_x1,z_x2,z_note,x_x1,x_x2,x_note,"p(y=0|x,D)","p(y=1|x,D)","p(y=2|x,D)","p(u=0|z,D)","p(u=1|z,D)","p(u=2|z,D)","p(y=0|x,u=0,z,D)","p(y=1|x,u=0,z,D)","p(y=2|x,u=0,z,D)","p(y=0|x,u=1,z,D)","p(y=1|x,u=1,z,D)","p(y=2|x,u=1,z,D)","p(y=0|x,u=2,z,D)","p(y=1|x,u=2,z,D)","p(y=2|x,u=2,z,D)","p(y=0|x,z,D)","p(y=1|x,z,D)","p(y=2|x,z,D)","H[p(u|z,D)]","Var[p(u|z,D)]","H[p(y|x,u=0,z,D)]","H[p(y|x,u=1,z,D)]","H[p(y|x,u=2,z,D)]","Var[p(y|x,u=0,z,D)]","Var[p(y|x,u=1,z,D)]","Var[p(y|x,u=2,z,D)]","H[p(y|x,D)]","Var[p(y|x,D)]",Va,Ve,Va_variance,Ve_variance,kl_pyx_pyxz,kl_pyxz_pyx,api_calls
1.1,-1.4,x1 = 1.1; x2 = -1.4,1.1,-1.4,x1 = 1.1; x2 = -1.4,0.4958753772390104,0.24625051063916978,0.2578741121218199,0.4958753772390104,0.24625051063916978,0.2578741121218199,0.7286823433173562,0.12836997672978098,0.1429476799528628,0.28528705874833976,0.555826458622465,0.1588864826291952,0.23686068882388436,0.1623380894569612,0.6008012217191545,0.49266795560244736,0.24239085058185295,0.2649411938156997,1.50388,0.6971,1.1141,1.40885,1.35958,0.52854,0.4282,0.70521,1.50388,0.6971,1.24999,0.25389000000000017,0.54939,0.14771,0.00013608911584972287,0.00013676701637473868,45350
