z_x1,z_x2,z_note,x_x1,x_x2,x_note,"p(y=0|x,D)","p(y=1|x,D)","p(y=2|x,D)","p(u=0|z,D)","p(u=1|z,D)","p(u=2|z,D)","p(y=0|x,u=0,z,D)","p(y=1|x,u=0,z,D)","p(y=2|x,u=0,z,D)","p(y=0|x,u=1,z,D)","p(y=1|x,u=1,z,D)","p(y=2|x,u=1,z,D)","p(y=0|x,u=2,z,D)","p(y=1|x,u=2,z,D)","p(y=2|x,u=2,z,D)","p(y=0|x,z,D)","p(y=1|x,z,D)","p(y=2|x,z,D)","H[p(u|z,D)]","Var[p(u|z,D)]","H[p(y|x,u=0,z,D)]","H[p(y|x,u=1,z,D)]","H[p(y|x,u=2,z,D)]","Var[p(y|x,u=0,z,D)]","Var[p(y|x,u=1,z,D)]","Var[p(y|x,u=2,z,D)]","H[p(y|x,D)]","Var[p(y|x,D)]",Va,Ve,Va_variance,Ve_variance,kl_pyx_pyxz,kl_pyxz_pyx,api_calls
-0.2,-0.4,x1 = -0.2; x2 = -0.4,-0.2,-0.4,x1 = -0.2; x2 = -0.4,0.3839911885388665,0.3287443977436933,0.28726441371744016,0.3839911885388665,0.3287443977436933,0.28726441371744016,0.672065633227084,0.18925697455945037,0.1386773922134657,0.20493609912500155,0.6187390701071,0.17632483076789826,0.18976354906678125,0.20571002353942985,0.6045264273937889,0.37995119042939396,0.3351731828710599,0.284875626699546,1.5748,0.6619,1.23509,1.33864,1.36325,0.52624,0.38044,0.62226,1.5748,0.6619,1.30595,0.26885000000000003,0.50589,0.1560100000000001,9.344197920933134e-05,9.37407685177782e-05,73850
