z_x1,z_x2,z_note,x_x1,x_x2,x_note,"p(y=0|x,D)","p(y=1|x,D)","p(y=2|x,D)","p(u=0|z,D)","p(u=1|z,D)","p(u=2|z,D)","p(y=0|x,u=0,z,D)","p(y=1|x,u=0,z,D)","p(y=2|x,u=0,z,D)","p(y=0|x,u=1,z,D)","p(y=1|x,u=1,z,D)","p(y=2|x,u=1,z,D)","p(y=0|x,u=2,z,D)","p(y=1|x,u=2,z,D)","p(y=2|x,u=2,z,D)","p(y=0|x,z,D)","p(y=1|x,z,D)","p(y=2|x,z,D)","H[p(u|z,D)]","Var[p(u|z,D)]","H[p(y|x,u=0,z,D)]","H[p(y|x,u=1,z,D)]","H[p(y|x,u=2,z,D)]","Var[p(y|x,u=0,z,D)]","Var[p(y|x,u=1,z,D)]","Var[p(y|x,u=2,z,D)]","H[p(y|x,D)]","Var[p(y|x,D)]",Va,Ve,Va_variance,Ve_variance,kl_pyx_pyxz,kl_pyxz_pyx,api_calls
2.3,0.8,x1 = 2.3; x2 = 0.8,2.3,0.8,x1 = 2.3; x2 = 0.8,0.25434052712629585,0.5170982373771863,0.22856123549651777,0.25434052712629585,0.5170982373771863,0.22856123549651777,0.5981275255860801,0.232383247522864,0.16948922689105597,0.14610689249068098,0.7244881034910904,0.1294050040182286,0.1418794255590572,0.23047048304361387,0.627650091397329,0.26010782351921413,0.48641261733619673,0.2534795591445891,1.48106,0.48224,1.36678,1.12404,1.30946,0.58389,0.27523,0.53356,1.48106,0.48224,1.22816,0.2529000000000001,0.41278,0.06946000000000002,0.0022796217382922597,0.0023054288495883146,14450
