z_x1,z_x2,z_note,x_x1,x_x2,x_note,"p(y=0|x,D)","p(y=1|x,D)","p(y=2|x,D)","p(u=0|z,D)","p(u=1|z,D)","p(u=2|z,D)","p(y=0|x,u=0,z,D)","p(y=1|x,u=0,z,D)","p(y=2|x,u=0,z,D)","p(y=0|x,u=1,z,D)","p(y=1|x,u=1,z,D)","p(y=2|x,u=1,z,D)","p(y=0|x,u=2,z,D)","p(y=1|x,u=2,z,D)","p(y=2|x,u=2,z,D)","p(y=0|x,z,D)","p(y=1|x,z,D)","p(y=2|x,z,D)","H[p(u|z,D)]","Var[p(u|z,D)]","H[p(y|x,u=0,z,D)]","H[p(y|x,u=1,z,D)]","H[p(y|x,u=2,z,D)]","Var[p(y|x,u=0,z,D)]","Var[p(y|x,u=1,z,D)]","Var[p(y|x,u=2,z,D)]","H[p(y|x,D)]","Var[p(y|x,D)]",Va,Ve,Va_variance,Ve_variance,kl_pyx_pyxz,kl_pyxz_pyx,api_calls
-1.8,-1.9,x1 = -1.8; x2 = -1.9,-1.8,-1.9,x1 = -1.8; x2 = -1.9,0.30259662047969726,0.36700704189190525,0.3303963376283975,0.30259662047969726,0.36700704189190525,0.3303963376283975,0.5751505233415711,0.21092367743931834,0.2139257992191106,0.22993177809535856,0.562133155224074,0.20793506668056744,0.18222545582448219,0.19560505509598652,0.6221694890795313,0.31863180957308646,0.33475881224575293,0.3466093781811606,1.58046,0.63222,1.40848,1.4259,1.33398,0.65859,0.43738,0.61084,1.58046,0.63222,1.39026,0.19019999999999992,0.56163,0.07059000000000004,0.0023013514917305036,0.002269221698172851,9100
