z_x1,z_x2,z_note,x_x1,x_x2,x_note,"p(y=0|x,D)","p(y=1|x,D)","p(y=2|x,D)","p(u=0|z,D)","p(u=1|z,D)","p(u=2|z,D)","p(y=0|x,u=0,z,D)","p(y=1|x,u=0,z,D)","p(y=2|x,u=0,z,D)","p(y=0|x,u=1,z,D)","p(y=1|x,u=1,z,D)","p(y=2|x,u=1,z,D)","p(y=0|x,u=2,z,D)","p(y=1|x,u=2,z,D)","p(y=2|x,u=2,z,D)","p(y=0|x,z,D)","p(y=1|x,z,D)","p(y=2|x,z,D)","H[p(u|z,D)]","Var[p(u|z,D)]","H[p(y|x,u=0,z,D)]","H[p(y|x,u=1,z,D)]","H[p(y|x,u=2,z,D)]","Var[p(y|x,u=0,z,D)]","Var[p(y|x,u=1,z,D)]","Var[p(y|x,u=2,z,D)]","H[p(y|x,D)]","Var[p(y|x,D)]",Va,Ve,Va_variance,Ve_variance,kl_pyx_pyxz,kl_pyxz_pyx,api_calls
3.9,0.2,x1 = 3.9; x2 = 0.2,3.9,0.2,x1 = 3.9; x2 = 0.2,0.4585513542906602,0.33893474347169367,0.20251390223764618,0.4585513542906602,0.33893474347169367,0.20251390223764618,0.8924473092658985,0.0641493558317561,0.043403334902345304,0.19032332417014097,0.7375981251515954,0.0720785506782636,0.18211377510604643,0.08926877354483793,0.7286174513491157,0.5106206805991746,0.29749157300551726,0.19188774639530798,1.51142,0.59551,0.59714,1.0529,1.09144,0.21497,0.24842,0.61206,1.51142,0.59551,0.85172,0.6597,0.30672,0.28879,0.005800174732327449,0.005777943784254554,78150
