z_x1,z_x2,z_note,x_x1,x_x2,x_note,"p(y=0|x,D)","p(y=1|x,D)","p(y=2|x,D)","p(u=0|z,D)","p(u=1|z,D)","p(u=2|z,D)","p(y=0|x,u=0,z,D)","p(y=1|x,u=0,z,D)","p(y=2|x,u=0,z,D)","p(y=0|x,u=1,z,D)","p(y=1|x,u=1,z,D)","p(y=2|x,u=1,z,D)","p(y=0|x,u=2,z,D)","p(y=1|x,u=2,z,D)","p(y=2|x,u=2,z,D)","p(y=0|x,z,D)","p(y=1|x,z,D)","p(y=2|x,z,D)","H[p(u|z,D)]","Var[p(u|z,D)]","H[p(y|x,u=0,z,D)]","H[p(y|x,u=1,z,D)]","H[p(y|x,u=2,z,D)]","Var[p(y|x,u=0,z,D)]","Var[p(y|x,u=1,z,D)]","Var[p(y|x,u=2,z,D)]","H[p(y|x,D)]","Var[p(y|x,D)]",Va,Ve,Va_variance,Ve_variance,kl_pyx_pyxz,kl_pyxz_pyx,api_calls
-1.0,-3.1,x1 = -1.0; x2 = -3.1,-1.0,-3.1,x1 = -1.0; x2 = -3.1,0.21242479666917985,0.22692682420942883,0.5606483791213914,0.21242479666917985,0.22692682420942883,0.5606483791213914,0.7808199051679511,0.0967587582139899,0.1224213366180591,0.10706268472095722,0.7471992301921248,0.14573808508691824,0.05743266551647156,0.07777006238190985,0.8647972721016185,0.22236043545604328,0.23371516731738526,0.5439243972265716,1.42837,0.65181,0.97568,1.0642,0.70452,0.46975,0.2513,0.27039,1.42837,0.65181,0.84374,0.5846299999999999,0.30841,0.3434,0.0005794205050893043,0.0005813072794932268,40500
