z_x1,z_x2,z_note,x_x1,x_x2,x_note,"p(y=0|x,D)","p(y=1|x,D)","p(y=2|x,D)","p(u=0|z,D)","p(u=1|z,D)","p(u=2|z,D)","p(y=0|x,u=0,z,D)","p(y=1|x,u=0,z,D)","p(y=2|x,u=0,z,D)","p(y=0|x,u=1,z,D)","p(y=1|x,u=1,z,D)","p(y=2|x,u=1,z,D)","p(y=0|x,u=2,z,D)","p(y=1|x,u=2,z,D)","p(y=2|x,u=2,z,D)","p(y=0|x,z,D)","p(y=1|x,z,D)","p(y=2|x,z,D)","H[p(u|z,D)]","Var[p(u|z,D)]","H[p(y|x,u=0,z,D)]","H[p(y|x,u=1,z,D)]","H[p(y|x,u=2,z,D)]","Var[p(y|x,u=0,z,D)]","Var[p(y|x,u=1,z,D)]","Var[p(y|x,u=2,z,D)]","H[p(y|x,D)]","Var[p(y|x,D)]",Va,Ve,Va_variance,Ve_variance,kl_pyx_pyxz,kl_pyxz_pyx,api_calls
-3.7,-0.8,x1 = -3.7; x2 = -0.8,-3.7,-0.8,x1 = -3.7; x2 = -0.8,0.17325380332904042,0.11111050279530285,0.6156356938756568,0.17325380332904042,0.11111050279530285,0.6156356938756568,0.8012516556998401,0.0695367524339042,0.12921159186625578,0.13460348866581506,0.6896797860457459,0.17571672528843912,0.07458764128657605,0.06815009740589108,0.8572622613075328,0.19969457237535848,0.1306338071297929,0.5696716204948485,1.22123,0.77166,0.90504,1.19992,0.73389,0.47883,0.30863,0.31927,1.22123,0.77166,0.74193,0.47930000000000006,0.31381,0.45785000000000003,0.005177168999778298,0.005305140272814646,13650
