z_x1,z_x2,z_note,x_x1,x_x2,x_note,"p(y=0|x,D)","p(y=1|x,D)","p(y=2|x,D)","p(u=0|z,D)","p(u=1|z,D)","p(u=2|z,D)","p(y=0|x,u=0,z,D)","p(y=1|x,u=0,z,D)","p(y=2|x,u=0,z,D)","p(y=0|x,u=1,z,D)","p(y=1|x,u=1,z,D)","p(y=2|x,u=1,z,D)","p(y=0|x,u=2,z,D)","p(y=1|x,u=2,z,D)","p(y=2|x,u=2,z,D)","p(y=0|x,z,D)","p(y=1|x,z,D)","p(y=2|x,z,D)","H[p(u|z,D)]","Var[p(u|z,D)]","H[p(y|x,u=0,z,D)]","H[p(y|x,u=1,z,D)]","H[p(y|x,u=2,z,D)]","Var[p(y|x,u=0,z,D)]","Var[p(y|x,u=1,z,D)]","Var[p(y|x,u=2,z,D)]","H[p(y|x,D)]","Var[p(y|x,D)]",Va,Ve,Va_variance,Ve_variance,kl_pyx_pyxz,kl_pyxz_pyx,api_calls
-3.9,-1.9,x1 = -3.9; x2 = -1.9,-3.9,-1.9,x1 = -3.9; x2 = -1.9,0.14858762149228255,0.10631423404008986,0.6450981444676276,0.14858762149228255,0.10631423404008986,0.6450981444676276,0.7795085702255906,0.07283484572896301,0.14765658404544627,0.1356042566429689,0.6775889699583568,0.1868067733986743,0.07170534697379094,0.06875972396706408,0.859534929059145,0.17649897334144338,0.1272164791690194,0.5962845474895373,1.16045,0.73647,0.96287,1.2235,0.72588,0.52793,0.31979,0.31056,1.16045,0.73647,0.74141,0.41903999999999997,0.31278,0.42368999999999996,0.006098858165353452,0.006298446357396022,5100
