z_x1,z_x2,z_note,x_x1,x_x2,x_note,"p(y=0|x,D)","p(y=1|x,D)","p(y=2|x,D)","p(u=0|z,D)","p(u=1|z,D)","p(u=2|z,D)","p(y=0|x,u=0,z,D)","p(y=1|x,u=0,z,D)","p(y=2|x,u=0,z,D)","p(y=0|x,u=1,z,D)","p(y=1|x,u=1,z,D)","p(y=2|x,u=1,z,D)","p(y=0|x,u=2,z,D)","p(y=1|x,u=2,z,D)","p(y=2|x,u=2,z,D)","p(y=0|x,z,D)","p(y=1|x,z,D)","p(y=2|x,z,D)","H[p(u|z,D)]","Var[p(u|z,D)]","H[p(y|x,u=0,z,D)]","H[p(y|x,u=1,z,D)]","H[p(y|x,u=2,z,D)]","Var[p(y|x,u=0,z,D)]","Var[p(y|x,u=1,z,D)]","Var[p(y|x,u=2,z,D)]","H[p(y|x,D)]","Var[p(y|x,D)]",Va,Ve,Va_variance,Ve_variance,kl_pyx_pyxz,kl_pyxz_pyx,api_calls
-3.5,-2.4,x1 = -3.5; x2 = -2.4,-3.5,-2.4,x1 = -3.5; x2 = -2.4,0.12408691679766162,0.10082442682263038,0.675088656379708,0.12408691679766162,0.10082442682263038,0.675088656379708,0.7624067666823663,0.06389366198265185,0.17369957133498184,0.11914791356782084,0.6676924400721965,0.2131596463599827,0.058988559006427264,0.05616177493925014,0.8848496660543226,0.14644023215730095,0.11316225226605986,0.6403975155766392,1.08999,0.69577,0.99057,1.23012,0.63036,0.58953,0.32347,0.26179,1.08999,0.69577,0.67249,0.4175,0.2825,0.41327,0.0034217271944333785,0.0035351983335840595,20850
