z_x1,z_x2,z_note,x_x1,x_x2,x_note,"p(y=0|x,D)","p(y=1|x,D)","p(y=2|x,D)","p(u=0|z,D)","p(u=1|z,D)","p(u=2|z,D)","p(y=0|x,u=0,z,D)","p(y=1|x,u=0,z,D)","p(y=2|x,u=0,z,D)","p(y=0|x,u=1,z,D)","p(y=1|x,u=1,z,D)","p(y=2|x,u=1,z,D)","p(y=0|x,u=2,z,D)","p(y=1|x,u=2,z,D)","p(y=2|x,u=2,z,D)","p(y=0|x,z,D)","p(y=1|x,z,D)","p(y=2|x,z,D)","H[p(u|z,D)]","Var[p(u|z,D)]","H[p(y|x,u=0,z,D)]","H[p(y|x,u=1,z,D)]","H[p(y|x,u=2,z,D)]","Var[p(y|x,u=0,z,D)]","Var[p(y|x,u=1,z,D)]","Var[p(y|x,u=2,z,D)]","H[p(y|x,D)]","Var[p(y|x,D)]",Va,Ve,Va_variance,Ve_variance,kl_pyx_pyxz,kl_pyxz_pyx,api_calls
-0.9,1.2,x1 = -0.9; x2 = 1.2,-0.9,1.2,x1 = -0.9; x2 = 1.2,0.2011893369065167,0.5268286223736396,0.2719820407198438,0.2011893369065167,0.5268286223736396,0.2719820407198438,0.6257441259221719,0.2108716677589569,0.16338420631887116,0.13147794596372253,0.7214012766416834,0.1471207773945941,0.1311427154639318,0.19232950088520218,0.6765277836508661,0.2308278542894354,0.47479014190190505,0.29438200380865964,1.46342,0.46816,1.32378,1.1315,1.22319,0.57535,0.27835,0.51023,1.46342,0.46816,1.19512,0.2683,0.40117,0.06699,0.005617579041272216,0.0056404268509828714,46650
