z_x1,z_x2,z_note,x_x1,x_x2,x_note,"p(y=0|x,D)","p(y=1|x,D)","p(y=2|x,D)","p(u=0|z,D)","p(u=1|z,D)","p(u=2|z,D)","p(y=0|x,u=0,z,D)","p(y=1|x,u=0,z,D)","p(y=2|x,u=0,z,D)","p(y=0|x,u=1,z,D)","p(y=1|x,u=1,z,D)","p(y=2|x,u=1,z,D)","p(y=0|x,u=2,z,D)","p(y=1|x,u=2,z,D)","p(y=2|x,u=2,z,D)","p(y=0|x,z,D)","p(y=1|x,z,D)","p(y=2|x,z,D)","H[p(u|z,D)]","Var[p(u|z,D)]","H[p(y|x,u=0,z,D)]","H[p(y|x,u=1,z,D)]","H[p(y|x,u=2,z,D)]","Var[p(y|x,u=0,z,D)]","Var[p(y|x,u=1,z,D)]","Var[p(y|x,u=2,z,D)]","H[p(y|x,D)]","Var[p(y|x,D)]",Va,Ve,Va_variance,Ve_variance,kl_pyx_pyxz,kl_pyxz_pyx,api_calls
1.9,2.5,x1 = 1.9; x2 = 2.5,1.9,2.5,x1 = 1.9; x2 = 2.5,0.2269641511330752,0.4614157477933799,0.3116201010735449,0.2269641511330752,0.4614157477933799,0.3116201010735449,0.6803804699777265,0.20052798126401647,0.119091548758257,0.13296706458738183,0.7382154504753462,0.12881748493727196,0.08931569427672226,0.16769635244581754,0.7429879532774601,0.24360763903246088,0.4383944514585558,0.3179979095089832,1.52465,0.53142,1.20845,1.09116,1.0617,0.48443,0.26177,0.40502,1.52465,0.53142,1.1086,0.41605000000000003,0.35695,0.17447000000000001,0.0012404916327538665,0.0012447683689700024,79300
