z_x1,z_x2,z_note,x_x1,x_x2,x_note,"p(y=0|x,D)","p(y=1|x,D)","p(y=2|x,D)","p(u=0|z,D)","p(u=1|z,D)","p(u=2|z,D)","p(y=0|x,u=0,z,D)","p(y=1|x,u=0,z,D)","p(y=2|x,u=0,z,D)","p(y=0|x,u=1,z,D)","p(y=1|x,u=1,z,D)","p(y=2|x,u=1,z,D)","p(y=0|x,u=2,z,D)","p(y=1|x,u=2,z,D)","p(y=2|x,u=2,z,D)","p(y=0|x,z,D)","p(y=1|x,z,D)","p(y=2|x,z,D)","H[p(u|z,D)]","Var[p(u|z,D)]","H[p(y|x,u=0,z,D)]","H[p(y|x,u=1,z,D)]","H[p(y|x,u=2,z,D)]","Var[p(y|x,u=0,z,D)]","Var[p(y|x,u=1,z,D)]","Var[p(y|x,u=2,z,D)]","H[p(y|x,D)]","Var[p(y|x,D)]",Va,Ve,Va_variance,Ve_variance,kl_pyx_pyxz,kl_pyxz_pyx,api_calls
1.4,1.1,x1 = 1.4; x2 = 1.1,1.4,1.1,x1 = 1.4; x2 = 1.1,0.42371400728776265,0.19000866781311673,0.3862773248991206,0.42371400728776265,0.19000866781311673,0.3862773248991206,0.6648935697909933,0.12206254631908742,0.21304388388991927,0.29450055035178335,0.4626743232490361,0.24282512639918066,0.22806991679354294,0.11844257590985066,0.6534875072966064,0.42578061346755436,0.18538342380911152,0.3888359627233342,1.51023,0.80859,1.23712,1.52971,1.25197,0.67377,0.53466,0.70058,1.51023,0.80859,1.29845,0.21177999999999986,0.65769,0.15090000000000003,7.068528608432639e-05,7.024388010783752e-05,58600
