z_x1,z_x2,z_note,x_x1,x_x2,x_note,"p(y=0|x,D)","p(y=1|x,D)","p(y=2|x,D)","p(u=0|z,D)","p(u=1|z,D)","p(u=2|z,D)","p(y=0|x,u=0,z,D)","p(y=1|x,u=0,z,D)","p(y=2|x,u=0,z,D)","p(y=0|x,u=1,z,D)","p(y=1|x,u=1,z,D)","p(y=2|x,u=1,z,D)","p(y=0|x,u=2,z,D)","p(y=1|x,u=2,z,D)","p(y=2|x,u=2,z,D)","p(y=0|x,z,D)","p(y=1|x,z,D)","p(y=2|x,z,D)","H[p(u|z,D)]","Var[p(u|z,D)]","H[p(y|x,u=0,z,D)]","H[p(y|x,u=1,z,D)]","H[p(y|x,u=2,z,D)]","Var[p(y|x,u=0,z,D)]","Var[p(y|x,u=1,z,D)]","Var[p(y|x,u=2,z,D)]","H[p(y|x,D)]","Var[p(y|x,D)]",Va,Ve,Va_variance,Ve_variance,kl_pyx_pyxz,kl_pyxz_pyx,api_calls
0.1,0.2,x1 = 0.1; x2 = 0.2,0.1,0.2,x1 = 0.1; x2 = 0.2,0.12379286350627161,0.2134660356749763,0.6627411008187523,0.12379286350627161,0.2134660356749763,0.6627411008187523,0.7142591369751585,0.10611400850211539,0.17962685452272614,0.08092445386214654,0.6993572059483671,0.21971834018948636,0.06747212563606135,0.09040762992831351,0.8421202444356253,0.15041135702541258,0.22234201942623646,0.6272466235483513,1.24202,0.49607,1.1351,1.1347,0.78468,0.60805,0.28138,0.30951,1.24202,0.49607,0.90278,0.3392399999999999,0.34046,0.15561000000000003,0.003673498285116032,0.0038262108338829592,6150
