z_x1,z_x2,z_note,x_x1,x_x2,x_note,"p(y=0|x,D)","p(y=1|x,D)","p(y=2|x,D)","p(u=0|z,D)","p(u=1|z,D)","p(u=2|z,D)","p(y=0|x,u=0,z,D)","p(y=1|x,u=0,z,D)","p(y=2|x,u=0,z,D)","p(y=0|x,u=1,z,D)","p(y=1|x,u=1,z,D)","p(y=2|x,u=1,z,D)","p(y=0|x,u=2,z,D)","p(y=1|x,u=2,z,D)","p(y=2|x,u=2,z,D)","p(y=0|x,z,D)","p(y=1|x,z,D)","p(y=2|x,z,D)","H[p(u|z,D)]","Var[p(u|z,D)]","H[p(y|x,u=0,z,D)]","H[p(y|x,u=1,z,D)]","H[p(y|x,u=2,z,D)]","Var[p(y|x,u=0,z,D)]","Var[p(y|x,u=1,z,D)]","Var[p(y|x,u=2,z,D)]","H[p(y|x,D)]","Var[p(y|x,D)]",Va,Ve,Va_variance,Ve_variance,kl_pyx_pyxz,kl_pyxz_pyx,api_calls
2.4,0.9,x1 = 2.4; x2 = 0.9,2.4,0.9,x1 = 2.4; x2 = 0.9,0.2681306877273276,0.5140897639302848,0.2177795483423875,0.2681306877273276,0.5140897639302848,0.2177795483423875,0.6517527271663989,0.20191785313284122,0.14632941970076,0.14724278450609413,0.737790043179448,0.1149671723144579,0.15012074532571928,0.18830123766177503,0.6615780170125056,0.2831441434043213,0.4744388404434653,0.2424170161522134,1.48157,0.48337,1.27431,1.0894,1.25861,0.54263,0.26117,0.55011,1.48157,0.48337,1.17583,0.3057400000000001,0.39956,0.08381,0.0033145397898743066,0.0033265543796769624,18500
