z_x1,z_x2,z_note,x_x1,x_x2,x_note,"p(y=0|x,D)","p(y=1|x,D)","p(y=2|x,D)","p(u=0|z,D)","p(u=1|z,D)","p(u=2|z,D)","p(y=0|x,u=0,z,D)","p(y=1|x,u=0,z,D)","p(y=2|x,u=0,z,D)","p(y=0|x,u=1,z,D)","p(y=1|x,u=1,z,D)","p(y=2|x,u=1,z,D)","p(y=0|x,u=2,z,D)","p(y=1|x,u=2,z,D)","p(y=2|x,u=2,z,D)","p(y=0|x,z,D)","p(y=1|x,z,D)","p(y=2|x,z,D)","H[p(u|z,D)]","Var[p(u|z,D)]","H[p(y|x,u=0,z,D)]","H[p(y|x,u=1,z,D)]","H[p(y|x,u=2,z,D)]","Var[p(y|x,u=0,z,D)]","Var[p(y|x,u=1,z,D)]","Var[p(y|x,u=2,z,D)]","H[p(y|x,D)]","Var[p(y|x,D)]",Va,Ve,Va_variance,Ve_variance,kl_pyx_pyxz,kl_pyxz_pyx,api_calls
1.6,0.9,x1 = 1.6; x2 = 0.9,1.6,0.9,x1 = 1.6; x2 = 0.9,0.7022603633185398,0.12768279684943856,0.17005683983202177,0.7022603633185398,0.12768279684943856,0.17005683983202177,0.8142472775596836,0.08367337176046943,0.10207935067984694,0.45062688468744494,0.4232884491500217,0.1260846661625335,0.37813856989386074,0.10740556828720753,0.5144558618189318,0.6936559401573877,0.13107219703741557,0.1752718628051968,1.17188,0.58908,0.87694,1.4199,1.36956,0.40914,0.47138,0.87401,1.17188,0.58908,1.03004,0.14183999999999997,0.49614,0.09294000000000002,0.00017571807779432225,0.00017668086404247236,66500
