z_x1,z_x2,z_note,x_x1,x_x2,x_note,"p(y=0|x,D)","p(y=1|x,D)","p(y=2|x,D)","p(u=0|z,D)","p(u=1|z,D)","p(u=2|z,D)","p(y=0|x,u=0,z,D)","p(y=1|x,u=0,z,D)","p(y=2|x,u=0,z,D)","p(y=0|x,u=1,z,D)","p(y=1|x,u=1,z,D)","p(y=2|x,u=1,z,D)","p(y=0|x,u=2,z,D)","p(y=1|x,u=2,z,D)","p(y=2|x,u=2,z,D)","p(y=0|x,z,D)","p(y=1|x,z,D)","p(y=2|x,z,D)","H[p(u|z,D)]","Var[p(u|z,D)]","H[p(y|x,u=0,z,D)]","H[p(y|x,u=1,z,D)]","H[p(y|x,u=2,z,D)]","Var[p(y|x,u=0,z,D)]","Var[p(y|x,u=1,z,D)]","Var[p(y|x,u=2,z,D)]","H[p(y|x,D)]","Var[p(y|x,D)]",Va,Ve,Va_variance,Ve_variance,kl_pyx_pyxz,kl_pyxz_pyx,api_calls
-2.1,3.8,x1 = -2.1; x2 = 3.8,-2.1,3.8,x1 = -2.1; x2 = 3.8,0.34074783464977393,0.15611222152149523,0.5031399438287308,0.34074783464977393,0.15611222152149523,0.5031399438287308,0.8308723100751443,0.05670294816649581,0.11242474175835974,0.14734621818671684,0.6971246162195188,0.15552916559376434,0.0683781112177116,0.05421832531828687,0.8774035634640016,0.3405242450196744,0.1554304844764714,0.5040452705038542,1.44613,0.81752,0.81134,1.18749,0.65819,0.42713,0.30281,0.29126,1.44613,0.81752,0.79301,0.6531199999999999,0.33936,0.47816000000000003,2.379824329527217e-06,2.3781195878988656e-06,79950
