z_x1,z_x2,z_note,x_x1,x_x2,x_note,"p(y=0|x,D)","p(y=1|x,D)","p(y=2|x,D)","p(u=0|z,D)","p(u=1|z,D)","p(u=2|z,D)","p(y=0|x,u=0,z,D)","p(y=1|x,u=0,z,D)","p(y=2|x,u=0,z,D)","p(y=0|x,u=1,z,D)","p(y=1|x,u=1,z,D)","p(y=2|x,u=1,z,D)","p(y=0|x,u=2,z,D)","p(y=1|x,u=2,z,D)","p(y=2|x,u=2,z,D)","p(y=0|x,z,D)","p(y=1|x,z,D)","p(y=2|x,z,D)","H[p(u|z,D)]","Var[p(u|z,D)]","H[p(y|x,u=0,z,D)]","H[p(y|x,u=1,z,D)]","H[p(y|x,u=2,z,D)]","Var[p(y|x,u=0,z,D)]","Var[p(y|x,u=1,z,D)]","Var[p(y|x,u=2,z,D)]","H[p(y|x,D)]","Var[p(y|x,D)]",Va,Ve,Va_variance,Ve_variance,kl_pyx_pyxz,kl_pyxz_pyx,api_calls
2.7,1.7,x1 = 2.7; x2 = 1.7,2.7,1.7,x1 = 2.7; x2 = 1.7,0.304895815791412,0.43475747608796284,0.26034670812062516,0.304895815791412,0.43475747608796284,0.26034670812062516,0.7752736871449031,0.13316732696163056,0.09155898589346631,0.14075304434624214,0.7623122620688765,0.09693469358488148,0.10828133256841879,0.12853647971499935,0.7631821877165818,0.32576183010043297,0.40548716520591205,0.268751004693655,1.55039,0.56326,0.98784,1.023,1.02527,0.39937,0.23577,0.44257,1.55039,0.56326,1.01287,0.53752,0.33949,0.22376999999999997,0.0018477145775565099,0.0018406692224841974,30900
