z_x1,z_x2,z_note,x_x1,x_x2,x_note,"p(y=0|x,D)","p(y=1|x,D)","p(y=2|x,D)","p(u=0|z,D)","p(u=1|z,D)","p(u=2|z,D)","p(y=0|x,u=0,z,D)","p(y=1|x,u=0,z,D)","p(y=2|x,u=0,z,D)","p(y=0|x,u=1,z,D)","p(y=1|x,u=1,z,D)","p(y=2|x,u=1,z,D)","p(y=0|x,u=2,z,D)","p(y=1|x,u=2,z,D)","p(y=2|x,u=2,z,D)","p(y=0|x,z,D)","p(y=1|x,z,D)","p(y=2|x,z,D)","H[p(u|z,D)]","Var[p(u|z,D)]","H[p(y|x,u=0,z,D)]","H[p(y|x,u=1,z,D)]","H[p(y|x,u=2,z,D)]","Var[p(y|x,u=0,z,D)]","Var[p(y|x,u=1,z,D)]","Var[p(y|x,u=2,z,D)]","H[p(y|x,D)]","Var[p(y|x,D)]",Va,Ve,Va_variance,Ve_variance,kl_pyx_pyxz,kl_pyxz_pyx,api_calls
-1.8,-1.1,x1 = -1.8; x2 = -1.1,-1.8,-1.1,x1 = -1.8; x2 = -1.1,0.34652051646431403,0.37690393740176903,0.2765755461339169,0.34652051646431403,0.37690393740176903,0.2765755461339169,0.602601146490737,0.22202038453443024,0.17537846897483284,0.23574026161742984,0.574462800242535,0.18979693814003512,0.2346530219791211,0.21936810448326044,0.5459788735376184,0.3625643810175398,0.35412376291855363,0.2833118560639065,1.57325,0.6182,1.36285,1.40589,1.44754,0.59546,0.42343,0.68371,1.57325,0.6182,1.4025,0.17074999999999996,0.55503,0.06316999999999995,0.0011585414868854676,0.00114991312275225,9500
