z_x1,z_x2,z_note,x_x1,x_x2,x_note,"p(y=0|x,D)","p(y=1|x,D)","p(y=2|x,D)","p(u=0|z,D)","p(u=1|z,D)","p(u=2|z,D)","p(y=0|x,u=0,z,D)","p(y=1|x,u=0,z,D)","p(y=2|x,u=0,z,D)","p(y=0|x,u=1,z,D)","p(y=1|x,u=1,z,D)","p(y=2|x,u=1,z,D)","p(y=0|x,u=2,z,D)","p(y=1|x,u=2,z,D)","p(y=2|x,u=2,z,D)","p(y=0|x,z,D)","p(y=1|x,z,D)","p(y=2|x,z,D)","H[p(u|z,D)]","Var[p(u|z,D)]","H[p(y|x,u=0,z,D)]","H[p(y|x,u=1,z,D)]","H[p(y|x,u=2,z,D)]","Var[p(y|x,u=0,z,D)]","Var[p(y|x,u=1,z,D)]","Var[p(y|x,u=2,z,D)]","H[p(y|x,D)]","Var[p(y|x,D)]",Va,Ve,Va_variance,Ve_variance,kl_pyx_pyxz,kl_pyxz_pyx,api_calls
-1.5,0.2,x1 = -1.5; x2 = 0.2,-1.5,0.2,x1 = -1.5; x2 = 0.2,0.18467009071656043,0.36226918588291956,0.45306072340052,0.18467009071656043,0.36226918588291956,0.45306072340052,0.6221120505676134,0.19106826784826436,0.18681968158412238,0.11866709123262023,0.6739470429331723,0.2073858658342075,0.10713477915417233,0.1718459310784134,0.7210192897674144,0.20641347989106634,0.3572914827760183,0.43629503733291547,1.49821,0.5657,1.33439,1.21926,1.12211,0.61945,0.31818,0.4513,1.49821,0.5657,1.19651,0.3017000000000001,0.43413,0.13156999999999996,0.0015402836443887263,0.0015810427242585329,22150
