z_x1,z_x2,z_note,x_x1,x_x2,x_note,"p(y=0|x,D)","p(y=1|x,D)","p(y=2|x,D)","p(u=0|z,D)","p(u=1|z,D)","p(u=2|z,D)","p(y=0|x,u=0,z,D)","p(y=1|x,u=0,z,D)","p(y=2|x,u=0,z,D)","p(y=0|x,u=1,z,D)","p(y=1|x,u=1,z,D)","p(y=2|x,u=1,z,D)","p(y=0|x,u=2,z,D)","p(y=1|x,u=2,z,D)","p(y=2|x,u=2,z,D)","p(y=0|x,z,D)","p(y=1|x,z,D)","p(y=2|x,z,D)","H[p(u|z,D)]","Var[p(u|z,D)]","H[p(y|x,u=0,z,D)]","H[p(y|x,u=1,z,D)]","H[p(y|x,u=2,z,D)]","Var[p(y|x,u=0,z,D)]","Var[p(y|x,u=1,z,D)]","Var[p(y|x,u=2,z,D)]","H[p(y|x,D)]","Var[p(y|x,D)]",Va,Ve,Va_variance,Ve_variance,kl_pyx_pyxz,kl_pyxz_pyx,api_calls
2.4,-2.5,x1 = 2.4; x2 = -2.5,2.4,-2.5,x1 = 2.4; x2 = -2.5,0.689281775619315,0.10688737561936512,0.2038308487613198,0.689281775619315,0.10688737561936512,0.2038308487613198,0.8693836812618052,0.06889892050051996,0.06171739823767488,0.2682586550065748,0.6246177541582805,0.10712359083514485,0.1926246854514994,0.08783929143782325,0.7195360231106773,0.6671866442633886,0.13215888009645727,0.2006544756401542,1.18253,0.65745,0.68946,1.27855,1.10761,0.27878,0.34942,0.63453,1.18253,0.65745,0.83766,0.3448700000000001,0.35884,0.29861,0.002973787892874476,0.003159316010278443,16800
