z_x1,z_x2,z_note,x_x1,x_x2,x_note,"p(y=0|x,D)","p(y=1|x,D)","p(y=2|x,D)","p(u=0|z,D)","p(u=1|z,D)","p(u=2|z,D)","p(y=0|x,u=0,z,D)","p(y=1|x,u=0,z,D)","p(y=2|x,u=0,z,D)","p(y=0|x,u=1,z,D)","p(y=1|x,u=1,z,D)","p(y=2|x,u=1,z,D)","p(y=0|x,u=2,z,D)","p(y=1|x,u=2,z,D)","p(y=2|x,u=2,z,D)","p(y=0|x,z,D)","p(y=1|x,z,D)","p(y=2|x,z,D)","H[p(u|z,D)]","Var[p(u|z,D)]","H[p(y|x,u=0,z,D)]","H[p(y|x,u=1,z,D)]","H[p(y|x,u=2,z,D)]","Var[p(y|x,u=0,z,D)]","Var[p(y|x,u=1,z,D)]","Var[p(y|x,u=2,z,D)]","H[p(y|x,D)]","Var[p(y|x,D)]",Va,Ve,Va_variance,Ve_variance,kl_pyx_pyxz,kl_pyxz_pyx,api_calls
3.6,-0.8,x1 = 3.6; x2 = -0.8,3.6,-0.8,x1 = 3.6; x2 = -0.8,0.8404390967451857,0.09399403814589467,0.06556686510891965,0.8404390967451857,0.09399403814589467,0.06556686510891965,0.9296141222859587,0.04016990056027554,0.03021597715376566,0.25408712894119767,0.6749616794041535,0.07095119165464878,0.2728817191054295,0.07853562523357356,0.648582655660997,0.8230587274129354,0.10235206353008743,0.07458920905697719,0.78915,0.30558,0.43673,1.15584,1.20468,0.15091,0.2915,0.78031,0.78915,0.30558,0.55467,0.23448000000000002,0.20539,0.10019000000000003,0.0011022856975673144,0.0011361159607015964,65650
