z_x1,z_x2,z_note,x_x1,x_x2,x_note,"p(y=0|x,D)","p(y=1|x,D)","p(y=2|x,D)","p(u=0|z,D)","p(u=1|z,D)","p(u=2|z,D)","p(y=0|x,u=0,z,D)","p(y=1|x,u=0,z,D)","p(y=2|x,u=0,z,D)","p(y=0|x,u=1,z,D)","p(y=1|x,u=1,z,D)","p(y=2|x,u=1,z,D)","p(y=0|x,u=2,z,D)","p(y=1|x,u=2,z,D)","p(y=2|x,u=2,z,D)","p(y=0|x,z,D)","p(y=1|x,z,D)","p(y=2|x,z,D)","H[p(u|z,D)]","Var[p(u|z,D)]","H[p(y|x,u=0,z,D)]","H[p(y|x,u=1,z,D)]","H[p(y|x,u=2,z,D)]","Var[p(y|x,u=0,z,D)]","Var[p(y|x,u=1,z,D)]","Var[p(y|x,u=2,z,D)]","H[p(y|x,D)]","Var[p(y|x,D)]",Va,Ve,Va_variance,Ve_variance,kl_pyx_pyxz,kl_pyxz_pyx,api_calls
1.0,0.3,x1 = 1.0; x2 = 0.3,1.0,0.3,x1 = 1.0; x2 = 0.3,0.23007368786743343,0.45223547623439186,0.31769083589817476,0.23007368786743343,0.45223547623439186,0.31769083589817476,0.7789173467403339,0.1133136376596428,0.10776901560002325,0.08683969689536165,0.804316994092579,0.10884330901205938,0.08110186828013133,0.09980194583567195,0.8190961858841966,0.2442456985168077,0.42151732896569905,0.3342369725174932,1.53102,0.54009,0.98312,0.9071,0.86156,0.43625,0.1952,0.35556,1.53102,0.54009,0.91012,0.6209,0.3016,0.23848999999999998,0.001928883921318937,0.001919101095538344,42200
