z_x1,z_x2,z_note,x_x1,x_x2,x_note,"p(y=0|x,D)","p(y=1|x,D)","p(y=2|x,D)","p(u=0|z,D)","p(u=1|z,D)","p(u=2|z,D)","p(y=0|x,u=0,z,D)","p(y=1|x,u=0,z,D)","p(y=2|x,u=0,z,D)","p(y=0|x,u=1,z,D)","p(y=1|x,u=1,z,D)","p(y=2|x,u=1,z,D)","p(y=0|x,u=2,z,D)","p(y=1|x,u=2,z,D)","p(y=2|x,u=2,z,D)","p(y=0|x,z,D)","p(y=1|x,z,D)","p(y=2|x,z,D)","H[p(u|z,D)]","Var[p(u|z,D)]","H[p(y|x,u=0,z,D)]","H[p(y|x,u=1,z,D)]","H[p(y|x,u=2,z,D)]","Var[p(y|x,u=0,z,D)]","Var[p(y|x,u=1,z,D)]","Var[p(y|x,u=2,z,D)]","H[p(y|x,D)]","Var[p(y|x,D)]",Va,Ve,Va_variance,Ve_variance,kl_pyx_pyxz,kl_pyxz_pyx,api_calls
2.4,3.9,x1 = 2.4; x2 = 3.9,2.4,3.9,x1 = 2.4; x2 = 3.9,0.4444023353062783,0.33146749550925864,0.22413016918446296,0.4444023353062783,0.33146749550925864,0.22413016918446296,0.8783381597220655,0.06674502549130944,0.05491681478662498,0.10450195199472141,0.8165570509452073,0.07894099706007142,0.06687454562981703,0.07491363984561879,0.8582118145245643,0.43996313289876887,0.31711417258847135,0.24292269451275966,1.53161,0.62001,0.65495,0.86842,0.73036,0.25523,0.18279,0.29887,1.53161,0.62001,0.74261,0.7889999999999999,0.241,0.37900999999999996,0.0010887607827560035,0.0011043011835159128,20000
