z_x1,z_x2,z_note,x_x1,x_x2,x_note,"p(y=0|x,D)","p(y=1|x,D)","p(y=2|x,D)","p(u=0|z,D)","p(u=1|z,D)","p(u=2|z,D)","p(y=0|x,u=0,z,D)","p(y=1|x,u=0,z,D)","p(y=2|x,u=0,z,D)","p(y=0|x,u=1,z,D)","p(y=1|x,u=1,z,D)","p(y=2|x,u=1,z,D)","p(y=0|x,u=2,z,D)","p(y=1|x,u=2,z,D)","p(y=2|x,u=2,z,D)","p(y=0|x,z,D)","p(y=1|x,z,D)","p(y=2|x,z,D)","H[p(u|z,D)]","Var[p(u|z,D)]","H[p(y|x,u=0,z,D)]","H[p(y|x,u=1,z,D)]","H[p(y|x,u=2,z,D)]","Var[p(y|x,u=0,z,D)]","Var[p(y|x,u=1,z,D)]","Var[p(y|x,u=2,z,D)]","H[p(y|x,D)]","Var[p(y|x,D)]",Va,Ve,Va_variance,Ve_variance,kl_pyx_pyxz,kl_pyxz_pyx,api_calls
-2.0,-3.7,x1 = -2.0; x2 = -3.7,-2.0,-3.7,x1 = -2.0; x2 = -3.7,0.1810418239530493,0.11794979086991561,0.701008385177035,0.1810418239530493,0.11794979086991561,0.701008385177035,0.8142397100974069,0.05806087687929479,0.12769941302329835,0.13296139595246265,0.7233436456803731,0.14369495836716428,0.0620044607976014,0.04744909413159798,0.8905464450708005,0.20655985803490098,0.12909189164092794,0.6643482503241709,1.16937,0.61168,0.85898,1.12721,0.60632,0.4706,0.27654,0.26607,1.16937,0.61168,0.7135,0.45587,0.30433,0.30735,0.0031341597798097073,0.0032055893599198942,200
