z_x1,z_x2,z_note,x_x1,x_x2,x_note,"p(y=0|x,D)","p(y=1|x,D)","p(y=2|x,D)","p(u=0|z,D)","p(u=1|z,D)","p(u=2|z,D)","p(y=0|x,u=0,z,D)","p(y=1|x,u=0,z,D)","p(y=2|x,u=0,z,D)","p(y=0|x,u=1,z,D)","p(y=1|x,u=1,z,D)","p(y=2|x,u=1,z,D)","p(y=0|x,u=2,z,D)","p(y=1|x,u=2,z,D)","p(y=2|x,u=2,z,D)","p(y=0|x,z,D)","p(y=1|x,z,D)","p(y=2|x,z,D)","H[p(u|z,D)]","Var[p(u|z,D)]","H[p(y|x,u=0,z,D)]","H[p(y|x,u=1,z,D)]","H[p(y|x,u=2,z,D)]","Var[p(y|x,u=0,z,D)]","Var[p(y|x,u=1,z,D)]","Var[p(y|x,u=2,z,D)]","H[p(y|x,D)]","Var[p(y|x,D)]",Va,Ve,Va_variance,Ve_variance,kl_pyx_pyxz,kl_pyxz_pyx,api_calls
-0.4,-3.4,x1 = -0.4; x2 = -3.4,-0.4,-3.4,x1 = -0.4; x2 = -3.4,0.23297134798459126,0.26897536086091556,0.39805329115449306,0.23297134798459126,0.26897536086091556,0.39805329115449306,0.7631033624974354,0.12975768248874528,0.10713895501381931,0.12104987441737718,0.7348495039095856,0.14410062167303714,0.08153238899171072,0.1027962613754132,0.8156713496328761,0.24279488844002306,0.2688046228521659,0.38840048870781096,1.52821,0.72679,1.02518,1.09812,0.87201,0.43995,0.26462,0.35824,1.52821,0.72679,0.88131,0.6469,0.31627,0.41052000000000005,0.0003204890522127482,0.0003223122894464685,64350
