z_x1,z_x2,z_note,x_x1,x_x2,x_note,"p(y=0|x,D)","p(y=1|x,D)","p(y=2|x,D)","p(u=0|z,D)","p(u=1|z,D)","p(u=2|z,D)","p(y=0|x,u=0,z,D)","p(y=1|x,u=0,z,D)","p(y=2|x,u=0,z,D)","p(y=0|x,u=1,z,D)","p(y=1|x,u=1,z,D)","p(y=2|x,u=1,z,D)","p(y=0|x,u=2,z,D)","p(y=1|x,u=2,z,D)","p(y=2|x,u=2,z,D)","p(y=0|x,z,D)","p(y=1|x,z,D)","p(y=2|x,z,D)","H[p(u|z,D)]","Var[p(u|z,D)]","H[p(y|x,u=0,z,D)]","H[p(y|x,u=1,z,D)]","H[p(y|x,u=2,z,D)]","Var[p(y|x,u=0,z,D)]","Var[p(y|x,u=1,z,D)]","Var[p(y|x,u=2,z,D)]","H[p(y|x,D)]","Var[p(y|x,D)]",Va,Ve,Va_variance,Ve_variance,kl_pyx_pyxz,kl_pyxz_pyx,api_calls
3.6,1.4,x1 = 3.6; x2 = 1.4,3.6,1.4,x1 = 3.6; x2 = 1.4,0.3714977406009723,0.3708807580031529,0.2576215013958748,0.3714977406009723,0.3708807580031529,0.2576215013958748,0.892440110024635,0.06348860796817384,0.044071282007191015,0.11510666788123543,0.8200535135308534,0.06483981858791124,0.09914321193525975,0.08190047399127125,0.8189563140734689,0.3997717558428159,0.34882726619021426,0.2514009779669698,1.56551,0.61615,0.59753,0.84964,0.86221,0.21678,0.17742,0.39997,1.56551,0.61615,0.75922,0.80629,0.24938,0.36677,0.001783506228572703,0.001794426160560871,66750
