z_x1,z_x2,z_note,x_x1,x_x2,x_note,"p(y=0|x,D)","p(y=1|x,D)","p(y=2|x,D)","p(u=0|z,D)","p(u=1|z,D)","p(u=2|z,D)","p(y=0|x,u=0,z,D)","p(y=1|x,u=0,z,D)","p(y=2|x,u=0,z,D)","p(y=0|x,u=1,z,D)","p(y=1|x,u=1,z,D)","p(y=2|x,u=1,z,D)","p(y=0|x,u=2,z,D)","p(y=1|x,u=2,z,D)","p(y=2|x,u=2,z,D)","p(y=0|x,z,D)","p(y=1|x,z,D)","p(y=2|x,z,D)","H[p(u|z,D)]","Var[p(u|z,D)]","H[p(y|x,u=0,z,D)]","H[p(y|x,u=1,z,D)]","H[p(y|x,u=2,z,D)]","Var[p(y|x,u=0,z,D)]","Var[p(y|x,u=1,z,D)]","Var[p(y|x,u=2,z,D)]","H[p(y|x,D)]","Var[p(y|x,D)]",Va,Ve,Va_variance,Ve_variance,kl_pyx_pyxz,kl_pyxz_pyx,api_calls
2.7,-1.1,x1 = 2.7; x2 = -1.1,2.7,-1.1,x1 = 2.7; x2 = -1.1,0.7195915855222288,0.1549220383419099,0.12548637613586133,0.7195915855222288,0.1549220383419099,0.12548637613586133,0.8459142737457457,0.0851782677559096,0.06890745849834473,0.2519085265969085,0.6503737306961183,0.09771774270697328,0.26839644648981953,0.1235060108807294,0.6080975426294513,0.6814190733144361,0.17754911052640593,0.14103181615915794,1.13418,0.49212,0.77282,1.23258,1.31835,0.31108,0.32585,0.7611,1.13418,0.49212,0.9125,0.22168,0.36984,0.12228,0.0034471576745611424,0.0035336519540370252,29500
