z_x1,z_x2,z_note,x_x1,x_x2,x_note,"p(y=0|x,D)","p(y=1|x,D)","p(y=2|x,D)","p(u=0|z,D)","p(u=1|z,D)","p(u=2|z,D)","p(y=0|x,u=0,z,D)","p(y=1|x,u=0,z,D)","p(y=2|x,u=0,z,D)","p(y=0|x,u=1,z,D)","p(y=1|x,u=1,z,D)","p(y=2|x,u=1,z,D)","p(y=0|x,u=2,z,D)","p(y=1|x,u=2,z,D)","p(y=2|x,u=2,z,D)","p(y=0|x,z,D)","p(y=1|x,z,D)","p(y=2|x,z,D)","H[p(u|z,D)]","Var[p(u|z,D)]","H[p(y|x,u=0,z,D)]","H[p(y|x,u=1,z,D)]","H[p(y|x,u=2,z,D)]","Var[p(y|x,u=0,z,D)]","Var[p(y|x,u=1,z,D)]","Var[p(y|x,u=2,z,D)]","H[p(y|x,D)]","Var[p(y|x,D)]",Va,Ve,Va_variance,Ve_variance,kl_pyx_pyxz,kl_pyxz_pyx,api_calls
-0.2,-2.1,x1 = -0.2; x2 = -2.1,-0.2,-2.1,x1 = -0.2; x2 = -2.1,0.23729026715013388,0.46944181970874277,0.2932679131411234,0.23729026715013388,0.46944181970874277,0.2932679131411234,0.5556477400358613,0.27073016531791294,0.17362209464622574,0.1574090792150326,0.6639065765425968,0.17868434424237062,0.1401247730123579,0.27179858182401173,0.5880766451636305,0.246838305020568,0.45561694754889065,0.29754474743054143,1.52359,0.52742,1.41997,1.25615,1.35852,0.58333,0.33564,0.52754,1.52359,0.52742,1.32504,0.19855,0.45069,0.07673000000000002,0.0004256346090668623,0.0004262016931004687,73000
