z_x1,z_x2,z_note,x_x1,x_x2,x_note,"p(y=0|x,D)","p(y=1|x,D)","p(y=2|x,D)","p(u=0|z,D)","p(u=1|z,D)","p(u=2|z,D)","p(y=0|x,u=0,z,D)","p(y=1|x,u=0,z,D)","p(y=2|x,u=0,z,D)","p(y=0|x,u=1,z,D)","p(y=1|x,u=1,z,D)","p(y=2|x,u=1,z,D)","p(y=0|x,u=2,z,D)","p(y=1|x,u=2,z,D)","p(y=2|x,u=2,z,D)","p(y=0|x,z,D)","p(y=1|x,z,D)","p(y=2|x,z,D)","H[p(u|z,D)]","Var[p(u|z,D)]","H[p(y|x,u=0,z,D)]","H[p(y|x,u=1,z,D)]","H[p(y|x,u=2,z,D)]","Var[p(y|x,u=0,z,D)]","Var[p(y|x,u=1,z,D)]","Var[p(y|x,u=2,z,D)]","H[p(y|x,D)]","Var[p(y|x,D)]",Va,Ve,Va_variance,Ve_variance,kl_pyx_pyxz,kl_pyxz_pyx,api_calls
3.8,3.2,x1 = 3.8; x2 = 3.2,3.8,3.2,x1 = 3.8; x2 = 3.2,0.358947582180866,0.2861031245289519,0.2549492932901821,0.358947582180866,0.2861031245289519,0.2549492932901821,0.8977862710176623,0.05639545942088141,0.045818269561456175,0.11815343228777848,0.8135942380291328,0.06825232968308872,0.06660280476797552,0.0660232207360939,0.8673739744959305,0.37304261545505824,0.2698474408714001,0.2571099436735416,1.5498,0.67228,0.5774,0.87054,0.69722,0.21776,0.18392,0.29274,1.5498,0.67228,0.63408,0.9157200000000001,0.20542,0.46686,0.0007588835161221187,0.000753124187134285,75650
