z_x1,z_x2,z_note,x_x1,x_x2,x_note,"p(y=0|x,D)","p(y=1|x,D)","p(y=2|x,D)","p(u=0|z,D)","p(u=1|z,D)","p(u=2|z,D)","p(y=0|x,u=0,z,D)","p(y=1|x,u=0,z,D)","p(y=2|x,u=0,z,D)","p(y=0|x,u=1,z,D)","p(y=1|x,u=1,z,D)","p(y=2|x,u=1,z,D)","p(y=0|x,u=2,z,D)","p(y=1|x,u=2,z,D)","p(y=2|x,u=2,z,D)","p(y=0|x,z,D)","p(y=1|x,z,D)","p(y=2|x,z,D)","H[p(u|z,D)]","Var[p(u|z,D)]","H[p(y|x,u=0,z,D)]","H[p(y|x,u=1,z,D)]","H[p(y|x,u=2,z,D)]","Var[p(y|x,u=0,z,D)]","Var[p(y|x,u=1,z,D)]","Var[p(y|x,u=2,z,D)]","H[p(y|x,D)]","Var[p(y|x,D)]",Va,Ve,Va_variance,Ve_variance,kl_pyx_pyxz,kl_pyxz_pyx,api_calls
-1.2,3.2,x1 = -1.2; x2 = 3.2,-1.2,3.2,x1 = -1.2; x2 = 3.2,0.3366296979107527,0.25325775900495734,0.41011254308428996,0.3366296979107527,0.25325775900495734,0.41011254308428996,0.7957205292320365,0.08632552692363625,0.11795394384432716,0.1347692074376604,0.7249348003016192,0.14029599226072045,0.06736806116132993,0.07527426137020901,0.857357677468461,0.32962299572083176,0.24352601775871252,0.4268509865204556,1.55792,0.74134,0.93114,1.12362,0.73344,0.45431,0.27503,0.30064,1.55792,0.74134,0.89881,0.65911,0.34588,0.39546,0.0005984218528847507,0.0005998791478876893,35650
