z_x1,z_x2,z_note,x_x1,x_x2,x_note,"p(y=0|x,D)","p(y=1|x,D)","p(y=2|x,D)","p(u=0|z,D)","p(u=1|z,D)","p(u=2|z,D)","p(y=0|x,u=0,z,D)","p(y=1|x,u=0,z,D)","p(y=2|x,u=0,z,D)","p(y=0|x,u=1,z,D)","p(y=1|x,u=1,z,D)","p(y=2|x,u=1,z,D)","p(y=0|x,u=2,z,D)","p(y=1|x,u=2,z,D)","p(y=2|x,u=2,z,D)","p(y=0|x,z,D)","p(y=1|x,z,D)","p(y=2|x,z,D)","H[p(u|z,D)]","Var[p(u|z,D)]","H[p(y|x,u=0,z,D)]","H[p(y|x,u=1,z,D)]","H[p(y|x,u=2,z,D)]","Var[p(y|x,u=0,z,D)]","Var[p(y|x,u=1,z,D)]","Var[p(y|x,u=2,z,D)]","H[p(y|x,D)]","Var[p(y|x,D)]",Va,Ve,Va_variance,Ve_variance,kl_pyx_pyxz,kl_pyxz_pyx,api_calls
-0.4,3.3,x1 = -0.4; x2 = 3.3,-0.4,3.3,x1 = -0.4; x2 = 3.3,0.37876881975984117,0.19996304590135344,0.4212681343388054,0.37876881975984117,0.19996304590135344,0.4212681343388054,0.7580055880864727,0.08381815678287627,0.1581762551306511,0.14724215996327994,0.6599853373217646,0.19277250271495547,0.07112719122632201,0.064120100554379,0.8647527082192991,0.3465154919109015,0.19073213775434747,0.4627523703347511,1.52026,0.79823,1.02358,1.26044,0.70664,0.55639,0.33794,0.30604,1.52026,0.79823,0.93743,0.58283,0.40724,0.39099,0.003594052997720011,0.0036090266543216884,67700
