z_x1,z_x2,z_note,x_x1,x_x2,x_note,"p(y=0|x,D)","p(y=1|x,D)","p(y=2|x,D)","p(u=0|z,D)","p(u=1|z,D)","p(u=2|z,D)","p(y=0|x,u=0,z,D)","p(y=1|x,u=0,z,D)","p(y=2|x,u=0,z,D)","p(y=0|x,u=1,z,D)","p(y=1|x,u=1,z,D)","p(y=2|x,u=1,z,D)","p(y=0|x,u=2,z,D)","p(y=1|x,u=2,z,D)","p(y=2|x,u=2,z,D)","p(y=0|x,z,D)","p(y=1|x,z,D)","p(y=2|x,z,D)","H[p(u|z,D)]","Var[p(u|z,D)]","H[p(y|x,u=0,z,D)]","H[p(y|x,u=1,z,D)]","H[p(y|x,u=2,z,D)]","Var[p(y|x,u=0,z,D)]","Var[p(y|x,u=1,z,D)]","Var[p(y|x,u=2,z,D)]","H[p(y|x,D)]","Var[p(y|x,D)]",Va,Ve,Va_variance,Ve_variance,kl_pyx_pyxz,kl_pyxz_pyx,api_calls
-3.4,-0.3,x1 = -3.4; x2 = -0.3,-3.4,-0.3,x1 = -3.4; x2 = -0.3,0.1428922457243369,0.09714133486067308,0.65996641941499,0.1428922457243369,0.09714133486067308,0.65996641941499,0.788178502077256,0.07074486951931211,0.14107662840343177,0.13788942796462517,0.6786022242850943,0.18350834775028052,0.07360794960366032,0.06635758976028613,0.8600344606360535,0.1745981342295281,0.11982300010067047,0.6055788656698013,1.12353,0.72891,0.9396,1.22261,0.72384,0.51051,0.31932,0.31518,1.12353,0.72891,0.73074,0.39279,0.31198,0.41692999999999997,0.0077398167300098755,0.008051193660037599,25900
