z_x1,z_x2,z_note,x_x1,x_x2,x_note,"p(y=0|x,D)","p(y=1|x,D)","p(y=2|x,D)","p(u=0|z,D)","p(u=1|z,D)","p(u=2|z,D)","p(y=0|x,u=0,z,D)","p(y=1|x,u=0,z,D)","p(y=2|x,u=0,z,D)","p(y=0|x,u=1,z,D)","p(y=1|x,u=1,z,D)","p(y=2|x,u=1,z,D)","p(y=0|x,u=2,z,D)","p(y=1|x,u=2,z,D)","p(y=2|x,u=2,z,D)","p(y=0|x,z,D)","p(y=1|x,z,D)","p(y=2|x,z,D)","H[p(u|z,D)]","Var[p(u|z,D)]","H[p(y|x,u=0,z,D)]","H[p(y|x,u=1,z,D)]","H[p(y|x,u=2,z,D)]","Var[p(y|x,u=0,z,D)]","Var[p(y|x,u=1,z,D)]","Var[p(y|x,u=2,z,D)]","H[p(y|x,D)]","Var[p(y|x,D)]",Va,Ve,Va_variance,Ve_variance,kl_pyx_pyxz,kl_pyxz_pyx,api_calls
-1.8,2.0,x1 = -1.8; x2 = 2.0,-1.8,2.0,x1 = -1.8; x2 = 2.0,0.303034203625365,0.26355150301091146,0.43341429336372367,0.303034203625365,0.26355150301091146,0.43341429336372367,0.6319600612314392,0.1432406344513953,0.22479930431716552,0.18430094744746267,0.5831459888144497,0.23255306373808765,0.12560584900813676,0.12357717068044963,0.7508169803114138,0.294517675874632,0.25065592552095833,0.4548263986044099,1.55177,0.71945,1.30405,1.39278,1.05915,0.69098,0.41453,0.48553,1.55177,0.71945,1.22129,0.3304800000000001,0.52908,0.19037000000000004,0.0009602557617559987,0.0009619913640218289,11050
