z_x1,z_x2,z_note,x_x1,x_x2,x_note,"p(y=0|x,D)","p(y=1|x,D)","p(y=2|x,D)","p(u=0|z,D)","p(u=1|z,D)","p(u=2|z,D)","p(y=0|x,u=0,z,D)","p(y=1|x,u=0,z,D)","p(y=2|x,u=0,z,D)","p(y=0|x,u=1,z,D)","p(y=1|x,u=1,z,D)","p(y=2|x,u=1,z,D)","p(y=0|x,u=2,z,D)","p(y=1|x,u=2,z,D)","p(y=2|x,u=2,z,D)","p(y=0|x,z,D)","p(y=1|x,z,D)","p(y=2|x,z,D)","H[p(u|z,D)]","Var[p(u|z,D)]","H[p(y|x,u=0,z,D)]","H[p(y|x,u=1,z,D)]","H[p(y|x,u=2,z,D)]","Var[p(y|x,u=0,z,D)]","Var[p(y|x,u=1,z,D)]","Var[p(y|x,u=2,z,D)]","H[p(y|x,D)]","Var[p(y|x,D)]",Va,Ve,Va_variance,Ve_variance,kl_pyx_pyxz,kl_pyxz_pyx,api_calls
-3.8,1.7,x1 = -3.8; x2 = 1.7,-3.8,1.7,x1 = -3.8; x2 = 1.7,0.2446908205828028,0.15563494122927277,0.4996742381879244,0.2446908205828028,0.15563494122927277,0.4996742381879244,0.848687385496436,0.056010187871019426,0.09530242663254464,0.10076080587943825,0.7786317165891754,0.12060747753138626,0.05453136249131281,0.05328283487898018,0.8921858026297069,0.25059583188685325,0.1615115402084082,0.48789262790473853,1.41479,0.82035,0.75698,0.98274,0.60109,0.3764,0.22097,0.24505,1.41479,0.82035,0.63852,0.77627,0.24894,0.57141,0.0003194758290760262,0.000320262905739754,10900
