z_x1,z_x2,z_note,x_x1,x_x2,x_note,"p(y=0|x,D)","p(y=1|x,D)","p(y=2|x,D)","p(u=0|z,D)","p(u=1|z,D)","p(u=2|z,D)","p(y=0|x,u=0,z,D)","p(y=1|x,u=0,z,D)","p(y=2|x,u=0,z,D)","p(y=0|x,u=1,z,D)","p(y=1|x,u=1,z,D)","p(y=2|x,u=1,z,D)","p(y=0|x,u=2,z,D)","p(y=1|x,u=2,z,D)","p(y=2|x,u=2,z,D)","p(y=0|x,z,D)","p(y=1|x,z,D)","p(y=2|x,z,D)","H[p(u|z,D)]","Var[p(u|z,D)]","H[p(y|x,u=0,z,D)]","H[p(y|x,u=1,z,D)]","H[p(y|x,u=2,z,D)]","Var[p(y|x,u=0,z,D)]","Var[p(y|x,u=1,z,D)]","Var[p(y|x,u=2,z,D)]","H[p(y|x,D)]","Var[p(y|x,D)]",Va,Ve,Va_variance,Ve_variance,kl_pyx_pyxz,kl_pyxz_pyx,api_calls
1.6,0.7,x1 = 1.6; x2 = 0.7,1.6,0.7,x1 = 1.6; x2 = 0.7,0.6481910438311281,0.15716806915029133,0.19464088701858048,0.6481910438311281,0.15716806915029133,0.19464088701858048,0.825940325106993,0.0845523597627776,0.08950731513022955,0.2772244120988438,0.6053176153625585,0.11745797253859766,0.22700146995142795,0.10672226748923774,0.6662762625593343,0.6231217145100907,0.1707151999709514,0.206163085518958,1.2846,0.63712,0.84087,1.31442,1.22042,0.37311,0.36916,0.70032,1.2846,0.63712,0.98917,0.29542999999999997,0.43618,0.20094,0.0013781431076784964,0.0013934274078237618,66400
