z_x1,z_x2,z_note,x_x1,x_x2,x_note,"p(y=0|x,D)","p(y=1|x,D)","p(y=2|x,D)","p(u=0|z,D)","p(u=1|z,D)","p(u=2|z,D)","p(y=0|x,u=0,z,D)","p(y=1|x,u=0,z,D)","p(y=2|x,u=0,z,D)","p(y=0|x,u=1,z,D)","p(y=1|x,u=1,z,D)","p(y=2|x,u=1,z,D)","p(y=0|x,u=2,z,D)","p(y=1|x,u=2,z,D)","p(y=2|x,u=2,z,D)","p(y=0|x,z,D)","p(y=1|x,z,D)","p(y=2|x,z,D)","H[p(u|z,D)]","Var[p(u|z,D)]","H[p(y|x,u=0,z,D)]","H[p(y|x,u=1,z,D)]","H[p(y|x,u=2,z,D)]","Var[p(y|x,u=0,z,D)]","Var[p(y|x,u=1,z,D)]","Var[p(y|x,u=2,z,D)]","H[p(y|x,D)]","Var[p(y|x,D)]",Va,Ve,Va_variance,Ve_variance,kl_pyx_pyxz,kl_pyxz_pyx,api_calls
2.3,-2.5,x1 = 2.3; x2 = -2.5,2.3,-2.5,x1 = 2.3; x2 = -2.5,0.7183917777987585,0.10277608747187765,0.17883213472936385,0.7183917777987585,0.10277608747187765,0.17883213472936385,0.8558141894105823,0.07676903902431638,0.06741677156510131,0.2950096133653209,0.5937782719830119,0.11121211465166714,0.23506676708945914,0.09432249490769194,0.6706107380028489,0.6871673025868889,0.1330443471621494,0.17978835025096174,1.12424,0.6061,0.73884,1.31847,1.19888,0.30166,0.37244,0.71598,1.12424,0.6061,0.88068,0.2435599999999999,0.38303,0.22307,0.004440139974418091,0.004765629830011247,12800
