z_x1,z_x2,z_note,x_x1,x_x2,x_note,"p(y=0|x,D)","p(y=1|x,D)","p(y=2|x,D)","p(u=0|z,D)","p(u=1|z,D)","p(u=2|z,D)","p(y=0|x,u=0,z,D)","p(y=1|x,u=0,z,D)","p(y=2|x,u=0,z,D)","p(y=0|x,u=1,z,D)","p(y=1|x,u=1,z,D)","p(y=2|x,u=1,z,D)","p(y=0|x,u=2,z,D)","p(y=1|x,u=2,z,D)","p(y=2|x,u=2,z,D)","p(y=0|x,z,D)","p(y=1|x,z,D)","p(y=2|x,z,D)","H[p(u|z,D)]","Var[p(u|z,D)]","H[p(y|x,u=0,z,D)]","H[p(y|x,u=1,z,D)]","H[p(y|x,u=2,z,D)]","Var[p(y|x,u=0,z,D)]","Var[p(y|x,u=1,z,D)]","Var[p(y|x,u=2,z,D)]","H[p(y|x,D)]","Var[p(y|x,D)]",Va,Ve,Va_variance,Ve_variance,kl_pyx_pyxz,kl_pyxz_pyx,api_calls
2.9,3.1,x1 = 2.9; x2 = 3.1,2.9,3.1,x1 = 2.9; x2 = 3.1,0.4779855390153901,0.3055803312073394,0.21643412977727056,0.4779855390153901,0.3055803312073394,0.21643412977727056,0.884752046014959,0.062184135031581045,0.053063818953459775,0.1402072427133212,0.7693440396026154,0.09044871768406329,0.09745811475295603,0.08385954784641794,0.8186823374006259,0.48683652153172335,0.28296959199709054,0.230193886471186,1.50958,0.62601,0.63027,1.002,0.86353,0.24611,0.22818,0.39598,1.50958,0.62601,0.79435,0.7152299999999999,0.27307,0.35294,0.0013808546886021952,0.0013677953761350933,39600
