z_x1,z_x2,z_note,x_x1,x_x2,x_note,"p(y=0|x,D)","p(y=1|x,D)","p(y=2|x,D)","p(u=0|z,D)","p(u=1|z,D)","p(u=2|z,D)","p(y=0|x,u=0,z,D)","p(y=1|x,u=0,z,D)","p(y=2|x,u=0,z,D)","p(y=0|x,u=1,z,D)","p(y=1|x,u=1,z,D)","p(y=2|x,u=1,z,D)","p(y=0|x,u=2,z,D)","p(y=1|x,u=2,z,D)","p(y=2|x,u=2,z,D)","p(y=0|x,z,D)","p(y=1|x,z,D)","p(y=2|x,z,D)","H[p(u|z,D)]","Var[p(u|z,D)]","H[p(y|x,u=0,z,D)]","H[p(y|x,u=1,z,D)]","H[p(y|x,u=2,z,D)]","Var[p(y|x,u=0,z,D)]","Var[p(y|x,u=1,z,D)]","Var[p(y|x,u=2,z,D)]","H[p(y|x,D)]","Var[p(y|x,D)]",Va,Ve,Va_variance,Ve_variance,kl_pyx_pyxz,kl_pyxz_pyx,api_calls
-2.7,-2.9,x1 = -2.7; x2 = -2.9,-2.7,-2.9,x1 = -2.7; x2 = -2.9,0.09650729865500475,0.07902024823846188,0.8244724531065335,0.09650729865500475,0.07902024823846188,0.8244724531065335,0.5176164076024719,0.07143970630301047,0.4109438860945178,0.13303526485809486,0.4571400358649333,0.40982469927697185,0.06684100791940745,0.056157177289096916,0.8770018147914957,0.11557481065820568,0.08931781790487708,0.7951073714369175,0.84446,0.39105,1.29097,1.43081,0.66025,0.91718,0.46625,0.28748,0.84446,0.39105,0.78201,0.062450000000000006,0.36238,0.02867000000000003,0.0028208451233344978,0.002943406463574265,52600
