z_x1,z_x2,z_note,x_x1,x_x2,x_note,"p(y=0|x,D)","p(y=1|x,D)","p(y=2|x,D)","p(u=0|z,D)","p(u=1|z,D)","p(u=2|z,D)","p(y=0|x,u=0,z,D)","p(y=1|x,u=0,z,D)","p(y=2|x,u=0,z,D)","p(y=0|x,u=1,z,D)","p(y=1|x,u=1,z,D)","p(y=2|x,u=1,z,D)","p(y=0|x,u=2,z,D)","p(y=1|x,u=2,z,D)","p(y=2|x,u=2,z,D)","p(y=0|x,z,D)","p(y=1|x,z,D)","p(y=2|x,z,D)","H[p(u|z,D)]","Var[p(u|z,D)]","H[p(y|x,u=0,z,D)]","H[p(y|x,u=1,z,D)]","H[p(y|x,u=2,z,D)]","Var[p(y|x,u=0,z,D)]","Var[p(y|x,u=1,z,D)]","Var[p(y|x,u=2,z,D)]","H[p(y|x,D)]","Var[p(y|x,D)]",Va,Ve,Va_variance,Ve_variance,kl_pyx_pyxz,kl_pyxz_pyx,api_calls
-0.1,-1.0,x1 = -0.1; x2 = -1.0,-0.1,-1.0,x1 = -0.1; x2 = -1.0,0.3621461461961165,0.32179515429542094,0.3160586995084625,0.3621461461961165,0.32179515429542094,0.3160586995084625,0.6825353400293841,0.1649533034207468,0.15251135654986897,0.1534505923923267,0.6660028451430812,0.1805465624645922,0.1477225257122029,0.16695380332292664,0.6853236709648705,0.3432461894546142,0.3268208934063851,0.32993291713900064,1.58227,0.67608,1.21872,1.25137,1.21233,0.55412,0.33326,0.54403,1.58227,0.67608,1.22721,0.35506000000000015,0.47986,0.19622,0.0008457782849505668,0.0008411978771170787,77550
