z_x1,z_x2,z_note,x_x1,x_x2,x_note,"p(y=0|x,D)","p(y=1|x,D)","p(y=2|x,D)","p(u=0|z,D)","p(u=1|z,D)","p(u=2|z,D)","p(y=0|x,u=0,z,D)","p(y=1|x,u=0,z,D)","p(y=2|x,u=0,z,D)","p(y=0|x,u=1,z,D)","p(y=1|x,u=1,z,D)","p(y=2|x,u=1,z,D)","p(y=0|x,u=2,z,D)","p(y=1|x,u=2,z,D)","p(y=2|x,u=2,z,D)","p(y=0|x,z,D)","p(y=1|x,z,D)","p(y=2|x,z,D)","H[p(u|z,D)]","Var[p(u|z,D)]","H[p(y|x,u=0,z,D)]","H[p(y|x,u=1,z,D)]","H[p(y|x,u=2,z,D)]","Var[p(y|x,u=0,z,D)]","Var[p(y|x,u=1,z,D)]","Var[p(y|x,u=2,z,D)]","H[p(y|x,D)]","Var[p(y|x,D)]",Va,Ve,Va_variance,Ve_variance,kl_pyx_pyxz,kl_pyxz_pyx,api_calls
-2.4,2.5,x1 = -2.4; x2 = 2.5,-2.4,2.5,x1 = -2.4; x2 = 2.5,0.3098975649346267,0.1913312052369933,0.49877122982837985,0.3098975649346267,0.1913312052369933,0.49877122982837985,0.7340485261113305,0.07946438127292388,0.18648709261574564,0.19726963703568715,0.5868913454311511,0.21583901753316184,0.09552785520616147,0.07210155665112147,0.8323705881427171,0.31287023402049985,0.17287862880343902,0.514251137176061,1.4808,0.773,1.06958,1.39061,0.81751,0.62071,0.41276,0.38496,1.4808,0.773,1.00528,0.47551999999999994,0.46334,0.30966000000000005,0.0012010357115268162,0.0011718648460028354,67300
