z_x1,z_x2,z_note,x_x1,x_x2,x_note,"p(y=0|x,D)","p(y=1|x,D)","p(y=2|x,D)","p(u=0|z,D)","p(u=1|z,D)","p(u=2|z,D)","p(y=0|x,u=0,z,D)","p(y=1|x,u=0,z,D)","p(y=2|x,u=0,z,D)","p(y=0|x,u=1,z,D)","p(y=1|x,u=1,z,D)","p(y=2|x,u=1,z,D)","p(y=0|x,u=2,z,D)","p(y=1|x,u=2,z,D)","p(y=2|x,u=2,z,D)","p(y=0|x,z,D)","p(y=1|x,z,D)","p(y=2|x,z,D)","H[p(u|z,D)]","Var[p(u|z,D)]","H[p(y|x,u=0,z,D)]","H[p(y|x,u=1,z,D)]","H[p(y|x,u=2,z,D)]","Var[p(y|x,u=0,z,D)]","Var[p(y|x,u=1,z,D)]","Var[p(y|x,u=2,z,D)]","H[p(y|x,D)]","Var[p(y|x,D)]",Va,Ve,Va_variance,Ve_variance,kl_pyx_pyxz,kl_pyxz_pyx,api_calls
0.1,1.5,x1 = 0.1; x2 = 1.5,0.1,1.5,x1 = 0.1; x2 = 1.5,0.23211216517965744,0.5061152834644005,0.2617725513559421,0.23211216517965744,0.5061152834644005,0.2617725513559421,0.6476538954038553,0.1983748069200407,0.15397129767610396,0.14906953566653866,0.7118871437017951,0.13904332063166627,0.14980341977406347,0.16911001541495158,0.681086564810985,0.2649891416451068,0.4506105296756181,0.28440032867927506,1.49249,0.493,1.28444,1.15413,1.22127,0.5579,0.28801,0.54863,1.49249,0.493,1.20195,0.29054,0.41888,0.07412000000000002,0.0063406968437636525,0.006337944520292481,6800
