z_x1,z_x2,z_note,x_x1,x_x2,x_note,"p(y=0|x,D)","p(y=1|x,D)","p(y=2|x,D)","p(u=0|z,D)","p(u=1|z,D)","p(u=2|z,D)","p(y=0|x,u=0,z,D)","p(y=1|x,u=0,z,D)","p(y=2|x,u=0,z,D)","p(y=0|x,u=1,z,D)","p(y=1|x,u=1,z,D)","p(y=2|x,u=1,z,D)","p(y=0|x,u=2,z,D)","p(y=1|x,u=2,z,D)","p(y=2|x,u=2,z,D)","p(y=0|x,z,D)","p(y=1|x,z,D)","p(y=2|x,z,D)","H[p(u|z,D)]","Var[p(u|z,D)]","H[p(y|x,u=0,z,D)]","H[p(y|x,u=1,z,D)]","H[p(y|x,u=2,z,D)]","Var[p(y|x,u=0,z,D)]","Var[p(y|x,u=1,z,D)]","Var[p(y|x,u=2,z,D)]","H[p(y|x,D)]","Var[p(y|x,D)]",Va,Ve,Va_variance,Ve_variance,kl_pyx_pyxz,kl_pyxz_pyx,api_calls
0.9,2.3,x1 = 0.9; x2 = 2.3,0.9,2.3,x1 = 0.9; x2 = 2.3,0.33791034821668353,0.3278970358246836,0.3341926159586329,0.33791034821668353,0.3278970358246836,0.3341926159586329,0.6541088918016044,0.18149894974115213,0.16439215845724353,0.17959633058840424,0.6449580162462734,0.17544565316532243,0.14576677455909295,0.16953192379831358,0.6847013016425937,0.32863344755499235,0.3294665121691742,0.34190004027583354,1.58485,0.67209,1.27563,1.2935,1.2132,0.57868,0.35502,0.54002,1.58485,0.67209,1.26063,0.3242200000000002,0.49242,0.17966999999999994,0.00022100090759448379,0.00022047654147293837,39200
