z_x1,z_x2,z_note,x_x1,x_x2,x_note,"p(y=0|x,D)","p(y=1|x,D)","p(y=2|x,D)","p(u=0|z,D)","p(u=1|z,D)","p(u=2|z,D)","p(y=0|x,u=0,z,D)","p(y=1|x,u=0,z,D)","p(y=2|x,u=0,z,D)","p(y=0|x,u=1,z,D)","p(y=1|x,u=1,z,D)","p(y=2|x,u=1,z,D)","p(y=0|x,u=2,z,D)","p(y=1|x,u=2,z,D)","p(y=2|x,u=2,z,D)","p(y=0|x,z,D)","p(y=1|x,z,D)","p(y=2|x,z,D)","H[p(u|z,D)]","Var[p(u|z,D)]","H[p(y|x,u=0,z,D)]","H[p(y|x,u=1,z,D)]","H[p(y|x,u=2,z,D)]","Var[p(y|x,u=0,z,D)]","Var[p(y|x,u=1,z,D)]","Var[p(y|x,u=2,z,D)]","H[p(y|x,D)]","Var[p(y|x,D)]",Va,Ve,Va_variance,Ve_variance,kl_pyx_pyxz,kl_pyxz_pyx,api_calls
3.3,1.7,x1 = 3.3; x2 = 1.7,3.3,1.7,x1 = 3.3; x2 = 1.7,0.39349659533974946,0.35940346797370537,0.24709993668654517,0.39349659533974946,0.35940346797370537,0.24709993668654517,0.8621566837349451,0.08132004093324632,0.05652327533180853,0.14927323824183952,0.7666158284746443,0.08411093328351621,0.13815412421865286,0.09220364533586045,0.7696422304454867,0.4270429145463065,0.3303070615222037,0.24265002393148977,1.55844,0.61916,0.71317,1.00395,1.00234,0.26963,0.22914,0.50902,1.55844,0.61916,0.88913,0.6693100000000001,0.31423,0.30493000000000003,0.0026395752593819785,0.0026421896189857885,54900
