z_x1,z_x2,z_note,x_x1,x_x2,x_note,"p(y=0|x,D)","p(y=1|x,D)","p(y=2|x,D)","p(u=0|z,D)","p(u=1|z,D)","p(u=2|z,D)","p(y=0|x,u=0,z,D)","p(y=1|x,u=0,z,D)","p(y=2|x,u=0,z,D)","p(y=0|x,u=1,z,D)","p(y=1|x,u=1,z,D)","p(y=2|x,u=1,z,D)","p(y=0|x,u=2,z,D)","p(y=1|x,u=2,z,D)","p(y=2|x,u=2,z,D)","p(y=0|x,z,D)","p(y=1|x,z,D)","p(y=2|x,z,D)","H[p(u|z,D)]","Var[p(u|z,D)]","H[p(y|x,u=0,z,D)]","H[p(y|x,u=1,z,D)]","H[p(y|x,u=2,z,D)]","Var[p(y|x,u=0,z,D)]","Var[p(y|x,u=1,z,D)]","Var[p(y|x,u=2,z,D)]","H[p(y|x,D)]","Var[p(y|x,D)]",Va,Ve,Va_variance,Ve_variance,kl_pyx_pyxz,kl_pyxz_pyx,api_calls
2.2,3.7,x1 = 2.2; x2 = 3.7,2.2,3.7,x1 = 2.2; x2 = 3.7,0.41775001649136156,0.3564686565601364,0.225781326948502,0.41775001649136156,0.3564686565601364,0.225781326948502,0.8702214459945153,0.07147101493938235,0.058307539066102386,0.10568634529395571,0.805970730861679,0.08834292384436536,0.06889388856264053,0.0872820421771223,0.843824069260237,0.41676384651734755,0.33686697662816106,0.2463691768544913,1.5413,0.60668,0.68564,0.90273,0.77969,0.26932,0.19373,0.3122,1.5413,0.60668,0.78426,0.7570399999999999,0.25206,0.35462,0.0014459363527894661,0.0014616118117277525,11900
