z_x1,z_x2,z_note,x_x1,x_x2,x_note,"p(y=0|x,D)","p(y=1|x,D)","p(y=2|x,D)","p(u=0|z,D)","p(u=1|z,D)","p(u=2|z,D)","p(y=0|x,u=0,z,D)","p(y=1|x,u=0,z,D)","p(y=2|x,u=0,z,D)","p(y=0|x,u=1,z,D)","p(y=1|x,u=1,z,D)","p(y=2|x,u=1,z,D)","p(y=0|x,u=2,z,D)","p(y=1|x,u=2,z,D)","p(y=2|x,u=2,z,D)","p(y=0|x,z,D)","p(y=1|x,z,D)","p(y=2|x,z,D)","H[p(u|z,D)]","Var[p(u|z,D)]","H[p(y|x,u=0,z,D)]","H[p(y|x,u=1,z,D)]","H[p(y|x,u=2,z,D)]","Var[p(y|x,u=0,z,D)]","Var[p(y|x,u=1,z,D)]","Var[p(y|x,u=2,z,D)]","H[p(y|x,D)]","Var[p(y|x,D)]",Va,Ve,Va_variance,Ve_variance,kl_pyx_pyxz,kl_pyxz_pyx,api_calls
2.8,3.5,x1 = 2.8; x2 = 3.5,2.8,3.5,x1 = 2.8; x2 = 3.5,0.4459188680270009,0.3290291286990848,0.22505200327391414,0.4459188680270009,0.3290291286990848,0.22505200327391414,0.8860449369818035,0.06343463338861244,0.050520429629583995,0.11886697454194509,0.8022501727214569,0.07888285273659804,0.0759807339024985,0.08003687642887719,0.8439823896686243,0.4513144687595932,0.3102628346196946,0.23842269662071203,1.53147,0.62219,0.62463,0.90928,0.78064,0.23846,0.19615,0.33014,1.53147,0.62219,0.7534,0.7780700000000002,0.24517,0.37702,0.0009709392815370529,0.0009677053648344466,35800
