z_x1,z_x2,z_note,x_x1,x_x2,x_note,"p(y=0|x,D)","p(y=1|x,D)","p(y=2|x,D)","p(u=0|z,D)","p(u=1|z,D)","p(u=2|z,D)","p(y=0|x,u=0,z,D)","p(y=1|x,u=0,z,D)","p(y=2|x,u=0,z,D)","p(y=0|x,u=1,z,D)","p(y=1|x,u=1,z,D)","p(y=2|x,u=1,z,D)","p(y=0|x,u=2,z,D)","p(y=1|x,u=2,z,D)","p(y=2|x,u=2,z,D)","p(y=0|x,z,D)","p(y=1|x,z,D)","p(y=2|x,z,D)","H[p(u|z,D)]","Var[p(u|z,D)]","H[p(y|x,u=0,z,D)]","H[p(y|x,u=1,z,D)]","H[p(y|x,u=2,z,D)]","Var[p(y|x,u=0,z,D)]","Var[p(y|x,u=1,z,D)]","Var[p(y|x,u=2,z,D)]","H[p(y|x,D)]","Var[p(y|x,D)]",Va,Ve,Va_variance,Ve_variance,kl_pyx_pyxz,kl_pyxz_pyx,api_calls
1.0,2.2,x1 = 1.0; x2 = 2.2,1.0,2.2,x1 = 1.0; x2 = 2.2,0.2365876024440658,0.3298416175878204,0.43357077996811383,0.2365876024440658,0.3298416175878204,0.43357077996811383,0.6699746396874335,0.11571558927765815,0.21430977103490836,0.1382625562597231,0.6231843639602982,0.23855307977997872,0.09096215518668833,0.09595262391268519,0.8130852209006264,0.24355097148238392,0.27453126648651516,0.4819177620311009,1.54253,0.63136,1.2234,1.31309,0.88179,0.67665,0.36676,0.38259,1.54253,0.63136,1.10487,0.43765999999999994,0.44694,0.18442000000000003,0.007842302062788055,0.007622928988434086,43150
