z_x1,z_x2,z_note,x_x1,x_x2,x_note,"p(y=0|x,D)","p(y=1|x,D)","p(y=2|x,D)","p(u=0|z,D)","p(u=1|z,D)","p(u=2|z,D)","p(y=0|x,u=0,z,D)","p(y=1|x,u=0,z,D)","p(y=2|x,u=0,z,D)","p(y=0|x,u=1,z,D)","p(y=1|x,u=1,z,D)","p(y=2|x,u=1,z,D)","p(y=0|x,u=2,z,D)","p(y=1|x,u=2,z,D)","p(y=2|x,u=2,z,D)","p(y=0|x,z,D)","p(y=1|x,z,D)","p(y=2|x,z,D)","H[p(u|z,D)]","Var[p(u|z,D)]","H[p(y|x,u=0,z,D)]","H[p(y|x,u=1,z,D)]","H[p(y|x,u=2,z,D)]","Var[p(y|x,u=0,z,D)]","Var[p(y|x,u=1,z,D)]","Var[p(y|x,u=2,z,D)]","H[p(y|x,D)]","Var[p(y|x,D)]",Va,Ve,Va_variance,Ve_variance,kl_pyx_pyxz,kl_pyxz_pyx,api_calls
2.8,-0.1,x1 = 2.8; x2 = -0.1,2.8,-0.1,x1 = 2.8; x2 = -0.1,0.6941602610706868,0.18395877739714644,0.1218809615321667,0.6941602610706868,0.18395877739714644,0.1218809615321667,0.8168019317970826,0.08152409707528875,0.10167397112762855,0.2066906727695763,0.6589545133761395,0.13435481385428424,0.20440349442103734,0.11713509533820712,0.6784614102407553,0.62992690012196,0.19208779319932337,0.17798530667871648,1.185,0.48854,0.86862,1.25571,1.21028,0.40707,0.33581,0.65813,1.185,0.48854,0.98147,0.2035300000000001,0.42456,0.06397999999999998,0.013296814094212607,0.01453594701747378,34000
