z_x1,z_x2,z_note,x_x1,x_x2,x_note,"p(y=0|x,D)","p(y=1|x,D)","p(y=2|x,D)","p(u=0|z,D)","p(u=1|z,D)","p(u=2|z,D)","p(y=0|x,u=0,z,D)","p(y=1|x,u=0,z,D)","p(y=2|x,u=0,z,D)","p(y=0|x,u=1,z,D)","p(y=1|x,u=1,z,D)","p(y=2|x,u=1,z,D)","p(y=0|x,u=2,z,D)","p(y=1|x,u=2,z,D)","p(y=2|x,u=2,z,D)","p(y=0|x,z,D)","p(y=1|x,z,D)","p(y=2|x,z,D)","H[p(u|z,D)]","Var[p(u|z,D)]","H[p(y|x,u=0,z,D)]","H[p(y|x,u=1,z,D)]","H[p(y|x,u=2,z,D)]","Var[p(y|x,u=0,z,D)]","Var[p(y|x,u=1,z,D)]","Var[p(y|x,u=2,z,D)]","H[p(y|x,D)]","Var[p(y|x,D)]",Va,Ve,Va_variance,Ve_variance,kl_pyx_pyxz,kl_pyxz_pyx,api_calls
-3.8,-1.2,x1 = -3.8; x2 = -1.2,-3.8,-1.2,x1 = -3.8; x2 = -1.2,0.1695405531991681,0.11087520064676051,0.6195842461540714,0.1695405531991681,0.11087520064676051,0.6195842461540714,0.8079445264140878,0.06557318216417307,0.1264822914217391,0.14266197903661118,0.6833656421500321,0.1739723788133568,0.0757394597714413,0.06579348026733685,0.8584670599612219,0.19972401359943762,0.12765022014092153,0.5726257662596408,1.21378,0.76659,0.88363,1.21508,0.72927,0.47004,0.31565,0.32154,1.21378,0.76659,0.73638,0.47740000000000005,0.31391,0.45267999999999997,0.005434020504152662,0.005575870963096433,9450
