z_x1,z_x2,z_note,x_x1,x_x2,x_note,"p(y=0|x,D)","p(y=1|x,D)","p(y=2|x,D)","p(u=0|z,D)","p(u=1|z,D)","p(u=2|z,D)","p(y=0|x,u=0,z,D)","p(y=1|x,u=0,z,D)","p(y=2|x,u=0,z,D)","p(y=0|x,u=1,z,D)","p(y=1|x,u=1,z,D)","p(y=2|x,u=1,z,D)","p(y=0|x,u=2,z,D)","p(y=1|x,u=2,z,D)","p(y=2|x,u=2,z,D)","p(y=0|x,z,D)","p(y=1|x,z,D)","p(y=2|x,z,D)","H[p(u|z,D)]","Var[p(u|z,D)]","H[p(y|x,u=0,z,D)]","H[p(y|x,u=1,z,D)]","H[p(y|x,u=2,z,D)]","Var[p(y|x,u=0,z,D)]","Var[p(y|x,u=1,z,D)]","Var[p(y|x,u=2,z,D)]","H[p(y|x,D)]","Var[p(y|x,D)]",Va,Ve,Va_variance,Ve_variance,kl_pyx_pyxz,kl_pyxz_pyx,api_calls
3.6,2.9,x1 = 3.6; x2 = 2.9,3.6,2.9,x1 = 3.6; x2 = 2.9,0.3655508350834914,0.3424282243307957,0.29202094058571293,0.3655508350834914,0.3424282243307957,0.29202094058571293,0.9084494752098898,0.05134315515789038,0.040207369632219776,0.09378926381892543,0.8455363651899528,0.06067437099112183,0.05406640638728231,0.060759510312302,0.8851740833004158,0.3799890782122455,0.3260470987338246,0.29396382305393,1.57875,0.65217,0.5322,0.7702,0.62885,0.19481,0.15337,0.2485,1.57875,0.65217,0.64192,0.93683,0.1963,0.45587,0.0006890609343708427,0.0006861256786483397,67500
