z_x1,z_x2,z_note,x_x1,x_x2,x_note,"p(y=0|x,D)","p(y=1|x,D)","p(y=2|x,D)","p(u=0|z,D)","p(u=1|z,D)","p(u=2|z,D)","p(y=0|x,u=0,z,D)","p(y=1|x,u=0,z,D)","p(y=2|x,u=0,z,D)","p(y=0|x,u=1,z,D)","p(y=1|x,u=1,z,D)","p(y=2|x,u=1,z,D)","p(y=0|x,u=2,z,D)","p(y=1|x,u=2,z,D)","p(y=2|x,u=2,z,D)","p(y=0|x,z,D)","p(y=1|x,z,D)","p(y=2|x,z,D)","H[p(u|z,D)]","Var[p(u|z,D)]","H[p(y|x,u=0,z,D)]","H[p(y|x,u=1,z,D)]","H[p(y|x,u=2,z,D)]","Var[p(y|x,u=0,z,D)]","Var[p(y|x,u=1,z,D)]","Var[p(y|x,u=2,z,D)]","H[p(y|x,D)]","Var[p(y|x,D)]",Va,Ve,Va_variance,Ve_variance,kl_pyx_pyxz,kl_pyxz_pyx,api_calls
-2.7,-2.5,x1 = -2.7; x2 = -2.5,-2.7,-2.5,x1 = -2.7; x2 = -2.5,0.0960840667278643,0.08032321234859982,0.823592720923536,0.0960840667278643,0.08032321234859982,0.823592720923536,0.47502893026761245,0.0799018742902869,0.4450691954421006,0.14616952340613473,0.41643230019805194,0.4373981763958133,0.07563493498710862,0.06536964506348864,0.8589954199494028,0.1196758990038514,0.09496444094225774,0.785359660053891,0.84754,0.39041,1.32123,1.45363,0.72733,0.9192,0.49875,0.32098,0.84754,0.39041,0.84273,0.004809999999999981,0.39274,-0.0023299999999999987,0.0046027449840430265,0.00484613397806747,52800
