z_x1,z_x2,z_note,x_x1,x_x2,x_note,"p(y=0|x,D)","p(y=1|x,D)","p(y=2|x,D)","p(u=0|z,D)","p(u=1|z,D)","p(u=2|z,D)","p(y=0|x,u=0,z,D)","p(y=1|x,u=0,z,D)","p(y=2|x,u=0,z,D)","p(y=0|x,u=1,z,D)","p(y=1|x,u=1,z,D)","p(y=2|x,u=1,z,D)","p(y=0|x,u=2,z,D)","p(y=1|x,u=2,z,D)","p(y=2|x,u=2,z,D)","p(y=0|x,z,D)","p(y=1|x,z,D)","p(y=2|x,z,D)","H[p(u|z,D)]","Var[p(u|z,D)]","H[p(y|x,u=0,z,D)]","H[p(y|x,u=1,z,D)]","H[p(y|x,u=2,z,D)]","Var[p(y|x,u=0,z,D)]","Var[p(y|x,u=1,z,D)]","Var[p(y|x,u=2,z,D)]","H[p(y|x,D)]","Var[p(y|x,D)]",Va,Ve,Va_variance,Ve_variance,kl_pyx_pyxz,kl_pyxz_pyx,api_calls
0.4,3.3,x1 = 0.4; x2 = 3.3,0.4,3.3,x1 = 0.4; x2 = 3.3,0.4142019248137559,0.27208737719155623,0.3137106979946879,0.4142019248137559,0.27208737719155623,0.3137106979946879,0.817187780760387,0.08065576699503965,0.10215645224457323,0.1371266918046649,0.7366393935117713,0.12623391468356376,0.07720617115255697,0.0708302898901014,0.8519635389573417,0.40001159548308596,0.25605827413386156,0.3439301303830524,1.56232,0.71781,0.86717,1.09481,0.75274,0.40807,0.26324,0.32892,1.56232,0.71781,0.89321,0.66911,0.34383,0.3739799999999999,0.0021086316070519605,0.002138502369500847,19700
