z_x1,z_x2,z_note,x_x1,x_x2,x_note,"p(y=0|x,D)","p(y=1|x,D)","p(y=2|x,D)","p(u=0|z,D)","p(u=1|z,D)","p(u=2|z,D)","p(y=0|x,u=0,z,D)","p(y=1|x,u=0,z,D)","p(y=2|x,u=0,z,D)","p(y=0|x,u=1,z,D)","p(y=1|x,u=1,z,D)","p(y=2|x,u=1,z,D)","p(y=0|x,u=2,z,D)","p(y=1|x,u=2,z,D)","p(y=2|x,u=2,z,D)","p(y=0|x,z,D)","p(y=1|x,z,D)","p(y=2|x,z,D)","H[p(u|z,D)]","Var[p(u|z,D)]","H[p(y|x,u=0,z,D)]","H[p(y|x,u=1,z,D)]","H[p(y|x,u=2,z,D)]","Var[p(y|x,u=0,z,D)]","Var[p(y|x,u=1,z,D)]","Var[p(y|x,u=2,z,D)]","H[p(y|x,D)]","Var[p(y|x,D)]",Va,Ve,Va_variance,Ve_variance,kl_pyx_pyxz,kl_pyxz_pyx,api_calls
-2.6,-1.6,x1 = -2.6; x2 = -1.6,-2.6,-1.6,x1 = -2.6; x2 = -1.6,0.15722092103405472,0.09489332989172976,0.7478857490742156,0.15722092103405472,0.09489332989172976,0.7478857490742156,0.544457001730162,0.08727600498673994,0.3682669932830981,0.19081840010729395,0.45497841013276635,0.3542031897599397,0.09469904532210849,0.0667045081684361,0.8385964465094554,0.1745314911135877,0.10678338131270929,0.7186851275737031,1.0555,0.55622,1.31535,1.50329,0.79554,0.88168,0.51833,0.37991,1.0555,0.55622,0.94443,0.11107000000000011,0.47193,0.08429000000000003,0.0021616802422078606,0.0022130422128492193,57250
