z_x1,z_x2,z_note,x_x1,x_x2,x_note,"p(y=0|x,D)","p(y=1|x,D)","p(y=2|x,D)","p(u=0|z,D)","p(u=1|z,D)","p(u=2|z,D)","p(y=0|x,u=0,z,D)","p(y=1|x,u=0,z,D)","p(y=2|x,u=0,z,D)","p(y=0|x,u=1,z,D)","p(y=1|x,u=1,z,D)","p(y=2|x,u=1,z,D)","p(y=0|x,u=2,z,D)","p(y=1|x,u=2,z,D)","p(y=2|x,u=2,z,D)","p(y=0|x,z,D)","p(y=1|x,z,D)","p(y=2|x,z,D)","H[p(u|z,D)]","Var[p(u|z,D)]","H[p(y|x,u=0,z,D)]","H[p(y|x,u=1,z,D)]","H[p(y|x,u=2,z,D)]","Var[p(y|x,u=0,z,D)]","Var[p(y|x,u=1,z,D)]","Var[p(y|x,u=2,z,D)]","H[p(y|x,D)]","Var[p(y|x,D)]",Va,Ve,Va_variance,Ve_variance,kl_pyx_pyxz,kl_pyxz_pyx,api_calls
-1.1,-0.7,x1 = -1.1; x2 = -0.7,-1.1,-0.7,x1 = -1.1; x2 = -0.7,0.2867095186407034,0.3360038573558083,0.37728662400348834,0.2867095186407034,0.3360038573558083,0.37728662400348834,0.6226261672460311,0.17422663398298668,0.20314719877098222,0.15685786162251952,0.615581592631248,0.22756054574623236,0.1506142794974036,0.18872847621793407,0.6606572442846622,0.28804244830425907,0.3279949536505703,0.38396259804517063,1.576,0.65579,1.33194,1.33609,1.26044,0.64981,0.37942,0.55113,1.576,0.65579,1.30636,0.2696400000000001,0.52173,0.13405999999999996,0.00015845939694739564,0.00015802964640184228,37700
