z_x1,z_x2,z_note,x_x1,x_x2,x_note,"p(y=0|x,D)","p(y=1|x,D)","p(y=2|x,D)","p(u=0|z,D)","p(u=1|z,D)","p(u=2|z,D)","p(y=0|x,u=0,z,D)","p(y=1|x,u=0,z,D)","p(y=2|x,u=0,z,D)","p(y=0|x,u=1,z,D)","p(y=1|x,u=1,z,D)","p(y=2|x,u=1,z,D)","p(y=0|x,u=2,z,D)","p(y=1|x,u=2,z,D)","p(y=2|x,u=2,z,D)","p(y=0|x,z,D)","p(y=1|x,z,D)","p(y=2|x,z,D)","H[p(u|z,D)]","Var[p(u|z,D)]","H[p(y|x,u=0,z,D)]","H[p(y|x,u=1,z,D)]","H[p(y|x,u=2,z,D)]","Var[p(y|x,u=0,z,D)]","Var[p(y|x,u=1,z,D)]","Var[p(y|x,u=2,z,D)]","H[p(y|x,D)]","Var[p(y|x,D)]",Va,Ve,Va_variance,Ve_variance,kl_pyx_pyxz,kl_pyxz_pyx,api_calls
-3.2,3.1,x1 = -3.2; x2 = 3.1,-3.2,3.1,x1 = -3.2; x2 = 3.1,0.382716546198514,0.19994172277234573,0.3173417310291403,0.382716546198514,0.19994172277234573,0.3173417310291403,0.8672715742512273,0.051948893701830236,0.08077953204694246,0.12102466422040983,0.7677484343723636,0.11122690140722655,0.0644383703384808,0.06055994507507961,0.8750016845864398,0.37656604536366145,0.19260484360173524,0.3308291110346034,1.52013,0.77271,0.69305,1.01387,0.66847,0.32948,0.23216,0.28243,1.52013,0.77271,0.68009,0.84004,0.26214,0.51057,0.0004667012059648753,0.0004686173719681934,35600
