z_x1,z_x2,z_note,x_x1,x_x2,x_note,"p(y=0|x,D)","p(y=1|x,D)","p(y=2|x,D)","p(u=0|z,D)","p(u=1|z,D)","p(u=2|z,D)","p(y=0|x,u=0,z,D)","p(y=1|x,u=0,z,D)","p(y=2|x,u=0,z,D)","p(y=0|x,u=1,z,D)","p(y=1|x,u=1,z,D)","p(y=2|x,u=1,z,D)","p(y=0|x,u=2,z,D)","p(y=1|x,u=2,z,D)","p(y=2|x,u=2,z,D)","p(y=0|x,z,D)","p(y=1|x,z,D)","p(y=2|x,z,D)","H[p(u|z,D)]","Var[p(u|z,D)]","H[p(y|x,u=0,z,D)]","H[p(y|x,u=1,z,D)]","H[p(y|x,u=2,z,D)]","Var[p(y|x,u=0,z,D)]","Var[p(y|x,u=1,z,D)]","Var[p(y|x,u=2,z,D)]","H[p(y|x,D)]","Var[p(y|x,D)]",Va,Ve,Va_variance,Ve_variance,kl_pyx_pyxz,kl_pyxz_pyx,api_calls
3.4,-1.1,x1 = 3.4; x2 = -1.1,3.4,-1.1,x1 = 3.4; x2 = -1.1,0.887264778742163,0.06786440149551864,0.04487081976231834,0.887264778742163,0.06786440149551864,0.04487081976231834,0.9347284396915958,0.0375309093303156,0.02774065097808865,0.3742195338849514,0.5537949153728825,0.07198555074216616,0.4016619975950116,0.07713231854768357,0.5212056838573048,0.8727707100214637,0.07434380480939956,0.052885485169136784,0.61744,0.22251,0.41223,1.27608,1.30366,0.13984,0.35486,0.90858,0.61744,0.22251,0.51085,0.10658999999999996,0.18893,0.033580000000000026,0.001051165193803819,0.0010955489199746824,57500
