z_x1,z_x2,z_note,x_x1,x_x2,x_note,"p(y=0|x,D)","p(y=1|x,D)","p(y=2|x,D)","p(u=0|z,D)","p(u=1|z,D)","p(u=2|z,D)","p(y=0|x,u=0,z,D)","p(y=1|x,u=0,z,D)","p(y=2|x,u=0,z,D)","p(y=0|x,u=1,z,D)","p(y=1|x,u=1,z,D)","p(y=2|x,u=1,z,D)","p(y=0|x,u=2,z,D)","p(y=1|x,u=2,z,D)","p(y=2|x,u=2,z,D)","p(y=0|x,z,D)","p(y=1|x,z,D)","p(y=2|x,z,D)","H[p(u|z,D)]","Var[p(u|z,D)]","H[p(y|x,u=0,z,D)]","H[p(y|x,u=1,z,D)]","H[p(y|x,u=2,z,D)]","Var[p(y|x,u=0,z,D)]","Var[p(y|x,u=1,z,D)]","Var[p(y|x,u=2,z,D)]","H[p(y|x,D)]","Var[p(y|x,D)]",Va,Ve,Va_variance,Ve_variance,kl_pyx_pyxz,kl_pyxz_pyx,api_calls
2.0,3.8,x1 = 2.0; x2 = 3.8,2.0,3.8,x1 = 2.0; x2 = 3.8,0.42287375674651273,0.3520940103164578,0.22503223293702956,0.42287375674651273,0.3520940103164578,0.22503223293702956,0.8967916031502693,0.05079320129912709,0.05241519555060361,0.10016015779640139,0.8262275403136018,0.07361230188999693,0.05791284629586084,0.06026478734260175,0.8818223663615374,0.4275276829930429,0.3259503996166435,0.24652191739031373,1.53955,0.60876,0.58227,0.8371,0.64224,0.23624,0.17307,0.26091,1.53955,0.60876,0.68549,0.8540599999999999,0.21955,0.38920999999999994,0.002012031427705955,0.0020159803857679494,3950
