z_x1,z_x2,z_note,x_x1,x_x2,x_note,"p(y=0|x,D)","p(y=1|x,D)","p(y=2|x,D)","p(u=0|z,D)","p(u=1|z,D)","p(u=2|z,D)","p(y=0|x,u=0,z,D)","p(y=1|x,u=0,z,D)","p(y=2|x,u=0,z,D)","p(y=0|x,u=1,z,D)","p(y=1|x,u=1,z,D)","p(y=2|x,u=1,z,D)","p(y=0|x,u=2,z,D)","p(y=1|x,u=2,z,D)","p(y=2|x,u=2,z,D)","p(y=0|x,z,D)","p(y=1|x,z,D)","p(y=2|x,z,D)","H[p(u|z,D)]","Var[p(u|z,D)]","H[p(y|x,u=0,z,D)]","H[p(y|x,u=1,z,D)]","H[p(y|x,u=2,z,D)]","Var[p(y|x,u=0,z,D)]","Var[p(y|x,u=1,z,D)]","Var[p(y|x,u=2,z,D)]","H[p(y|x,D)]","Var[p(y|x,D)]",Va,Ve,Va_variance,Ve_variance,kl_pyx_pyxz,kl_pyxz_pyx,api_calls
-3.5,-3.4,x1 = -3.5; x2 = -3.4,-3.5,-3.4,x1 = -3.5; x2 = -3.4,0.1923264056164142,0.11980503553675939,0.5878685588468263,0.1923264056164142,0.11980503553675939,0.5878685588468263,0.809057161653756,0.0534812750591217,0.13746156328712236,0.11429029371684703,0.6982100473297008,0.18749965895345225,0.058371542627279095,0.053498024701615535,0.8881304326711055,0.20361040318130325,0.12538474761485155,0.5710048492038451,1.27474,0.79285,0.86681,1.17232,0.61725,0.49548,0.29643,0.258,1.27474,0.79285,0.67002,0.60472,0.28248,0.51037,0.000691258448400324,0.0006969175060393545,20350
