z_x1,z_x2,z_note,x_x1,x_x2,x_note,"p(y=0|x,D)","p(y=1|x,D)","p(y=2|x,D)","p(u=0|z,D)","p(u=1|z,D)","p(u=2|z,D)","p(y=0|x,u=0,z,D)","p(y=1|x,u=0,z,D)","p(y=2|x,u=0,z,D)","p(y=0|x,u=1,z,D)","p(y=1|x,u=1,z,D)","p(y=2|x,u=1,z,D)","p(y=0|x,u=2,z,D)","p(y=1|x,u=2,z,D)","p(y=2|x,u=2,z,D)","p(y=0|x,z,D)","p(y=1|x,z,D)","p(y=2|x,z,D)","H[p(u|z,D)]","Var[p(u|z,D)]","H[p(y|x,u=0,z,D)]","H[p(y|x,u=1,z,D)]","H[p(y|x,u=2,z,D)]","Var[p(y|x,u=0,z,D)]","Var[p(y|x,u=1,z,D)]","Var[p(y|x,u=2,z,D)]","H[p(y|x,D)]","Var[p(y|x,D)]",Va,Ve,Va_variance,Ve_variance,kl_pyx_pyxz,kl_pyxz_pyx,api_calls
3.6,0.1,x1 = 3.6; x2 = 0.1,3.6,0.1,x1 = 3.6; x2 = 0.1,0.5500574152908564,0.279286334116753,0.1706562505923906,0.5500574152908564,0.279286334116753,0.1706562505923906,0.914041313233722,0.04865479561938624,0.037303891146891796,0.1577637941617036,0.7709430302121406,0.0712931756261557,0.144606770416649,0.07872196726702498,0.7766712623163261,0.5715145232037533,0.25551117961376174,0.17297429718248492,1.42359,0.57677,0.50771,0.98128,0.9753,0.18268,0.22158,0.52177,1.42359,0.57677,0.71977,0.7038199999999999,0.25141,0.32536,0.001496871266562607,0.0014708155151435735,66100
