z_x1,z_x2,z_note,x_x1,x_x2,x_note,"p(y=0|x,D)","p(y=1|x,D)","p(y=2|x,D)","p(u=0|z,D)","p(u=1|z,D)","p(u=2|z,D)","p(y=0|x,u=0,z,D)","p(y=1|x,u=0,z,D)","p(y=2|x,u=0,z,D)","p(y=0|x,u=1,z,D)","p(y=1|x,u=1,z,D)","p(y=2|x,u=1,z,D)","p(y=0|x,u=2,z,D)","p(y=1|x,u=2,z,D)","p(y=2|x,u=2,z,D)","p(y=0|x,z,D)","p(y=1|x,z,D)","p(y=2|x,z,D)","H[p(u|z,D)]","Var[p(u|z,D)]","H[p(y|x,u=0,z,D)]","H[p(y|x,u=1,z,D)]","H[p(y|x,u=2,z,D)]","Var[p(y|x,u=0,z,D)]","Var[p(y|x,u=1,z,D)]","Var[p(y|x,u=2,z,D)]","H[p(y|x,D)]","Var[p(y|x,D)]",Va,Ve,Va_variance,Ve_variance,kl_pyx_pyxz,kl_pyxz_pyx,api_calls
-2.2,-1.4,x1 = -2.2; x2 = -1.4,-2.2,-1.4,x1 = -2.2; x2 = -1.4,0.3491849936538426,0.14373382132493,0.5070811850212275,0.3491849936538426,0.14373382132493,0.5070811850212275,0.6474668859610665,0.10671722441166746,0.24581588962726597,0.32197917373878576,0.42720974170970993,0.25081108455150425,0.26684971893640347,0.10585631898786148,0.6272939620757352,0.4076794891947604,0.1523462896864666,0.4399742211187731,1.42908,0.83133,1.24816,1.55105,1.27358,0.73196,0.56773,0.76422,1.42908,0.83133,1.30459,0.12448999999999999,0.72471,0.10662000000000005,0.009536814778846055,0.009550133998616643,73350
