z_x1,z_x2,z_note,x_x1,x_x2,x_note,"p(y=0|x,D)","p(y=1|x,D)","p(y=2|x,D)","p(u=0|z,D)","p(u=1|z,D)","p(u=2|z,D)","p(y=0|x,u=0,z,D)","p(y=1|x,u=0,z,D)","p(y=2|x,u=0,z,D)","p(y=0|x,u=1,z,D)","p(y=1|x,u=1,z,D)","p(y=2|x,u=1,z,D)","p(y=0|x,u=2,z,D)","p(y=1|x,u=2,z,D)","p(y=2|x,u=2,z,D)","p(y=0|x,z,D)","p(y=1|x,z,D)","p(y=2|x,z,D)","H[p(u|z,D)]","Var[p(u|z,D)]","H[p(y|x,u=0,z,D)]","H[p(y|x,u=1,z,D)]","H[p(y|x,u=2,z,D)]","Var[p(y|x,u=0,z,D)]","Var[p(y|x,u=1,z,D)]","Var[p(y|x,u=2,z,D)]","H[p(y|x,D)]","Var[p(y|x,D)]",Va,Ve,Va_variance,Ve_variance,kl_pyx_pyxz,kl_pyxz_pyx,api_calls
-0.1,-3.0,x1 = -0.1; x2 = -3.0,-0.1,-3.0,x1 = -0.1; x2 = -3.0,0.2086759098811203,0.28297712018442833,0.4083469699344514,0.2086759098811203,0.28297712018442833,0.4083469699344514,0.7835014078643407,0.10781830896391775,0.10868028317174165,0.08932310540160107,0.7725237728324631,0.1381531217659359,0.0534075737747219,0.09227389281321331,0.8543185334120649,0.21058308523416366,0.2787854007693612,0.4106315139964753,1.51475,0.70709,0.97022,0.99344,0.73704,0.4368,0.22509,0.26627,1.51475,0.70709,0.78455,0.7302000000000001,0.26358,0.44351,4.638517824667558e-05,4.626774499152551e-05,76550
