z_x1,z_x2,z_note,x_x1,x_x2,x_note,"p(y=0|x,D)","p(y=1|x,D)","p(y=2|x,D)","p(u=0|z,D)","p(u=1|z,D)","p(u=2|z,D)","p(y=0|x,u=0,z,D)","p(y=1|x,u=0,z,D)","p(y=2|x,u=0,z,D)","p(y=0|x,u=1,z,D)","p(y=1|x,u=1,z,D)","p(y=2|x,u=1,z,D)","p(y=0|x,u=2,z,D)","p(y=1|x,u=2,z,D)","p(y=2|x,u=2,z,D)","p(y=0|x,z,D)","p(y=1|x,z,D)","p(y=2|x,z,D)","H[p(u|z,D)]","Var[p(u|z,D)]","H[p(y|x,u=0,z,D)]","H[p(y|x,u=1,z,D)]","H[p(y|x,u=2,z,D)]","Var[p(y|x,u=0,z,D)]","Var[p(y|x,u=1,z,D)]","Var[p(y|x,u=2,z,D)]","H[p(y|x,D)]","Var[p(y|x,D)]",Va,Ve,Va_variance,Ve_variance,kl_pyx_pyxz,kl_pyxz_pyx,api_calls
1.4,3.4,x1 = 1.4; x2 = 3.4,1.4,3.4,x1 = 1.4; x2 = 3.4,0.31336034081733544,0.36870769588821484,0.3179319632944497,0.31336034081733544,0.36870769588821484,0.3179319632944497,0.7820544990590123,0.1126842233658411,0.10526127757514665,0.14628755004676777,0.7213272611619603,0.13238518879127187,0.0751035426015493,0.10341728944958221,0.8214791679488684,0.3228800266274172,0.33414934095633575,0.34297063241624703,1.58094,0.63127,0.97416,1.13181,0.8521,0.42927,0.27848,0.33951,1.58094,0.63127,0.99348,0.58746,0.34513,0.28614,0.002807245461387966,0.0027768678454813296,59750
