z_x1,z_x2,z_note,x_x1,x_x2,x_note,"p(y=0|x,D)","p(y=1|x,D)","p(y=2|x,D)","p(u=0|z,D)","p(u=1|z,D)","p(u=2|z,D)","p(y=0|x,u=0,z,D)","p(y=1|x,u=0,z,D)","p(y=2|x,u=0,z,D)","p(y=0|x,u=1,z,D)","p(y=1|x,u=1,z,D)","p(y=2|x,u=1,z,D)","p(y=0|x,u=2,z,D)","p(y=1|x,u=2,z,D)","p(y=2|x,u=2,z,D)","p(y=0|x,z,D)","p(y=1|x,z,D)","p(y=2|x,z,D)","H[p(u|z,D)]","Var[p(u|z,D)]","H[p(y|x,u=0,z,D)]","H[p(y|x,u=1,z,D)]","H[p(y|x,u=2,z,D)]","Var[p(y|x,u=0,z,D)]","Var[p(y|x,u=1,z,D)]","Var[p(y|x,u=2,z,D)]","H[p(y|x,D)]","Var[p(y|x,D)]",Va,Ve,Va_variance,Ve_variance,kl_pyx_pyxz,kl_pyxz_pyx,api_calls
1.2,-3.9,x1 = 1.2; x2 = -3.9,1.2,-3.9,x1 = 1.2; x2 = -3.9,0.5322058176006655,0.17060767896290108,0.2971865034364333,0.5329165270962948,0.17067961548663826,0.29640385741706693,0.8847728359086455,0.05990036482505179,0.05532679926630272,0.1649274525060035,0.7144306432747037,0.12064190421929273,0.10304188670431222,0.07248934563601636,0.8244687676596714,0.5302018338531812,0.17534676354852,0.2944514025982987,1.43924,0.77338,0.63058,1.14352,0.84188,0.25212,0.28361,0.40705,1.43978,0.77416,0.78076,0.65902,0.30342,0.47073999999999994,8.107250896509247e-05,8.162171591957843e-05,48100
