z_x1,z_x2,z_note,x_x1,x_x2,x_note,"p(y=0|x,D)","p(y=1|x,D)","p(y=2|x,D)","p(u=0|z,D)","p(u=1|z,D)","p(u=2|z,D)","p(y=0|x,u=0,z,D)","p(y=1|x,u=0,z,D)","p(y=2|x,u=0,z,D)","p(y=0|x,u=1,z,D)","p(y=1|x,u=1,z,D)","p(y=2|x,u=1,z,D)","p(y=0|x,u=2,z,D)","p(y=1|x,u=2,z,D)","p(y=2|x,u=2,z,D)","p(y=0|x,z,D)","p(y=1|x,z,D)","p(y=2|x,z,D)","H[p(u|z,D)]","Var[p(u|z,D)]","H[p(y|x,u=0,z,D)]","H[p(y|x,u=1,z,D)]","H[p(y|x,u=2,z,D)]","Var[p(y|x,u=0,z,D)]","Var[p(y|x,u=1,z,D)]","Var[p(y|x,u=2,z,D)]","H[p(y|x,D)]","Var[p(y|x,D)]",Va,Ve,Va_variance,Ve_variance,kl_pyx_pyxz,kl_pyxz_pyx,api_calls
1.5,-3.8,x1 = 1.5; x2 = -3.8,1.5,-3.8,x1 = 1.5; x2 = -3.8,0.5048936764403168,0.18099724105636514,0.31410908250331815,0.5048936764403168,0.18099724105636514,0.31410908250331815,0.8680088966341468,0.0670437954585161,0.06494730790733702,0.18260475672176588,0.6709807436054156,0.14641449967281842,0.09846770091513876,0.07632584312861032,0.8252064559562508,0.5022327593655911,0.17927029232251135,0.31849694831189757,1.4689,0.7826,0.69484,1.24006,0.84132,0.28805,0.32771,0.39552,1.4689,0.7826,0.83953,0.6293700000000001,0.32899,0.45360999999999996,4.5693157344081636e-05,4.5795058396289924e-05,60150
