z_x1,z_x2,z_note,x_x1,x_x2,x_note,"p(y=0|x,D)","p(y=1|x,D)","p(y=2|x,D)","p(u=0|z,D)","p(u=1|z,D)","p(u=2|z,D)","p(y=0|x,u=0,z,D)","p(y=1|x,u=0,z,D)","p(y=2|x,u=0,z,D)","p(y=0|x,u=1,z,D)","p(y=1|x,u=1,z,D)","p(y=2|x,u=1,z,D)","p(y=0|x,u=2,z,D)","p(y=1|x,u=2,z,D)","p(y=2|x,u=2,z,D)","p(y=0|x,z,D)","p(y=1|x,z,D)","p(y=2|x,z,D)","H[p(u|z,D)]","Var[p(u|z,D)]","H[p(y|x,u=0,z,D)]","H[p(y|x,u=1,z,D)]","H[p(y|x,u=2,z,D)]","Var[p(y|x,u=0,z,D)]","Var[p(y|x,u=1,z,D)]","Var[p(y|x,u=2,z,D)]","H[p(y|x,D)]","Var[p(y|x,D)]",Va,Ve,Va_variance,Ve_variance,kl_pyx_pyxz,kl_pyxz_pyx,api_calls
-3.6,-3.2,x1 = -3.6; x2 = -3.2,-3.6,-3.2,x1 = -3.6; x2 = -3.2,0.19507379588405288,0.12453459308589272,0.5803916110300543,0.19507379588405288,0.12453459308589272,0.5803916110300543,0.8004626426486231,0.057260835658608136,0.14227652169276866,0.12064276383782993,0.6903495032173909,0.1890077329447793,0.061465634333442744,0.055044341197857526,0.8834900244686997,0.20684762220191974,0.12908975690355612,0.5640626208945241,1.28979,0.79406,0.89356,1.19144,0.6355,0.50953,0.30498,0.26923,1.28979,0.79406,0.69152,0.59827,0.29364,0.50042,0.0006570656384448335,0.0006625681494844549,16450
