z_x1,z_x2,z_note,x_x1,x_x2,x_note,"p(y=0|x,D)","p(y=1|x,D)","p(y=2|x,D)","p(u=0|z,D)","p(u=1|z,D)","p(u=2|z,D)","p(y=0|x,u=0,z,D)","p(y=1|x,u=0,z,D)","p(y=2|x,u=0,z,D)","p(y=0|x,u=1,z,D)","p(y=1|x,u=1,z,D)","p(y=2|x,u=1,z,D)","p(y=0|x,u=2,z,D)","p(y=1|x,u=2,z,D)","p(y=2|x,u=2,z,D)","p(y=0|x,z,D)","p(y=1|x,z,D)","p(y=2|x,z,D)","H[p(u|z,D)]","Var[p(u|z,D)]","H[p(y|x,u=0,z,D)]","H[p(y|x,u=1,z,D)]","H[p(y|x,u=2,z,D)]","Var[p(y|x,u=0,z,D)]","Var[p(y|x,u=1,z,D)]","Var[p(y|x,u=2,z,D)]","H[p(y|x,D)]","Var[p(y|x,D)]",Va,Ve,Va_variance,Ve_variance,kl_pyx_pyxz,kl_pyxz_pyx,api_calls
0.0,-2.2,x1 = 0.0; x2 = -2.2,0.0,-2.2,x1 = 0.0; x2 = -2.2,0.266885008797446,0.4148352380839853,0.31827975311856865,0.266885008797446,0.4148352380839853,0.31827975311856865,0.8097838475162774,0.1021934863303968,0.08802266615332568,0.09002197516879251,0.790569073453573,0.11940895137763449,0.0731570140917012,0.10072951526226562,0.8261134706460334,0.2767478531543463,0.3872899845557053,0.33596216228994835,1.56087,0.58252,0.89138,0.94684,0.83724,0.37687,0.20857,0.33233,1.56087,0.58252,0.89716,0.66371,0.29288,0.28964000000000006,0.0016087117345253213,0.0015978205637329317,950
