z_x1,z_x2,z_note,x_x1,x_x2,x_note,"p(y=0|x,D)","p(y=1|x,D)","p(y=2|x,D)","p(u=0|z,D)","p(u=1|z,D)","p(u=2|z,D)","p(y=0|x,u=0,z,D)","p(y=1|x,u=0,z,D)","p(y=2|x,u=0,z,D)","p(y=0|x,u=1,z,D)","p(y=1|x,u=1,z,D)","p(y=2|x,u=1,z,D)","p(y=0|x,u=2,z,D)","p(y=1|x,u=2,z,D)","p(y=2|x,u=2,z,D)","p(y=0|x,z,D)","p(y=1|x,z,D)","p(y=2|x,z,D)","H[p(u|z,D)]","Var[p(u|z,D)]","H[p(y|x,u=0,z,D)]","H[p(y|x,u=1,z,D)]","H[p(y|x,u=2,z,D)]","Var[p(y|x,u=0,z,D)]","Var[p(y|x,u=1,z,D)]","Var[p(y|x,u=2,z,D)]","H[p(y|x,D)]","Var[p(y|x,D)]",Va,Ve,Va_variance,Ve_variance,kl_pyx_pyxz,kl_pyxz_pyx,api_calls
0.6,0.1,x1 = 0.6; x2 = 0.1,0.6,0.1,x1 = 0.6; x2 = 0.1,0.14590278704297197,0.3111276910363511,0.5429695219206769,0.14590278704297197,0.3111276910363511,0.5429695219206769,0.6468703114966203,0.13535785466917408,0.21777183383420562,0.09007373533344781,0.6611648622670524,0.24876140239949981,0.08387531520493982,0.11012648643559939,0.8059981983594607,0.1679463543977996,0.28525111092664646,0.5468025346755538,1.40762,0.53121,1.27596,1.20677,0.9012,0.68052,0.31365,0.36841,1.40762,0.53121,1.05095,0.35667000000000004,0.39691,0.13429999999999997,0.0026676545984476475,0.002707882873769513,26100
