z_x1,z_x2,z_note,x_x1,x_x2,x_note,"p(y=0|x,D)","p(y=1|x,D)","p(y=2|x,D)","p(u=0|z,D)","p(u=1|z,D)","p(u=2|z,D)","p(y=0|x,u=0,z,D)","p(y=1|x,u=0,z,D)","p(y=2|x,u=0,z,D)","p(y=0|x,u=1,z,D)","p(y=1|x,u=1,z,D)","p(y=2|x,u=1,z,D)","p(y=0|x,u=2,z,D)","p(y=1|x,u=2,z,D)","p(y=2|x,u=2,z,D)","p(y=0|x,z,D)","p(y=1|x,z,D)","p(y=2|x,z,D)","H[p(u|z,D)]","Var[p(u|z,D)]","H[p(y|x,u=0,z,D)]","H[p(y|x,u=1,z,D)]","H[p(y|x,u=2,z,D)]","Var[p(y|x,u=0,z,D)]","Var[p(y|x,u=1,z,D)]","Var[p(y|x,u=2,z,D)]","H[p(y|x,D)]","Var[p(y|x,D)]",Va,Ve,Va_variance,Ve_variance,kl_pyx_pyxz,kl_pyxz_pyx,api_calls
-0.9,2.7,x1 = -0.9; x2 = 2.7,-0.9,2.7,x1 = -0.9; x2 = 2.7,0.39833445435694814,0.26428384639587044,0.33738169924718153,0.39833445435694814,0.26428384639587044,0.33738169924718153,0.7418098047298842,0.1292586064117924,0.12893158885832354,0.16730639319436053,0.6845594953337032,0.14813411147193628,0.0989510670715258,0.09858067191013334,0.8024682610183408,0.3730890600746513,0.2656654875715575,0.36124545235379124,1.56521,0.732,1.08219,1.21395,0.9145,0.49512,0.31507,0.40648,1.56521,0.732,1.06044,0.5047699999999999,0.41763,0.31437,0.0016452553574161678,0.0016458006707417878,47400
