z_x1,z_x2,z_note,x_x1,x_x2,x_note,"p(y=0|x,D)","p(y=1|x,D)","p(y=2|x,D)","p(u=0|z,D)","p(u=1|z,D)","p(u=2|z,D)","p(y=0|x,u=0,z,D)","p(y=1|x,u=0,z,D)","p(y=2|x,u=0,z,D)","p(y=0|x,u=1,z,D)","p(y=1|x,u=1,z,D)","p(y=2|x,u=1,z,D)","p(y=0|x,u=2,z,D)","p(y=1|x,u=2,z,D)","p(y=2|x,u=2,z,D)","p(y=0|x,z,D)","p(y=1|x,z,D)","p(y=2|x,z,D)","H[p(u|z,D)]","Var[p(u|z,D)]","H[p(y|x,u=0,z,D)]","H[p(y|x,u=1,z,D)]","H[p(y|x,u=2,z,D)]","Var[p(y|x,u=0,z,D)]","Var[p(y|x,u=1,z,D)]","Var[p(y|x,u=2,z,D)]","H[p(y|x,D)]","Var[p(y|x,D)]",Va,Ve,Va_variance,Ve_variance,kl_pyx_pyxz,kl_pyxz_pyx,api_calls
0.5,-2.9,x1 = 0.5; x2 = -2.9,0.5,-2.9,x1 = 0.5; x2 = -2.9,0.4596777940486877,0.2494505878951269,0.2908716180561854,0.4596777940486877,0.2494505878951269,0.2908716180561854,0.8332503458061439,0.09518171334362975,0.07156794085022629,0.15697954490429086,0.7208561098418089,0.1221643452539003,0.11382727058717075,0.0914256665958085,0.7947470628170208,0.4552944429889689,0.2501640319859958,0.29454152502503533,1.53333,0.72205,0.81454,1.13029,0.9358,0.32466,0.27793,0.44492,1.53333,0.72205,0.92858,0.6047500000000001,0.34798,0.37406999999999996,4.500986086190166e-05,4.503991458567171e-05,20600
