z_x1,z_x2,z_note,x_x1,x_x2,x_note,"p(y=0|x,D)","p(y=1|x,D)","p(y=2|x,D)","p(u=0|z,D)","p(u=1|z,D)","p(u=2|z,D)","p(y=0|x,u=0,z,D)","p(y=1|x,u=0,z,D)","p(y=2|x,u=0,z,D)","p(y=0|x,u=1,z,D)","p(y=1|x,u=1,z,D)","p(y=2|x,u=1,z,D)","p(y=0|x,u=2,z,D)","p(y=1|x,u=2,z,D)","p(y=2|x,u=2,z,D)","p(y=0|x,z,D)","p(y=1|x,z,D)","p(y=2|x,z,D)","H[p(u|z,D)]","Var[p(u|z,D)]","H[p(y|x,u=0,z,D)]","H[p(y|x,u=1,z,D)]","H[p(y|x,u=2,z,D)]","Var[p(y|x,u=0,z,D)]","Var[p(y|x,u=1,z,D)]","Var[p(y|x,u=2,z,D)]","H[p(y|x,D)]","Var[p(y|x,D)]",Va,Ve,Va_variance,Ve_variance,kl_pyx_pyxz,kl_pyxz_pyx,api_calls
-0.3,0.9,x1 = -0.3; x2 = 0.9,-0.3,0.9,x1 = -0.3; x2 = 0.9,0.13363725642396668,0.3224513622258437,0.5439113813501897,0.13363725642396668,0.3224513622258437,0.5439113813501897,0.5414047257427402,0.19343956183896654,0.2651557124182932,0.10280955780447538,0.6292117096730045,0.26797873252252,0.09365275007416064,0.16734050346425364,0.7390067464615857,0.15644172078720045,0.3197593096356045,0.5237989695771951,1.3924,0.50922,1.44552,1.26708,1.07402,0.73025,0.34351,0.41618,1.3924,0.50922,1.18592,0.20648,0.43472,0.07450000000000001,0.002141899626768147,0.0022314178192036696,70500
