z_x1,z_x2,z_note,x_x1,x_x2,x_note,"p(y=0|x,D)","p(y=1|x,D)","p(y=2|x,D)","p(u=0|z,D)","p(u=1|z,D)","p(u=2|z,D)","p(y=0|x,u=0,z,D)","p(y=1|x,u=0,z,D)","p(y=2|x,u=0,z,D)","p(y=0|x,u=1,z,D)","p(y=1|x,u=1,z,D)","p(y=2|x,u=1,z,D)","p(y=0|x,u=2,z,D)","p(y=1|x,u=2,z,D)","p(y=2|x,u=2,z,D)","p(y=0|x,z,D)","p(y=1|x,z,D)","p(y=2|x,z,D)","H[p(u|z,D)]","Var[p(u|z,D)]","H[p(y|x,u=0,z,D)]","H[p(y|x,u=1,z,D)]","H[p(y|x,u=2,z,D)]","Var[p(y|x,u=0,z,D)]","Var[p(y|x,u=1,z,D)]","Var[p(y|x,u=2,z,D)]","H[p(y|x,D)]","Var[p(y|x,D)]",Va,Ve,Va_variance,Ve_variance,kl_pyx_pyxz,kl_pyxz_pyx,api_calls
-2.3,-3.7,x1 = -2.3; x2 = -3.7,-2.3,-3.7,x1 = -2.3; x2 = -3.7,0.14851960845638995,0.10018838485855364,0.6512920066850565,0.14851960845638995,0.10018838485855364,0.6512920066850565,0.6791529552671316,0.06722309418875203,0.2536239505441163,0.14012189014440857,0.596780496375517,0.2630976134800744,0.06530157631445802,0.052444998796343366,0.8822534248891986,0.1574365115327112,0.1039314301817553,0.6386320582855335,1.14407,0.73759,1.14291,1.34853,0.63958,0.7517,0.3881,0.28014,1.14407,0.73759,0.7214,0.4226699999999999,0.33298,0.40460999999999997,0.00045031290472354393,0.0004553910450428352,68200
