z_x1,z_x2,z_note,x_x1,x_x2,x_note,"p(y=0|x,D)","p(y=1|x,D)","p(y=2|x,D)","p(u=0|z,D)","p(u=1|z,D)","p(u=2|z,D)","p(y=0|x,u=0,z,D)","p(y=1|x,u=0,z,D)","p(y=2|x,u=0,z,D)","p(y=0|x,u=1,z,D)","p(y=1|x,u=1,z,D)","p(y=2|x,u=1,z,D)","p(y=0|x,u=2,z,D)","p(y=1|x,u=2,z,D)","p(y=2|x,u=2,z,D)","p(y=0|x,z,D)","p(y=1|x,z,D)","p(y=2|x,z,D)","H[p(u|z,D)]","Var[p(u|z,D)]","H[p(y|x,u=0,z,D)]","H[p(y|x,u=1,z,D)]","H[p(y|x,u=2,z,D)]","Var[p(y|x,u=0,z,D)]","Var[p(y|x,u=1,z,D)]","Var[p(y|x,u=2,z,D)]","H[p(y|x,D)]","Var[p(y|x,D)]",Va,Ve,Va_variance,Ve_variance,kl_pyx_pyxz,kl_pyxz_pyx,api_calls
1.5,-1.2,x1 = 1.5; x2 = -1.2,1.5,-1.2,x1 = 1.5; x2 = -1.2,0.33154821037552473,0.2865057904532923,0.381945999171183,0.33154821037552473,0.2865057904532923,0.381945999171183,0.6725977367039204,0.1491572728510408,0.17824499044503866,0.20793188147061503,0.5910206986350885,0.20104741989429642,0.16317879359813453,0.14990852078920203,0.6869126856126634,0.3448977513323798,0.27604063907206533,0.37906160959555485,1.57509,0.71095,1.23779,1.38486,1.20939,0.60646,0.40893,0.57579,1.57509,0.71095,1.26908,0.3060100000000001,0.53815,0.17279999999999995,0.0004686129637863339,0.00046963724390907064,61450
