z_x1,z_x2,z_note,x_x1,x_x2,x_note,"p(y=0|x,D)","p(y=1|x,D)","p(y=2|x,D)","p(u=0|z,D)","p(u=1|z,D)","p(u=2|z,D)","p(y=0|x,u=0,z,D)","p(y=1|x,u=0,z,D)","p(y=2|x,u=0,z,D)","p(y=0|x,u=1,z,D)","p(y=1|x,u=1,z,D)","p(y=2|x,u=1,z,D)","p(y=0|x,u=2,z,D)","p(y=1|x,u=2,z,D)","p(y=2|x,u=2,z,D)","p(y=0|x,z,D)","p(y=1|x,z,D)","p(y=2|x,z,D)","H[p(u|z,D)]","Var[p(u|z,D)]","H[p(y|x,u=0,z,D)]","H[p(y|x,u=1,z,D)]","H[p(y|x,u=2,z,D)]","Var[p(y|x,u=0,z,D)]","Var[p(y|x,u=1,z,D)]","Var[p(y|x,u=2,z,D)]","H[p(y|x,D)]","Var[p(y|x,D)]",Va,Ve,Va_variance,Ve_variance,kl_pyx_pyxz,kl_pyxz_pyx,api_calls
2.2,3.0,x1 = 2.2; x2 = 3.0,2.2,3.0,x1 = 2.2; x2 = 3.0,0.4141438071624144,0.36619543965034707,0.2196607531872386,0.4141438071624144,0.36619543965034707,0.2196607531872386,0.8234865925156759,0.09718816139746013,0.07932524608686399,0.13383461706377547,0.7607193013555581,0.10544608158066633,0.08309514056079254,0.10026791347827853,0.8166369459609291,0.4083042401695341,0.3408467395778143,0.25084902025265166,1.53776,0.59598,0.8476,1.03069,0.86958,0.34904,0.23847,0.36165,1.53776,0.59598,0.91947,0.61829,0.31132,0.28465999999999997,0.002986200470511919,0.0030558654783334298,11550
