z_x1,z_x2,z_note,x_x1,x_x2,x_note,"p(y=0|x,D)","p(y=1|x,D)","p(y=2|x,D)","p(u=0|z,D)","p(u=1|z,D)","p(u=2|z,D)","p(y=0|x,u=0,z,D)","p(y=1|x,u=0,z,D)","p(y=2|x,u=0,z,D)","p(y=0|x,u=1,z,D)","p(y=1|x,u=1,z,D)","p(y=2|x,u=1,z,D)","p(y=0|x,u=2,z,D)","p(y=1|x,u=2,z,D)","p(y=2|x,u=2,z,D)","p(y=0|x,z,D)","p(y=1|x,z,D)","p(y=2|x,z,D)","H[p(u|z,D)]","Var[p(u|z,D)]","H[p(y|x,u=0,z,D)]","H[p(y|x,u=1,z,D)]","H[p(y|x,u=2,z,D)]","Var[p(y|x,u=0,z,D)]","Var[p(y|x,u=1,z,D)]","Var[p(y|x,u=2,z,D)]","H[p(y|x,D)]","Var[p(y|x,D)]",Va,Ve,Va_variance,Ve_variance,kl_pyx_pyxz,kl_pyxz_pyx,api_calls
-3.2,1.9,x1 = -3.2; x2 = 1.9,-3.2,1.9,x1 = -3.2; x2 = 1.9,0.26821494102897814,0.18867144408501435,0.5431136148860074,0.26821494102897814,0.18867144408501435,0.5431136148860074,0.8624081339354526,0.04965775421170638,0.08793411185284114,0.09997681383554144,0.7853256673441444,0.11469751882031401,0.05241743151062157,0.046612136409941836,0.9009704320794368,0.2786421373385521,0.1868031652555348,0.534554697405913,1.44148,0.73576,0.70771,0.96427,0.5647,0.35053,0.21446,0.23335,1.44148,0.73576,0.67844,0.76304,0.26122,0.47453999999999996,0.0002750492549117786,0.0002771863845836605,35000
