z_x1,z_x2,z_note,x_x1,x_x2,x_note,"p(y=0|x,D)","p(y=1|x,D)","p(y=2|x,D)","p(u=0|z,D)","p(u=1|z,D)","p(u=2|z,D)","p(y=0|x,u=0,z,D)","p(y=1|x,u=0,z,D)","p(y=2|x,u=0,z,D)","p(y=0|x,u=1,z,D)","p(y=1|x,u=1,z,D)","p(y=2|x,u=1,z,D)","p(y=0|x,u=2,z,D)","p(y=1|x,u=2,z,D)","p(y=2|x,u=2,z,D)","p(y=0|x,z,D)","p(y=1|x,z,D)","p(y=2|x,z,D)","H[p(u|z,D)]","Var[p(u|z,D)]","H[p(y|x,u=0,z,D)]","H[p(y|x,u=1,z,D)]","H[p(y|x,u=2,z,D)]","Var[p(y|x,u=0,z,D)]","Var[p(y|x,u=1,z,D)]","Var[p(y|x,u=2,z,D)]","H[p(y|x,D)]","Var[p(y|x,D)]",Va,Ve,Va_variance,Ve_variance,kl_pyx_pyxz,kl_pyxz_pyx,api_calls
-3.6,-3.7,x1 = -3.6; x2 = -3.7,-3.6,-3.7,x1 = -3.6; x2 = -3.7,0.20465593978025728,0.1293532245950728,0.5659908356246699,0.20465593978025728,0.1293532245950728,0.5659908356246699,0.8047482554969516,0.05702765998847792,0.13822408451457052,0.11170438629835348,0.6122602949815429,0.17603531872010367,0.060926932729300554,0.05454593048150776,0.8845271367891918,0.2136299186518618,0.12174138956895769,0.5516933693196733,1.31484,0.80235,0.88247,1.22774,0.63142,0.49872,0.38647,0.26714,1.31484,0.80235,0.69679,0.61805,0.30326,0.49909000000000003,0.013543341357556749,-0.012330774938653928,16200
