z_x1,z_x2,z_note,x_x1,x_x2,x_note,"p(y=0|x,D)","p(y=1|x,D)","p(y=2|x,D)","p(u=0|z,D)","p(u=1|z,D)","p(u=2|z,D)","p(y=0|x,u=0,z,D)","p(y=1|x,u=0,z,D)","p(y=2|x,u=0,z,D)","p(y=0|x,u=1,z,D)","p(y=1|x,u=1,z,D)","p(y=2|x,u=1,z,D)","p(y=0|x,u=2,z,D)","p(y=1|x,u=2,z,D)","p(y=2|x,u=2,z,D)","p(y=0|x,z,D)","p(y=1|x,z,D)","p(y=2|x,z,D)","H[p(u|z,D)]","Var[p(u|z,D)]","H[p(y|x,u=0,z,D)]","H[p(y|x,u=1,z,D)]","H[p(y|x,u=2,z,D)]","Var[p(y|x,u=0,z,D)]","Var[p(y|x,u=1,z,D)]","Var[p(y|x,u=2,z,D)]","H[p(y|x,D)]","Var[p(y|x,D)]",Va,Ve,Va_variance,Ve_variance,kl_pyx_pyxz,kl_pyxz_pyx,api_calls
2.2,2.9,x1 = 2.2; x2 = 2.9,2.2,2.9,x1 = 2.2; x2 = 2.9,0.3213162116721835,0.42790137144349377,0.25078241688432273,0.3213162116721835,0.42790137144349377,0.25078241688432273,0.7676308684697553,0.1327336552345973,0.09963547629564737,0.12910320782057333,0.7559540407577062,0.11494275142172061,0.08514274667335646,0.12339419163269996,0.7914630616939435,0.32324798609442157,0.39706833965699156,0.27968367424858687,1.55076,0.56712,1.01108,1.04516,0.94212,0.42105,0.24385,0.37772,1.55076,0.56712,1.00837,0.5423899999999999,0.33436,0.23275999999999997,0.00272059965166627,0.002749169128107201,11500
