z_x1,z_x2,z_note,x_x1,x_x2,x_note,"p(y=0|x,D)","p(y=1|x,D)","p(y=2|x,D)","p(u=0|z,D)","p(u=1|z,D)","p(u=2|z,D)","p(y=0|x,u=0,z,D)","p(y=1|x,u=0,z,D)","p(y=2|x,u=0,z,D)","p(y=0|x,u=1,z,D)","p(y=1|x,u=1,z,D)","p(y=2|x,u=1,z,D)","p(y=0|x,u=2,z,D)","p(y=1|x,u=2,z,D)","p(y=2|x,u=2,z,D)","p(y=0|x,z,D)","p(y=1|x,z,D)","p(y=2|x,z,D)","H[p(u|z,D)]","Var[p(u|z,D)]","H[p(y|x,u=0,z,D)]","H[p(y|x,u=1,z,D)]","H[p(y|x,u=2,z,D)]","Var[p(y|x,u=0,z,D)]","Var[p(y|x,u=1,z,D)]","Var[p(y|x,u=2,z,D)]","H[p(y|x,D)]","Var[p(y|x,D)]",Va,Ve,Va_variance,Ve_variance,kl_pyx_pyxz,kl_pyxz_pyx,api_calls
-3.7,-1.0,x1 = -3.7; x2 = -1.0,-3.7,-1.0,x1 = -3.7; x2 = -1.0,0.17714757847919355,0.11383149952579252,0.6090209219950139,0.17714757847919355,0.11383149952579252,0.6090209219950139,0.8123559231288539,0.06516578982509265,0.12247828704605346,0.128687511950392,0.6953080462859813,0.17600444176362665,0.07127483314073943,0.0663858781017689,0.8623392887574916,0.20196344169547673,0.13112230809726955,0.5669142502072536,1.23491,0.77603,0.87133,1.18632,0.71561,0.4589,0.30245,0.30783,1.23491,0.77603,0.72522,0.50969,0.3032,0.47283,0.004311308670498379,0.004403967878069175,13550
