z_x1,z_x2,z_note,x_x1,x_x2,x_note,"p(y=0|x,D)","p(y=1|x,D)","p(y=2|x,D)","p(u=0|z,D)","p(u=1|z,D)","p(u=2|z,D)","p(y=0|x,u=0,z,D)","p(y=1|x,u=0,z,D)","p(y=2|x,u=0,z,D)","p(y=0|x,u=1,z,D)","p(y=1|x,u=1,z,D)","p(y=2|x,u=1,z,D)","p(y=0|x,u=2,z,D)","p(y=1|x,u=2,z,D)","p(y=2|x,u=2,z,D)","p(y=0|x,z,D)","p(y=1|x,z,D)","p(y=2|x,z,D)","H[p(u|z,D)]","Var[p(u|z,D)]","H[p(y|x,u=0,z,D)]","H[p(y|x,u=1,z,D)]","H[p(y|x,u=2,z,D)]","Var[p(y|x,u=0,z,D)]","Var[p(y|x,u=1,z,D)]","Var[p(y|x,u=2,z,D)]","H[p(y|x,D)]","Var[p(y|x,D)]",Va,Ve,Va_variance,Ve_variance,kl_pyx_pyxz,kl_pyxz_pyx,api_calls
-0.3,-4.0,x1 = -0.3; x2 = -4.0,-0.3,-4.0,x1 = -0.3; x2 = -4.0,0.21976322666326684,0.30247994564975267,0.37775682768698043,0.21806200209602214,0.2986499986573819,0.383287999246596,0.8128495437023476,0.09642304493039033,0.09072741136726185,0.0841983128787249,0.7861034560487093,0.1296982310725658,0.048163370833219546,0.08520344921417736,0.866633179952603,0.22085786697439358,0.2884534578974369,0.3906886751281695,1.53009,0.6971,0.8825,0.95573,0.69245,0.38212,0.21183,0.2449,1.53275,0.69416,0.74328,0.78947,0.24046,0.4537,0.0005547739379909242,0.0005519502211383878,68050
