z_x1,z_x2,z_note,x_x1,x_x2,x_note,"p(y=0|x,D)","p(y=1|x,D)","p(y=2|x,D)","p(u=0|z,D)","p(u=1|z,D)","p(u=2|z,D)","p(y=0|x,u=0,z,D)","p(y=1|x,u=0,z,D)","p(y=2|x,u=0,z,D)","p(y=0|x,u=1,z,D)","p(y=1|x,u=1,z,D)","p(y=2|x,u=1,z,D)","p(y=0|x,u=2,z,D)","p(y=1|x,u=2,z,D)","p(y=2|x,u=2,z,D)","p(y=0|x,z,D)","p(y=1|x,z,D)","p(y=2|x,z,D)","H[p(u|z,D)]","Var[p(u|z,D)]","H[p(y|x,u=0,z,D)]","H[p(y|x,u=1,z,D)]","H[p(y|x,u=2,z,D)]","Var[p(y|x,u=0,z,D)]","Var[p(y|x,u=1,z,D)]","Var[p(y|x,u=2,z,D)]","H[p(y|x,D)]","Var[p(y|x,D)]",Va,Ve,Va_variance,Ve_variance,kl_pyx_pyxz,kl_pyxz_pyx,api_calls
0.8,3.3,x1 = 0.8; x2 = 3.3,0.8,3.3,x1 = 0.8; x2 = 3.3,0.4065505265770021,0.31224471198972736,0.28120476143327056,0.4065505265770021,0.31224471198972736,0.28120476143327056,0.8145655543987498,0.09937030278960622,0.08606414281164394,0.13509624104902512,0.7576163396823038,0.1072874192686711,0.08775951123438794,0.09449843258278037,0.8177420561828317,0.3980235343697135,0.3035341538983017,0.29844231173198477,1.56693,0.67204,0.87657,1.03906,0.86707,0.36992,0.24161,0.37263,1.56693,0.67204,0.92464,0.6422899999999999,0.33062,0.34141999999999995,0.0007221758444285256,0.0007305432529358773,35700
