z_x1,z_x2,z_note,x_x1,x_x2,x_note,"p(y=0|x,D)","p(y=1|x,D)","p(y=2|x,D)","p(u=0|z,D)","p(u=1|z,D)","p(u=2|z,D)","p(y=0|x,u=0,z,D)","p(y=1|x,u=0,z,D)","p(y=2|x,u=0,z,D)","p(y=0|x,u=1,z,D)","p(y=1|x,u=1,z,D)","p(y=2|x,u=1,z,D)","p(y=0|x,u=2,z,D)","p(y=1|x,u=2,z,D)","p(y=2|x,u=2,z,D)","p(y=0|x,z,D)","p(y=1|x,z,D)","p(y=2|x,z,D)","H[p(u|z,D)]","Var[p(u|z,D)]","H[p(y|x,u=0,z,D)]","H[p(y|x,u=1,z,D)]","H[p(y|x,u=2,z,D)]","Var[p(y|x,u=0,z,D)]","Var[p(y|x,u=1,z,D)]","Var[p(y|x,u=2,z,D)]","H[p(y|x,D)]","Var[p(y|x,D)]",Va,Ve,Va_variance,Ve_variance,kl_pyx_pyxz,kl_pyxz_pyx,api_calls
0.5,3.1,x1 = 0.5; x2 = 3.1,0.5,3.1,x1 = 0.5; x2 = 3.1,0.41367773207690456,0.2990744342772923,0.28724783364580314,0.41367773207690456,0.2990744342772923,0.28724783364580314,0.8473955007155132,0.06693040772880113,0.08567409155568576,0.10606868047729637,0.7865682373299702,0.1073630821927335,0.0625745257489169,0.06134097250335676,0.8760845017477263,0.40024547647924263,0.2805501313414968,0.31920439217926055,1.56454,0.68494,0.76726,0.96142,0.66442,0.35285,0.21343,0.27686,1.56454,0.68494,0.79579,0.76875,0.28933,0.39561,0.00247730840320853,0.0025215020564939156,23600
