z_x1,z_x2,z_note,x_x1,x_x2,x_note,"p(y=0|x,D)","p(y=1|x,D)","p(y=2|x,D)","p(u=0|z,D)","p(u=1|z,D)","p(u=2|z,D)","p(y=0|x,u=0,z,D)","p(y=1|x,u=0,z,D)","p(y=2|x,u=0,z,D)","p(y=0|x,u=1,z,D)","p(y=1|x,u=1,z,D)","p(y=2|x,u=1,z,D)","p(y=0|x,u=2,z,D)","p(y=1|x,u=2,z,D)","p(y=2|x,u=2,z,D)","p(y=0|x,z,D)","p(y=1|x,z,D)","p(y=2|x,z,D)","H[p(u|z,D)]","Var[p(u|z,D)]","H[p(y|x,u=0,z,D)]","H[p(y|x,u=1,z,D)]","H[p(y|x,u=2,z,D)]","Var[p(y|x,u=0,z,D)]","Var[p(y|x,u=1,z,D)]","Var[p(y|x,u=2,z,D)]","H[p(y|x,D)]","Var[p(y|x,D)]",Va,Ve,Va_variance,Ve_variance,kl_pyx_pyxz,kl_pyxz_pyx,api_calls
-3.8,2.9,x1 = -3.8; x2 = 2.9,-3.8,2.9,x1 = -3.8; x2 = 2.9,0.3064282095563097,0.217995860784392,0.37557592965929826,0.3064282095563097,0.217995860784392,0.37557592965929826,0.881597848683699,0.04695353699230205,0.07144861432399893,0.09683126991847012,0.8086145021669902,0.09455422791453984,0.05262117375004573,0.05061336794772201,0.8967654583022323,0.31101851260849994,0.20967166543567653,0.3793098219558236,1.53258,0.78105,0.63947,0.89573,0.58237,0.2967,0.19138,0.23681,1.53258,0.78105,0.60994,0.92264,0.22158,0.55947,0.0002155760577398566,0.00021370318639384349,11500
