z_x1,z_x2,z_note,x_x1,x_x2,x_note,"p(y=0|x,D)","p(y=1|x,D)","p(y=2|x,D)","p(u=0|z,D)","p(u=1|z,D)","p(u=2|z,D)","p(y=0|x,u=0,z,D)","p(y=1|x,u=0,z,D)","p(y=2|x,u=0,z,D)","p(y=0|x,u=1,z,D)","p(y=1|x,u=1,z,D)","p(y=2|x,u=1,z,D)","p(y=0|x,u=2,z,D)","p(y=1|x,u=2,z,D)","p(y=2|x,u=2,z,D)","p(y=0|x,z,D)","p(y=1|x,z,D)","p(y=2|x,z,D)","H[p(u|z,D)]","Var[p(u|z,D)]","H[p(y|x,u=0,z,D)]","H[p(y|x,u=1,z,D)]","H[p(y|x,u=2,z,D)]","Var[p(y|x,u=0,z,D)]","Var[p(y|x,u=1,z,D)]","Var[p(y|x,u=2,z,D)]","H[p(y|x,D)]","Var[p(y|x,D)]",Va,Ve,Va_variance,Ve_variance,kl_pyx_pyxz,kl_pyxz_pyx,api_calls
3.8,-2.1,x1 = 3.8; x2 = -2.1,3.8,-2.1,x1 = 3.8; x2 = -2.1,0.6290223317331514,0.15088925225269478,0.2200884160141539,0.6290223317331514,0.15088925225269478,0.2200884160141539,0.9156240475190801,0.044400481889314516,0.03997547059160546,0.2042367976253015,0.7180245023403298,0.07773870003436867,0.1539699885095886,0.0674399512753798,0.7785900602150316,0.6406521219223571,0.1511138269576079,0.20823405112003512,1.31303,0.68188,0.50162,1.09767,0.95909,0.18884,0.26597,0.54241,1.31303,0.68188,0.69224,0.62079,0.27829,0.40359000000000006,0.0004375660613646498,0.0004321604465110235,73000
