z_x1,z_x2,z_note,x_x1,x_x2,x_note,"p(y=0|x,D)","p(y=1|x,D)","p(y=2|x,D)","p(u=0|z,D)","p(u=1|z,D)","p(u=2|z,D)","p(y=0|x,u=0,z,D)","p(y=1|x,u=0,z,D)","p(y=2|x,u=0,z,D)","p(y=0|x,u=1,z,D)","p(y=1|x,u=1,z,D)","p(y=2|x,u=1,z,D)","p(y=0|x,u=2,z,D)","p(y=1|x,u=2,z,D)","p(y=2|x,u=2,z,D)","p(y=0|x,z,D)","p(y=1|x,z,D)","p(y=2|x,z,D)","H[p(u|z,D)]","Var[p(u|z,D)]","H[p(y|x,u=0,z,D)]","H[p(y|x,u=1,z,D)]","H[p(y|x,u=2,z,D)]","Var[p(y|x,u=0,z,D)]","Var[p(y|x,u=1,z,D)]","Var[p(y|x,u=2,z,D)]","H[p(y|x,D)]","Var[p(y|x,D)]",Va,Ve,Va_variance,Ve_variance,kl_pyx_pyxz,kl_pyxz_pyx,api_calls
-2.2,-2.0,x1 = -2.2; x2 = -2.0,-2.2,-2.0,x1 = -2.2; x2 = -2.0,0.14833421810726893,0.0901197577175338,0.7615460241751972,0.14833421810726893,0.0901197577175338,0.7615460241751972,0.5431576180932796,0.079878671734678,0.37696371017204255,0.20475292789006733,0.41209349924530025,0.38315357286463236,0.11136020331212246,0.06396461271558981,0.8246751839722878,0.18382706492597023,0.09769850312563153,0.7184744319483983,1.02056,0.53385,1.3001,1.52582,0.83571,0.8925,0.55608,0.42722,1.02056,0.53385,0.96679,0.05376999999999987,0.50785,0.026000000000000023,0.0052389315834786634,0.0054948685753245866,73050
