z_x1,z_x2,z_note,x_x1,x_x2,x_note,"p(y=0|x,D)","p(y=1|x,D)","p(y=2|x,D)","p(u=0|z,D)","p(u=1|z,D)","p(u=2|z,D)","p(y=0|x,u=0,z,D)","p(y=1|x,u=0,z,D)","p(y=2|x,u=0,z,D)","p(y=0|x,u=1,z,D)","p(y=1|x,u=1,z,D)","p(y=2|x,u=1,z,D)","p(y=0|x,u=2,z,D)","p(y=1|x,u=2,z,D)","p(y=2|x,u=2,z,D)","p(y=0|x,z,D)","p(y=1|x,z,D)","p(y=2|x,z,D)","H[p(u|z,D)]","Var[p(u|z,D)]","H[p(y|x,u=0,z,D)]","H[p(y|x,u=1,z,D)]","H[p(y|x,u=2,z,D)]","Var[p(y|x,u=0,z,D)]","Var[p(y|x,u=1,z,D)]","Var[p(y|x,u=2,z,D)]","H[p(y|x,D)]","Var[p(y|x,D)]",Va,Ve,Va_variance,Ve_variance,kl_pyx_pyxz,kl_pyxz_pyx,api_calls
0.0,3.7,x1 = 0.0; x2 = 3.7,0.0,3.7,x1 = 0.0; x2 = 3.7,0.4737545189946964,0.2615423965203685,0.264703084484935,0.4737545189946964,0.2615423965203685,0.264703084484935,0.8910814761306716,0.049771828002766784,0.05914669586656161,0.08590390427560884,0.8326662409124429,0.08142985481194821,0.05089451369612032,0.053505704478065005,0.8955997818258148,0.4580933238627932,0.25552027759766754,0.2863863985395391,1.52424,0.69476,0.60498,0.81882,0.58714,0.25811,0.16731,0.23297,1.52424,0.69476,0.65619,0.86805,0.22771,0.4670500000000001,0.0011775231066936294,0.001196428696424931,3900
