z_x1,z_x2,z_note,x_x1,x_x2,x_note,"p(y=0|x,D)","p(y=1|x,D)","p(y=2|x,D)","p(u=0|z,D)","p(u=1|z,D)","p(u=2|z,D)","p(y=0|x,u=0,z,D)","p(y=1|x,u=0,z,D)","p(y=2|x,u=0,z,D)","p(y=0|x,u=1,z,D)","p(y=1|x,u=1,z,D)","p(y=2|x,u=1,z,D)","p(y=0|x,u=2,z,D)","p(y=1|x,u=2,z,D)","p(y=2|x,u=2,z,D)","p(y=0|x,z,D)","p(y=1|x,z,D)","p(y=2|x,z,D)","H[p(u|z,D)]","Var[p(u|z,D)]","H[p(y|x,u=0,z,D)]","H[p(y|x,u=1,z,D)]","H[p(y|x,u=2,z,D)]","Var[p(y|x,u=0,z,D)]","Var[p(y|x,u=1,z,D)]","Var[p(y|x,u=2,z,D)]","H[p(y|x,D)]","Var[p(y|x,D)]",Va,Ve,Va_variance,Ve_variance,kl_pyx_pyxz,kl_pyxz_pyx,api_calls
-0.4,-2.1,x1 = -0.4; x2 = -2.1,-0.4,-2.1,x1 = -0.4; x2 = -2.1,0.23487741426545536,0.47847620093689835,0.28664638479764626,0.23487741426545536,0.47847620093689835,0.28664638479764626,0.5130579603477623,0.3209118923889789,0.16603014726325888,0.18149446678964326,0.6415431708001345,0.17696236241022217,0.15530746641596876,0.2805831364102222,0.5641093971738091,0.2518648338355868,0.46276623627999247,0.28536892988442064,1.51647,0.51884,1.45029,1.29981,1.39766,0.55866,0.35844,0.5523,1.51647,0.51884,1.3632,0.15327000000000002,0.46104,0.05779999999999996,0.0008527519797601572,0.000863633781384127,65000
