z_x1,z_x2,z_note,x_x1,x_x2,x_note,"p(y=0|x,D)","p(y=1|x,D)","p(y=2|x,D)","p(u=0|z,D)","p(u=1|z,D)","p(u=2|z,D)","p(y=0|x,u=0,z,D)","p(y=1|x,u=0,z,D)","p(y=2|x,u=0,z,D)","p(y=0|x,u=1,z,D)","p(y=1|x,u=1,z,D)","p(y=2|x,u=1,z,D)","p(y=0|x,u=2,z,D)","p(y=1|x,u=2,z,D)","p(y=2|x,u=2,z,D)","p(y=0|x,z,D)","p(y=1|x,z,D)","p(y=2|x,z,D)","H[p(u|z,D)]","Var[p(u|z,D)]","H[p(y|x,u=0,z,D)]","H[p(y|x,u=1,z,D)]","H[p(y|x,u=2,z,D)]","Var[p(y|x,u=0,z,D)]","Var[p(y|x,u=1,z,D)]","Var[p(y|x,u=2,z,D)]","H[p(y|x,D)]","Var[p(y|x,D)]",Va,Ve,Va_variance,Ve_variance,kl_pyx_pyxz,kl_pyxz_pyx,api_calls
0.3,3.0,x1 = 0.3; x2 = 3.0,0.3,3.0,x1 = 0.3; x2 = 3.0,0.4216221511509041,0.2806333126979984,0.2977445361510974,0.4216221511509041,0.2806333126979984,0.2977445361510974,0.8017808971249881,0.08411962792358749,0.11409947495142425,0.1512267705338966,0.7160349140636236,0.13273831540247968,0.08829915246645996,0.07501330647818229,0.8366875410553579,0.4067784463747478,0.2587447505627644,0.3344768030624876,1.56021,0.70402,0.91329,1.14389,0.80471,0.44297,0.28362,0.3649,1.56021,0.70402,0.94567,0.6145400000000001,0.37501,0.32900999999999997,0.0032635195907666156,0.0033191181182089316,15550
