z_x1,z_x2,z_note,x_x1,x_x2,x_note,"p(y=0|x,D)","p(y=1|x,D)","p(y=2|x,D)","p(u=0|z,D)","p(u=1|z,D)","p(u=2|z,D)","p(y=0|x,u=0,z,D)","p(y=1|x,u=0,z,D)","p(y=2|x,u=0,z,D)","p(y=0|x,u=1,z,D)","p(y=1|x,u=1,z,D)","p(y=2|x,u=1,z,D)","p(y=0|x,u=2,z,D)","p(y=1|x,u=2,z,D)","p(y=2|x,u=2,z,D)","p(y=0|x,z,D)","p(y=1|x,z,D)","p(y=2|x,z,D)","H[p(u|z,D)]","Var[p(u|z,D)]","H[p(y|x,u=0,z,D)]","H[p(y|x,u=1,z,D)]","H[p(y|x,u=2,z,D)]","Var[p(y|x,u=0,z,D)]","Var[p(y|x,u=1,z,D)]","Var[p(y|x,u=2,z,D)]","H[p(y|x,D)]","Var[p(y|x,D)]",Va,Ve,Va_variance,Ve_variance,kl_pyx_pyxz,kl_pyxz_pyx,api_calls
-3.1,3.2,x1 = -3.1; x2 = 3.2,-3.1,3.2,x1 = -3.1; x2 = 3.2,0.39016229018031,0.19858414096511867,0.3112535688545713,0.39016229018031,0.19858414096511867,0.3112535688545713,0.8792953648466334,0.04961264127816064,0.07109199387520591,0.11428302404974718,0.7876071167719063,0.09810985917834644,0.05928687526504252,0.054205124756342815,0.8865079999786145,0.3842159409637891,0.19263480297576324,0.3231492560604476,1.51702,0.76941,0.64932,0.95754,0.62369,0.29719,0.21213,0.2615,1.51702,0.76941,0.63762,0.8794000000000001,0.23947,0.5299400000000001,0.00035840504281240207,0.0003600428705652914,39650
