z_x1,z_x2,z_note,x_x1,x_x2,x_note,"p(y=0|x,D)","p(y=1|x,D)","p(y=2|x,D)","p(u=0|z,D)","p(u=1|z,D)","p(u=2|z,D)","p(y=0|x,u=0,z,D)","p(y=1|x,u=0,z,D)","p(y=2|x,u=0,z,D)","p(y=0|x,u=1,z,D)","p(y=1|x,u=1,z,D)","p(y=2|x,u=1,z,D)","p(y=0|x,u=2,z,D)","p(y=1|x,u=2,z,D)","p(y=2|x,u=2,z,D)","p(y=0|x,z,D)","p(y=1|x,z,D)","p(y=2|x,z,D)","H[p(u|z,D)]","Var[p(u|z,D)]","H[p(y|x,u=0,z,D)]","H[p(y|x,u=1,z,D)]","H[p(y|x,u=2,z,D)]","Var[p(y|x,u=0,z,D)]","Var[p(y|x,u=1,z,D)]","Var[p(y|x,u=2,z,D)]","H[p(y|x,D)]","Var[p(y|x,D)]",Va,Ve,Va_variance,Ve_variance,kl_pyx_pyxz,kl_pyxz_pyx,api_calls
1.5,0.6,x1 = 1.5; x2 = 0.6,1.5,0.6,x1 = 1.5; x2 = 0.6,0.5040040681843017,0.2525780920366009,0.2434178397790973,0.5040040681843017,0.2525780920366009,0.2434178397790973,0.7922810575326996,0.10156686452655458,0.10615207794074569,0.2135968557752887,0.658842526299685,0.1275606179250263,0.16248968688279108,0.11175540245816225,0.7257549106590466,0.4928156510059717,0.24480255980946533,0.2623817891845628,1.49583,0.67952,0.94475,1.25126,1.11493,0.42766,0.33376,0.57098,1.49583,0.67952,1.06359,0.43223999999999996,0.43883,0.24069000000000002,0.0009507086247598079,0.0009662889237939537,62350
