z_x1,z_x2,z_note,x_x1,x_x2,x_note,"p(y=0|x,D)","p(y=1|x,D)","p(y=2|x,D)","p(u=0|z,D)","p(u=1|z,D)","p(u=2|z,D)","p(y=0|x,u=0,z,D)","p(y=1|x,u=0,z,D)","p(y=2|x,u=0,z,D)","p(y=0|x,u=1,z,D)","p(y=1|x,u=1,z,D)","p(y=2|x,u=1,z,D)","p(y=0|x,u=2,z,D)","p(y=1|x,u=2,z,D)","p(y=2|x,u=2,z,D)","p(y=0|x,z,D)","p(y=1|x,z,D)","p(y=2|x,z,D)","H[p(u|z,D)]","Var[p(u|z,D)]","H[p(y|x,u=0,z,D)]","H[p(y|x,u=1,z,D)]","H[p(y|x,u=2,z,D)]","Var[p(y|x,u=0,z,D)]","Var[p(y|x,u=1,z,D)]","Var[p(y|x,u=2,z,D)]","H[p(y|x,D)]","Var[p(y|x,D)]",Va,Ve,Va_variance,Ve_variance,kl_pyx_pyxz,kl_pyxz_pyx,api_calls
0.2,-1.8,x1 = 0.2; x2 = -1.8,0.2,-1.8,x1 = 0.2; x2 = -1.8,0.3217208245538537,0.3575867052700949,0.3206924701760514,0.3217208245538537,0.3575867052700949,0.3206924701760514,0.672791605760467,0.1900823937874025,0.1371260004521305,0.1482912250475212,0.6975910603190727,0.154117714633406,0.1330602389825941,0.17255737785907244,0.6943823831583333,0.31214945746492184,0.3659406051005509,0.32190993743452717,1.58307,0.64241,1.23305,1.18654,1.18997,0.52298,0.30237,0.51236,1.58307,0.64241,1.2026,0.3804700000000001,0.44069,0.20172,0.00024365797626849507,0.00024294830999392137,9150
