z_x1,z_x2,z_note,x_x1,x_x2,x_note,"p(y=0|x,D)","p(y=1|x,D)","p(y=2|x,D)","p(u=0|z,D)","p(u=1|z,D)","p(u=2|z,D)","p(y=0|x,u=0,z,D)","p(y=1|x,u=0,z,D)","p(y=2|x,u=0,z,D)","p(y=0|x,u=1,z,D)","p(y=1|x,u=1,z,D)","p(y=2|x,u=1,z,D)","p(y=0|x,u=2,z,D)","p(y=1|x,u=2,z,D)","p(y=2|x,u=2,z,D)","p(y=0|x,z,D)","p(y=1|x,z,D)","p(y=2|x,z,D)","H[p(u|z,D)]","Var[p(u|z,D)]","H[p(y|x,u=0,z,D)]","H[p(y|x,u=1,z,D)]","H[p(y|x,u=2,z,D)]","Var[p(y|x,u=0,z,D)]","Var[p(y|x,u=1,z,D)]","Var[p(y|x,u=2,z,D)]","H[p(y|x,D)]","Var[p(y|x,D)]",Va,Ve,Va_variance,Ve_variance,kl_pyx_pyxz,kl_pyxz_pyx,api_calls
2.7,-0.5,x1 = 2.7; x2 = -0.5,2.7,-0.5,x1 = 2.7; x2 = -0.5,0.6325455483161913,0.23105394583696892,0.13640050584683996,0.6325455483161913,0.23105394583696892,0.13640050584683996,0.8337631954720546,0.09306353671872465,0.07317326780922064,0.20177012672928646,0.7012010728342492,0.09702880043646447,0.21350104382118867,0.13305223701890456,0.6534467191599067,0.603134631954596,0.239030592998891,0.15783477504651316,1.29836,0.52279,0.81354,1.15156,1.26391,0.32844,0.28783,0.6734,1.29836,0.52279,0.95307,0.34529,0.36611,0.15667999999999999,0.0023664728650928182,0.0024329659586252057,29800
