z_x1,z_x2,z_note,x_x1,x_x2,x_note,"p(y=0|x,D)","p(y=1|x,D)","p(y=2|x,D)","p(u=0|z,D)","p(u=1|z,D)","p(u=2|z,D)","p(y=0|x,u=0,z,D)","p(y=1|x,u=0,z,D)","p(y=2|x,u=0,z,D)","p(y=0|x,u=1,z,D)","p(y=1|x,u=1,z,D)","p(y=2|x,u=1,z,D)","p(y=0|x,u=2,z,D)","p(y=1|x,u=2,z,D)","p(y=2|x,u=2,z,D)","p(y=0|x,z,D)","p(y=1|x,z,D)","p(y=2|x,z,D)","H[p(u|z,D)]","Var[p(u|z,D)]","H[p(y|x,u=0,z,D)]","H[p(y|x,u=1,z,D)]","H[p(y|x,u=2,z,D)]","Var[p(y|x,u=0,z,D)]","Var[p(y|x,u=1,z,D)]","Var[p(y|x,u=2,z,D)]","H[p(y|x,D)]","Var[p(y|x,D)]",Va,Ve,Va_variance,Ve_variance,kl_pyx_pyxz,kl_pyxz_pyx,api_calls
2.2,-0.3,x1 = 2.2; x2 = -0.3,2.2,-0.3,x1 = 2.2; x2 = -0.3,0.2431274921917434,0.34015985522578074,0.41671265258247586,0.2431274921917434,0.34015985522578074,0.41671265258247586,0.5567057407302951,0.18502613452461097,0.25826812474509403,0.1211940771157908,0.631466080712277,0.24733984217193233,0.1161157502812602,0.18124397940546316,0.7026402703132766,0.22496273266474137,0.3353110100946343,0.43972625724062436,1.55148,0.62971,1.42523,1.28629,1.16503,0.72591,0.35262,0.47475,1.55148,0.62971,1.26954,0.2819400000000001,0.49427,0.13544,0.0013622876428322356,0.0013549512104627619,9900
