z_x1,z_x2,z_note,x_x1,x_x2,x_note,"p(y=0|x,D)","p(y=1|x,D)","p(y=2|x,D)","p(u=0|z,D)","p(u=1|z,D)","p(u=2|z,D)","p(y=0|x,u=0,z,D)","p(y=1|x,u=0,z,D)","p(y=2|x,u=0,z,D)","p(y=0|x,u=1,z,D)","p(y=1|x,u=1,z,D)","p(y=2|x,u=1,z,D)","p(y=0|x,u=2,z,D)","p(y=1|x,u=2,z,D)","p(y=2|x,u=2,z,D)","p(y=0|x,z,D)","p(y=1|x,z,D)","p(y=2|x,z,D)","H[p(u|z,D)]","Var[p(u|z,D)]","H[p(y|x,u=0,z,D)]","H[p(y|x,u=1,z,D)]","H[p(y|x,u=2,z,D)]","Var[p(y|x,u=0,z,D)]","Var[p(y|x,u=1,z,D)]","Var[p(y|x,u=2,z,D)]","H[p(y|x,D)]","Var[p(y|x,D)]",Va,Ve,Va_variance,Ve_variance,kl_pyx_pyxz,kl_pyxz_pyx,api_calls
-1.6,1.1,x1 = -1.6; x2 = 1.1,-1.6,1.1,x1 = -1.6; x2 = 1.1,0.30274830419394927,0.36869571073940544,0.3285559850666453,0.30274830419394927,0.36869571073940544,0.3285559850666453,0.5992298922665819,0.203035319838543,0.19773478789487517,0.2092626437807122,0.5898241985262359,0.2009131576930519,0.18209551991735579,0.20500725912965856,0.6128972209529856,0.318398645808637,0.3462906128286837,0.33531074136267924,1.58021,0.63064,1.37212,1.38665,1.34903,0.63577,0.41011,0.6094,1.58021,0.63064,1.36989,0.21031999999999984,0.54391,0.08672999999999997,0.001169255618795802,0.0011616718654529597,18600
