z_x1,z_x2,z_note,x_x1,x_x2,x_note,"p(y=0|x,D)","p(y=1|x,D)","p(y=2|x,D)","p(u=0|z,D)","p(u=1|z,D)","p(u=2|z,D)","p(y=0|x,u=0,z,D)","p(y=1|x,u=0,z,D)","p(y=2|x,u=0,z,D)","p(y=0|x,u=1,z,D)","p(y=1|x,u=1,z,D)","p(y=2|x,u=1,z,D)","p(y=0|x,u=2,z,D)","p(y=1|x,u=2,z,D)","p(y=2|x,u=2,z,D)","p(y=0|x,z,D)","p(y=1|x,z,D)","p(y=2|x,z,D)","H[p(u|z,D)]","Var[p(u|z,D)]","H[p(y|x,u=0,z,D)]","H[p(y|x,u=1,z,D)]","H[p(y|x,u=2,z,D)]","Var[p(y|x,u=0,z,D)]","Var[p(y|x,u=1,z,D)]","Var[p(y|x,u=2,z,D)]","H[p(y|x,D)]","Var[p(y|x,D)]",Va,Ve,Va_variance,Ve_variance,kl_pyx_pyxz,kl_pyxz_pyx,api_calls
3.4,1.1,x1 = 3.4; x2 = 1.1,3.4,1.1,x1 = 3.4; x2 = 1.1,0.3847919211417183,0.3693328855385313,0.24587519331975036,0.3847919211417183,0.3693328855385313,0.24587519331975036,0.885083505166447,0.06674625329543572,0.04817024153811732,0.12050106652117473,0.8057164714084696,0.07378246207035584,0.11006609398048735,0.08645671350527946,0.8034771925142332,0.41214051106798116,0.3445185694926769,0.24334091943934189,1.55857,0.61137,0.62731,0.89645,0.90939,0.23283,0.1921,0.43272,1.55857,0.61137,0.79607,0.7625,0.26694,0.34442999999999996,0.0018142310821555262,0.0018156689171230644,58600
