z_x1,z_x2,z_note,x_x1,x_x2,x_note,"p(y=0|x,D)","p(y=1|x,D)","p(y=2|x,D)","p(u=0|z,D)","p(u=1|z,D)","p(u=2|z,D)","p(y=0|x,u=0,z,D)","p(y=1|x,u=0,z,D)","p(y=2|x,u=0,z,D)","p(y=0|x,u=1,z,D)","p(y=1|x,u=1,z,D)","p(y=2|x,u=1,z,D)","p(y=0|x,u=2,z,D)","p(y=1|x,u=2,z,D)","p(y=2|x,u=2,z,D)","p(y=0|x,z,D)","p(y=1|x,z,D)","p(y=2|x,z,D)","H[p(u|z,D)]","Var[p(u|z,D)]","H[p(y|x,u=0,z,D)]","H[p(y|x,u=1,z,D)]","H[p(y|x,u=2,z,D)]","Var[p(y|x,u=0,z,D)]","Var[p(y|x,u=1,z,D)]","Var[p(y|x,u=2,z,D)]","H[p(y|x,D)]","Var[p(y|x,D)]",Va,Ve,Va_variance,Ve_variance,kl_pyx_pyxz,kl_pyxz_pyx,api_calls
-0.3,1.0,x1 = -0.3; x2 = 1.0,-0.3,1.0,x1 = -0.3; x2 = 1.0,0.14628848773297604,0.5032597504461666,0.3504517618208575,0.15329438757602784,0.49150056230337846,0.3552050501205937,0.5867146530803281,0.20651953390753114,0.2067658130121408,0.09977506100085533,0.7059527192864057,0.19427221971273886,0.09491755238192497,0.18054834083373655,0.7245341067843386,0.17269475596275058,0.4427661264167466,0.38453911762050286,1.44883,0.46773,1.39148,1.14564,1.10514,0.64912,0.28512,0.42303,1.43435,0.45506,1.16894,0.2654099999999999,0.38991,0.06515000000000004,0.007644194284000941,0.0076489661151366364,70550
