z_x1,z_x2,z_note,x_x1,x_x2,x_note,"p(y=0|x,D)","p(y=1|x,D)","p(y=2|x,D)","p(u=0|z,D)","p(u=1|z,D)","p(u=2|z,D)","p(y=0|x,u=0,z,D)","p(y=1|x,u=0,z,D)","p(y=2|x,u=0,z,D)","p(y=0|x,u=1,z,D)","p(y=1|x,u=1,z,D)","p(y=2|x,u=1,z,D)","p(y=0|x,u=2,z,D)","p(y=1|x,u=2,z,D)","p(y=2|x,u=2,z,D)","p(y=0|x,z,D)","p(y=1|x,z,D)","p(y=2|x,z,D)","H[p(u|z,D)]","Var[p(u|z,D)]","H[p(y|x,u=0,z,D)]","H[p(y|x,u=1,z,D)]","H[p(y|x,u=2,z,D)]","Var[p(y|x,u=0,z,D)]","Var[p(y|x,u=1,z,D)]","Var[p(y|x,u=2,z,D)]","H[p(y|x,D)]","Var[p(y|x,D)]",Va,Ve,Va_variance,Ve_variance,kl_pyx_pyxz,kl_pyxz_pyx,api_calls
-1.7,1.3,x1 = -1.7; x2 = 1.3,-1.7,1.3,x1 = -1.7; x2 = 1.3,0.2910157148895681,0.2854906426608698,0.42349364244956195,0.2910157148895681,0.2854906426608698,0.42349364244956195,0.590602738839654,0.17376404721133715,0.23563321394900885,0.19342505225721535,0.5639181453500614,0.24265680239272336,0.16215617856946662,0.1608529928025633,0.6769908286279702,0.29576783144286856,0.27968164196629747,0.4245505265908339,1.55951,0.69696,1.37881,1.42024,1.23063,0.70023,0.43366,0.57409,1.55951,0.69696,1.32788,0.23163,0.57071,0.12624999999999997,9.961220150410594e-05,9.941194249807523e-05,14700
