z_x1,z_x2,z_note,x_x1,x_x2,x_note,"p(y=0|x,D)","p(y=1|x,D)","p(y=2|x,D)","p(u=0|z,D)","p(u=1|z,D)","p(u=2|z,D)","p(y=0|x,u=0,z,D)","p(y=1|x,u=0,z,D)","p(y=2|x,u=0,z,D)","p(y=0|x,u=1,z,D)","p(y=1|x,u=1,z,D)","p(y=2|x,u=1,z,D)","p(y=0|x,u=2,z,D)","p(y=1|x,u=2,z,D)","p(y=2|x,u=2,z,D)","p(y=0|x,z,D)","p(y=1|x,z,D)","p(y=2|x,z,D)","H[p(u|z,D)]","Var[p(u|z,D)]","H[p(y|x,u=0,z,D)]","H[p(y|x,u=1,z,D)]","H[p(y|x,u=2,z,D)]","Var[p(y|x,u=0,z,D)]","Var[p(y|x,u=1,z,D)]","Var[p(y|x,u=2,z,D)]","H[p(y|x,D)]","Var[p(y|x,D)]",Va,Ve,Va_variance,Ve_variance,kl_pyx_pyxz,kl_pyxz_pyx,api_calls
-3.3,-3.2,x1 = -3.3; x2 = -3.2,-3.3,-3.2,x1 = -3.3; x2 = -3.2,0.1808795491356968,0.11152413514538331,0.6075963157189199,0.1808795491356968,0.11152413514538331,0.6075963157189199,0.7866503546040523,0.058415140287992405,0.1549345051079553,0.12121436157050094,0.6792158631649128,0.19956977526458625,0.06755044382855954,0.05986182244321545,0.8725877337282251,0.19685068910497752,0.12268688872320033,0.5804624221718222,1.23589,0.78173,0.92852,1.21207,0.67738,0.54252,0.31464,0.29205,1.23589,0.78173,0.7147,0.5211899999999999,0.31067,0.47106000000000003,0.001814667238043445,0.0018412119398837669,28450
