z_x1,z_x2,z_note,x_x1,x_x2,x_note,"p(y=0|x,D)","p(y=1|x,D)","p(y=2|x,D)","p(u=0|z,D)","p(u=1|z,D)","p(u=2|z,D)","p(y=0|x,u=0,z,D)","p(y=1|x,u=0,z,D)","p(y=2|x,u=0,z,D)","p(y=0|x,u=1,z,D)","p(y=1|x,u=1,z,D)","p(y=2|x,u=1,z,D)","p(y=0|x,u=2,z,D)","p(y=1|x,u=2,z,D)","p(y=2|x,u=2,z,D)","p(y=0|x,z,D)","p(y=1|x,z,D)","p(y=2|x,z,D)","H[p(u|z,D)]","Var[p(u|z,D)]","H[p(y|x,u=0,z,D)]","H[p(y|x,u=1,z,D)]","H[p(y|x,u=2,z,D)]","Var[p(y|x,u=0,z,D)]","Var[p(y|x,u=1,z,D)]","Var[p(y|x,u=2,z,D)]","H[p(y|x,D)]","Var[p(y|x,D)]",Va,Ve,Va_variance,Ve_variance,kl_pyx_pyxz,kl_pyxz_pyx,api_calls
-2.1,-3.7,x1 = -2.1; x2 = -3.7,-2.1,-3.7,x1 = -2.1; x2 = -3.7,0.1793121526352142,0.11147790020618875,0.7092099471585971,0.1793121526352142,0.11147790020618875,0.7092099471585971,0.721849636443431,0.068899563677404,0.209250799879165,0.16248495611965527,0.6102748242679837,0.22724021961236102,0.07991682030054753,0.054088606486147994,0.8659945732133044,0.20422769781536668,0.11874686278464117,0.6770254393999922,1.14901,0.60773,1.07756,1.34655,0.69871,0.66834,0.38553,0.32799,1.14901,0.60773,0.83886,0.31015000000000004,0.39543,0.2123,0.002566028802427435,0.0026295679369135114,76200
