z_x1,z_x2,z_note,x_x1,x_x2,x_note,"p(y=0|x,D)","p(y=1|x,D)","p(y=2|x,D)","p(u=0|z,D)","p(u=1|z,D)","p(u=2|z,D)","p(y=0|x,u=0,z,D)","p(y=1|x,u=0,z,D)","p(y=2|x,u=0,z,D)","p(y=0|x,u=1,z,D)","p(y=1|x,u=1,z,D)","p(y=2|x,u=1,z,D)","p(y=0|x,u=2,z,D)","p(y=1|x,u=2,z,D)","p(y=2|x,u=2,z,D)","p(y=0|x,z,D)","p(y=1|x,z,D)","p(y=2|x,z,D)","H[p(u|z,D)]","Var[p(u|z,D)]","H[p(y|x,u=0,z,D)]","H[p(y|x,u=1,z,D)]","H[p(y|x,u=2,z,D)]","Var[p(y|x,u=0,z,D)]","Var[p(y|x,u=1,z,D)]","Var[p(y|x,u=2,z,D)]","H[p(y|x,D)]","Var[p(y|x,D)]",Va,Ve,Va_variance,Ve_variance,kl_pyx_pyxz,kl_pyxz_pyx,api_calls
-0.3,-3.3,x1 = -0.3; x2 = -3.3,-0.3,-3.3,x1 = -0.3; x2 = -3.3,0.2265574785554884,0.26894103429223104,0.4045014871522805,0.2265574785554884,0.26894103429223104,0.4045014871522805,0.7550403438053273,0.12774697547744257,0.11721268071723015,0.10940262895415802,0.7417906949369987,0.14880667610884335,0.07417345901129188,0.1033140273453446,0.8225125136433634,0.23048616716272075,0.27023066708685173,0.39928316575042744,1.52303,0.72498,1.04782,1.07789,0.84857,0.46543,0.25666,0.33667,1.52303,0.72498,0.87053,0.6525000000000001,0.31066,0.41431999999999997,7.070887783644682e-05,7.076069641905221e-05,68400
