z_x1,z_x2,z_note,x_x1,x_x2,x_note,"p(y=0|x,D)","p(y=1|x,D)","p(y=2|x,D)","p(u=0|z,D)","p(u=1|z,D)","p(u=2|z,D)","p(y=0|x,u=0,z,D)","p(y=1|x,u=0,z,D)","p(y=2|x,u=0,z,D)","p(y=0|x,u=1,z,D)","p(y=1|x,u=1,z,D)","p(y=2|x,u=1,z,D)","p(y=0|x,u=2,z,D)","p(y=1|x,u=2,z,D)","p(y=2|x,u=2,z,D)","p(y=0|x,z,D)","p(y=1|x,z,D)","p(y=2|x,z,D)","H[p(u|z,D)]","Var[p(u|z,D)]","H[p(y|x,u=0,z,D)]","H[p(y|x,u=1,z,D)]","H[p(y|x,u=2,z,D)]","Var[p(y|x,u=0,z,D)]","Var[p(y|x,u=1,z,D)]","Var[p(y|x,u=2,z,D)]","H[p(y|x,D)]","Var[p(y|x,D)]",Va,Ve,Va_variance,Ve_variance,kl_pyx_pyxz,kl_pyxz_pyx,api_calls
2.0,1.4,x1 = 2.0; x2 = 1.4,2.0,1.4,x1 = 2.0; x2 = 1.4,0.2620925863910372,0.3932270927045078,0.344680320904455,0.2620925863910372,0.3932270927045078,0.344680320904455,0.7202494866124576,0.1265901976945571,0.15316031569298522,0.1270679731475209,0.7154546792514049,0.15747734760107412,0.0899301333229989,0.10772159405794195,0.8023482726190594,0.26973576766248153,0.35164402941761613,0.3786202029199024,1.56549,0.59995,1.13304,1.14377,0.9137,0.55182,0.28362,0.38474,1.56549,0.59995,1.06166,0.50383,0.38877,0.21117999999999998,0.004045240344039178,0.004009620268582065,2750
