z_x1,z_x2,z_note,x_x1,x_x2,x_note,"p(y=0|x,D)","p(y=1|x,D)","p(y=2|x,D)","p(u=0|z,D)","p(u=1|z,D)","p(u=2|z,D)","p(y=0|x,u=0,z,D)","p(y=1|x,u=0,z,D)","p(y=2|x,u=0,z,D)","p(y=0|x,u=1,z,D)","p(y=1|x,u=1,z,D)","p(y=2|x,u=1,z,D)","p(y=0|x,u=2,z,D)","p(y=1|x,u=2,z,D)","p(y=2|x,u=2,z,D)","p(y=0|x,z,D)","p(y=1|x,z,D)","p(y=2|x,z,D)","H[p(u|z,D)]","Var[p(u|z,D)]","H[p(y|x,u=0,z,D)]","H[p(y|x,u=1,z,D)]","H[p(y|x,u=2,z,D)]","Var[p(y|x,u=0,z,D)]","Var[p(y|x,u=1,z,D)]","Var[p(y|x,u=2,z,D)]","H[p(y|x,D)]","Var[p(y|x,D)]",Va,Ve,Va_variance,Ve_variance,kl_pyx_pyxz,kl_pyxz_pyx,api_calls
-2.2,0.7,x1 = -2.2; x2 = 0.7,-2.2,0.7,x1 = -2.2; x2 = 0.7,0.3228403384433788,0.2150503535335737,0.4621093080230475,0.3228403384433788,0.2150503535335737,0.4621093080230475,0.701262998446935,0.1273466986452419,0.17139030290782298,0.22804591942279157,0.5832470045126015,0.18870707606460704,0.1719220970556072,0.11843082720908074,0.7096470757353122,0.35488414065442514,0.22126811341829508,0.4238477459272798,1.51806,0.76555,1.17378,1.39398,1.15238,0.59189,0.41521,0.59242,1.51806,0.76555,1.21124,0.30681999999999987,0.55414,0.21141,0.003257721913493404,0.003258757179664125,74400
