z_x1,z_x2,z_note,x_x1,x_x2,x_note,"p(y=0|x,D)","p(y=1|x,D)","p(y=2|x,D)","p(u=0|z,D)","p(u=1|z,D)","p(u=2|z,D)","p(y=0|x,u=0,z,D)","p(y=1|x,u=0,z,D)","p(y=2|x,u=0,z,D)","p(y=0|x,u=1,z,D)","p(y=1|x,u=1,z,D)","p(y=2|x,u=1,z,D)","p(y=0|x,u=2,z,D)","p(y=1|x,u=2,z,D)","p(y=2|x,u=2,z,D)","p(y=0|x,z,D)","p(y=1|x,z,D)","p(y=2|x,z,D)","H[p(u|z,D)]","Var[p(u|z,D)]","H[p(y|x,u=0,z,D)]","H[p(y|x,u=1,z,D)]","H[p(y|x,u=2,z,D)]","Var[p(y|x,u=0,z,D)]","Var[p(y|x,u=1,z,D)]","Var[p(y|x,u=2,z,D)]","H[p(y|x,D)]","Var[p(y|x,D)]",Va,Ve,Va_variance,Ve_variance,kl_pyx_pyxz,kl_pyxz_pyx,api_calls
-3.7,-1.5,x1 = -3.7; x2 = -1.5,-3.7,-1.5,x1 = -3.7; x2 = -1.5,0.1570752939530012,0.11084348222256861,0.6320812238244302,0.1570752939530012,0.11084348222256861,0.6320812238244302,0.7887380426787705,0.07165593976688597,0.13960601755434354,0.1333676291518047,0.691041207884065,0.17559116296413033,0.07459574642881052,0.06850747452211357,0.856896779049076,0.18582476303145629,0.13115507998058037,0.5830201569879635,1.18954,0.74853,0.9391,1.19675,0.73522,0.50697,0.30718,0.3195,1.18954,0.74853,0.74488,0.44466000000000006,0.31563,0.4329,0.006018025981905879,0.006195751968467396,13300
