z_x1,z_x2,z_note,x_x1,x_x2,x_note,"p(y=0|x,D)","p(y=1|x,D)","p(y=2|x,D)","p(u=0|z,D)","p(u=1|z,D)","p(u=2|z,D)","p(y=0|x,u=0,z,D)","p(y=1|x,u=0,z,D)","p(y=2|x,u=0,z,D)","p(y=0|x,u=1,z,D)","p(y=1|x,u=1,z,D)","p(y=2|x,u=1,z,D)","p(y=0|x,u=2,z,D)","p(y=1|x,u=2,z,D)","p(y=2|x,u=2,z,D)","p(y=0|x,z,D)","p(y=1|x,z,D)","p(y=2|x,z,D)","H[p(u|z,D)]","Var[p(u|z,D)]","H[p(y|x,u=0,z,D)]","H[p(y|x,u=1,z,D)]","H[p(y|x,u=2,z,D)]","Var[p(y|x,u=0,z,D)]","Var[p(y|x,u=1,z,D)]","Var[p(y|x,u=2,z,D)]","H[p(y|x,D)]","Var[p(y|x,D)]",Va,Ve,Va_variance,Ve_variance,kl_pyx_pyxz,kl_pyxz_pyx,api_calls
-3.1,3.5,x1 = -3.1; x2 = 3.5,-3.1,3.5,x1 = -3.1; x2 = 3.5,0.3932094570794054,0.20252774214568223,0.3042628007749123,0.3932094570794054,0.20252774214568223,0.3042628007749123,0.8828774603930016,0.04870325485606417,0.06841928475093412,0.11067945782084673,0.7926064249340953,0.09671411724505813,0.058084996485610184,0.05427747824582113,0.8876375252685687,0.38724453127685343,0.1961899876020893,0.31656548112105715,1.51839,0.76177,0.63575,0.94319,0.61927,0.28795,0.2072,0.25757,1.51839,0.76177,0.62943,0.8889599999999999,0.23356,0.52821,0.00038920736078984323,0.00039112893022393187,39800
