z_x1,z_x2,z_note,x_x1,x_x2,x_note,"p(y=0|x,D)","p(y=1|x,D)","p(y=2|x,D)","p(u=0|z,D)","p(u=1|z,D)","p(u=2|z,D)","p(y=0|x,u=0,z,D)","p(y=1|x,u=0,z,D)","p(y=2|x,u=0,z,D)","p(y=0|x,u=1,z,D)","p(y=1|x,u=1,z,D)","p(y=2|x,u=1,z,D)","p(y=0|x,u=2,z,D)","p(y=1|x,u=2,z,D)","p(y=2|x,u=2,z,D)","p(y=0|x,z,D)","p(y=1|x,z,D)","p(y=2|x,z,D)","H[p(u|z,D)]","Var[p(u|z,D)]","H[p(y|x,u=0,z,D)]","H[p(y|x,u=1,z,D)]","H[p(y|x,u=2,z,D)]","Var[p(y|x,u=0,z,D)]","Var[p(y|x,u=1,z,D)]","Var[p(y|x,u=2,z,D)]","H[p(y|x,D)]","Var[p(y|x,D)]",Va,Ve,Va_variance,Ve_variance,kl_pyx_pyxz,kl_pyxz_pyx,api_calls
-1.3,-2.3,x1 = -1.3; x2 = -2.3,-1.3,-2.3,x1 = -1.3; x2 = -2.3,0.22489621722660663,0.30218379362767983,0.47291998914571354,0.22489621722660663,0.30218379362767983,0.47291998914571354,0.5022611157067781,0.2288600373875918,0.2688788469056299,0.18640253649181765,0.5763337317315798,0.2372637317766025,0.1529295180771257,0.21846415790243526,0.6286063240204389,0.24160787663048233,0.32894453731700257,0.42944758605251493,1.51676,0.6363,1.4954,1.40237,1.31474,0.71667,0.42108,0.55527,1.51676,0.6363,1.38185,0.13491000000000009,0.55102,0.08528000000000002,0.003840711683958914,0.0038197719943409564,28900
