z_x1,z_x2,z_note,x_x1,x_x2,x_note,"p(y=0|x,D)","p(y=1|x,D)","p(y=2|x,D)","p(u=0|z,D)","p(u=1|z,D)","p(u=2|z,D)","p(y=0|x,u=0,z,D)","p(y=1|x,u=0,z,D)","p(y=2|x,u=0,z,D)","p(y=0|x,u=1,z,D)","p(y=1|x,u=1,z,D)","p(y=2|x,u=1,z,D)","p(y=0|x,u=2,z,D)","p(y=1|x,u=2,z,D)","p(y=2|x,u=2,z,D)","p(y=0|x,z,D)","p(y=1|x,z,D)","p(y=2|x,z,D)","H[p(u|z,D)]","Var[p(u|z,D)]","H[p(y|x,u=0,z,D)]","H[p(y|x,u=1,z,D)]","H[p(y|x,u=2,z,D)]","Var[p(y|x,u=0,z,D)]","Var[p(y|x,u=1,z,D)]","Var[p(y|x,u=2,z,D)]","H[p(y|x,D)]","Var[p(y|x,D)]",Va,Ve,Va_variance,Ve_variance,kl_pyx_pyxz,kl_pyxz_pyx,api_calls
0.6,3.5,x1 = 0.6; x2 = 3.5,0.6,3.5,x1 = 0.6; x2 = 3.5,0.4084325513054055,0.2599721826990947,0.33159526599549966,0.4084325513054055,0.2599721826990947,0.33159526599549966,0.8190124163415566,0.07421445029155446,0.10677313336688884,0.1255535105704651,0.7416783619038084,0.13276812752572648,0.06927111844079195,0.06748919691370939,0.8632396846454988,0.3901217258909048,0.24550643808355407,0.364371836025541,1.56097,0.73412,0.85897,1.08238,0.71243,0.4185,0.25827,0.30212,1.56097,0.73412,0.86846,0.69251,0.33825,0.39587,0.0023616848486395225,0.0023958913175458688,27800
