z_x1,z_x2,z_note,x_x1,x_x2,x_note,"p(y=0|x,D)","p(y=1|x,D)","p(y=2|x,D)","p(u=0|z,D)","p(u=1|z,D)","p(u=2|z,D)","p(y=0|x,u=0,z,D)","p(y=1|x,u=0,z,D)","p(y=2|x,u=0,z,D)","p(y=0|x,u=1,z,D)","p(y=1|x,u=1,z,D)","p(y=2|x,u=1,z,D)","p(y=0|x,u=2,z,D)","p(y=1|x,u=2,z,D)","p(y=2|x,u=2,z,D)","p(y=0|x,z,D)","p(y=1|x,z,D)","p(y=2|x,z,D)","H[p(u|z,D)]","Var[p(u|z,D)]","H[p(y|x,u=0,z,D)]","H[p(y|x,u=1,z,D)]","H[p(y|x,u=2,z,D)]","Var[p(y|x,u=0,z,D)]","Var[p(y|x,u=1,z,D)]","Var[p(y|x,u=2,z,D)]","H[p(y|x,D)]","Var[p(y|x,D)]",Va,Ve,Va_variance,Ve_variance,kl_pyx_pyxz,kl_pyxz_pyx,api_calls
2.1,1.8,x1 = 2.1; x2 = 1.8,2.1,1.8,x1 = 2.1; x2 = 1.8,0.22223214375855127,0.44106172265889765,0.3367061335825511,0.22223214375855127,0.44106172265889765,0.3367061335825511,0.5813143400666909,0.21562618402056075,0.20305947591274834,0.1283820393472157,0.6767332300682375,0.19488473058454675,0.10078339255566807,0.17285966158228253,0.7263569458620494,0.219745521860305,0.4046031016635406,0.3756513764761543,1.53186,0.54583,1.39925,1.22123,1.10643,0.6413,0.31884,0.4358,1.53186,0.54583,1.22214,0.30972,0.42988,0.11595000000000005,0.0037018491699987027,0.0037343117255087196,6950
