z_x1,z_x2,z_note,x_x1,x_x2,x_note,"p(y=0|x,D)","p(y=1|x,D)","p(y=2|x,D)","p(u=0|z,D)","p(u=1|z,D)","p(u=2|z,D)","p(y=0|x,u=0,z,D)","p(y=1|x,u=0,z,D)","p(y=2|x,u=0,z,D)","p(y=0|x,u=1,z,D)","p(y=1|x,u=1,z,D)","p(y=2|x,u=1,z,D)","p(y=0|x,u=2,z,D)","p(y=1|x,u=2,z,D)","p(y=2|x,u=2,z,D)","p(y=0|x,z,D)","p(y=1|x,z,D)","p(y=2|x,z,D)","H[p(u|z,D)]","Var[p(u|z,D)]","H[p(y|x,u=0,z,D)]","H[p(y|x,u=1,z,D)]","H[p(y|x,u=2,z,D)]","Var[p(y|x,u=0,z,D)]","Var[p(y|x,u=1,z,D)]","Var[p(y|x,u=2,z,D)]","H[p(y|x,D)]","Var[p(y|x,D)]",Va,Ve,Va_variance,Ve_variance,kl_pyx_pyxz,kl_pyxz_pyx,api_calls
0.4,0.4,x1 = 0.4; x2 = 0.4,0.4,0.4,x1 = 0.4; x2 = 0.4,0.08728966415633307,0.21695089114774868,0.6957594446959182,0.08728966415633307,0.21695089114774868,0.6957594446959182,0.5777229048340831,0.1390392311065276,0.28323786405938944,0.07408772908153494,0.6304331083873459,0.29547916253111933,0.06160280137303159,0.10187121102844039,0.836525987598528,0.10936336806075367,0.2197875696771719,0.6708490622620745,1.14949,0.41281,1.36853,1.21749,0.7988,0.77424,0.32055,0.29762,1.14949,0.41281,0.93937,0.21011999999999986,0.3442,0.06861,0.0028700373952899975,0.00305142267124282,18250
