z_x1,z_x2,z_note,x_x1,x_x2,x_note,"p(y=0|x,D)","p(y=1|x,D)","p(y=2|x,D)","p(u=0|z,D)","p(u=1|z,D)","p(u=2|z,D)","p(y=0|x,u=0,z,D)","p(y=1|x,u=0,z,D)","p(y=2|x,u=0,z,D)","p(y=0|x,u=1,z,D)","p(y=1|x,u=1,z,D)","p(y=2|x,u=1,z,D)","p(y=0|x,u=2,z,D)","p(y=1|x,u=2,z,D)","p(y=2|x,u=2,z,D)","p(y=0|x,z,D)","p(y=1|x,z,D)","p(y=2|x,z,D)","H[p(u|z,D)]","Var[p(u|z,D)]","H[p(y|x,u=0,z,D)]","H[p(y|x,u=1,z,D)]","H[p(y|x,u=2,z,D)]","Var[p(y|x,u=0,z,D)]","Var[p(y|x,u=1,z,D)]","Var[p(y|x,u=2,z,D)]","H[p(y|x,D)]","Var[p(y|x,D)]",Va,Ve,Va_variance,Ve_variance,kl_pyx_pyxz,kl_pyxz_pyx,api_calls
-3.2,-1.9,x1 = -3.2; x2 = -1.9,-3.2,-1.9,x1 = -3.2; x2 = -1.9,0.12465011403511084,0.09301077020111015,0.782339115763779,0.12465011403511084,0.09301077020111015,0.782339115763779,0.7513034030736192,0.06916676128276936,0.17952983564361152,0.13032487204115864,0.6642694497800576,0.20540567817878372,0.0664696444093488,0.05616580536610899,0.8773645502245422,0.1577734744253455,0.11434656433272952,0.7278799612419249,0.9702,0.47443,1.02131,1.24419,0.6589,0.60391,0.33009,0.28628,0.9702,0.47443,0.75851,0.21168999999999993,0.32995,0.14448,0.00786525261838221,0.008275836233064708,33100
