z_x1,z_x2,z_note,x_x1,x_x2,x_note,"p(y=0|x,D)","p(y=1|x,D)","p(y=2|x,D)","p(u=0|z,D)","p(u=1|z,D)","p(u=2|z,D)","p(y=0|x,u=0,z,D)","p(y=1|x,u=0,z,D)","p(y=2|x,u=0,z,D)","p(y=0|x,u=1,z,D)","p(y=1|x,u=1,z,D)","p(y=2|x,u=1,z,D)","p(y=0|x,u=2,z,D)","p(y=1|x,u=2,z,D)","p(y=2|x,u=2,z,D)","p(y=0|x,z,D)","p(y=1|x,z,D)","p(y=2|x,z,D)","H[p(u|z,D)]","Var[p(u|z,D)]","H[p(y|x,u=0,z,D)]","H[p(y|x,u=1,z,D)]","H[p(y|x,u=2,z,D)]","Var[p(y|x,u=0,z,D)]","Var[p(y|x,u=1,z,D)]","Var[p(y|x,u=2,z,D)]","H[p(y|x,D)]","Var[p(y|x,D)]",Va,Ve,Va_variance,Ve_variance,kl_pyx_pyxz,kl_pyxz_pyx,api_calls
2.2,2.0,x1 = 2.2; x2 = 2.0,2.2,2.0,x1 = 2.2; x2 = 2.0,0.2995597682855632,0.4425121412922161,0.2579280904222207,0.2995597682855632,0.4425121412922161,0.2579280904222207,0.6819683646536113,0.1856411566268035,0.13239047871958515,0.14930601128543464,0.6998666594719402,0.15082732924262515,0.0966766615671405,0.16747441032709004,0.7358489281057695,0.29529563476184556,0.40850647081560143,0.29619789442255295,1.54569,0.55575,1.2138,1.18158,1.08324,0.51232,0.30013,0.42398,1.54569,0.55575,1.16587,0.37982000000000005,0.39564,0.16010999999999997,0.003994541094606709,0.0040802032936348084,11050
