z_x1,z_x2,z_note,x_x1,x_x2,x_note,"p(y=0|x,D)","p(y=1|x,D)","p(y=2|x,D)","p(u=0|z,D)","p(u=1|z,D)","p(u=2|z,D)","p(y=0|x,u=0,z,D)","p(y=1|x,u=0,z,D)","p(y=2|x,u=0,z,D)","p(y=0|x,u=1,z,D)","p(y=1|x,u=1,z,D)","p(y=2|x,u=1,z,D)","p(y=0|x,u=2,z,D)","p(y=1|x,u=2,z,D)","p(y=2|x,u=2,z,D)","p(y=0|x,z,D)","p(y=1|x,z,D)","p(y=2|x,z,D)","H[p(u|z,D)]","Var[p(u|z,D)]","H[p(y|x,u=0,z,D)]","H[p(y|x,u=1,z,D)]","H[p(y|x,u=2,z,D)]","Var[p(y|x,u=0,z,D)]","Var[p(y|x,u=1,z,D)]","Var[p(y|x,u=2,z,D)]","H[p(y|x,D)]","Var[p(y|x,D)]",Va,Ve,Va_variance,Ve_variance,kl_pyx_pyxz,kl_pyxz_pyx,api_calls
-2.2,-0.2,x1 = -2.2; x2 = -0.2,-2.2,-0.2,x1 = -2.2; x2 = -0.2,0.6104276348950537,0.1458895239594521,0.24368284114549416,0.6104276348950537,0.1458895239594521,0.24368284114549416,0.7805421228661886,0.10653273705847052,0.11292514007534094,0.44164814541779984,0.42437942987165655,0.1339724247105436,0.41615971754686365,0.11857926209325824,0.46526102035987804,0.6423073020318757,0.15583877121147982,0.20185392675664443,1.3362,0.71961,0.9785,1.43401,1.40471,0.44775,0.48096,0.87901,1.3362,0.71961,1.14881,0.18738999999999995,0.55769,0.16191999999999995,0.005191374946721457,0.004965258237413082,73950
