z_x1,z_x2,z_note,x_x1,x_x2,x_note,"p(y=0|x,D)","p(y=1|x,D)","p(y=2|x,D)","p(u=0|z,D)","p(u=1|z,D)","p(u=2|z,D)","p(y=0|x,u=0,z,D)","p(y=1|x,u=0,z,D)","p(y=2|x,u=0,z,D)","p(y=0|x,u=1,z,D)","p(y=1|x,u=1,z,D)","p(y=2|x,u=1,z,D)","p(y=0|x,u=2,z,D)","p(y=1|x,u=2,z,D)","p(y=2|x,u=2,z,D)","p(y=0|x,z,D)","p(y=1|x,z,D)","p(y=2|x,z,D)","H[p(u|z,D)]","Var[p(u|z,D)]","H[p(y|x,u=0,z,D)]","H[p(y|x,u=1,z,D)]","H[p(y|x,u=2,z,D)]","Var[p(y|x,u=0,z,D)]","Var[p(y|x,u=1,z,D)]","Var[p(y|x,u=2,z,D)]","H[p(y|x,D)]","Var[p(y|x,D)]",Va,Ve,Va_variance,Ve_variance,kl_pyx_pyxz,kl_pyxz_pyx,api_calls
-3.7,-3.6,x1 = -3.7; x2 = -3.6,-3.7,-3.6,x1 = -3.7; x2 = -3.6,0.18882695880235129,0.12418307501023411,0.5869899661874146,0.18882695880235129,0.12418307501023411,0.5869899661874146,0.8084626652303466,0.05494278274709287,0.13659455202256052,0.11538182838885395,0.6992289285435829,0.18538924306756327,0.062216680855366226,0.0574001502800456,0.8803831688645882,0.20350858402190536,0.1309003893289617,0.565591026649133,1.27898,0.78692,0.87028,1.17114,0.64774,0.49365,0.29587,0.2732,1.27898,0.78692,0.68998,0.589,0.29032,0.49659999999999993,0.001117980014958879,0.0011298859964211233,12250
