z_x1,z_x2,z_note,x_x1,x_x2,x_note,"p(y=0|x,D)","p(y=1|x,D)","p(y=2|x,D)","p(u=0|z,D)","p(u=1|z,D)","p(u=2|z,D)","p(y=0|x,u=0,z,D)","p(y=1|x,u=0,z,D)","p(y=2|x,u=0,z,D)","p(y=0|x,u=1,z,D)","p(y=1|x,u=1,z,D)","p(y=2|x,u=1,z,D)","p(y=0|x,u=2,z,D)","p(y=1|x,u=2,z,D)","p(y=2|x,u=2,z,D)","p(y=0|x,z,D)","p(y=1|x,z,D)","p(y=2|x,z,D)","H[p(u|z,D)]","Var[p(u|z,D)]","H[p(y|x,u=0,z,D)]","H[p(y|x,u=1,z,D)]","H[p(y|x,u=2,z,D)]","Var[p(y|x,u=0,z,D)]","Var[p(y|x,u=1,z,D)]","Var[p(y|x,u=2,z,D)]","H[p(y|x,D)]","Var[p(y|x,D)]",Va,Ve,Va_variance,Ve_variance,kl_pyx_pyxz,kl_pyxz_pyx,api_calls
-2.7,0.8,x1 = -2.7; x2 = 0.8,-2.7,0.8,x1 = -2.7; x2 = 0.8,0.1792406662692187,0.11877880732399866,0.7019805264067827,0.1792406662692187,0.11877880732399866,0.7019805264067827,0.6379868052288493,0.08324868275578379,0.2787645120153669,0.16041290967374955,0.5691293326081577,0.2704577577180928,0.08098057944079433,0.06130232654435068,0.857717094014855,0.19025362391518458,0.1255550921610456,0.6841912839237698,1.16797,0.60796,1.22597,1.39654,0.7305,0.78771,0.41876,0.33538,1.16797,0.60796,0.89842,0.26954999999999996,0.42636,0.18159999999999993,0.000740607457297926,0.0007486562040248043,54450
