z_x1,z_x2,z_note,x_x1,x_x2,x_note,"p(y=0|x,D)","p(y=1|x,D)","p(y=2|x,D)","p(u=0|z,D)","p(u=1|z,D)","p(u=2|z,D)","p(y=0|x,u=0,z,D)","p(y=1|x,u=0,z,D)","p(y=2|x,u=0,z,D)","p(y=0|x,u=1,z,D)","p(y=1|x,u=1,z,D)","p(y=2|x,u=1,z,D)","p(y=0|x,u=2,z,D)","p(y=1|x,u=2,z,D)","p(y=2|x,u=2,z,D)","p(y=0|x,z,D)","p(y=1|x,z,D)","p(y=2|x,z,D)","H[p(u|z,D)]","Var[p(u|z,D)]","H[p(y|x,u=0,z,D)]","H[p(y|x,u=1,z,D)]","H[p(y|x,u=2,z,D)]","Var[p(y|x,u=0,z,D)]","Var[p(y|x,u=1,z,D)]","Var[p(y|x,u=2,z,D)]","H[p(y|x,D)]","Var[p(y|x,D)]",Va,Ve,Va_variance,Ve_variance,kl_pyx_pyxz,kl_pyxz_pyx,api_calls
1.0,-1.8,x1 = 1.0; x2 = -1.8,1.0,-1.8,x1 = 1.0; x2 = -1.8,0.415096654285431,0.33650223655266104,0.248401109161908,0.415096654285431,0.33650223655266104,0.248401109161908,0.7814002070870523,0.12067117270461014,0.09792862020833745,0.14891893510145446,0.7336956997298602,0.11738536516868532,0.13283739118403373,0.1280084649290238,0.7391541438869424,0.4074651216547466,0.3287778886370334,0.26375698970822004,1.55439,0.63571,0.97449,1.09972,1.0888,0.4122,0.26531,0.50437,1.55439,0.63571,1.04502,0.5093699999999999,0.38567,0.25004,0.0006170053681068544,0.0006250810258499918,41150
