z_x1,z_x2,z_note,x_x1,x_x2,x_note,"p(y=0|x,D)","p(y=1|x,D)","p(y=2|x,D)","p(u=0|z,D)","p(u=1|z,D)","p(u=2|z,D)","p(y=0|x,u=0,z,D)","p(y=1|x,u=0,z,D)","p(y=2|x,u=0,z,D)","p(y=0|x,u=1,z,D)","p(y=1|x,u=1,z,D)","p(y=2|x,u=1,z,D)","p(y=0|x,u=2,z,D)","p(y=1|x,u=2,z,D)","p(y=2|x,u=2,z,D)","p(y=0|x,z,D)","p(y=1|x,z,D)","p(y=2|x,z,D)","H[p(u|z,D)]","Var[p(u|z,D)]","H[p(y|x,u=0,z,D)]","H[p(y|x,u=1,z,D)]","H[p(y|x,u=2,z,D)]","Var[p(y|x,u=0,z,D)]","Var[p(y|x,u=1,z,D)]","Var[p(y|x,u=2,z,D)]","H[p(y|x,D)]","Var[p(y|x,D)]",Va,Ve,Va_variance,Ve_variance,kl_pyx_pyxz,kl_pyxz_pyx,api_calls
2.0,3.4,x1 = 2.0; x2 = 3.4,2.0,3.4,x1 = 2.0; x2 = 3.4,0.42697092059578656,0.3476087817663178,0.22542029763789567,0.42697092059578656,0.3476087817663178,0.22542029763789567,0.8921138518201042,0.05411914268885347,0.05376700549104232,0.1055295608119996,0.8177084445398078,0.07676199464819249,0.06206103110038467,0.06326624189250882,0.8746727270071066,0.43157949076444013,0.3216114315000682,0.2468090777354917,1.53865,0.61177,0.60139,0.86407,0.6698,0.24306,0.18146,0.2764,1.53865,0.61177,0.70812,0.8305300000000001,0.22916,0.38261,0.0020030024197190445,0.0020062004599825066,3750
