z_x1,z_x2,z_note,x_x1,x_x2,x_note,"p(y=0|x,D)","p(y=1|x,D)","p(y=2|x,D)","p(u=0|z,D)","p(u=1|z,D)","p(u=2|z,D)","p(y=0|x,u=0,z,D)","p(y=1|x,u=0,z,D)","p(y=2|x,u=0,z,D)","p(y=0|x,u=1,z,D)","p(y=1|x,u=1,z,D)","p(y=2|x,u=1,z,D)","p(y=0|x,u=2,z,D)","p(y=1|x,u=2,z,D)","p(y=2|x,u=2,z,D)","p(y=0|x,z,D)","p(y=1|x,z,D)","p(y=2|x,z,D)","H[p(u|z,D)]","Var[p(u|z,D)]","H[p(y|x,u=0,z,D)]","H[p(y|x,u=1,z,D)]","H[p(y|x,u=2,z,D)]","Var[p(y|x,u=0,z,D)]","Var[p(y|x,u=1,z,D)]","Var[p(y|x,u=2,z,D)]","H[p(y|x,D)]","Var[p(y|x,D)]",Va,Ve,Va_variance,Ve_variance,kl_pyx_pyxz,kl_pyxz_pyx,api_calls
-1.4,-0.4,x1 = -1.4; x2 = -0.4,-1.4,-0.4,x1 = -1.4; x2 = -0.4,0.28419018058510964,0.32887441717886273,0.3869354022360277,0.28419018058510964,0.32887441717886273,0.3869354022360277,0.5676601139326263,0.20678220389533375,0.2255576821720401,0.1697623036360092,0.587421729410633,0.2428159669533579,0.1654549298112378,0.20697537732042512,0.6275696928683371,0.28117427877515566,0.3320395516413557,0.38678616958348877,1.57351,0.66057,1.4185,1.38103,1.3216,0.67618,0.40724,0.57947,1.57351,0.66057,1.36868,0.20483000000000007,0.55031,0.11026000000000002,3.127951843367316e-05,3.127069471724509e-05,25850
