z_x1,z_x2,z_note,x_x1,x_x2,x_note,"p(y=0|x,D)","p(y=1|x,D)","p(y=2|x,D)","p(u=0|z,D)","p(u=1|z,D)","p(u=2|z,D)","p(y=0|x,u=0,z,D)","p(y=1|x,u=0,z,D)","p(y=2|x,u=0,z,D)","p(y=0|x,u=1,z,D)","p(y=1|x,u=1,z,D)","p(y=2|x,u=1,z,D)","p(y=0|x,u=2,z,D)","p(y=1|x,u=2,z,D)","p(y=2|x,u=2,z,D)","p(y=0|x,z,D)","p(y=1|x,z,D)","p(y=2|x,z,D)","H[p(u|z,D)]","Var[p(u|z,D)]","H[p(y|x,u=0,z,D)]","H[p(y|x,u=1,z,D)]","H[p(y|x,u=2,z,D)]","Var[p(y|x,u=0,z,D)]","Var[p(y|x,u=1,z,D)]","Var[p(y|x,u=2,z,D)]","H[p(y|x,D)]","Var[p(y|x,D)]",Va,Ve,Va_variance,Ve_variance,kl_pyx_pyxz,kl_pyxz_pyx,api_calls
-2.2,-2.5,x1 = -2.2; x2 = -2.5,-2.2,-2.5,x1 = -2.2; x2 = -2.5,0.1218420525740824,0.08492262054038166,0.7932353268855359,0.1218420525740824,0.08492262054038166,0.7932353268855359,0.5117580294022813,0.07996369057384903,0.40827828002386973,0.16550639219735325,0.43090926773524607,0.40358434006740074,0.09152574941332893,0.06292376560060474,0.8455504849860663,0.1490103430195506,0.09625023819719514,0.7547394187832542,0.93724,0.46431,1.31367,1.48117,0.77147,0.90933,0.51241,0.36852,0.93724,0.46431,0.8978,0.03943999999999992,0.44663,0.017679999999999974,0.004302533210730354,0.004499588966496243,72800
