z_x1,z_x2,z_note,x_x1,x_x2,x_note,"p(y=0|x,D)","p(y=1|x,D)","p(y=2|x,D)","p(u=0|z,D)","p(u=1|z,D)","p(u=2|z,D)","p(y=0|x,u=0,z,D)","p(y=1|x,u=0,z,D)","p(y=2|x,u=0,z,D)","p(y=0|x,u=1,z,D)","p(y=1|x,u=1,z,D)","p(y=2|x,u=1,z,D)","p(y=0|x,u=2,z,D)","p(y=1|x,u=2,z,D)","p(y=2|x,u=2,z,D)","p(y=0|x,z,D)","p(y=1|x,z,D)","p(y=2|x,z,D)","H[p(u|z,D)]","Var[p(u|z,D)]","H[p(y|x,u=0,z,D)]","H[p(y|x,u=1,z,D)]","H[p(y|x,u=2,z,D)]","Var[p(y|x,u=0,z,D)]","Var[p(y|x,u=1,z,D)]","Var[p(y|x,u=2,z,D)]","H[p(y|x,D)]","Var[p(y|x,D)]",Va,Ve,Va_variance,Ve_variance,kl_pyx_pyxz,kl_pyxz_pyx,api_calls
-3.5,-1.1,x1 = -3.5; x2 = -1.1,-3.5,-1.1,x1 = -3.5; x2 = -1.1,0.156109313364513,0.10572937208491276,0.6381613145505741,0.156109313364513,0.10572937208491276,0.6381613145505741,0.7925657763429801,0.07022897942983847,0.13720524422718142,0.1332694795647064,0.686366210084812,0.18036431035048148,0.073835554359733,0.06852438217717674,0.8576400634630904,0.1849363919643519,0.12726207597860412,0.587801532057044,1.17454,0.74831,0.9281,1.20584,0.7326,0.50027,0.31142,0.31713,1.17454,0.74831,0.73989,0.43464999999999987,0.3134,0.43491,0.006405782162776805,0.006610212118864263,21500
