z_x1,z_x2,z_note,x_x1,x_x2,x_note,"p(y=0|x,D)","p(y=1|x,D)","p(y=2|x,D)","p(u=0|z,D)","p(u=1|z,D)","p(u=2|z,D)","p(y=0|x,u=0,z,D)","p(y=1|x,u=0,z,D)","p(y=2|x,u=0,z,D)","p(y=0|x,u=1,z,D)","p(y=1|x,u=1,z,D)","p(y=2|x,u=1,z,D)","p(y=0|x,u=2,z,D)","p(y=1|x,u=2,z,D)","p(y=2|x,u=2,z,D)","p(y=0|x,z,D)","p(y=1|x,z,D)","p(y=2|x,z,D)","H[p(u|z,D)]","Var[p(u|z,D)]","H[p(y|x,u=0,z,D)]","H[p(y|x,u=1,z,D)]","H[p(y|x,u=2,z,D)]","Var[p(y|x,u=0,z,D)]","Var[p(y|x,u=1,z,D)]","Var[p(y|x,u=2,z,D)]","H[p(y|x,D)]","Var[p(y|x,D)]",Va,Ve,Va_variance,Ve_variance,kl_pyx_pyxz,kl_pyxz_pyx,api_calls
-3.2,2.6,x1 = -3.2; x2 = 2.6,-3.2,2.6,x1 = -3.2; x2 = 2.6,0.294586794036466,0.2153817725380614,0.3900314334254727,0.294586794036466,0.2153817725380614,0.3900314334254727,0.8741800904391093,0.04869210162824168,0.07712780793264896,0.09856582789779783,0.8061846040632658,0.09524956803893656,0.048319983166453875,0.04598390498793078,0.9056961118456155,0.297597505274781,0.2059166875065463,0.3964858072186729,1.5263,0.7846,0.66701,0.90316,0.54494,0.31602,0.1938,0.21892,1.5263,0.7846,0.60356,0.92274,0.22022,0.56438,0.00028237922240552035,0.00027953497152987186,35350
