z_x1,z_x2,z_note,x_x1,x_x2,x_note,"p(y=0|x,D)","p(y=1|x,D)","p(y=2|x,D)","p(u=0|z,D)","p(u=1|z,D)","p(u=2|z,D)","p(y=0|x,u=0,z,D)","p(y=1|x,u=0,z,D)","p(y=2|x,u=0,z,D)","p(y=0|x,u=1,z,D)","p(y=1|x,u=1,z,D)","p(y=2|x,u=1,z,D)","p(y=0|x,u=2,z,D)","p(y=1|x,u=2,z,D)","p(y=2|x,u=2,z,D)","p(y=0|x,z,D)","p(y=1|x,z,D)","p(y=2|x,z,D)","H[p(u|z,D)]","Var[p(u|z,D)]","H[p(y|x,u=0,z,D)]","H[p(y|x,u=1,z,D)]","H[p(y|x,u=2,z,D)]","Var[p(y|x,u=0,z,D)]","Var[p(y|x,u=1,z,D)]","Var[p(y|x,u=2,z,D)]","H[p(y|x,D)]","Var[p(y|x,D)]",Va,Ve,Va_variance,Ve_variance,kl_pyx_pyxz,kl_pyxz_pyx,api_calls
1.3,-0.9,x1 = 1.3; x2 = -0.9,1.3,-0.9,x1 = 1.3; x2 = -0.9,0.555202607357503,0.20348643023094953,0.2413109624115474,0.5678363522844895,0.19444901494629455,0.23771463276921598,0.7276385192786593,0.12746159647371985,0.14489988424762087,0.3723400766429854,0.44445152465525706,0.1832083987017576,0.33807604710412587,0.16495241763763477,0.49697153525823934,0.5659463870825628,0.19801209254171281,0.23604152037572437,1.41571,0.69657,1.11639,1.49924,1.45913,0.53295,0.51978,0.8098,1.43366,0.69799,1.27231,0.16134999999999988,0.5962,0.10179000000000005,0.00023600049505071493,0.0002355516059018804,53600
