z_x1,z_x2,z_note,x_x1,x_x2,x_note,"p(y=0|x,D)","p(y=1|x,D)","p(y=2|x,D)","p(u=0|z,D)","p(u=1|z,D)","p(u=2|z,D)","p(y=0|x,u=0,z,D)","p(y=1|x,u=0,z,D)","p(y=2|x,u=0,z,D)","p(y=0|x,u=1,z,D)","p(y=1|x,u=1,z,D)","p(y=2|x,u=1,z,D)","p(y=0|x,u=2,z,D)","p(y=1|x,u=2,z,D)","p(y=2|x,u=2,z,D)","p(y=0|x,z,D)","p(y=1|x,z,D)","p(y=2|x,z,D)","H[p(u|z,D)]","Var[p(u|z,D)]","H[p(y|x,u=0,z,D)]","H[p(y|x,u=1,z,D)]","H[p(y|x,u=2,z,D)]","Var[p(y|x,u=0,z,D)]","Var[p(y|x,u=1,z,D)]","Var[p(y|x,u=2,z,D)]","H[p(y|x,D)]","Var[p(y|x,D)]",Va,Ve,Va_variance,Ve_variance,kl_pyx_pyxz,kl_pyxz_pyx,api_calls
-2.0,-1.7,x1 = -2.0; x2 = -1.7,-2.0,-1.7,x1 = -2.0; x2 = -1.7,0.4074702061963583,0.1829656865712365,0.40956410723240533,0.4074702061963583,0.1829656865712365,0.40956410723240533,0.717134846193407,0.11826282337531817,0.16460233043127498,0.24261872778077365,0.5784645219354527,0.17891675028377368,0.1778150977914852,0.1120819335644471,0.7101029686440677,0.40942866753188295,0.19993247249633114,0.39063885997178616,1.50355,0.81703,1.13669,1.39673,1.14764,0.57644,0.41748,0.60459,1.50355,0.81703,1.18875,0.31479999999999997,0.55889,0.25814000000000004,0.0011970957027829798,0.0012122794382649002,1200
