z_x1,z_x2,z_note,x_x1,x_x2,x_note,"p(y=0|x,D)","p(y=1|x,D)","p(y=2|x,D)","p(u=0|z,D)","p(u=1|z,D)","p(u=2|z,D)","p(y=0|x,u=0,z,D)","p(y=1|x,u=0,z,D)","p(y=2|x,u=0,z,D)","p(y=0|x,u=1,z,D)","p(y=1|x,u=1,z,D)","p(y=2|x,u=1,z,D)","p(y=0|x,u=2,z,D)","p(y=1|x,u=2,z,D)","p(y=2|x,u=2,z,D)","p(y=0|x,z,D)","p(y=1|x,z,D)","p(y=2|x,z,D)","H[p(u|z,D)]","Var[p(u|z,D)]","H[p(y|x,u=0,z,D)]","H[p(y|x,u=1,z,D)]","H[p(y|x,u=2,z,D)]","Var[p(y|x,u=0,z,D)]","Var[p(y|x,u=1,z,D)]","Var[p(y|x,u=2,z,D)]","H[p(y|x,D)]","Var[p(y|x,D)]",Va,Ve,Va_variance,Ve_variance,kl_pyx_pyxz,kl_pyxz_pyx,api_calls
0.6,2.4,x1 = 0.6; x2 = 2.4,0.6,2.4,x1 = 0.6; x2 = 2.4,0.3707603976148296,0.1640298648111248,0.4652097375740457,0.3707603976148296,0.1640298648111248,0.4652097375740457,0.6315323897544359,0.10433782176340119,0.26412978848216284,0.19595855922885388,0.5123758952886374,0.2916655454825087,0.12444139793891802,0.09142644716731188,0.7841321548937701,0.3241816059894013,0.16526175461397058,0.5105566393966281,1.47212,0.82705,1.26627,1.47354,0.96476,0.76068,0.47846,0.47338,1.47212,0.82705,1.16,0.3121200000000002,0.58073,0.24631999999999998,0.005277435809316777,0.005202946142856005,27250
