z_x1,z_x2,z_note,x_x1,x_x2,x_note,"p(y=0|x,D)","p(y=1|x,D)","p(y=2|x,D)","p(u=0|z,D)","p(u=1|z,D)","p(u=2|z,D)","p(y=0|x,u=0,z,D)","p(y=1|x,u=0,z,D)","p(y=2|x,u=0,z,D)","p(y=0|x,u=1,z,D)","p(y=1|x,u=1,z,D)","p(y=2|x,u=1,z,D)","p(y=0|x,u=2,z,D)","p(y=1|x,u=2,z,D)","p(y=2|x,u=2,z,D)","p(y=0|x,z,D)","p(y=1|x,z,D)","p(y=2|x,z,D)","H[p(u|z,D)]","Var[p(u|z,D)]","H[p(y|x,u=0,z,D)]","H[p(y|x,u=1,z,D)]","H[p(y|x,u=2,z,D)]","Var[p(y|x,u=0,z,D)]","Var[p(y|x,u=1,z,D)]","Var[p(y|x,u=2,z,D)]","H[p(y|x,D)]","Var[p(y|x,D)]",Va,Ve,Va_variance,Ve_variance,kl_pyx_pyxz,kl_pyxz_pyx,api_calls
1.8,-3.3,x1 = 1.8; x2 = -3.3,1.8,-3.3,x1 = 1.8; x2 = -3.3,0.5647429527882247,0.16471223719521083,0.27054481001656444,0.5647429527882247,0.16471223719521083,0.27054481001656444,0.874198487485001,0.06603254027265809,0.05976897224234109,0.1618910456993775,0.7077759418973405,0.13033301240328204,0.12700014630783635,0.08647459826263212,0.7865252554295317,0.5547221019192254,0.17726602435476935,0.2680118737260054,1.40438,0.74874,0.67139,1.16134,0.95596,0.27067,0.29123,0.47855,1.40438,0.74874,0.82908,0.5752999999999999,0.3303,0.41844,0.0005573074634514638,0.0005680220093990268,72400
