z_x1,z_x2,z_note,x_x1,x_x2,x_note,"p(y=0|x,D)","p(y=1|x,D)","p(y=2|x,D)","p(u=0|z,D)","p(u=1|z,D)","p(u=2|z,D)","p(y=0|x,u=0,z,D)","p(y=1|x,u=0,z,D)","p(y=2|x,u=0,z,D)","p(y=0|x,u=1,z,D)","p(y=1|x,u=1,z,D)","p(y=2|x,u=1,z,D)","p(y=0|x,u=2,z,D)","p(y=1|x,u=2,z,D)","p(y=2|x,u=2,z,D)","p(y=0|x,z,D)","p(y=1|x,z,D)","p(y=2|x,z,D)","H[p(u|z,D)]","Var[p(u|z,D)]","H[p(y|x,u=0,z,D)]","H[p(y|x,u=1,z,D)]","H[p(y|x,u=2,z,D)]","Var[p(y|x,u=0,z,D)]","Var[p(y|x,u=1,z,D)]","Var[p(y|x,u=2,z,D)]","H[p(y|x,D)]","Var[p(y|x,D)]",Va,Ve,Va_variance,Ve_variance,kl_pyx_pyxz,kl_pyxz_pyx,api_calls
-2.5,-0.8,x1 = -2.5; x2 = -0.8,-2.5,-0.8,x1 = -2.5; x2 = -0.8,0.26218725822896893,0.13175374536359605,0.606058996407435,0.26218725822896893,0.13175374536359605,0.606058996407435,0.6593082754744929,0.09789940747520123,0.24279231705030604,0.227596611171439,0.5283259778305072,0.24407741099805377,0.14246735866062488,0.08746073241003621,0.770071908929339,0.2891925594389026,0.14828326728970292,0.5625241732713945,1.32949,0.75,1.22027,1.46894,0.99823,0.72862,0.4714,0.51865,1.32949,0.75,1.11846,0.21103000000000005,0.56748,0.18252000000000002,0.0039024350712592373,0.003943843954520819,61650
