z_x1,z_x2,z_note,x_x1,x_x2,x_note,"p(y=0|x,D)","p(y=1|x,D)","p(y=2|x,D)","p(u=0|z,D)","p(u=1|z,D)","p(u=2|z,D)","p(y=0|x,u=0,z,D)","p(y=1|x,u=0,z,D)","p(y=2|x,u=0,z,D)","p(y=0|x,u=1,z,D)","p(y=1|x,u=1,z,D)","p(y=2|x,u=1,z,D)","p(y=0|x,u=2,z,D)","p(y=1|x,u=2,z,D)","p(y=2|x,u=2,z,D)","p(y=0|x,z,D)","p(y=1|x,z,D)","p(y=2|x,z,D)","H[p(u|z,D)]","Var[p(u|z,D)]","H[p(y|x,u=0,z,D)]","H[p(y|x,u=1,z,D)]","H[p(y|x,u=2,z,D)]","Var[p(y|x,u=0,z,D)]","Var[p(y|x,u=1,z,D)]","Var[p(y|x,u=2,z,D)]","H[p(y|x,D)]","Var[p(y|x,D)]",Va,Ve,Va_variance,Ve_variance,kl_pyx_pyxz,kl_pyxz_pyx,api_calls
-3.6,-0.5,x1 = -3.6; x2 = -0.5,-3.6,-0.5,x1 = -3.6; x2 = -0.5,0.1654646956402059,0.1086823621060421,0.625852942253752,0.1654646956402059,0.1086823621060421,0.625852942253752,0.8187841369821124,0.06826698815894078,0.11294887485894685,0.12397765077836098,0.7148743381249352,0.16114801109670382,0.06576514527904649,0.06255660590469347,0.8716782488162599,0.19011336162636083,0.1281412439572649,0.5817453944163742,1.20057,0.76144,0.85592,1.14396,0.68108,0.43353,0.28374,0.28795,1.20057,0.76144,0.69221,0.5083599999999999,0.28279,0.47865,0.004861675468091846,0.004989544083789536,17800
