z_x1,z_x2,z_note,x_x1,x_x2,x_note,"p(y=0|x,D)","p(y=1|x,D)","p(y=2|x,D)","p(u=0|z,D)","p(u=1|z,D)","p(u=2|z,D)","p(y=0|x,u=0,z,D)","p(y=1|x,u=0,z,D)","p(y=2|x,u=0,z,D)","p(y=0|x,u=1,z,D)","p(y=1|x,u=1,z,D)","p(y=2|x,u=1,z,D)","p(y=0|x,u=2,z,D)","p(y=1|x,u=2,z,D)","p(y=2|x,u=2,z,D)","p(y=0|x,z,D)","p(y=1|x,z,D)","p(y=2|x,z,D)","H[p(u|z,D)]","Var[p(u|z,D)]","H[p(y|x,u=0,z,D)]","H[p(y|x,u=1,z,D)]","H[p(y|x,u=2,z,D)]","Var[p(y|x,u=0,z,D)]","Var[p(y|x,u=1,z,D)]","Var[p(y|x,u=2,z,D)]","H[p(y|x,D)]","Var[p(y|x,D)]",Va,Ve,Va_variance,Ve_variance,kl_pyx_pyxz,kl_pyxz_pyx,api_calls
-2.9,-0.1,x1 = -2.9; x2 = -0.1,-2.9,-0.1,x1 = -2.9; x2 = -0.1,0.18856984149689487,0.08998004053669936,0.7214501179664057,0.18856984149689487,0.08998004053669936,0.7214501179664057,0.6584962339378729,0.08190264090468605,0.25960112515744105,0.19552230176570412,0.5307545153487986,0.27372318288549724,0.11508838939944548,0.07263513908121802,0.8122764715193365,0.2247961672074673,0.11560431047834588,0.6595995223141867,1.10629,0.62606,1.19766,1.45707,0.87742,0.75898,0.46313,0.44129,1.10629,0.62606,0.98996,0.11633000000000004,0.50316,0.1228999999999999,0.008979609393172376,0.009351043172631988,46000
