z_x1,z_x2,z_note,x_x1,x_x2,x_note,"p(y=0|x,D)","p(y=1|x,D)","p(y=2|x,D)","p(u=0|z,D)","p(u=1|z,D)","p(u=2|z,D)","p(y=0|x,u=0,z,D)","p(y=1|x,u=0,z,D)","p(y=2|x,u=0,z,D)","p(y=0|x,u=1,z,D)","p(y=1|x,u=1,z,D)","p(y=2|x,u=1,z,D)","p(y=0|x,u=2,z,D)","p(y=1|x,u=2,z,D)","p(y=2|x,u=2,z,D)","p(y=0|x,z,D)","p(y=1|x,z,D)","p(y=2|x,z,D)","H[p(u|z,D)]","Var[p(u|z,D)]","H[p(y|x,u=0,z,D)]","H[p(y|x,u=1,z,D)]","H[p(y|x,u=2,z,D)]","Var[p(y|x,u=0,z,D)]","Var[p(y|x,u=1,z,D)]","Var[p(y|x,u=2,z,D)]","H[p(y|x,D)]","Var[p(y|x,D)]",Va,Ve,Va_variance,Ve_variance,kl_pyx_pyxz,kl_pyxz_pyx,api_calls
0.7,0.9,x1 = 0.7; x2 = 0.9,0.7,0.9,x1 = 0.7; x2 = 0.9,0.22653549287334956,0.43123884719321276,0.3422256599334376,0.22653549287334956,0.43123884719321276,0.3422256599334376,0.6826039953147394,0.16979586105937844,0.14760014362588225,0.12656513007083176,0.7175969677779016,0.15583790215126664,0.1201111120996754,0.14405022625821404,0.7358386616421106,0.2503189379061971,0.39721816195160675,0.35246290014219617,1.53798,0.55538,1.2178,1.13891,1.09556,0.54398,0.28155,0.47683,1.53798,0.55538,1.14195,0.3960299999999999,0.40783,0.14754999999999996,0.0027345730549730024,0.00273727074750796,30500
