z_x1,z_x2,z_note,x_x1,x_x2,x_note,"p(y=0|x,D)","p(y=1|x,D)","p(y=2|x,D)","p(u=0|z,D)","p(u=1|z,D)","p(u=2|z,D)","p(y=0|x,u=0,z,D)","p(y=1|x,u=0,z,D)","p(y=2|x,u=0,z,D)","p(y=0|x,u=1,z,D)","p(y=1|x,u=1,z,D)","p(y=2|x,u=1,z,D)","p(y=0|x,u=2,z,D)","p(y=1|x,u=2,z,D)","p(y=2|x,u=2,z,D)","p(y=0|x,z,D)","p(y=1|x,z,D)","p(y=2|x,z,D)","H[p(u|z,D)]","Var[p(u|z,D)]","H[p(y|x,u=0,z,D)]","H[p(y|x,u=1,z,D)]","H[p(y|x,u=2,z,D)]","Var[p(y|x,u=0,z,D)]","Var[p(y|x,u=1,z,D)]","Var[p(y|x,u=2,z,D)]","H[p(y|x,D)]","Var[p(y|x,D)]",Va,Ve,Va_variance,Ve_variance,kl_pyx_pyxz,kl_pyxz_pyx,api_calls
3.4,-2.1,x1 = 3.4; x2 = -2.1,3.4,-2.1,x1 = 3.4; x2 = -2.1,0.6815282281900836,0.11382975776196518,0.2046420140479513,0.6815282281900836,0.11382975776196518,0.2046420140479513,0.9166461590736523,0.04399612955767087,0.0393577113686769,0.23806474766956326,0.6772867444507873,0.08464850787964937,0.18213067103706088,0.06813536278555828,0.7497339661773809,0.6890906725705307,0.12102334814920838,0.18988597928026119,1.20224,0.65875,0.49706,1.17522,1.02309,0.18637,0.29918,0.60969,1.20224,0.65875,0.6819,0.52034,0.28584,0.37290999999999996,0.0008188541114333946,0.0008097365725546497,57000
