z_x1,z_x2,z_note,x_x1,x_x2,x_note,"p(y=0|x,D)","p(y=1|x,D)","p(y=2|x,D)","p(u=0|z,D)","p(u=1|z,D)","p(u=2|z,D)","p(y=0|x,u=0,z,D)","p(y=1|x,u=0,z,D)","p(y=2|x,u=0,z,D)","p(y=0|x,u=1,z,D)","p(y=1|x,u=1,z,D)","p(y=2|x,u=1,z,D)","p(y=0|x,u=2,z,D)","p(y=1|x,u=2,z,D)","p(y=2|x,u=2,z,D)","p(y=0|x,z,D)","p(y=1|x,z,D)","p(y=2|x,z,D)","H[p(u|z,D)]","Var[p(u|z,D)]","H[p(y|x,u=0,z,D)]","H[p(y|x,u=1,z,D)]","H[p(y|x,u=2,z,D)]","Var[p(y|x,u=0,z,D)]","Var[p(y|x,u=1,z,D)]","Var[p(y|x,u=2,z,D)]","H[p(y|x,D)]","Var[p(y|x,D)]",Va,Ve,Va_variance,Ve_variance,kl_pyx_pyxz,kl_pyxz_pyx,api_calls
-2.4,2.3,x1 = -2.4; x2 = 2.3,-2.4,2.3,x1 = -2.4; x2 = 2.3,0.2909569009899716,0.18841215491094807,0.5206309440990803,0.2909569009899716,0.18841215491094807,0.5206309440990803,0.7232383622164107,0.08356636956492662,0.1931952682186627,0.19378401904317027,0.5721544988688904,0.23406148208793928,0.10970955624157856,0.07679643267633891,0.8134940110820825,0.30406064700552154,0.17209767323719877,0.5238416797572797,1.46219,0.75884,1.09556,1.41003,0.8764,0.63549,0.42622,0.42789,1.46219,0.75884,1.04071,0.4214800000000001,0.48798,0.27085999999999993,0.0010463134998204924,0.001028270525430012,67200
