z_x1,z_x2,z_note,x_x1,x_x2,x_note,"p(y=0|x,D)","p(y=1|x,D)","p(y=2|x,D)","p(u=0|z,D)","p(u=1|z,D)","p(u=2|z,D)","p(y=0|x,u=0,z,D)","p(y=1|x,u=0,z,D)","p(y=2|x,u=0,z,D)","p(y=0|x,u=1,z,D)","p(y=1|x,u=1,z,D)","p(y=2|x,u=1,z,D)","p(y=0|x,u=2,z,D)","p(y=1|x,u=2,z,D)","p(y=2|x,u=2,z,D)","p(y=0|x,z,D)","p(y=1|x,z,D)","p(y=2|x,z,D)","H[p(u|z,D)]","Var[p(u|z,D)]","H[p(y|x,u=0,z,D)]","H[p(y|x,u=1,z,D)]","H[p(y|x,u=2,z,D)]","Var[p(y|x,u=0,z,D)]","Var[p(y|x,u=1,z,D)]","Var[p(y|x,u=2,z,D)]","H[p(y|x,D)]","Var[p(y|x,D)]",Va,Ve,Va_variance,Ve_variance,kl_pyx_pyxz,kl_pyxz_pyx,api_calls
-0.4,1.2,x1 = -0.4; x2 = 1.2,-0.4,1.2,x1 = -0.4; x2 = 1.2,0.1393254969500373,0.49982052911032593,0.3608539739396369,0.1393254969500373,0.49982052911032593,0.3608539739396369,0.5524322016419375,0.22405706036045953,0.22351073799760296,0.10275892449458131,0.6833808312507914,0.2138602442546274,0.0933802803777884,0.19831888041516266,0.7083008392070489,0.16202555629857823,0.4443487860445815,0.3936256576568404,1.42689,0.4511,1.43962,1.18856,1.13475,0.66775,0.30428,0.42355,1.42689,0.4511,1.20412,0.2227699999999999,0.39796,0.05314000000000002,0.0064006291623558,0.0064001440902373315,66650
