z_x1,z_x2,z_note,x_x1,x_x2,x_note,"p(y=0|x,D)","p(y=1|x,D)","p(y=2|x,D)","p(u=0|z,D)","p(u=1|z,D)","p(u=2|z,D)","p(y=0|x,u=0,z,D)","p(y=1|x,u=0,z,D)","p(y=2|x,u=0,z,D)","p(y=0|x,u=1,z,D)","p(y=1|x,u=1,z,D)","p(y=2|x,u=1,z,D)","p(y=0|x,u=2,z,D)","p(y=1|x,u=2,z,D)","p(y=2|x,u=2,z,D)","p(y=0|x,z,D)","p(y=1|x,z,D)","p(y=2|x,z,D)","H[p(u|z,D)]","Var[p(u|z,D)]","H[p(y|x,u=0,z,D)]","H[p(y|x,u=1,z,D)]","H[p(y|x,u=2,z,D)]","Var[p(y|x,u=0,z,D)]","Var[p(y|x,u=1,z,D)]","Var[p(y|x,u=2,z,D)]","H[p(y|x,D)]","Var[p(y|x,D)]",Va,Ve,Va_variance,Ve_variance,kl_pyx_pyxz,kl_pyxz_pyx,api_calls
0.3,2.2,x1 = 0.3; x2 = 2.2,0.3,2.2,x1 = 0.3; x2 = 2.2,0.522701507011275,0.1599254212008846,0.3173730717878403,0.522701507011275,0.1599254212008846,0.3173730717878403,0.7802908908020764,0.08129283345314357,0.1384162757447801,0.2954498383000658,0.5044513795089938,0.20009878219094043,0.2467162860034847,0.10335579164116168,0.6499279223553536,0.5334102699123001,0.15596883097873734,0.3106208991089625,1.43763,0.79791,0.96851,1.48217,1.24058,0.5067,0.48646,0.73406,1.43763,0.79791,1.137,0.30062999999999995,0.57562,0.22229,0.0002308495703862148,0.00023064937141788807,15150
