z_x1,z_x2,z_note,x_x1,x_x2,x_note,"p(y=0|x,D)","p(y=1|x,D)","p(y=2|x,D)","p(u=0|z,D)","p(u=1|z,D)","p(u=2|z,D)","p(y=0|x,u=0,z,D)","p(y=1|x,u=0,z,D)","p(y=2|x,u=0,z,D)","p(y=0|x,u=1,z,D)","p(y=1|x,u=1,z,D)","p(y=2|x,u=1,z,D)","p(y=0|x,u=2,z,D)","p(y=1|x,u=2,z,D)","p(y=2|x,u=2,z,D)","p(y=0|x,z,D)","p(y=1|x,z,D)","p(y=2|x,z,D)","H[p(u|z,D)]","Var[p(u|z,D)]","H[p(y|x,u=0,z,D)]","H[p(y|x,u=1,z,D)]","H[p(y|x,u=2,z,D)]","Var[p(y|x,u=0,z,D)]","Var[p(y|x,u=1,z,D)]","Var[p(y|x,u=2,z,D)]","H[p(y|x,D)]","Var[p(y|x,D)]",Va,Ve,Va_variance,Ve_variance,kl_pyx_pyxz,kl_pyxz_pyx,api_calls
-3.7,2.4,x1 = -3.7; x2 = 2.4,-3.7,2.4,x1 = -3.7; x2 = 2.4,0.2764274335153796,0.20607797103465172,0.41749459544996864,0.2764274335153796,0.20607797103465172,0.41749459544996864,0.8552597947706193,0.05511068526581368,0.08962951996356701,0.10739854416709113,0.7784447596687789,0.11415669616412998,0.05178709281372851,0.050723292143473986,0.8974896150427976,0.28017057549515967,0.19683112225573202,0.4229983022491083,1.50849,0.79224,0.73526,0.9844,0.57941,0.3587,0.22151,0.23406,1.50849,0.79224,0.64801,0.8604800000000001,0.24252,0.54972,0.0002749562722071455,0.00027197848750124595,15250
