z_x1,z_x2,z_note,x_x1,x_x2,x_note,"p(y=0|x,D)","p(y=1|x,D)","p(y=2|x,D)","p(u=0|z,D)","p(u=1|z,D)","p(u=2|z,D)","p(y=0|x,u=0,z,D)","p(y=1|x,u=0,z,D)","p(y=2|x,u=0,z,D)","p(y=0|x,u=1,z,D)","p(y=1|x,u=1,z,D)","p(y=2|x,u=1,z,D)","p(y=0|x,u=2,z,D)","p(y=1|x,u=2,z,D)","p(y=2|x,u=2,z,D)","p(y=0|x,z,D)","p(y=1|x,z,D)","p(y=2|x,z,D)","H[p(u|z,D)]","Var[p(u|z,D)]","H[p(y|x,u=0,z,D)]","H[p(y|x,u=1,z,D)]","H[p(y|x,u=2,z,D)]","Var[p(y|x,u=0,z,D)]","Var[p(y|x,u=1,z,D)]","Var[p(y|x,u=2,z,D)]","H[p(y|x,D)]","Var[p(y|x,D)]",Va,Ve,Va_variance,Ve_variance,kl_pyx_pyxz,kl_pyxz_pyx,api_calls
3.4,3.9,x1 = 3.4; x2 = 3.9,3.4,3.9,x1 = 3.4; x2 = 3.9,0.3837018877562133,0.2810282702548041,0.23526984198898263,0.3837018877562133,0.2810282702548041,0.23526984198898263,0.9012819424622848,0.05059234797368113,0.048125709564034135,0.10169803663078039,0.8311046236658614,0.06719733970335813,0.061082157188535734,0.06314682663861437,0.8757710161728498,0.38877439551611637,0.26783281813848014,0.24339278634540346,1.53603,0.65725,0.56359,0.81895,0.6656,0.22153,0.16771,0.27314,1.53603,0.65725,0.60299,0.93304,0.19639,0.46086,0.0004901598307028507,0.00048677907480696673,60000
