z_x1,z_x2,z_note,x_x1,x_x2,x_note,"p(y=0|x,D)","p(y=1|x,D)","p(y=2|x,D)","p(u=0|z,D)","p(u=1|z,D)","p(u=2|z,D)","p(y=0|x,u=0,z,D)","p(y=1|x,u=0,z,D)","p(y=2|x,u=0,z,D)","p(y=0|x,u=1,z,D)","p(y=1|x,u=1,z,D)","p(y=2|x,u=1,z,D)","p(y=0|x,u=2,z,D)","p(y=1|x,u=2,z,D)","p(y=2|x,u=2,z,D)","p(y=0|x,z,D)","p(y=1|x,z,D)","p(y=2|x,z,D)","H[p(u|z,D)]","Var[p(u|z,D)]","H[p(y|x,u=0,z,D)]","H[p(y|x,u=1,z,D)]","H[p(y|x,u=2,z,D)]","Var[p(y|x,u=0,z,D)]","Var[p(y|x,u=1,z,D)]","Var[p(y|x,u=2,z,D)]","H[p(y|x,D)]","Var[p(y|x,D)]",Va,Ve,Va_variance,Ve_variance,kl_pyx_pyxz,kl_pyxz_pyx,api_calls
1.3,-2.5,x1 = 1.3; x2 = -2.5,1.3,-2.5,x1 = 1.3; x2 = -2.5,0.7620609497091883,0.11946429508024244,0.11847475521056942,0.7620609497091883,0.11946429508024244,0.11847475521056942,0.8245284932973194,0.09727193057224412,0.0781995761304364,0.36870128767896615,0.5174978799556716,0.11380083236536223,0.3233164460472217,0.12013084018675317,0.5565527137660251,0.7106924428931825,0.1501821311107204,0.13912542599609712,1.02953,0.46633,0.84404,1.37937,1.36447,0.34572,0.41753,0.82547,1.02953,0.46633,0.96965,0.059880000000000044,0.41114,0.05519000000000002,0.006808567069526254,0.007123541810509636,52800
