z_x1,z_x2,z_note,x_x1,x_x2,x_note,"p(y=0|x,D)","p(y=1|x,D)","p(y=2|x,D)","p(u=0|z,D)","p(u=1|z,D)","p(u=2|z,D)","p(y=0|x,u=0,z,D)","p(y=1|x,u=0,z,D)","p(y=2|x,u=0,z,D)","p(y=0|x,u=1,z,D)","p(y=1|x,u=1,z,D)","p(y=2|x,u=1,z,D)","p(y=0|x,u=2,z,D)","p(y=1|x,u=2,z,D)","p(y=2|x,u=2,z,D)","p(y=0|x,z,D)","p(y=1|x,z,D)","p(y=2|x,z,D)","H[p(u|z,D)]","Var[p(u|z,D)]","H[p(y|x,u=0,z,D)]","H[p(y|x,u=1,z,D)]","H[p(y|x,u=2,z,D)]","Var[p(y|x,u=0,z,D)]","Var[p(y|x,u=1,z,D)]","Var[p(y|x,u=2,z,D)]","H[p(y|x,D)]","Var[p(y|x,D)]",Va,Ve,Va_variance,Ve_variance,kl_pyx_pyxz,kl_pyxz_pyx,api_calls
3.4,-2.2,x1 = 3.4; x2 = -2.2,3.4,-2.2,x1 = 3.4; x2 = -2.2,0.6538290105183777,0.11763147050747239,0.22853951897414984,0.6538290105183777,0.11763147050747239,0.22853951897414984,0.9179800276870825,0.04417400854409137,0.03784596376882614,0.21646992950668795,0.7035286367736905,0.08000143371962157,0.17114576860675612,0.06775533524791974,0.7610988961453241,0.664779220938648,0.12712412811031207,0.20809665095103994,1.25068,0.7015,0.49092,1.12634,0.99874,0.18119,0.27785,0.5842,1.25068,0.7015,0.68172,0.56896,0.28466,0.41684,0.0014270427607942955,0.0014071607103569687,56950
