z_x1,z_x2,z_note,x_x1,x_x2,x_note,"p(y=0|x,D)","p(y=1|x,D)","p(y=2|x,D)","p(u=0|z,D)","p(u=1|z,D)","p(u=2|z,D)","p(y=0|x,u=0,z,D)","p(y=1|x,u=0,z,D)","p(y=2|x,u=0,z,D)","p(y=0|x,u=1,z,D)","p(y=1|x,u=1,z,D)","p(y=2|x,u=1,z,D)","p(y=0|x,u=2,z,D)","p(y=1|x,u=2,z,D)","p(y=2|x,u=2,z,D)","p(y=0|x,z,D)","p(y=1|x,z,D)","p(y=2|x,z,D)","H[p(u|z,D)]","Var[p(u|z,D)]","H[p(y|x,u=0,z,D)]","H[p(y|x,u=1,z,D)]","H[p(y|x,u=2,z,D)]","Var[p(y|x,u=0,z,D)]","Var[p(y|x,u=1,z,D)]","Var[p(y|x,u=2,z,D)]","H[p(y|x,D)]","Var[p(y|x,D)]",Va,Ve,Va_variance,Ve_variance,kl_pyx_pyxz,kl_pyxz_pyx,api_calls
-1.8,-2.9,x1 = -1.8; x2 = -2.9,-1.8,-2.9,x1 = -1.8; x2 = -2.9,0.15805014031780124,0.1332702366803719,0.7086796230018269,0.15805014031780124,0.1332702366803719,0.7086796230018269,0.5947469730454464,0.10595099574144295,0.2993020312131106,0.18967577093005863,0.5158705428578987,0.2944536862120427,0.10771804602549451,0.08380195866890157,0.808479995305604,0.19561556167564217,0.14488449956314176,0.6594999387612162,1.16022,0.56354,1.30986,1.46691,0.894,0.80676,0.47315,0.42513,1.16022,0.56354,1.03608,0.12414000000000014,0.49185,0.07169000000000003,0.006131185069488079,0.006386776486646831,8600
