z_x1,z_x2,z_note,x_x1,x_x2,x_note,"p(y=0|x,D)","p(y=1|x,D)","p(y=2|x,D)","p(u=0|z,D)","p(u=1|z,D)","p(u=2|z,D)","p(y=0|x,u=0,z,D)","p(y=1|x,u=0,z,D)","p(y=2|x,u=0,z,D)","p(y=0|x,u=1,z,D)","p(y=1|x,u=1,z,D)","p(y=2|x,u=1,z,D)","p(y=0|x,u=2,z,D)","p(y=1|x,u=2,z,D)","p(y=2|x,u=2,z,D)","p(y=0|x,z,D)","p(y=1|x,z,D)","p(y=2|x,z,D)","H[p(u|z,D)]","Var[p(u|z,D)]","H[p(y|x,u=0,z,D)]","H[p(y|x,u=1,z,D)]","H[p(y|x,u=2,z,D)]","Var[p(y|x,u=0,z,D)]","Var[p(y|x,u=1,z,D)]","Var[p(y|x,u=2,z,D)]","H[p(y|x,D)]","Var[p(y|x,D)]",Va,Ve,Va_variance,Ve_variance,kl_pyx_pyxz,kl_pyxz_pyx,api_calls
-2.7,2.2,x1 = -2.7; x2 = 2.2,-2.7,2.2,x1 = -2.7; x2 = 2.2,0.32061079277885696,0.19311970714369733,0.48626950007744574,0.32061079277885696,0.19311970714369733,0.48626950007744574,0.7401577988311199,0.08007488538518773,0.17976731578369237,0.21206587095935464,0.5736044614091417,0.2143296676315037,0.10075452202353981,0.072951127551947,0.8262943504245133,0.32725052861447146,0.17192110641344405,0.5008283649720846,1.49012,0.77944,1.05804,1.4107,0.83659,0.60589,0.42639,0.40064,1.49012,0.77944,1.01846,0.47165999999999997,0.47142,0.30802,0.0015378162086702434,0.0014926369082914684,55150
