z_x1,z_x2,z_note,x_x1,x_x2,x_note,"p(y=0|x,D)","p(y=1|x,D)","p(y=2|x,D)","p(u=0|z,D)","p(u=1|z,D)","p(u=2|z,D)","p(y=0|x,u=0,z,D)","p(y=1|x,u=0,z,D)","p(y=2|x,u=0,z,D)","p(y=0|x,u=1,z,D)","p(y=1|x,u=1,z,D)","p(y=2|x,u=1,z,D)","p(y=0|x,u=2,z,D)","p(y=1|x,u=2,z,D)","p(y=2|x,u=2,z,D)","p(y=0|x,z,D)","p(y=1|x,z,D)","p(y=2|x,z,D)","H[p(u|z,D)]","Var[p(u|z,D)]","H[p(y|x,u=0,z,D)]","H[p(y|x,u=1,z,D)]","H[p(y|x,u=2,z,D)]","Var[p(y|x,u=0,z,D)]","Var[p(y|x,u=1,z,D)]","Var[p(y|x,u=2,z,D)]","H[p(y|x,D)]","Var[p(y|x,D)]",Va,Ve,Va_variance,Ve_variance,kl_pyx_pyxz,kl_pyxz_pyx,api_calls
2.4,-2.0,x1 = 2.4; x2 = -2.0,2.4,-2.0,x1 = 2.4; x2 = -2.0,0.7235756823550593,0.12735980291496296,0.14906451472997767,0.7235756823550593,0.12735980291496296,0.14906451472997767,0.8629844764471013,0.07633669053695236,0.06067883301594643,0.25879914464456566,0.6454442723364637,0.09575658301897053,0.21555446896328814,0.10104266467203127,0.6834028663646805,0.6895267117774184,0.1525009040377262,0.1579723841848554,1.12573,0.54258,0.71209,1.23646,1.18667,0.27997,0.32797,0.68008,1.12573,0.54258,0.84962,0.27610999999999986,0.34573,0.19684999999999997,0.0032798559974372647,0.003407595183580121,17050
