z_x1,z_x2,z_note,x_x1,x_x2,x_note,"p(y=0|x,D)","p(y=1|x,D)","p(y=2|x,D)","p(u=0|z,D)","p(u=1|z,D)","p(u=2|z,D)","p(y=0|x,u=0,z,D)","p(y=1|x,u=0,z,D)","p(y=2|x,u=0,z,D)","p(y=0|x,u=1,z,D)","p(y=1|x,u=1,z,D)","p(y=2|x,u=1,z,D)","p(y=0|x,u=2,z,D)","p(y=1|x,u=2,z,D)","p(y=2|x,u=2,z,D)","p(y=0|x,z,D)","p(y=1|x,z,D)","p(y=2|x,z,D)","H[p(u|z,D)]","Var[p(u|z,D)]","H[p(y|x,u=0,z,D)]","H[p(y|x,u=1,z,D)]","H[p(y|x,u=2,z,D)]","Var[p(y|x,u=0,z,D)]","Var[p(y|x,u=1,z,D)]","Var[p(y|x,u=2,z,D)]","H[p(y|x,D)]","Var[p(y|x,D)]",Va,Ve,Va_variance,Ve_variance,kl_pyx_pyxz,kl_pyxz_pyx,api_calls
-0.6,2.8,x1 = -0.6; x2 = 2.8,-0.6,2.8,x1 = -0.6; x2 = 2.8,0.42053461188093755,0.22136818995954943,0.358097198159513,0.42053461188093755,0.22136818995954943,0.358097198159513,0.7207400765928065,0.10991543277156016,0.16934449063563334,0.21630750918999472,0.5917596797908239,0.19193281101918144,0.14245844816533207,0.09226280477555981,0.7652787470591081,0.4019937213031984,0.21025906495111668,0.3877472137456849,1.53767,0.77473,1.12451,1.38276,1.01307,0.58605,0.40765,0.51983,1.53767,0.77473,1.14177,0.39590000000000014,0.52284,0.25189000000000006,0.0018732728752970315,0.0018933503372713933,59450
