z_x1,z_x2,z_note,x_x1,x_x2,x_note,"p(y=0|x,D)","p(y=1|x,D)","p(y=2|x,D)","p(u=0|z,D)","p(u=1|z,D)","p(u=2|z,D)","p(y=0|x,u=0,z,D)","p(y=1|x,u=0,z,D)","p(y=2|x,u=0,z,D)","p(y=0|x,u=1,z,D)","p(y=1|x,u=1,z,D)","p(y=2|x,u=1,z,D)","p(y=0|x,u=2,z,D)","p(y=1|x,u=2,z,D)","p(y=2|x,u=2,z,D)","p(y=0|x,z,D)","p(y=1|x,z,D)","p(y=2|x,z,D)","H[p(u|z,D)]","Var[p(u|z,D)]","H[p(y|x,u=0,z,D)]","H[p(y|x,u=1,z,D)]","H[p(y|x,u=2,z,D)]","Var[p(y|x,u=0,z,D)]","Var[p(y|x,u=1,z,D)]","Var[p(y|x,u=2,z,D)]","H[p(y|x,D)]","Var[p(y|x,D)]",Va,Ve,Va_variance,Ve_variance,kl_pyx_pyxz,kl_pyxz_pyx,api_calls
-1.5,0.6,x1 = -1.5; x2 = 0.6,-1.5,0.6,x1 = -1.5; x2 = 0.6,0.21144681015566605,0.41572575722099614,0.37282743262333773,0.21144681015566605,0.41572575722099614,0.37282743262333773,0.6955235448918241,0.15456717304674686,0.1499092820614291,0.10196961841493038,0.7527584684906881,0.1452719130943816,0.09388775551200718,0.13725327014820465,0.7688589743397882,0.22446156262692965,0.39679560434183464,0.3787428330312357,1.53111,0.55823,1.19112,1.04862,1.00523,0.54774,0.24537,0.40716,1.53111,0.55823,1.06257,0.46853999999999996,0.36962,0.18861,0.0008758015413311464,0.0008769319741216992,22350
