z_x1,z_x2,z_note,x_x1,x_x2,x_note,"p(y=0|x,D)","p(y=1|x,D)","p(y=2|x,D)","p(u=0|z,D)","p(u=1|z,D)","p(u=2|z,D)","p(y=0|x,u=0,z,D)","p(y=1|x,u=0,z,D)","p(y=2|x,u=0,z,D)","p(y=0|x,u=1,z,D)","p(y=1|x,u=1,z,D)","p(y=2|x,u=1,z,D)","p(y=0|x,u=2,z,D)","p(y=1|x,u=2,z,D)","p(y=2|x,u=2,z,D)","p(y=0|x,z,D)","p(y=1|x,z,D)","p(y=2|x,z,D)","H[p(u|z,D)]","Var[p(u|z,D)]","H[p(y|x,u=0,z,D)]","H[p(y|x,u=1,z,D)]","H[p(y|x,u=2,z,D)]","Var[p(y|x,u=0,z,D)]","Var[p(y|x,u=1,z,D)]","Var[p(y|x,u=2,z,D)]","H[p(y|x,D)]","Var[p(y|x,D)]",Va,Ve,Va_variance,Ve_variance,kl_pyx_pyxz,kl_pyxz_pyx,api_calls
2.5,-0.4,x1 = 2.5; x2 = -0.4,2.5,-0.4,x1 = 2.5; x2 = -0.4,0.36015949982678197,0.4057907098863865,0.23404979028683157,0.36015949982678197,0.4057907098863865,0.23404979028683157,0.7618905793207718,0.12260848414116518,0.11550093653806312,0.13768187774976479,0.7487105683465032,0.11360755390373203,0.15103668406743892,0.14214114846076303,0.7068221674717982,0.36562226111307655,0.3812465093399404,0.25313122954698314,1.54899,0.57831,1.02984,1.06294,1.16577,0.45957,0.25071,0.54896,1.54899,0.57831,1.07509,0.4739,0.39574,0.18257,0.0015526284698543502,0.0015564446918898411,21850
