z_x1,z_x2,z_note,x_x1,x_x2,x_note,"p(y=0|x,D)","p(y=1|x,D)","p(y=2|x,D)","p(u=0|z,D)","p(u=1|z,D)","p(u=2|z,D)","p(y=0|x,u=0,z,D)","p(y=1|x,u=0,z,D)","p(y=2|x,u=0,z,D)","p(y=0|x,u=1,z,D)","p(y=1|x,u=1,z,D)","p(y=2|x,u=1,z,D)","p(y=0|x,u=2,z,D)","p(y=1|x,u=2,z,D)","p(y=2|x,u=2,z,D)","p(y=0|x,z,D)","p(y=1|x,z,D)","p(y=2|x,z,D)","H[p(u|z,D)]","Var[p(u|z,D)]","H[p(y|x,u=0,z,D)]","H[p(y|x,u=1,z,D)]","H[p(y|x,u=2,z,D)]","Var[p(y|x,u=0,z,D)]","Var[p(y|x,u=1,z,D)]","Var[p(y|x,u=2,z,D)]","H[p(y|x,D)]","Var[p(y|x,D)]",Va,Ve,Va_variance,Ve_variance,kl_pyx_pyxz,kl_pyxz_pyx,api_calls
-2.4,2.6,x1 = -2.4; x2 = 2.6,-2.4,2.6,x1 = -2.4; x2 = 2.6,0.3020917145416884,0.1853832941227028,0.5125249913356088,0.3020917145416884,0.1853832941227028,0.5125249913356088,0.7419938534552498,0.07568846356986265,0.1823176829748875,0.18255365001890536,0.6003925598295622,0.21705379015153253,0.09019446111679805,0.07123694077139107,0.8385685981118108,0.3042195077667252,0.17067832069044458,0.5251021715428302,1.46667,0.77033,1.04897,1.36818,0.79754,0.61107,0.39842,0.3687,1.46667,0.77033,0.97928,0.4873899999999999,0.44743,0.32289999999999996,0.0007753138283374435,0.0007598256037363131,67350
