z_x1,z_x2,z_note,x_x1,x_x2,x_note,"p(y=0|x,D)","p(y=1|x,D)","p(y=2|x,D)","p(u=0|z,D)","p(u=1|z,D)","p(u=2|z,D)","p(y=0|x,u=0,z,D)","p(y=1|x,u=0,z,D)","p(y=2|x,u=0,z,D)","p(y=0|x,u=1,z,D)","p(y=1|x,u=1,z,D)","p(y=2|x,u=1,z,D)","p(y=0|x,u=2,z,D)","p(y=1|x,u=2,z,D)","p(y=2|x,u=2,z,D)","p(y=0|x,z,D)","p(y=1|x,z,D)","p(y=2|x,z,D)","H[p(u|z,D)]","Var[p(u|z,D)]","H[p(y|x,u=0,z,D)]","H[p(y|x,u=1,z,D)]","H[p(y|x,u=2,z,D)]","Var[p(y|x,u=0,z,D)]","Var[p(y|x,u=1,z,D)]","Var[p(y|x,u=2,z,D)]","H[p(y|x,D)]","Var[p(y|x,D)]",Va,Ve,Va_variance,Ve_variance,kl_pyx_pyxz,kl_pyxz_pyx,api_calls
-1.0,1.2,x1 = -1.0; x2 = 1.2,-1.0,1.2,x1 = -1.0; x2 = 1.2,0.2256946179081349,0.5187583377752258,0.2555470443166392,0.2256946179081349,0.5187583377752258,0.2555470443166392,0.7262180008804899,0.14472941996970104,0.12905257914980905,0.10260974508962148,0.7834971809874836,0.11389307392289494,0.09716874676871154,0.14423769166101258,0.7585935615702759,0.24196434106565962,0.47596986218379644,0.2820657967505439,1.47889,0.48035,1.11997,0.96981,1.03212,0.49866,0.21638,0.41828,1.47889,0.48035,1.01962,0.45927000000000007,0.33168,0.14867000000000002,0.003715401924013869,0.0037187780046359746,42650
