z_x1,z_x2,z_note,x_x1,x_x2,x_note,"p(y=0|x,D)","p(y=1|x,D)","p(y=2|x,D)","p(u=0|z,D)","p(u=1|z,D)","p(u=2|z,D)","p(y=0|x,u=0,z,D)","p(y=1|x,u=0,z,D)","p(y=2|x,u=0,z,D)","p(y=0|x,u=1,z,D)","p(y=1|x,u=1,z,D)","p(y=2|x,u=1,z,D)","p(y=0|x,u=2,z,D)","p(y=1|x,u=2,z,D)","p(y=2|x,u=2,z,D)","p(y=0|x,z,D)","p(y=1|x,z,D)","p(y=2|x,z,D)","H[p(u|z,D)]","Var[p(u|z,D)]","H[p(y|x,u=0,z,D)]","H[p(y|x,u=1,z,D)]","H[p(y|x,u=2,z,D)]","Var[p(y|x,u=0,z,D)]","Var[p(y|x,u=1,z,D)]","Var[p(y|x,u=2,z,D)]","H[p(y|x,D)]","Var[p(y|x,D)]",Va,Ve,Va_variance,Ve_variance,kl_pyx_pyxz,kl_pyxz_pyx,api_calls
-1.9,1.8,x1 = -1.9; x2 = 1.8,-1.9,1.8,x1 = -1.9; x2 = 1.8,0.20070806681713296,0.18938800944157513,0.609903923741292,0.20070806681713296,0.18938800944157513,0.609903923741292,0.6275902917580486,0.11592642282105811,0.25648328542089327,0.14050400988816042,0.6026089260797629,0.25688706403207673,0.0897920874922665,0.08863916110261817,0.8215687514051154,0.2073367554456912,0.19145564535303505,0.6012075992012739,1.35472,0.64317,1.28568,1.34184,0.85506,0.74635,0.38385,0.37586,1.35472,0.64317,1.03368,0.32104,0.45173,0.19144,0.0001809085675228122,0.00018181666539902538,6950
