z_x1,z_x2,z_note,x_x1,x_x2,x_note,"p(y=0|x,D)","p(y=1|x,D)","p(y=2|x,D)","p(u=0|z,D)","p(u=1|z,D)","p(u=2|z,D)","p(y=0|x,u=0,z,D)","p(y=1|x,u=0,z,D)","p(y=2|x,u=0,z,D)","p(y=0|x,u=1,z,D)","p(y=1|x,u=1,z,D)","p(y=2|x,u=1,z,D)","p(y=0|x,u=2,z,D)","p(y=1|x,u=2,z,D)","p(y=2|x,u=2,z,D)","p(y=0|x,z,D)","p(y=1|x,z,D)","p(y=2|x,z,D)","H[p(u|z,D)]","Var[p(u|z,D)]","H[p(y|x,u=0,z,D)]","H[p(y|x,u=1,z,D)]","H[p(y|x,u=2,z,D)]","Var[p(y|x,u=0,z,D)]","Var[p(y|x,u=1,z,D)]","Var[p(y|x,u=2,z,D)]","H[p(y|x,D)]","Var[p(y|x,D)]",Va,Ve,Va_variance,Ve_variance,kl_pyx_pyxz,kl_pyxz_pyx,api_calls
-1.6,-0.4,x1 = -1.6; x2 = -0.4,-1.6,-0.4,x1 = -1.6; x2 = -0.4,0.28915303869248526,0.33590945728985316,0.3749375040176616,0.28915303869248526,0.33590945728985316,0.3749375040176616,0.6325307062403689,0.18599936267240774,0.18146993108722337,0.17520551512615706,0.6169472927958501,0.20784719207799282,0.17944749247142303,0.18728450023096488,0.633268007297612,0.3090329602053865,0.33124069426888364,0.35972634552572996,1.57693,0.65673,1.31614,1.34121,1.31474,0.61054,0.38199,0.60676,1.57693,0.65673,1.32404,0.25288999999999984,0.53235,0.12438000000000005,0.0010035166635884146,0.0010136634828471647,17850
