z_x1,z_x2,z_note,x_x1,x_x2,x_note,"p(y=0|x,D)","p(y=1|x,D)","p(y=2|x,D)","p(u=0|z,D)","p(u=1|z,D)","p(u=2|z,D)","p(y=0|x,u=0,z,D)","p(y=1|x,u=0,z,D)","p(y=2|x,u=0,z,D)","p(y=0|x,u=1,z,D)","p(y=1|x,u=1,z,D)","p(y=2|x,u=1,z,D)","p(y=0|x,u=2,z,D)","p(y=1|x,u=2,z,D)","p(y=2|x,u=2,z,D)","p(y=0|x,z,D)","p(y=1|x,z,D)","p(y=2|x,z,D)","H[p(u|z,D)]","Var[p(u|z,D)]","H[p(y|x,u=0,z,D)]","H[p(y|x,u=1,z,D)]","H[p(y|x,u=2,z,D)]","Var[p(y|x,u=0,z,D)]","Var[p(y|x,u=1,z,D)]","Var[p(y|x,u=2,z,D)]","H[p(y|x,D)]","Var[p(y|x,D)]",Va,Ve,Va_variance,Ve_variance,kl_pyx_pyxz,kl_pyxz_pyx,api_calls
-1.3,3.2,x1 = -1.3; x2 = 3.2,-1.3,3.2,x1 = -1.3; x2 = 3.2,0.3338108443068585,0.2425062410793844,0.42368291461375707,0.3338108443068585,0.2425062410793844,0.42368291461375707,0.7568502367485388,0.0990696032334997,0.14408016001796148,0.16145058149836705,0.6728157784243105,0.16573364007732252,0.08274347411068286,0.08104086891272111,0.8362156569765962,0.3268545864586073,0.23056816480887263,0.44257724873252,1.54897,0.74942,1.03734,1.23917,0.80706,0.52544,0.32717,0.35124,1.54897,0.74942,0.98872,0.5602499999999999,0.40355,0.34586999999999996,0.0007865407675555734,0.0007869506707856959,31650
