z_x1,z_x2,z_note,x_x1,x_x2,x_note,"p(y=0|x,D)","p(y=1|x,D)","p(y=2|x,D)","p(u=0|z,D)","p(u=1|z,D)","p(u=2|z,D)","p(y=0|x,u=0,z,D)","p(y=1|x,u=0,z,D)","p(y=2|x,u=0,z,D)","p(y=0|x,u=1,z,D)","p(y=1|x,u=1,z,D)","p(y=2|x,u=1,z,D)","p(y=0|x,u=2,z,D)","p(y=1|x,u=2,z,D)","p(y=2|x,u=2,z,D)","p(y=0|x,z,D)","p(y=1|x,z,D)","p(y=2|x,z,D)","H[p(u|z,D)]","Var[p(u|z,D)]","H[p(y|x,u=0,z,D)]","H[p(y|x,u=1,z,D)]","H[p(y|x,u=2,z,D)]","Var[p(y|x,u=0,z,D)]","Var[p(y|x,u=1,z,D)]","Var[p(y|x,u=2,z,D)]","H[p(y|x,D)]","Var[p(y|x,D)]",Va,Ve,Va_variance,Ve_variance,kl_pyx_pyxz,kl_pyxz_pyx,api_calls
1.0,-2.4,x1 = 1.0; x2 = -2.4,1.0,-2.4,x1 = 1.0; x2 = -2.4,0.7135855085654487,0.17676631882309418,0.10964817261145716,0.7135855085654487,0.17676631882309418,0.10964817261145716,0.85370806878307,0.09140122820514046,0.054890703011789374,0.2069268520786523,0.7033951485225215,0.08967799939882627,0.20318558307910256,0.10969097333520812,0.6871234435856894,0.6680503322222054,0.20158657777279915,0.13036309000499544,1.13901,0.45849,0.74013,1.13934,1.18888,0.27049,0.28286,0.65611,1.13901,0.45849,0.8599,0.2791100000000001,0.31496,0.14353,0.004853295880354155,0.0049950280212121626,40850
