z_x1,z_x2,z_note,x_x1,x_x2,x_note,"p(y=0|x,D)","p(y=1|x,D)","p(y=2|x,D)","p(u=0|z,D)","p(u=1|z,D)","p(u=2|z,D)","p(y=0|x,u=0,z,D)","p(y=1|x,u=0,z,D)","p(y=2|x,u=0,z,D)","p(y=0|x,u=1,z,D)","p(y=1|x,u=1,z,D)","p(y=2|x,u=1,z,D)","p(y=0|x,u=2,z,D)","p(y=1|x,u=2,z,D)","p(y=2|x,u=2,z,D)","p(y=0|x,z,D)","p(y=1|x,z,D)","p(y=2|x,z,D)","H[p(u|z,D)]","Var[p(u|z,D)]","H[p(y|x,u=0,z,D)]","H[p(y|x,u=1,z,D)]","H[p(y|x,u=2,z,D)]","Var[p(y|x,u=0,z,D)]","Var[p(y|x,u=1,z,D)]","Var[p(y|x,u=2,z,D)]","H[p(y|x,D)]","Var[p(y|x,D)]",Va,Ve,Va_variance,Ve_variance,kl_pyx_pyxz,kl_pyxz_pyx,api_calls
3.7,-1.3,x1 = 3.7; x2 = -1.3,3.7,-1.3,x1 = 3.7; x2 = -1.3,0.7957837089768479,0.11760967054958209,0.08660662047356998,0.7957837089768479,0.11760967054958209,0.08660662047356998,0.9202044058983969,0.04561844683574372,0.03417714726585945,0.2797792441592312,0.6386705846764477,0.0815501711643212,0.28203159050884696,0.09046532658412806,0.627503082907025,0.7896142227955985,0.11925115007970641,0.09113462712469525,0.93109,0.37946,0.48007,1.22216,1.25048,0.16934,0.32203,0.79018,0.93109,0.37946,0.63407,0.29701999999999995,0.24107,0.13839,0.0001497863024219519,0.00015173642479091032,69400
