z_x1,z_x2,z_note,x_x1,x_x2,x_note,"p(y=0|x,D)","p(y=1|x,D)","p(y=2|x,D)","p(u=0|z,D)","p(u=1|z,D)","p(u=2|z,D)","p(y=0|x,u=0,z,D)","p(y=1|x,u=0,z,D)","p(y=2|x,u=0,z,D)","p(y=0|x,u=1,z,D)","p(y=1|x,u=1,z,D)","p(y=2|x,u=1,z,D)","p(y=0|x,u=2,z,D)","p(y=1|x,u=2,z,D)","p(y=2|x,u=2,z,D)","p(y=0|x,z,D)","p(y=1|x,z,D)","p(y=2|x,z,D)","H[p(u|z,D)]","Var[p(u|z,D)]","H[p(y|x,u=0,z,D)]","H[p(y|x,u=1,z,D)]","H[p(y|x,u=2,z,D)]","Var[p(y|x,u=0,z,D)]","Var[p(y|x,u=1,z,D)]","Var[p(y|x,u=2,z,D)]","H[p(y|x,D)]","Var[p(y|x,D)]",Va,Ve,Va_variance,Ve_variance,kl_pyx_pyxz,kl_pyxz_pyx,api_calls
-0.2,-0.8,x1 = -0.2; x2 = -0.8,-0.2,-0.8,x1 = -0.2; x2 = -0.8,0.3971787154785618,0.34880133363510335,0.2540199508863347,0.3971787154785618,0.34880133363510335,0.2540199508863347,0.6511246410823622,0.20783463552968823,0.14104072338794948,0.23931064431199056,0.5921011955277588,0.16858816016025058,0.2284472020653277,0.22917964450320047,0.5423731534314719,0.4001148674993855,0.3472893822595086,0.2525957502411057,1.5613,0.6307,1.27265,1.37439,1.45244,0.53198,0.4029,0.67227,1.5613,0.6307,1.35381,0.20748999999999995,0.52259,0.10811000000000004,1.8093507047494545e-05,1.810779479067843e-05,73650
