z_x1,z_x2,z_note,x_x1,x_x2,x_note,"p(y=0|x,D)","p(y=1|x,D)","p(y=2|x,D)","p(u=0|z,D)","p(u=1|z,D)","p(u=2|z,D)","p(y=0|x,u=0,z,D)","p(y=1|x,u=0,z,D)","p(y=2|x,u=0,z,D)","p(y=0|x,u=1,z,D)","p(y=1|x,u=1,z,D)","p(y=2|x,u=1,z,D)","p(y=0|x,u=2,z,D)","p(y=1|x,u=2,z,D)","p(y=2|x,u=2,z,D)","p(y=0|x,z,D)","p(y=1|x,z,D)","p(y=2|x,z,D)","H[p(u|z,D)]","Var[p(u|z,D)]","H[p(y|x,u=0,z,D)]","H[p(y|x,u=1,z,D)]","H[p(y|x,u=2,z,D)]","Var[p(y|x,u=0,z,D)]","Var[p(y|x,u=1,z,D)]","Var[p(y|x,u=2,z,D)]","H[p(y|x,D)]","Var[p(y|x,D)]",Va,Ve,Va_variance,Ve_variance,kl_pyx_pyxz,kl_pyxz_pyx,api_calls
-2.0,3.9,x1 = -2.0; x2 = 3.9,-2.0,3.9,x1 = -2.0; x2 = 3.9,0.3967949520110222,0.1624952803939313,0.4407097675950465,0.3967949520110222,0.1624952803939313,0.4407097675950465,0.8923846219675895,0.041998467321926344,0.06561691071048423,0.11896292393691912,0.7815591467653651,0.09947792929771596,0.052987513017365706,0.04390212467231668,0.9031103623103174,0.3967767414779382,0.16301254768488538,0.44021071083717633,1.47609,0.83558,0.59653,0.9745,0.55533,0.27446,0.21806,0.23339,1.47609,0.83558,0.63979,0.8362999999999999,0.2472,0.58838,1.1047548176050482e-06,1.1055188585388674e-06,4000
