z_x1,z_x2,z_note,x_x1,x_x2,x_note,"p(y=0|x,D)","p(y=1|x,D)","p(y=2|x,D)","p(u=0|z,D)","p(u=1|z,D)","p(u=2|z,D)","p(y=0|x,u=0,z,D)","p(y=1|x,u=0,z,D)","p(y=2|x,u=0,z,D)","p(y=0|x,u=1,z,D)","p(y=1|x,u=1,z,D)","p(y=2|x,u=1,z,D)","p(y=0|x,u=2,z,D)","p(y=1|x,u=2,z,D)","p(y=2|x,u=2,z,D)","p(y=0|x,z,D)","p(y=1|x,z,D)","p(y=2|x,z,D)","H[p(u|z,D)]","Var[p(u|z,D)]","H[p(y|x,u=0,z,D)]","H[p(y|x,u=1,z,D)]","H[p(y|x,u=2,z,D)]","Var[p(y|x,u=0,z,D)]","Var[p(y|x,u=1,z,D)]","Var[p(y|x,u=2,z,D)]","H[p(y|x,D)]","Var[p(y|x,D)]",Va,Ve,Va_variance,Ve_variance,kl_pyx_pyxz,kl_pyxz_pyx,api_calls
3.0,3.8,x1 = 3.0; x2 = 3.8,3.0,3.8,x1 = 3.0; x2 = 3.8,0.45685844329750686,0.2841764650871293,0.25896509161536374,0.45685844329750686,0.2841764650871293,0.25896509161536374,0.8932035469281029,0.05068721074837905,0.05610924232351803,0.12317415448006844,0.7864128341943136,0.09041301132561785,0.07281628174187063,0.06596958765909235,0.8612141305990371,0.4619276528800002,0.2637207198300525,0.27435162728994716,1.53692,0.67666,0.59677,0.95823,0.71959,0.24859,0.21251,0.31246,1.53692,0.67666,0.73129,0.8056300000000001,0.25488,0.42178000000000004,0.0012412637328123276,0.001230884173766232,43950
