z_x1,z_x2,z_note,x_x1,x_x2,x_note,"p(y=0|x,D)","p(y=1|x,D)","p(y=2|x,D)","p(u=0|z,D)","p(u=1|z,D)","p(u=2|z,D)","p(y=0|x,u=0,z,D)","p(y=1|x,u=0,z,D)","p(y=2|x,u=0,z,D)","p(y=0|x,u=1,z,D)","p(y=1|x,u=1,z,D)","p(y=2|x,u=1,z,D)","p(y=0|x,u=2,z,D)","p(y=1|x,u=2,z,D)","p(y=2|x,u=2,z,D)","p(y=0|x,z,D)","p(y=1|x,z,D)","p(y=2|x,z,D)","H[p(u|z,D)]","Var[p(u|z,D)]","H[p(y|x,u=0,z,D)]","H[p(y|x,u=1,z,D)]","H[p(y|x,u=2,z,D)]","Var[p(y|x,u=0,z,D)]","Var[p(y|x,u=1,z,D)]","Var[p(y|x,u=2,z,D)]","H[p(y|x,D)]","Var[p(y|x,D)]",Va,Ve,Va_variance,Ve_variance,kl_pyx_pyxz,kl_pyxz_pyx,api_calls
2.5,2.0,x1 = 2.5; x2 = 2.0,2.5,2.0,x1 = 2.5; x2 = 2.0,0.3351182737712239,0.41065678488202373,0.25422494134675233,0.3351182737712239,0.41065678488202373,0.25422494134675233,0.8024529282730221,0.09539926166674331,0.10214781006023473,0.13885736975027915,0.7436044251249603,0.11753820512476051,0.07362694460661227,0.08603732666180913,0.8403357287315785,0.3446571667984995,0.35920907265889984,0.2961337605426006,1.55815,0.5828,0.91438,1.07637,0.79247,0.41417,0.25594,0.32612,1.55815,0.5828,0.94991,0.6082399999999999,0.32681,0.25599,0.006769432320487261,0.006779674653512598,23050
