z_x1,z_x2,z_note,x_x1,x_x2,x_note,"p(y=0|x,D)","p(y=1|x,D)","p(y=2|x,D)","p(u=0|z,D)","p(u=1|z,D)","p(u=2|z,D)","p(y=0|x,u=0,z,D)","p(y=1|x,u=0,z,D)","p(y=2|x,u=0,z,D)","p(y=0|x,u=1,z,D)","p(y=1|x,u=1,z,D)","p(y=2|x,u=1,z,D)","p(y=0|x,u=2,z,D)","p(y=1|x,u=2,z,D)","p(y=2|x,u=2,z,D)","p(y=0|x,z,D)","p(y=1|x,z,D)","p(y=2|x,z,D)","H[p(u|z,D)]","Var[p(u|z,D)]","H[p(y|x,u=0,z,D)]","H[p(y|x,u=1,z,D)]","H[p(y|x,u=2,z,D)]","Var[p(y|x,u=0,z,D)]","Var[p(y|x,u=1,z,D)]","Var[p(y|x,u=2,z,D)]","H[p(y|x,D)]","Var[p(y|x,D)]",Va,Ve,Va_variance,Ve_variance,kl_pyx_pyxz,kl_pyxz_pyx,api_calls
0.6,-0.6,x1 = 0.6; x2 = -0.6,0.6,-0.6,x1 = 0.6; x2 = -0.6,0.26345766532091497,0.2914699196180738,0.4450724150610113,0.26345766532091497,0.2914699196180738,0.4450724150610113,0.7197825846481901,0.13620052705744085,0.14401688829436915,0.1237637689586291,0.696164272418913,0.18007195862245792,0.11791646974038816,0.14189213544266358,0.7401913948169482,0.2781870230428907,0.30194629279657725,0.4198666841605321,1.54518,0.67555,1.13581,1.18219,1.08467,0.53229,0.30067,0.47088,1.54518,0.67555,1.12657,0.4186099999999999,0.43745,0.23809999999999998,0.0013227799618758078,0.0013179443385370367,25750
