z_x1,z_x2,z_note,x_x1,x_x2,x_note,"p(y=0|x,D)","p(y=1|x,D)","p(y=2|x,D)","p(u=0|z,D)","p(u=1|z,D)","p(u=2|z,D)","p(y=0|x,u=0,z,D)","p(y=1|x,u=0,z,D)","p(y=2|x,u=0,z,D)","p(y=0|x,u=1,z,D)","p(y=1|x,u=1,z,D)","p(y=2|x,u=1,z,D)","p(y=0|x,u=2,z,D)","p(y=1|x,u=2,z,D)","p(y=2|x,u=2,z,D)","p(y=0|x,z,D)","p(y=1|x,z,D)","p(y=2|x,z,D)","H[p(u|z,D)]","Var[p(u|z,D)]","H[p(y|x,u=0,z,D)]","H[p(y|x,u=1,z,D)]","H[p(y|x,u=2,z,D)]","Var[p(y|x,u=0,z,D)]","Var[p(y|x,u=1,z,D)]","Var[p(y|x,u=2,z,D)]","H[p(y|x,D)]","Var[p(y|x,D)]",Va,Ve,Va_variance,Ve_variance,kl_pyx_pyxz,kl_pyxz_pyx,api_calls
0.6,-0.3,x1 = 0.6; x2 = -0.3,0.6,-0.3,x1 = 0.6; x2 = -0.3,0.22607587340202712,0.2628052627039207,0.5111188638940523,0.22607587340202712,0.2628052627039207,0.5111188638940523,0.695160520510534,0.129142754955694,0.175696724533772,0.11368485431682088,0.679296711259534,0.20701843442364515,0.09560166434212221,0.11858211074042899,0.7858162249174488,0.23589981389814185,0.2683283654964304,0.4957718206054278,1.48653,0.65595,1.18682,1.20597,0.96181,0.60101,0.31199,0.40502,1.48653,0.65595,1.07685,0.4096799999999998,0.42488,0.23107000000000005,0.00049981970028911,0.0005008030205224633,25900
