z_x1,z_x2,z_note,x_x1,x_x2,x_note,"p(y=0|x,D)","p(y=1|x,D)","p(y=2|x,D)","p(u=0|z,D)","p(u=1|z,D)","p(u=2|z,D)","p(y=0|x,u=0,z,D)","p(y=1|x,u=0,z,D)","p(y=2|x,u=0,z,D)","p(y=0|x,u=1,z,D)","p(y=1|x,u=1,z,D)","p(y=2|x,u=1,z,D)","p(y=0|x,u=2,z,D)","p(y=1|x,u=2,z,D)","p(y=2|x,u=2,z,D)","p(y=0|x,z,D)","p(y=1|x,z,D)","p(y=2|x,z,D)","H[p(u|z,D)]","Var[p(u|z,D)]","H[p(y|x,u=0,z,D)]","H[p(y|x,u=1,z,D)]","H[p(y|x,u=2,z,D)]","Var[p(y|x,u=0,z,D)]","Var[p(y|x,u=1,z,D)]","Var[p(y|x,u=2,z,D)]","H[p(y|x,D)]","Var[p(y|x,D)]",Va,Ve,Va_variance,Ve_variance,kl_pyx_pyxz,kl_pyxz_pyx,api_calls
-0.8,0.2,x1 = -0.8; x2 = 0.2,-0.8,0.2,x1 = -0.8; x2 = 0.2,0.1389797578147365,0.2869637821683389,0.5740564600169246,0.1389797578147365,0.2869637821683389,0.5740564600169246,0.581377481546288,0.18837466798908165,0.23024785046463037,0.0952524052910913,0.6547037446177102,0.2500438500911984,0.09355632079804115,0.15778322796793104,0.7486604512340278,0.16184030239673888,0.30463300978814023,0.5335266878151208,1.37219,0.52374,1.3964,1.22321,1.05276,0.68833,0.32134,0.41306,1.37219,0.52374,1.14943,0.22276000000000007,0.425,0.09874,0.0037209617124355637,0.0037835860334490892,50150
