z_x1,z_x2,z_note,x_x1,x_x2,x_note,"p(y=0|x,D)","p(y=1|x,D)","p(y=2|x,D)","p(u=0|z,D)","p(u=1|z,D)","p(u=2|z,D)","p(y=0|x,u=0,z,D)","p(y=1|x,u=0,z,D)","p(y=2|x,u=0,z,D)","p(y=0|x,u=1,z,D)","p(y=1|x,u=1,z,D)","p(y=2|x,u=1,z,D)","p(y=0|x,u=2,z,D)","p(y=1|x,u=2,z,D)","p(y=2|x,u=2,z,D)","p(y=0|x,z,D)","p(y=1|x,z,D)","p(y=2|x,z,D)","H[p(u|z,D)]","Var[p(u|z,D)]","H[p(y|x,u=0,z,D)]","H[p(y|x,u=1,z,D)]","H[p(y|x,u=2,z,D)]","Var[p(y|x,u=0,z,D)]","Var[p(y|x,u=1,z,D)]","Var[p(y|x,u=2,z,D)]","H[p(y|x,D)]","Var[p(y|x,D)]",Va,Ve,Va_variance,Ve_variance,kl_pyx_pyxz,kl_pyxz_pyx,api_calls
2.8,3.8,x1 = 2.8; x2 = 3.8,2.8,3.8,x1 = 2.8; x2 = 3.8,0.44438354444152095,0.33207265365545485,0.2235438019030242,0.44438354444152095,0.33207265365545485,0.2235438019030242,0.89182650870573,0.060559336881485,0.047614154412785124,0.11540861883952643,0.8082773104183125,0.07631407074216102,0.07006415025198154,0.0748809258919948,0.8550549238560234,0.45029947780274443,0.31205753099644046,0.23764299120081522,1.53128,0.61916,0.60144,0.89099,0.74187,0.22675,0.19019,0.30891,1.53128,0.61916,0.72898,0.8023,0.23298,0.3861800000000001,0.001094383483736517,0.0010904547328082041,35950
