z_x1,z_x2,z_note,x_x1,x_x2,x_note,"p(y=0|x,D)","p(y=1|x,D)","p(y=2|x,D)","p(u=0|z,D)","p(u=1|z,D)","p(u=2|z,D)","p(y=0|x,u=0,z,D)","p(y=1|x,u=0,z,D)","p(y=2|x,u=0,z,D)","p(y=0|x,u=1,z,D)","p(y=1|x,u=1,z,D)","p(y=2|x,u=1,z,D)","p(y=0|x,u=2,z,D)","p(y=1|x,u=2,z,D)","p(y=2|x,u=2,z,D)","p(y=0|x,z,D)","p(y=1|x,z,D)","p(y=2|x,z,D)","H[p(u|z,D)]","Var[p(u|z,D)]","H[p(y|x,u=0,z,D)]","H[p(y|x,u=1,z,D)]","H[p(y|x,u=2,z,D)]","Var[p(y|x,u=0,z,D)]","Var[p(y|x,u=1,z,D)]","Var[p(y|x,u=2,z,D)]","H[p(y|x,D)]","Var[p(y|x,D)]",Va,Ve,Va_variance,Ve_variance,kl_pyx_pyxz,kl_pyxz_pyx,api_calls
1.8,1.0,x1 = 1.8; x2 = 1.0,1.8,1.0,x1 = 1.8; x2 = 1.0,0.3399802746271417,0.2287246269968179,0.43129509837604035,0.34189823471526537,0.22682347588030174,0.43127828940443286,0.6042711854230556,0.14661399737875536,0.24911481719818904,0.22228168365796924,0.5118713072236687,0.2658470091183621,0.15245803817015277,0.14505886175731605,0.7024831000725312,0.322769797605249,0.22879223375786073,0.44843796863689034,1.53814,0.76519,1.34475,1.48491,1.17562,0.72725,0.48623,0.55241,1.53924,0.76294,1.3036,0.23563999999999985,0.59718,0.1657599999999999,0.0007828326793781412,0.0007794329428513526,74550
