z_x1,z_x2,z_note,x_x1,x_x2,x_note,"p(y=0|x,D)","p(y=1|x,D)","p(y=2|x,D)","p(u=0|z,D)","p(u=1|z,D)","p(u=2|z,D)","p(y=0|x,u=0,z,D)","p(y=1|x,u=0,z,D)","p(y=2|x,u=0,z,D)","p(y=0|x,u=1,z,D)","p(y=1|x,u=1,z,D)","p(y=2|x,u=1,z,D)","p(y=0|x,u=2,z,D)","p(y=1|x,u=2,z,D)","p(y=2|x,u=2,z,D)","p(y=0|x,z,D)","p(y=1|x,z,D)","p(y=2|x,z,D)","H[p(u|z,D)]","Var[p(u|z,D)]","H[p(y|x,u=0,z,D)]","H[p(y|x,u=1,z,D)]","H[p(y|x,u=2,z,D)]","Var[p(y|x,u=0,z,D)]","Var[p(y|x,u=1,z,D)]","Var[p(y|x,u=2,z,D)]","H[p(y|x,D)]","Var[p(y|x,D)]",Va,Ve,Va_variance,Ve_variance,kl_pyx_pyxz,kl_pyxz_pyx,api_calls
-2.0,2.2,x1 = -2.0; x2 = 2.2,-2.0,2.2,x1 = -2.0; x2 = 2.2,0.3133941234501543,0.2181982696447521,0.46840760690509364,0.3133941234501543,0.2181982696447521,0.46840760690509364,0.7862733204655333,0.07600709331781254,0.13771958621665423,0.2001871111724287,0.6423887441995205,0.1574241446280507,0.11604142634676473,0.0702159667274834,0.8137426069257518,0.34444860613948547,0.1968779817512788,0.45867341210923585,1.51635,0.75777,0.94923,1.2946,0.87162,0.50337,0.35578,0.443,1.51635,0.75777,0.98824,0.5281100000000001,0.44289,0.31488000000000005,0.0026613910592297955,0.0026693135434355947,3150
