z_x1,z_x2,z_note,x_x1,x_x2,x_note,"p(y=0|x,D)","p(y=1|x,D)","p(y=2|x,D)","p(u=0|z,D)","p(u=1|z,D)","p(u=2|z,D)","p(y=0|x,u=0,z,D)","p(y=1|x,u=0,z,D)","p(y=2|x,u=0,z,D)","p(y=0|x,u=1,z,D)","p(y=1|x,u=1,z,D)","p(y=2|x,u=1,z,D)","p(y=0|x,u=2,z,D)","p(y=1|x,u=2,z,D)","p(y=2|x,u=2,z,D)","p(y=0|x,z,D)","p(y=1|x,z,D)","p(y=2|x,z,D)","H[p(u|z,D)]","Var[p(u|z,D)]","H[p(y|x,u=0,z,D)]","H[p(y|x,u=1,z,D)]","H[p(y|x,u=2,z,D)]","Var[p(y|x,u=0,z,D)]","Var[p(y|x,u=1,z,D)]","Var[p(y|x,u=2,z,D)]","H[p(y|x,D)]","Var[p(y|x,D)]",Va,Ve,Va_variance,Ve_variance,kl_pyx_pyxz,kl_pyxz_pyx,api_calls
1.1,-2.0,x1 = 1.1; x2 = -2.0,1.1,-2.0,x1 = 1.1; x2 = -2.0,0.6669908290031505,0.19792842333760513,0.1350807476592443,0.6669908290031505,0.19792842333760513,0.1350807476592443,0.7990915875786322,0.12509827882463292,0.07581013359673497,0.24288390423603196,0.6516561618217851,0.10545993394218298,0.22500667989930867,0.1540663506017816,0.6209269694989097,0.6114544592171581,0.2332320791961503,0.15531346158669163,1.24237,0.51914,0.91584,1.24073,1.32682,0.35177,0.32946,0.68918,1.24237,0.51914,1.03566,0.20670999999999995,0.39293,0.12621000000000004,0.006646108642142361,0.0068002625798197144,45050
