z_x1,z_x2,z_note,x_x1,x_x2,x_note,"p(y=0|x,D)","p(y=1|x,D)","p(y=2|x,D)","p(u=0|z,D)","p(u=1|z,D)","p(u=2|z,D)","p(y=0|x,u=0,z,D)","p(y=1|x,u=0,z,D)","p(y=2|x,u=0,z,D)","p(y=0|x,u=1,z,D)","p(y=1|x,u=1,z,D)","p(y=2|x,u=1,z,D)","p(y=0|x,u=2,z,D)","p(y=1|x,u=2,z,D)","p(y=2|x,u=2,z,D)","p(y=0|x,z,D)","p(y=1|x,z,D)","p(y=2|x,z,D)","H[p(u|z,D)]","Var[p(u|z,D)]","H[p(y|x,u=0,z,D)]","H[p(y|x,u=1,z,D)]","H[p(y|x,u=2,z,D)]","Var[p(y|x,u=0,z,D)]","Var[p(y|x,u=1,z,D)]","Var[p(y|x,u=2,z,D)]","H[p(y|x,D)]","Var[p(y|x,D)]",Va,Ve,Va_variance,Ve_variance,kl_pyx_pyxz,kl_pyxz_pyx,api_calls
-1.2,-2.3,x1 = -1.2; x2 = -2.3,-1.2,-2.3,x1 = -1.2; x2 = -2.3,0.24710616411372804,0.34348686038793086,0.4094069754983412,0.24710616411372804,0.34348686038793086,0.4094069754983412,0.5841136692851769,0.21242440149881342,0.20346192921600958,0.19040282127824787,0.6199825927450069,0.18961458597674533,0.15956639250641777,0.2187462365647606,0.6216873709288216,0.27506654966055816,0.3550034884093011,0.3699299619301408,1.55538,0.63017,1.39524,1.33807,1.32845,0.64268,0.38002,0.5677,1.55538,0.63017,1.34826,0.20711999999999997,0.52176,0.10841,0.003695919000544584,0.0036839107395171683,32900
