z_x1,z_x2,z_note,x_x1,x_x2,x_note,"p(y=0|x,D)","p(y=1|x,D)","p(y=2|x,D)","p(u=0|z,D)","p(u=1|z,D)","p(u=2|z,D)","p(y=0|x,u=0,z,D)","p(y=1|x,u=0,z,D)","p(y=2|x,u=0,z,D)","p(y=0|x,u=1,z,D)","p(y=1|x,u=1,z,D)","p(y=2|x,u=1,z,D)","p(y=0|x,u=2,z,D)","p(y=1|x,u=2,z,D)","p(y=2|x,u=2,z,D)","p(y=0|x,z,D)","p(y=1|x,z,D)","p(y=2|x,z,D)","H[p(u|z,D)]","Var[p(u|z,D)]","H[p(y|x,u=0,z,D)]","H[p(y|x,u=1,z,D)]","H[p(y|x,u=2,z,D)]","Var[p(y|x,u=0,z,D)]","Var[p(y|x,u=1,z,D)]","Var[p(y|x,u=2,z,D)]","H[p(y|x,D)]","Var[p(y|x,D)]",Va,Ve,Va_variance,Ve_variance,kl_pyx_pyxz,kl_pyxz_pyx,api_calls
2.6,-3.5,x1 = 2.6; x2 = -3.5,2.6,-3.5,x1 = 2.6; x2 = -3.5,0.4559441133003344,0.11600534915850821,0.32805053754115737,0.4559441133003344,0.11600534915850821,0.32805053754115737,0.9059160846903611,0.04809258513776299,0.04599133017187588,0.1549420204738494,0.7495410297308323,0.09551694979531829,0.09425256652338687,0.06268690530923768,0.8430605281673753,0.46194081425568173,0.12944277293299822,0.30861641281131996,1.40464,0.83206,0.54401,1.0522,0.77927,0.21244,0.24693,0.3766,1.40464,0.83206,0.62574,0.7789000000000001,0.24905,0.58301,0.0013614781413686453,0.001376467990338335,24300
