z_x1,z_x2,z_note,x_x1,x_x2,x_note,"p(y=0|x,D)","p(y=1|x,D)","p(y=2|x,D)","p(u=0|z,D)","p(u=1|z,D)","p(u=2|z,D)","p(y=0|x,u=0,z,D)","p(y=1|x,u=0,z,D)","p(y=2|x,u=0,z,D)","p(y=0|x,u=1,z,D)","p(y=1|x,u=1,z,D)","p(y=2|x,u=1,z,D)","p(y=0|x,u=2,z,D)","p(y=1|x,u=2,z,D)","p(y=2|x,u=2,z,D)","p(y=0|x,z,D)","p(y=1|x,z,D)","p(y=2|x,z,D)","H[p(u|z,D)]","Var[p(u|z,D)]","H[p(y|x,u=0,z,D)]","H[p(y|x,u=1,z,D)]","H[p(y|x,u=2,z,D)]","Var[p(y|x,u=0,z,D)]","Var[p(y|x,u=1,z,D)]","Var[p(y|x,u=2,z,D)]","H[p(y|x,D)]","Var[p(y|x,D)]",Va,Ve,Va_variance,Ve_variance,kl_pyx_pyxz,kl_pyxz_pyx,api_calls
-3.6,2.5,x1 = -3.6; x2 = 2.5,-3.6,2.5,x1 = -3.6; x2 = 2.5,0.2947558603220711,0.2222943036458259,0.382949836032103,0.2947558603220711,0.2222943036458259,0.382949836032103,0.8780596069926323,0.05045669561603312,0.07148369739133445,0.10238544469417736,0.8016785054403351,0.09593604986548754,0.04619350339491415,0.047197791417037234,0.9066087051880485,0.2992627105557641,0.21115535832423027,0.3895819311200055,1.53204,0.77757,0.65422,0.91673,0.54107,0.29898,0.19828,0.21249,1.53204,0.77757,0.60382,0.92822,0.21358,0.56399,0.00037965082138605166,0.000375243559938304,19300
