z_x1,z_x2,z_note,x_x1,x_x2,x_note,"p(y=0|x,D)","p(y=1|x,D)","p(y=2|x,D)","p(u=0|z,D)","p(u=1|z,D)","p(u=2|z,D)","p(y=0|x,u=0,z,D)","p(y=1|x,u=0,z,D)","p(y=2|x,u=0,z,D)","p(y=0|x,u=1,z,D)","p(y=1|x,u=1,z,D)","p(y=2|x,u=1,z,D)","p(y=0|x,u=2,z,D)","p(y=1|x,u=2,z,D)","p(y=2|x,u=2,z,D)","p(y=0|x,z,D)","p(y=1|x,z,D)","p(y=2|x,z,D)","H[p(u|z,D)]","Var[p(u|z,D)]","H[p(y|x,u=0,z,D)]","H[p(y|x,u=1,z,D)]","H[p(y|x,u=2,z,D)]","Var[p(y|x,u=0,z,D)]","Var[p(y|x,u=1,z,D)]","Var[p(y|x,u=2,z,D)]","H[p(y|x,D)]","Var[p(y|x,D)]",Va,Ve,Va_variance,Ve_variance,kl_pyx_pyxz,kl_pyxz_pyx,api_calls
3.8,1.7,x1 = 3.8; x2 = 1.7,3.8,1.7,x1 = 3.8; x2 = 1.7,0.35906391681897254,0.3706154272643131,0.2703206559167143,0.35906391681897254,0.3706154272643131,0.2703206559167143,0.8906954281572773,0.06331814165220015,0.0459864301905225,0.10304926191131539,0.8354210590416526,0.06152967904703173,0.08458404020976759,0.07863407025752367,0.8367818895327088,0.3808730485890281,0.3536116061390794,0.26551534527189236,1.57147,0.62151,0.60513,0.80209,0.80501,0.22315,0.16286,0.35556,1.57147,0.62151,0.73216,0.8393099999999999,0.2366,0.38491,0.0010823243993897938,0.001088453341004391,74900
