z_x1,z_x2,z_note,x_x1,x_x2,x_note,"p(y=0|x,D)","p(y=1|x,D)","p(y=2|x,D)","p(u=0|z,D)","p(u=1|z,D)","p(u=2|z,D)","p(y=0|x,u=0,z,D)","p(y=1|x,u=0,z,D)","p(y=2|x,u=0,z,D)","p(y=0|x,u=1,z,D)","p(y=1|x,u=1,z,D)","p(y=2|x,u=1,z,D)","p(y=0|x,u=2,z,D)","p(y=1|x,u=2,z,D)","p(y=2|x,u=2,z,D)","p(y=0|x,z,D)","p(y=1|x,z,D)","p(y=2|x,z,D)","H[p(u|z,D)]","Var[p(u|z,D)]","H[p(y|x,u=0,z,D)]","H[p(y|x,u=1,z,D)]","H[p(y|x,u=2,z,D)]","Var[p(y|x,u=0,z,D)]","Var[p(y|x,u=1,z,D)]","Var[p(y|x,u=2,z,D)]","H[p(y|x,D)]","Var[p(y|x,D)]",Va,Ve,Va_variance,Ve_variance,kl_pyx_pyxz,kl_pyxz_pyx,api_calls
3.4,2.0,x1 = 3.4; x2 = 2.0,3.4,2.0,x1 = 3.4; x2 = 2.0,0.39075156834183083,0.35028747137959404,0.2589609602785751,0.3952070100893742,0.3446449925009408,0.260147997409685,0.8974491238353466,0.057495939099587265,0.045054937065066206,0.11254564122295833,0.8175501719395198,0.06990418683752178,0.06651838053080457,0.06596725417208195,0.8675143652971133,0.4107711000996201,0.3216486201285501,0.26758027977182974,1.56433,0.63711,0.57849,0.8606,0.6967,0.21593,0.18063,0.29244,1.56462,0.63234,0.70647,0.8581499999999999,0.22367,0.40867,0.0018750311653282815,0.0018501792869988019,59050
