z_x1,z_x2,z_note,x_x1,x_x2,x_note,"p(y=0|x,D)","p(y=1|x,D)","p(y=2|x,D)","p(u=0|z,D)","p(u=1|z,D)","p(u=2|z,D)","p(y=0|x,u=0,z,D)","p(y=1|x,u=0,z,D)","p(y=2|x,u=0,z,D)","p(y=0|x,u=1,z,D)","p(y=1|x,u=1,z,D)","p(y=2|x,u=1,z,D)","p(y=0|x,u=2,z,D)","p(y=1|x,u=2,z,D)","p(y=2|x,u=2,z,D)","p(y=0|x,z,D)","p(y=1|x,z,D)","p(y=2|x,z,D)","H[p(u|z,D)]","Var[p(u|z,D)]","H[p(y|x,u=0,z,D)]","H[p(y|x,u=1,z,D)]","H[p(y|x,u=2,z,D)]","Var[p(y|x,u=0,z,D)]","Var[p(y|x,u=1,z,D)]","Var[p(y|x,u=2,z,D)]","H[p(y|x,D)]","Var[p(y|x,D)]",Va,Ve,Va_variance,Ve_variance,kl_pyx_pyxz,kl_pyxz_pyx,api_calls
-0.5,0.6,x1 = -0.5; x2 = 0.6,-0.5,0.6,x1 = -0.5; x2 = 0.6,0.12766949590036497,0.24045909773064741,0.6318714063689876,0.12766949590036497,0.24045909773064741,0.6318714063689876,0.6666138991161973,0.13954903493616258,0.19383706594764014,0.07878882198423291,0.7139037434980383,0.20730743451772868,0.06005550816766971,0.10412277182743748,0.8358217200048929,0.1419991079120406,0.25527300724139224,0.6027278848465673,1.29202,0.50532,1.24533,1.10655,0.79975,0.63693,0.26958,0.29406,1.29202,0.50532,0.93041,0.36161,0.33195,0.17336999999999997,0.001880549767184811,0.0019055637540133612,62350
