z_x1,z_x2,z_note,x_x1,x_x2,x_note,"p(y=0|x,D)","p(y=1|x,D)","p(y=2|x,D)","p(u=0|z,D)","p(u=1|z,D)","p(u=2|z,D)","p(y=0|x,u=0,z,D)","p(y=1|x,u=0,z,D)","p(y=2|x,u=0,z,D)","p(y=0|x,u=1,z,D)","p(y=1|x,u=1,z,D)","p(y=2|x,u=1,z,D)","p(y=0|x,u=2,z,D)","p(y=1|x,u=2,z,D)","p(y=2|x,u=2,z,D)","p(y=0|x,z,D)","p(y=1|x,z,D)","p(y=2|x,z,D)","H[p(u|z,D)]","Var[p(u|z,D)]","H[p(y|x,u=0,z,D)]","H[p(y|x,u=1,z,D)]","H[p(y|x,u=2,z,D)]","Var[p(y|x,u=0,z,D)]","Var[p(y|x,u=1,z,D)]","Var[p(y|x,u=2,z,D)]","H[p(y|x,D)]","Var[p(y|x,D)]",Va,Ve,Va_variance,Ve_variance,kl_pyx_pyxz,kl_pyxz_pyx,api_calls
0.0,0.3,x1 = 0.0; x2 = 0.3,0.0,0.3,x1 = 0.0; x2 = 0.3,0.18214596804910693,0.2684296238160385,0.5494244081348546,0.18214596804910693,0.2684296238160385,0.5494244081348546,0.8078538282844894,0.09114244411028102,0.1010037276052296,0.08024593424072873,0.7918960317301762,0.12785803402909504,0.06588031820411223,0.07893291580296151,0.8551867659929263,0.20488395837309095,0.2725372531589741,0.522578788467935,1.43152,0.59668,0.89772,0.93802,0.74067,0.40922,0.20584,0.29806,1.43152,0.59668,0.82225,0.6092699999999999,0.29355,0.30313,0.0020203280799810514,0.0020616876261503048,2200
