z_x1,z_x2,z_note,x_x1,x_x2,x_note,"p(y=0|x,D)","p(y=1|x,D)","p(y=2|x,D)","p(u=0|z,D)","p(u=1|z,D)","p(u=2|z,D)","p(y=0|x,u=0,z,D)","p(y=1|x,u=0,z,D)","p(y=2|x,u=0,z,D)","p(y=0|x,u=1,z,D)","p(y=1|x,u=1,z,D)","p(y=2|x,u=1,z,D)","p(y=0|x,u=2,z,D)","p(y=1|x,u=2,z,D)","p(y=2|x,u=2,z,D)","p(y=0|x,z,D)","p(y=1|x,z,D)","p(y=2|x,z,D)","H[p(u|z,D)]","Var[p(u|z,D)]","H[p(y|x,u=0,z,D)]","H[p(y|x,u=1,z,D)]","H[p(y|x,u=2,z,D)]","Var[p(y|x,u=0,z,D)]","Var[p(y|x,u=1,z,D)]","Var[p(y|x,u=2,z,D)]","H[p(y|x,D)]","Var[p(y|x,D)]",Va,Ve,Va_variance,Ve_variance,kl_pyx_pyxz,kl_pyxz_pyx,api_calls
0.6,2.8,x1 = 0.6; x2 = 2.8,0.6,2.8,x1 = 0.6; x2 = 2.8,0.34028147363310207,0.3016310751249316,0.3580874512419664,0.34028147363310207,0.3016310751249316,0.3580874512419664,0.6914528576253899,0.11135934356325239,0.19718779881135776,0.16328682686366625,0.6303280921711668,0.206385080965167,0.10953657532010999,0.09628644324366625,0.7941769814362238,0.32376465155536527,0.2624990287038331,0.41373631974080166,1.58132,0.69805,1.18259,1.31646,0.93863,0.64434,0.36781,0.43498,1.58132,0.69805,1.13561,0.44571000000000005,0.48596,0.21208999999999995,0.0071186565427100446,0.007179411456830667,27450
