z_x1,z_x2,z_note,x_x1,x_x2,x_note,"p(y=0|x,D)","p(y=1|x,D)","p(y=2|x,D)","p(u=0|z,D)","p(u=1|z,D)","p(u=2|z,D)","p(y=0|x,u=0,z,D)","p(y=1|x,u=0,z,D)","p(y=2|x,u=0,z,D)","p(y=0|x,u=1,z,D)","p(y=1|x,u=1,z,D)","p(y=2|x,u=1,z,D)","p(y=0|x,u=2,z,D)","p(y=1|x,u=2,z,D)","p(y=2|x,u=2,z,D)","p(y=0|x,z,D)","p(y=1|x,z,D)","p(y=2|x,z,D)","H[p(u|z,D)]","Var[p(u|z,D)]","H[p(y|x,u=0,z,D)]","H[p(y|x,u=1,z,D)]","H[p(y|x,u=2,z,D)]","Var[p(y|x,u=0,z,D)]","Var[p(y|x,u=1,z,D)]","Var[p(y|x,u=2,z,D)]","H[p(y|x,D)]","Var[p(y|x,D)]",Va,Ve,Va_variance,Ve_variance,kl_pyx_pyxz,kl_pyxz_pyx,api_calls
-1.0,-1.0,x1 = -1.0; x2 = -1.0,-1.0,-1.0,x1 = -1.0; x2 = -1.0,0.18906747915186234,0.31575914600601174,0.4951733748421259,0.18906747915186234,0.31575914600601174,0.4951733748421259,0.6254344135621157,0.14552072228315366,0.22904486415473063,0.11285680091037642,0.6426285782964869,0.24451462079313685,0.0971500594662624,0.13753999367539577,0.7653099468583419,0.20199099783546587,0.2985352300524006,0.4994737721121335,1.48158,0.59054,1.31513,1.26203,1.01575,0.69735,0.34004,0.41602,1.48158,0.59054,1.15012,0.33145999999999987,0.44522,0.14531999999999995,0.0009286801737327863,0.0009291180357334098,41550
