z_x1,z_x2,z_note,x_x1,x_x2,x_note,"p(y=0|x,D)","p(y=1|x,D)","p(y=2|x,D)","p(u=0|z,D)","p(u=1|z,D)","p(u=2|z,D)","p(y=0|x,u=0,z,D)","p(y=1|x,u=0,z,D)","p(y=2|x,u=0,z,D)","p(y=0|x,u=1,z,D)","p(y=1|x,u=1,z,D)","p(y=2|x,u=1,z,D)","p(y=0|x,u=2,z,D)","p(y=1|x,u=2,z,D)","p(y=2|x,u=2,z,D)","p(y=0|x,z,D)","p(y=1|x,z,D)","p(y=2|x,z,D)","H[p(u|z,D)]","Var[p(u|z,D)]","H[p(y|x,u=0,z,D)]","H[p(y|x,u=1,z,D)]","H[p(y|x,u=2,z,D)]","Var[p(y|x,u=0,z,D)]","Var[p(y|x,u=1,z,D)]","Var[p(y|x,u=2,z,D)]","H[p(y|x,D)]","Var[p(y|x,D)]",Va,Ve,Va_variance,Ve_variance,kl_pyx_pyxz,kl_pyxz_pyx,api_calls
0.4,-0.4,x1 = 0.4; x2 = -0.4,0.4,-0.4,x1 = 0.4; x2 = -0.4,0.18769950407160824,0.2448068084642922,0.5674936874640996,0.18769950407160824,0.2448068084642922,0.5674936874640996,0.6455655295049137,0.14423891595280205,0.2101955545422843,0.09804292468060001,0.6550407084333995,0.24691636688600055,0.09276775703872797,0.12784661956021795,0.7793856234010541,0.19781902173704158,0.25998414780198476,0.5421968304609737,1.41387,0.61095,1.2835,1.22654,0.97786,0.66621,0.3228,0.40071,1.41387,0.61095,1.09611,0.31776000000000004,0.43147,0.17947999999999997,0.0012964151140465105,0.0013014504291320797,17850
