z_x1,z_x2,z_note,x_x1,x_x2,x_note,"p(y=0|x,D)","p(y=1|x,D)","p(y=2|x,D)","p(u=0|z,D)","p(u=1|z,D)","p(u=2|z,D)","p(y=0|x,u=0,z,D)","p(y=1|x,u=0,z,D)","p(y=2|x,u=0,z,D)","p(y=0|x,u=1,z,D)","p(y=1|x,u=1,z,D)","p(y=2|x,u=1,z,D)","p(y=0|x,u=2,z,D)","p(y=1|x,u=2,z,D)","p(y=2|x,u=2,z,D)","p(y=0|x,z,D)","p(y=1|x,z,D)","p(y=2|x,z,D)","H[p(u|z,D)]","Var[p(u|z,D)]","H[p(y|x,u=0,z,D)]","H[p(y|x,u=1,z,D)]","H[p(y|x,u=2,z,D)]","Var[p(y|x,u=0,z,D)]","Var[p(y|x,u=1,z,D)]","Var[p(y|x,u=2,z,D)]","H[p(y|x,D)]","Var[p(y|x,D)]",Va,Ve,Va_variance,Ve_variance,kl_pyx_pyxz,kl_pyxz_pyx,api_calls
2.3,2.2,x1 = 2.3; x2 = 2.2,2.3,2.2,x1 = 2.3; x2 = 2.2,0.28100039456242676,0.4865121869950054,0.23248741844256776,0.28100039456242676,0.4865121869950054,0.23248741844256776,0.6776647984850088,0.20888485353995198,0.11345034797503928,0.16260629811868102,0.7095081378446533,0.12788556403666557,0.11628844198687245,0.1908430502736213,0.6928685077395063,0.2965696211444725,0.44824969018221666,0.25518068867331073,1.50965,0.51113,1.20855,1.15685,1.18378,0.47278,0.28929,0.47671,1.50965,0.51113,1.17764,0.3320099999999999,0.38442,0.12671,0.0030448566615806673,0.003042423138341698,15150
