z_x1,z_x2,z_note,x_x1,x_x2,x_note,"p(y=0|x,D)","p(y=1|x,D)","p(y=2|x,D)","p(u=0|z,D)","p(u=1|z,D)","p(u=2|z,D)","p(y=0|x,u=0,z,D)","p(y=1|x,u=0,z,D)","p(y=2|x,u=0,z,D)","p(y=0|x,u=1,z,D)","p(y=1|x,u=1,z,D)","p(y=2|x,u=1,z,D)","p(y=0|x,u=2,z,D)","p(y=1|x,u=2,z,D)","p(y=2|x,u=2,z,D)","p(y=0|x,z,D)","p(y=1|x,z,D)","p(y=2|x,z,D)","H[p(u|z,D)]","Var[p(u|z,D)]","H[p(y|x,u=0,z,D)]","H[p(y|x,u=1,z,D)]","H[p(y|x,u=2,z,D)]","Var[p(y|x,u=0,z,D)]","Var[p(y|x,u=1,z,D)]","Var[p(y|x,u=2,z,D)]","H[p(y|x,D)]","Var[p(y|x,D)]",Va,Ve,Va_variance,Ve_variance,kl_pyx_pyxz,kl_pyxz_pyx,api_calls
0.1,-1.5,x1 = 0.1; x2 = -1.5,0.1,-1.5,x1 = 0.1; x2 = -1.5,0.28755918665041114,0.35795608433527004,0.3544847290143188,0.28755918665041114,0.35795608433527004,0.3544847290143188,0.6814591698273957,0.17534319547838845,0.14319763469421581,0.12871014113902207,0.7127082126087936,0.1585816462521843,0.12062212561015646,0.17103454727874587,0.7083433271110977,0.2847911242574421,0.3661689228796753,0.3490399528628827,1.57798,0.63756,1.21898,1.15024,1.15619,0.53493,0.2864,0.48355,1.57798,0.63756,1.17212,0.4058599999999999,0.42775,0.20981,0.00014845680608531562,0.00014890057980494493,5300
