z_x1,z_x2,z_note,x_x1,x_x2,x_note,"p(y=0|x,D)","p(y=1|x,D)","p(y=2|x,D)","p(u=0|z,D)","p(u=1|z,D)","p(u=2|z,D)","p(y=0|x,u=0,z,D)","p(y=1|x,u=0,z,D)","p(y=2|x,u=0,z,D)","p(y=0|x,u=1,z,D)","p(y=1|x,u=1,z,D)","p(y=2|x,u=1,z,D)","p(y=0|x,u=2,z,D)","p(y=1|x,u=2,z,D)","p(y=2|x,u=2,z,D)","p(y=0|x,z,D)","p(y=1|x,z,D)","p(y=2|x,z,D)","H[p(u|z,D)]","Var[p(u|z,D)]","H[p(y|x,u=0,z,D)]","H[p(y|x,u=1,z,D)]","H[p(y|x,u=2,z,D)]","Var[p(y|x,u=0,z,D)]","Var[p(y|x,u=1,z,D)]","Var[p(y|x,u=2,z,D)]","H[p(y|x,D)]","Var[p(y|x,D)]",Va,Ve,Va_variance,Ve_variance,kl_pyx_pyxz,kl_pyxz_pyx,api_calls
-3.0,0.3,x1 = -3.0; x2 = 0.3,-3.0,0.3,x1 = -3.0; x2 = 0.3,0.23632977707747452,0.14781132455175516,0.6158588983707702,0.23632977707747452,0.14781132455175516,0.6158588983707702,0.8595652270874842,0.05341260401274456,0.08702216889977107,0.1273469646236199,0.7381495530395211,0.1345034823368588,0.06539113741358156,0.053107644472654404,0.8815012181137639,0.26223589587053664,0.1544366673715125,0.5833274367579506,1.33021,0.70815,0.71995,1.09124,0.64261,0.34976,0.2618,0.28086,1.33021,0.70815,0.7272,0.6030099999999999,0.29433,0.41381999999999997,0.002358878697549048,0.002391740364919036,42200
