z_x1,z_x2,z_note,x_x1,x_x2,x_note,"p(y=0|x,D)","p(y=1|x,D)","p(y=2|x,D)","p(u=0|z,D)","p(u=1|z,D)","p(u=2|z,D)","p(y=0|x,u=0,z,D)","p(y=1|x,u=0,z,D)","p(y=2|x,u=0,z,D)","p(y=0|x,u=1,z,D)","p(y=1|x,u=1,z,D)","p(y=2|x,u=1,z,D)","p(y=0|x,u=2,z,D)","p(y=1|x,u=2,z,D)","p(y=2|x,u=2,z,D)","p(y=0|x,z,D)","p(y=1|x,z,D)","p(y=2|x,z,D)","H[p(u|z,D)]","Var[p(u|z,D)]","H[p(y|x,u=0,z,D)]","H[p(y|x,u=1,z,D)]","H[p(y|x,u=2,z,D)]","Var[p(y|x,u=0,z,D)]","Var[p(y|x,u=1,z,D)]","Var[p(y|x,u=2,z,D)]","H[p(y|x,D)]","Var[p(y|x,D)]",Va,Ve,Va_variance,Ve_variance,kl_pyx_pyxz,kl_pyxz_pyx,api_calls
1.7,3.0,x1 = 1.7; x2 = 3.0,1.7,3.0,x1 = 1.7; x2 = 3.0,0.3137596646536378,0.37040615005470634,0.3158341852916558,0.31155209531345485,0.3718863705233538,0.3165615341631914,0.7554691609390722,0.13916139302458255,0.10536944603634521,0.17123621770990813,0.680478212251361,0.148285570038731,0.08726300056159456,0.11996554298697808,0.7927714564514272,0.32667252487501197,0.33439307249260497,0.33893440263238306,1.58019,0.62809,1.04365,1.22219,0.93964,0.43821,0.319,0.38229,1.58057,0.62959,1.07712,0.50345,0.37618,0.25340999999999997,0.0029375187285106998,0.0028974191415983286,71550
