z_x1,z_x2,z_note,x_x1,x_x2,x_note,"p(y=0|x,D)","p(y=1|x,D)","p(y=2|x,D)","p(u=0|z,D)","p(u=1|z,D)","p(u=2|z,D)","p(y=0|x,u=0,z,D)","p(y=1|x,u=0,z,D)","p(y=2|x,u=0,z,D)","p(y=0|x,u=1,z,D)","p(y=1|x,u=1,z,D)","p(y=2|x,u=1,z,D)","p(y=0|x,u=2,z,D)","p(y=1|x,u=2,z,D)","p(y=2|x,u=2,z,D)","p(y=0|x,z,D)","p(y=1|x,z,D)","p(y=2|x,z,D)","H[p(u|z,D)]","Var[p(u|z,D)]","H[p(y|x,u=0,z,D)]","H[p(y|x,u=1,z,D)]","H[p(y|x,u=2,z,D)]","Var[p(y|x,u=0,z,D)]","Var[p(y|x,u=1,z,D)]","Var[p(y|x,u=2,z,D)]","H[p(y|x,D)]","Var[p(y|x,D)]",Va,Ve,Va_variance,Ve_variance,kl_pyx_pyxz,kl_pyxz_pyx,api_calls
2.0,1.8,x1 = 2.0; x2 = 1.8,2.0,1.8,x1 = 2.0; x2 = 1.8,0.24057340333292276,0.4281370471738376,0.3312895494932396,0.24057340333292276,0.4281370471738376,0.3312895494932396,0.7375742589713398,0.12248752633541193,0.13993821469324821,0.11910125377268481,0.7350746875956071,0.14582405863170814,0.08502710156871221,0.10463311745073818,0.8103397809805497,0.2566009989698475,0.37884380561808373,0.36455519541206877,1.54649,0.56363,1.09197,1.09707,0.88896,0.52034,0.26421,0.36929,1.54649,0.56363,1.0269,0.51959,0.36064,0.20298999999999995,0.005153653008663231,0.005092627641169904,2950
