z_x1,z_x2,z_note,x_x1,x_x2,x_note,"p(y=0|x,D)","p(y=1|x,D)","p(y=2|x,D)","p(u=0|z,D)","p(u=1|z,D)","p(u=2|z,D)","p(y=0|x,u=0,z,D)","p(y=1|x,u=0,z,D)","p(y=2|x,u=0,z,D)","p(y=0|x,u=1,z,D)","p(y=1|x,u=1,z,D)","p(y=2|x,u=1,z,D)","p(y=0|x,u=2,z,D)","p(y=1|x,u=2,z,D)","p(y=2|x,u=2,z,D)","p(y=0|x,z,D)","p(y=1|x,z,D)","p(y=2|x,z,D)","H[p(u|z,D)]","Var[p(u|z,D)]","H[p(y|x,u=0,z,D)]","H[p(y|x,u=1,z,D)]","H[p(y|x,u=2,z,D)]","Var[p(y|x,u=0,z,D)]","Var[p(y|x,u=1,z,D)]","Var[p(y|x,u=2,z,D)]","H[p(y|x,D)]","Var[p(y|x,D)]",Va,Ve,Va_variance,Ve_variance,kl_pyx_pyxz,kl_pyxz_pyx,api_calls
-3.1,-3.5,x1 = -3.1; x2 = -3.5,-3.1,-3.5,x1 = -3.1; x2 = -3.5,0.17345996255422302,0.11193732804732762,0.6146027093984493,0.17345996255422302,0.11193732804732762,0.6146027093984493,0.7794695868129505,0.06215985101439425,0.1583705621726552,0.11979758104893223,0.6765948358208063,0.2036075831302615,0.06001784450146939,0.05693447633317762,0.8830476791653528,0.18550371631273865,0.12151054693428712,0.5929857367529741,1.22365,0.77168,0.95035,1.2156,0.63743,0.55208,0.31638,0.26569,1.22365,0.77168,0.69268,0.5309699999999999,0.29447,0.47721,0.001176456593113568,0.0011916256257617115,36300
