z_x1,z_x2,z_note,x_x1,x_x2,x_note,"p(y=0|x,D)","p(y=1|x,D)","p(y=2|x,D)","p(u=0|z,D)","p(u=1|z,D)","p(u=2|z,D)","p(y=0|x,u=0,z,D)","p(y=1|x,u=0,z,D)","p(y=2|x,u=0,z,D)","p(y=0|x,u=1,z,D)","p(y=1|x,u=1,z,D)","p(y=2|x,u=1,z,D)","p(y=0|x,u=2,z,D)","p(y=1|x,u=2,z,D)","p(y=2|x,u=2,z,D)","p(y=0|x,z,D)","p(y=1|x,z,D)","p(y=2|x,z,D)","H[p(u|z,D)]","Var[p(u|z,D)]","H[p(y|x,u=0,z,D)]","H[p(y|x,u=1,z,D)]","H[p(y|x,u=2,z,D)]","Var[p(y|x,u=0,z,D)]","Var[p(y|x,u=1,z,D)]","Var[p(y|x,u=2,z,D)]","H[p(y|x,D)]","Var[p(y|x,D)]",Va,Ve,Va_variance,Ve_variance,kl_pyx_pyxz,kl_pyxz_pyx,api_calls
-2.5,-1.4,x1 = -2.5; x2 = -1.4,-2.5,-1.4,x1 = -2.5; x2 = -1.4,0.1877019365432607,0.11722581458574768,0.6950722488709917,0.1877019365432607,0.11722581458574768,0.6950722488709917,0.6070462932589854,0.09714919639739653,0.2958045103436181,0.20895138692712054,0.516697824654139,0.27435078841874033,0.12120000059105682,0.07837691105721199,0.800423088351731,0.22268101833146456,0.1332830315152762,0.6440359501532593,1.1803,0.62535,1.28374,1.47609,0.91398,0.80598,0.47903,0.46028,1.1803,0.62535,1.04928,0.13101999999999991,0.52737,0.09797999999999996,0.005883010061694234,0.006047794842071824,61350
