z_x1,z_x2,z_note,x_x1,x_x2,x_note,"p(y=0|x,D)","p(y=1|x,D)","p(y=2|x,D)","p(u=0|z,D)","p(u=1|z,D)","p(u=2|z,D)","p(y=0|x,u=0,z,D)","p(y=1|x,u=0,z,D)","p(y=2|x,u=0,z,D)","p(y=0|x,u=1,z,D)","p(y=1|x,u=1,z,D)","p(y=2|x,u=1,z,D)","p(y=0|x,u=2,z,D)","p(y=1|x,u=2,z,D)","p(y=2|x,u=2,z,D)","p(y=0|x,z,D)","p(y=1|x,z,D)","p(y=2|x,z,D)","H[p(u|z,D)]","Var[p(u|z,D)]","H[p(y|x,u=0,z,D)]","H[p(y|x,u=1,z,D)]","H[p(y|x,u=2,z,D)]","Var[p(y|x,u=0,z,D)]","Var[p(y|x,u=1,z,D)]","Var[p(y|x,u=2,z,D)]","H[p(y|x,D)]","Var[p(y|x,D)]",Va,Ve,Va_variance,Ve_variance,kl_pyx_pyxz,kl_pyxz_pyx,api_calls
-3.7,3.6,x1 = -3.7; x2 = 3.6,-3.7,3.6,x1 = -3.7; x2 = 3.6,0.34112662983352326,0.19001641740391662,0.2688569527625601,0.34112662983352326,0.19001641740391662,0.2688569527625601,0.8853384625120254,0.04824022055909605,0.06642131692887861,0.10611008924395252,0.7921926210605104,0.10169728969553704,0.057898339982415906,0.056811585942468976,0.8852900740751151,0.3377415562449491,0.18225981748758746,0.2799986262674634,1.49405,0.73585,0.62639,0.94501,0.62866,0.28113,0.20779,0.25861,1.49405,0.73585,0.56227,0.93178,0.20491,0.53094,0.00040434122840702844,0.00040510127654882523,15850
