z_x1,z_x2,z_note,x_x1,x_x2,x_note,"p(y=0|x,D)","p(y=1|x,D)","p(y=2|x,D)","p(u=0|z,D)","p(u=1|z,D)","p(u=2|z,D)","p(y=0|x,u=0,z,D)","p(y=1|x,u=0,z,D)","p(y=2|x,u=0,z,D)","p(y=0|x,u=1,z,D)","p(y=1|x,u=1,z,D)","p(y=2|x,u=1,z,D)","p(y=0|x,u=2,z,D)","p(y=1|x,u=2,z,D)","p(y=2|x,u=2,z,D)","p(y=0|x,z,D)","p(y=1|x,z,D)","p(y=2|x,z,D)","H[p(u|z,D)]","Var[p(u|z,D)]","H[p(y|x,u=0,z,D)]","H[p(y|x,u=1,z,D)]","H[p(y|x,u=2,z,D)]","Var[p(y|x,u=0,z,D)]","Var[p(y|x,u=1,z,D)]","Var[p(y|x,u=2,z,D)]","H[p(y|x,D)]","Var[p(y|x,D)]",Va,Ve,Va_variance,Ve_variance,kl_pyx_pyxz,kl_pyxz_pyx,api_calls
0.7,1.6,x1 = 0.7; x2 = 1.6,0.7,1.6,x1 = 0.7; x2 = 1.6,0.4175136555201663,0.290918766727957,0.2915675777518766,0.4175136555201663,0.290918766727957,0.2915675777518766,0.6887749423702013,0.144618314526567,0.1666067431032317,0.2183915365527204,0.621398534504982,0.16020992894229774,0.19409554200902127,0.14066102845327724,0.6652434295377014,0.4076991075334235,0.2821688118081112,0.3101320806584652,1.56276,0.69322,1.20469,1.32917,1.24829,0.58272,0.37522,0.63736,1.56276,0.69322,1.25362,0.30913999999999997,0.53829,0.1549299999999999,0.0008185482180321363,0.000828050792020734,30850
