z_x1,z_x2,z_note,x_x1,x_x2,x_note,"p(y=0|x,D)","p(y=1|x,D)","p(y=2|x,D)","p(u=0|z,D)","p(u=1|z,D)","p(u=2|z,D)","p(y=0|x,u=0,z,D)","p(y=1|x,u=0,z,D)","p(y=2|x,u=0,z,D)","p(y=0|x,u=1,z,D)","p(y=1|x,u=1,z,D)","p(y=2|x,u=1,z,D)","p(y=0|x,u=2,z,D)","p(y=1|x,u=2,z,D)","p(y=2|x,u=2,z,D)","p(y=0|x,z,D)","p(y=1|x,z,D)","p(y=2|x,z,D)","H[p(u|z,D)]","Var[p(u|z,D)]","H[p(y|x,u=0,z,D)]","H[p(y|x,u=1,z,D)]","H[p(y|x,u=2,z,D)]","Var[p(y|x,u=0,z,D)]","Var[p(y|x,u=1,z,D)]","Var[p(y|x,u=2,z,D)]","H[p(y|x,D)]","Var[p(y|x,D)]",Va,Ve,Va_variance,Ve_variance,kl_pyx_pyxz,kl_pyxz_pyx,api_calls
-1.5,0.8,x1 = -1.5; x2 = 0.8,-1.5,0.8,x1 = -1.5; x2 = 0.8,0.24561345921958866,0.39852296500339823,0.3558635757770131,0.24561345921958866,0.39852296500339823,0.3558635757770131,0.6782799479830339,0.16798232304111035,0.15373772897585558,0.12248783706953045,0.7254792859968333,0.1520328769336362,0.10992287735712343,0.15015898083103402,0.7399181418118425,0.25452644854520207,0.3838149874074396,0.3616585640473583,1.5569,0.58932,1.22751,1.1201,1.08244,0.55687,0.27365,0.45295,1.5569,0.58932,1.13308,0.42381999999999986,0.40702,0.18229999999999996,0.0004828651792228942,0.00048153831200969596,22450
