z_x1,z_x2,z_note,x_x1,x_x2,x_note,"p(y=0|x,D)","p(y=1|x,D)","p(y=2|x,D)","p(u=0|z,D)","p(u=1|z,D)","p(u=2|z,D)","p(y=0|x,u=0,z,D)","p(y=1|x,u=0,z,D)","p(y=2|x,u=0,z,D)","p(y=0|x,u=1,z,D)","p(y=1|x,u=1,z,D)","p(y=2|x,u=1,z,D)","p(y=0|x,u=2,z,D)","p(y=1|x,u=2,z,D)","p(y=2|x,u=2,z,D)","p(y=0|x,z,D)","p(y=1|x,z,D)","p(y=2|x,z,D)","H[p(u|z,D)]","Var[p(u|z,D)]","H[p(y|x,u=0,z,D)]","H[p(y|x,u=1,z,D)]","H[p(y|x,u=2,z,D)]","Var[p(y|x,u=0,z,D)]","Var[p(y|x,u=1,z,D)]","Var[p(y|x,u=2,z,D)]","H[p(y|x,D)]","Var[p(y|x,D)]",Va,Ve,Va_variance,Ve_variance,kl_pyx_pyxz,kl_pyxz_pyx,api_calls
2.6,2.5,x1 = 2.6; x2 = 2.5,2.6,2.5,x1 = 2.6; x2 = 2.5,0.3564128073831233,0.3868929210245758,0.2566942715923009,0.3564128073831233,0.3868929210245758,0.2566942715923009,0.8211326368483937,0.09404501522968543,0.08482234792192093,0.13521161901364348,0.7517904535998496,0.11299792738650702,0.08127684550868448,0.09490927306120767,0.8238138814301077,0.36583790722486503,0.3487439192058389,0.2854181735692961,1.56412,0.60316,0.85612,1.0552,0.84709,0.3638,0.24772,0.35373,1.56412,0.60316,0.93082,0.6333,0.3163,0.28686,0.0036332855796591366,0.0036196998976023437,27300
