z_x1,z_x2,z_note,x_x1,x_x2,x_note,"p(y=0|x,D)","p(y=1|x,D)","p(y=2|x,D)","p(u=0|z,D)","p(u=1|z,D)","p(u=2|z,D)","p(y=0|x,u=0,z,D)","p(y=1|x,u=0,z,D)","p(y=2|x,u=0,z,D)","p(y=0|x,u=1,z,D)","p(y=1|x,u=1,z,D)","p(y=2|x,u=1,z,D)","p(y=0|x,u=2,z,D)","p(y=1|x,u=2,z,D)","p(y=2|x,u=2,z,D)","p(y=0|x,z,D)","p(y=1|x,z,D)","p(y=2|x,z,D)","H[p(u|z,D)]","Var[p(u|z,D)]","H[p(y|x,u=0,z,D)]","H[p(y|x,u=1,z,D)]","H[p(y|x,u=2,z,D)]","Var[p(y|x,u=0,z,D)]","Var[p(y|x,u=1,z,D)]","Var[p(y|x,u=2,z,D)]","H[p(y|x,D)]","Var[p(y|x,D)]",Va,Ve,Va_variance,Ve_variance,kl_pyx_pyxz,kl_pyxz_pyx,api_calls
2.5,1.6,x1 = 2.5; x2 = 1.6,2.5,1.6,x1 = 2.5; x2 = 1.6,0.2616617816727798,0.4648880075232009,0.2734502108040192,0.2616617816727798,0.4648880075232009,0.2734502108040192,0.7417792245222526,0.14894471489797664,0.10927606057977077,0.1350863112717376,0.7510258895989095,0.11388779912935301,0.10741004011509458,0.11742898694490286,0.7751609729400025,0.2862665776990634,0.42022705011951145,0.2935063721814252,1.53136,0.53497,1.07786,1.05732,0.99342,0.451,0.24852,0.43668,1.53136,0.53497,1.04522,0.48614,0.35295,0.18201999999999996,0.004083849031284059,0.004057790209438878,22850
