z_x1,z_x2,z_note,x_x1,x_x2,x_note,"p(y=0|x,D)","p(y=1|x,D)","p(y=2|x,D)","p(u=0|z,D)","p(u=1|z,D)","p(u=2|z,D)","p(y=0|x,u=0,z,D)","p(y=1|x,u=0,z,D)","p(y=2|x,u=0,z,D)","p(y=0|x,u=1,z,D)","p(y=1|x,u=1,z,D)","p(y=2|x,u=1,z,D)","p(y=0|x,u=2,z,D)","p(y=1|x,u=2,z,D)","p(y=2|x,u=2,z,D)","p(y=0|x,z,D)","p(y=1|x,z,D)","p(y=2|x,z,D)","H[p(u|z,D)]","Var[p(u|z,D)]","H[p(y|x,u=0,z,D)]","H[p(y|x,u=1,z,D)]","H[p(y|x,u=2,z,D)]","Var[p(y|x,u=0,z,D)]","Var[p(y|x,u=1,z,D)]","Var[p(y|x,u=2,z,D)]","H[p(y|x,D)]","Var[p(y|x,D)]",Va,Ve,Va_variance,Ve_variance,kl_pyx_pyxz,kl_pyxz_pyx,api_calls
-3.1,2.8,x1 = -3.1; x2 = 2.8,-3.1,2.8,x1 = -3.1; x2 = 2.8,0.2933548777109973,0.23872067996148627,0.3679244423275165,0.2933548777109973,0.23872067996148627,0.3679244423275165,0.8870595266203682,0.04611712553638432,0.06682334784324734,0.09688586820678285,0.8127053543412865,0.09040877745193061,0.04648330309608286,0.04511373590519621,0.9084029609987209,0.3004542426602426,0.22413670464303145,0.3754090526967259,1.54311,0.76063,0.61891,0.88291,0.53336,0.2811,0.18725,0.21198,1.54311,0.76063,0.58857,0.9545399999999999,0.20516,0.55547,0.0006241567122023768,0.000615680886617875,39450
