z_x1,z_x2,z_note,x_x1,x_x2,x_note,"p(y=0|x,D)","p(y=1|x,D)","p(y=2|x,D)","p(u=0|z,D)","p(u=1|z,D)","p(u=2|z,D)","p(y=0|x,u=0,z,D)","p(y=1|x,u=0,z,D)","p(y=2|x,u=0,z,D)","p(y=0|x,u=1,z,D)","p(y=1|x,u=1,z,D)","p(y=2|x,u=1,z,D)","p(y=0|x,u=2,z,D)","p(y=1|x,u=2,z,D)","p(y=2|x,u=2,z,D)","p(y=0|x,z,D)","p(y=1|x,z,D)","p(y=2|x,z,D)","H[p(u|z,D)]","Var[p(u|z,D)]","H[p(y|x,u=0,z,D)]","H[p(y|x,u=1,z,D)]","H[p(y|x,u=2,z,D)]","Var[p(y|x,u=0,z,D)]","Var[p(y|x,u=1,z,D)]","Var[p(y|x,u=2,z,D)]","H[p(y|x,D)]","Var[p(y|x,D)]",Va,Ve,Va_variance,Ve_variance,kl_pyx_pyxz,kl_pyxz_pyx,api_calls
-0.6,-3.6,x1 = -0.6; x2 = -3.6,-0.6,-3.6,x1 = -0.6; x2 = -3.6,0.2351914938248488,0.24522066910344234,0.4195878370717089,0.2351914938248488,0.24522066910344234,0.4195878370717089,0.7616853294255892,0.12436087895449162,0.11395379161991917,0.12847114953968902,0.7249082066523147,0.14662064380799616,0.0801803977391094,0.09992490103447316,0.8198947012264174,0.24428841136558957,0.2489383694631943,0.4067732191712161,1.5141,0.74766,1.03021,1.1229,0.85885,0.45608,0.27476,0.3529,1.5141,0.74766,0.87802,0.63608,0.32272,0.42494,0.0003991829183179925,0.00039945195886960903,56250
