z_x1,z_x2,z_note,x_x1,x_x2,x_note,"p(y=0|x,D)","p(y=1|x,D)","p(y=2|x,D)","p(u=0|z,D)","p(u=1|z,D)","p(u=2|z,D)","p(y=0|x,u=0,z,D)","p(y=1|x,u=0,z,D)","p(y=2|x,u=0,z,D)","p(y=0|x,u=1,z,D)","p(y=1|x,u=1,z,D)","p(y=2|x,u=1,z,D)","p(y=0|x,u=2,z,D)","p(y=1|x,u=2,z,D)","p(y=2|x,u=2,z,D)","p(y=0|x,z,D)","p(y=1|x,z,D)","p(y=2|x,z,D)","H[p(u|z,D)]","Var[p(u|z,D)]","H[p(y|x,u=0,z,D)]","H[p(y|x,u=1,z,D)]","H[p(y|x,u=2,z,D)]","Var[p(y|x,u=0,z,D)]","Var[p(y|x,u=1,z,D)]","Var[p(y|x,u=2,z,D)]","H[p(y|x,D)]","Var[p(y|x,D)]",Va,Ve,Va_variance,Ve_variance,kl_pyx_pyxz,kl_pyxz_pyx,api_calls
3.2,2.1,x1 = 3.2; x2 = 2.1,3.2,2.1,x1 = 3.2; x2 = 2.1,0.35485087870016263,0.3578112644596474,0.28733785684018986,0.35485087870016263,0.3578112644596474,0.28733785684018986,0.869216802446952,0.06937662657694735,0.061406570976100416,0.11841671198457389,0.7858734595053658,0.0957098285100603,0.07650453170249708,0.07678300824098115,0.8467124600565219,0.3727958277555587,0.3278753981826814,0.2993287740617597,1.57791,0.63763,0.69001,0.96168,0.77129,0.27807,0.21361,0.33,1.57791,0.63763,0.81057,0.7673399999999999,0.26993,0.3677,0.002009268787180593,0.001981804931739566,51100
