z_x1,z_x2,z_note,x_x1,x_x2,x_note,"p(y=0|x,D)","p(y=1|x,D)","p(y=2|x,D)","p(u=0|z,D)","p(u=1|z,D)","p(u=2|z,D)","p(y=0|x,u=0,z,D)","p(y=1|x,u=0,z,D)","p(y=2|x,u=0,z,D)","p(y=0|x,u=1,z,D)","p(y=1|x,u=1,z,D)","p(y=2|x,u=1,z,D)","p(y=0|x,u=2,z,D)","p(y=1|x,u=2,z,D)","p(y=2|x,u=2,z,D)","p(y=0|x,z,D)","p(y=1|x,z,D)","p(y=2|x,z,D)","H[p(u|z,D)]","Var[p(u|z,D)]","H[p(y|x,u=0,z,D)]","H[p(y|x,u=1,z,D)]","H[p(y|x,u=2,z,D)]","Var[p(y|x,u=0,z,D)]","Var[p(y|x,u=1,z,D)]","Var[p(y|x,u=2,z,D)]","H[p(y|x,D)]","Var[p(y|x,D)]",Va,Ve,Va_variance,Ve_variance,kl_pyx_pyxz,kl_pyxz_pyx,api_calls
-0.9,-1.3,x1 = -0.9; x2 = -1.3,-0.9,-1.3,x1 = -0.9; x2 = -1.3,0.21107475254934221,0.3886564086005967,0.40026883885006115,0.21107475254934221,0.3886564086005967,0.40026883885006115,0.5027333872763886,0.2332803717174902,0.2639862410061212,0.13776971154383139,0.6102620060507724,0.2519682824053962,0.1375680521621843,0.2234631822226393,0.6389687656151762,0.2147236111220442,0.37586718478597203,0.4094092040919837,1.53233,0.57555,1.49588,1.32987,1.28968,0.70972,0.3767,0.52513,1.53233,0.57555,1.34882,0.18351000000000006,0.5064,0.06915000000000004,0.0003491366354282533,0.0003477055585472174,45400
