z_x1,z_x2,z_note,x_x1,x_x2,x_note,"p(y=0|x,D)","p(y=1|x,D)","p(y=2|x,D)","p(u=0|z,D)","p(u=1|z,D)","p(u=2|z,D)","p(y=0|x,u=0,z,D)","p(y=1|x,u=0,z,D)","p(y=2|x,u=0,z,D)","p(y=0|x,u=1,z,D)","p(y=1|x,u=1,z,D)","p(y=2|x,u=1,z,D)","p(y=0|x,u=2,z,D)","p(y=1|x,u=2,z,D)","p(y=2|x,u=2,z,D)","p(y=0|x,z,D)","p(y=1|x,z,D)","p(y=2|x,z,D)","H[p(u|z,D)]","Var[p(u|z,D)]","H[p(y|x,u=0,z,D)]","H[p(y|x,u=1,z,D)]","H[p(y|x,u=2,z,D)]","Var[p(y|x,u=0,z,D)]","Var[p(y|x,u=1,z,D)]","Var[p(y|x,u=2,z,D)]","H[p(y|x,D)]","Var[p(y|x,D)]",Va,Ve,Va_variance,Ve_variance,kl_pyx_pyxz,kl_pyxz_pyx,api_calls
-1.1,3.9,x1 = -1.1; x2 = 3.9,-1.1,3.9,x1 = -1.1; x2 = 3.9,0.35425630885015563,0.2550874127878488,0.3906562783619955,0.35425630885015563,0.2550874127878488,0.3906562783619955,0.8043079745346668,0.08477535211987738,0.11091667334545592,0.13933560532676967,0.7201633933265609,0.14050100134666949,0.06544481832174644,0.07633359684315734,0.8582215848350963,0.3460403624730809,0.24355701896838317,0.410402618558536,1.56287,0.74359,0.90639,1.13506,0.73005,0.43443,0.27984,0.29517,1.56287,0.74359,0.89583,0.66704,0.34059,0.40299999999999997,0.0008483485465424594,0.0008514850853096681,40000
