z_x1,z_x2,z_note,x_x1,x_x2,x_note,"p(y=0|x,D)","p(y=1|x,D)","p(y=2|x,D)","p(u=0|z,D)","p(u=1|z,D)","p(u=2|z,D)","p(y=0|x,u=0,z,D)","p(y=1|x,u=0,z,D)","p(y=2|x,u=0,z,D)","p(y=0|x,u=1,z,D)","p(y=1|x,u=1,z,D)","p(y=2|x,u=1,z,D)","p(y=0|x,u=2,z,D)","p(y=1|x,u=2,z,D)","p(y=2|x,u=2,z,D)","p(y=0|x,z,D)","p(y=1|x,z,D)","p(y=2|x,z,D)","H[p(u|z,D)]","Var[p(u|z,D)]","H[p(y|x,u=0,z,D)]","H[p(y|x,u=1,z,D)]","H[p(y|x,u=2,z,D)]","Var[p(y|x,u=0,z,D)]","Var[p(y|x,u=1,z,D)]","Var[p(y|x,u=2,z,D)]","H[p(y|x,D)]","Var[p(y|x,D)]",Va,Ve,Va_variance,Ve_variance,kl_pyx_pyxz,kl_pyxz_pyx,api_calls
2.2,-2.5,x1 = 2.2; x2 = -2.5,2.2,-2.5,x1 = 2.2; x2 = -2.5,0.7414692561678444,0.10636216419289324,0.15216857963926247,0.7414692561678444,0.10636216419289324,0.15216857963926247,0.8503145789990618,0.0761172271199842,0.0735681938809538,0.29137323476657473,0.5902256525041494,0.11840111272927592,0.23164262057841878,0.09235658740142359,0.6760007920201576,0.6967219347940996,0.13327003226192147,0.17000803294397893,1.07717,0.54636,0.75871,1.3318,1.18804,0.32055,0.37985,0.71019,1.07717,0.54636,0.885,0.19216999999999995,0.38615,0.16020999999999996,0.005297971720572607,0.005533515361207719,8800
