z_x1,z_x2,z_note,x_x1,x_x2,x_note,"p(y=0|x,D)","p(y=1|x,D)","p(y=2|x,D)","p(u=0|z,D)","p(u=1|z,D)","p(u=2|z,D)","p(y=0|x,u=0,z,D)","p(y=1|x,u=0,z,D)","p(y=2|x,u=0,z,D)","p(y=0|x,u=1,z,D)","p(y=1|x,u=1,z,D)","p(y=2|x,u=1,z,D)","p(y=0|x,u=2,z,D)","p(y=1|x,u=2,z,D)","p(y=2|x,u=2,z,D)","p(y=0|x,z,D)","p(y=1|x,z,D)","p(y=2|x,z,D)","H[p(u|z,D)]","Var[p(u|z,D)]","H[p(y|x,u=0,z,D)]","H[p(y|x,u=1,z,D)]","H[p(y|x,u=2,z,D)]","Var[p(y|x,u=0,z,D)]","Var[p(y|x,u=1,z,D)]","Var[p(y|x,u=2,z,D)]","H[p(y|x,D)]","Var[p(y|x,D)]",Va,Ve,Va_variance,Ve_variance,kl_pyx_pyxz,kl_pyxz_pyx,api_calls
1.6,-3.4,x1 = 1.6; x2 = -3.4,1.6,-3.4,x1 = 1.6; x2 = -3.4,0.5821806032862675,0.1582157673636809,0.25960362935005155,0.5821806032862675,0.1582157673636809,0.25960362935005155,0.8728988565365512,0.06556438614895743,0.06153675731449147,0.1810549665476576,0.6898687757579814,0.12907625769436096,0.12336469777021604,0.07672208755158305,0.799913214678201,0.568856456648506,0.16723576399878934,0.2639077793527047,1.38032,0.73773,0.67644,1.19714,0.91427,0.27613,0.30743,0.46556,1.38032,0.73773,0.82056,0.55976,0.33026,0.40747,0.00043787623851708826,0.00044150104306104297,64350
