z_x1,z_x2,z_note,x_x1,x_x2,x_note,"p(y=0|x,D)","p(y=1|x,D)","p(y=2|x,D)","p(u=0|z,D)","p(u=1|z,D)","p(u=2|z,D)","p(y=0|x,u=0,z,D)","p(y=1|x,u=0,z,D)","p(y=2|x,u=0,z,D)","p(y=0|x,u=1,z,D)","p(y=1|x,u=1,z,D)","p(y=2|x,u=1,z,D)","p(y=0|x,u=2,z,D)","p(y=1|x,u=2,z,D)","p(y=2|x,u=2,z,D)","p(y=0|x,z,D)","p(y=1|x,z,D)","p(y=2|x,z,D)","H[p(u|z,D)]","Var[p(u|z,D)]","H[p(y|x,u=0,z,D)]","H[p(y|x,u=1,z,D)]","H[p(y|x,u=2,z,D)]","Var[p(y|x,u=0,z,D)]","Var[p(y|x,u=1,z,D)]","Var[p(y|x,u=2,z,D)]","H[p(y|x,D)]","Var[p(y|x,D)]",Va,Ve,Va_variance,Ve_variance,kl_pyx_pyxz,kl_pyxz_pyx,api_calls
-1.9,0.7,x1 = -1.9; x2 = 0.7,-1.9,0.7,x1 = -1.9; x2 = 0.7,0.2522304900788838,0.3491699360832763,0.39859957383783995,0.2522304900788838,0.3491699360832763,0.39859957383783995,0.6841345645377258,0.17878654834781446,0.1370788871144597,0.10996058336526142,0.7608664911022334,0.1291729255325052,0.08913568422794228,0.14032343165473732,0.7705408841173204,0.24648397210558454,0.3666999828323964,0.38681604506201916,1.56021,0.62941,1.21171,1.03162,0.99822,0.52194,0.23876,0.39536,1.56021,0.62941,1.06373,0.49648000000000003,0.37261,0.25680000000000003,0.0006700093962607699,0.0006747427011061617,6400
