z_x1,z_x2,z_note,x_x1,x_x2,x_note,"p(y=0|x,D)","p(y=1|x,D)","p(y=2|x,D)","p(u=0|z,D)","p(u=1|z,D)","p(u=2|z,D)","p(y=0|x,u=0,z,D)","p(y=1|x,u=0,z,D)","p(y=2|x,u=0,z,D)","p(y=0|x,u=1,z,D)","p(y=1|x,u=1,z,D)","p(y=2|x,u=1,z,D)","p(y=0|x,u=2,z,D)","p(y=1|x,u=2,z,D)","p(y=2|x,u=2,z,D)","p(y=0|x,z,D)","p(y=1|x,z,D)","p(y=2|x,z,D)","H[p(u|z,D)]","Var[p(u|z,D)]","H[p(y|x,u=0,z,D)]","H[p(y|x,u=1,z,D)]","H[p(y|x,u=2,z,D)]","Var[p(y|x,u=0,z,D)]","Var[p(y|x,u=1,z,D)]","Var[p(y|x,u=2,z,D)]","H[p(y|x,D)]","Var[p(y|x,D)]",Va,Ve,Va_variance,Ve_variance,kl_pyx_pyxz,kl_pyxz_pyx,api_calls
1.2,-3.9,x1 = 1.2; x2 = -3.9,1.2,-3.9,x1 = 1.2; x2 = -3.9,0.5303418370544899,0.1723515070888246,0.29730665585668536,0.5303418370544899,0.1723515070888246,0.29730665585668536,0.886805235260159,0.058641737088392654,0.05455302765144859,0.16112620139345596,0.7202921137832123,0.11858168482333176,0.09630120713893245,0.07087355211983068,0.8328252407412368,0.5267112510685094,0.1763147766996877,0.2969739722318029,1.44273,0.77334,0.62257,1.13007,0.81557,0.24871,0.2779,0.38666,1.44273,0.77334,0.76742,0.6753100000000001,0.29475,0.47859,5.755180865238017e-05,5.7864601963997285e-05,48100
