z_x1,z_x2,z_note,x_x1,x_x2,x_note,"p(y=0|x,D)","p(y=1|x,D)","p(y=2|x,D)","p(u=0|z,D)","p(u=1|z,D)","p(u=2|z,D)","p(y=0|x,u=0,z,D)","p(y=1|x,u=0,z,D)","p(y=2|x,u=0,z,D)","p(y=0|x,u=1,z,D)","p(y=1|x,u=1,z,D)","p(y=2|x,u=1,z,D)","p(y=0|x,u=2,z,D)","p(y=1|x,u=2,z,D)","p(y=2|x,u=2,z,D)","p(y=0|x,z,D)","p(y=1|x,z,D)","p(y=2|x,z,D)","H[p(u|z,D)]","Var[p(u|z,D)]","H[p(y|x,u=0,z,D)]","H[p(y|x,u=1,z,D)]","H[p(y|x,u=2,z,D)]","Var[p(y|x,u=0,z,D)]","Var[p(y|x,u=1,z,D)]","Var[p(y|x,u=2,z,D)]","H[p(y|x,D)]","Var[p(y|x,D)]",Va,Ve,Va_variance,Ve_variance,kl_pyx_pyxz,kl_pyxz_pyx,api_calls
-1.0,2.3,x1 = -1.0; x2 = 2.3,-1.0,2.3,x1 = -1.0; x2 = 2.3,0.3758582744930137,0.2631619023499419,0.36097982315704447,0.3758582744930137,0.2631619023499419,0.36097982315704447,0.7593603586807959,0.10913983823093218,0.13149980308827194,0.164845603158523,0.6978352933378608,0.13731910350361617,0.10550199390537196,0.09839163649472446,0.7961063695999034,0.3668770477560572,0.26018217013964384,0.372940782104299,1.5681,0.73662,1.03524,1.18427,0.93336,0.49665,0.30141,0.42467,1.5681,0.73662,1.03768,0.5304200000000001,0.41929,0.31733000000000006,0.00031993286603175866,0.00032111116107379906,43200
