z_x1,z_x2,z_note,x_x1,x_x2,x_note,"p(y=0|x,D)","p(y=1|x,D)","p(y=2|x,D)","p(u=0|z,D)","p(u=1|z,D)","p(u=2|z,D)","p(y=0|x,u=0,z,D)","p(y=1|x,u=0,z,D)","p(y=2|x,u=0,z,D)","p(y=0|x,u=1,z,D)","p(y=1|x,u=1,z,D)","p(y=2|x,u=1,z,D)","p(y=0|x,u=2,z,D)","p(y=1|x,u=2,z,D)","p(y=2|x,u=2,z,D)","p(y=0|x,z,D)","p(y=1|x,z,D)","p(y=2|x,z,D)","H[p(u|z,D)]","Var[p(u|z,D)]","H[p(y|x,u=0,z,D)]","H[p(y|x,u=1,z,D)]","H[p(y|x,u=2,z,D)]","Var[p(y|x,u=0,z,D)]","Var[p(y|x,u=1,z,D)]","Var[p(y|x,u=2,z,D)]","H[p(y|x,D)]","Var[p(y|x,D)]",Va,Ve,Va_variance,Ve_variance,kl_pyx_pyxz,kl_pyxz_pyx,api_calls
-2.2,3.8,x1 = -2.2; x2 = 3.8,-2.2,3.8,x1 = -2.2; x2 = 3.8,0.301584582027633,0.14812151346503405,0.450293904507333,0.301584582027633,0.14812151346503405,0.450293904507333,0.8316758535531559,0.050802064879031175,0.11752208156781292,0.1419978412552924,0.6981455730753379,0.15985658566936975,0.06200153035063155,0.052875680243776625,0.8851227894055917,0.29977246101882077,0.1425410949159673,0.4576864440652119,1.44796,0.84951,0.80257,1.18464,0.62881,0.43918,0.30154,0.2696,1.44796,0.84951,0.70066,0.7473,0.29851,0.5509999999999999,0.00017332940630700438,0.00017227354216290628,75950
