z_x1,z_x2,z_note,x_x1,x_x2,x_note,"p(y=0|x,D)","p(y=1|x,D)","p(y=2|x,D)","p(u=0|z,D)","p(u=1|z,D)","p(u=2|z,D)","p(y=0|x,u=0,z,D)","p(y=1|x,u=0,z,D)","p(y=2|x,u=0,z,D)","p(y=0|x,u=1,z,D)","p(y=1|x,u=1,z,D)","p(y=2|x,u=1,z,D)","p(y=0|x,u=2,z,D)","p(y=1|x,u=2,z,D)","p(y=2|x,u=2,z,D)","p(y=0|x,z,D)","p(y=1|x,z,D)","p(y=2|x,z,D)","H[p(u|z,D)]","Var[p(u|z,D)]","H[p(y|x,u=0,z,D)]","H[p(y|x,u=1,z,D)]","H[p(y|x,u=2,z,D)]","Var[p(y|x,u=0,z,D)]","Var[p(y|x,u=1,z,D)]","Var[p(y|x,u=2,z,D)]","H[p(y|x,D)]","Var[p(y|x,D)]",Va,Ve,Va_variance,Ve_variance,kl_pyx_pyxz,kl_pyxz_pyx,api_calls
-0.4,2.6,x1 = -0.4; x2 = 2.6,-0.4,2.6,x1 = -0.4; x2 = 2.6,0.2824824021375755,0.13892438631033918,0.5785932115520854,0.2824824021375755,0.13892438631033918,0.5785932115520854,0.6307373491528232,0.10221537895875901,0.2670472718884178,0.14805115981447955,0.5616558394191982,0.29029300076632214,0.09645848253938863,0.07457691285586875,0.8289646046047426,0.2545503412202423,0.15005143410952046,0.5953982246702374,1.36752,0.77339,1.26437,1.39344,0.82908,0.76551,0.41811,0.38886,1.36752,0.77339,1.03045,0.33707,0.49932,0.27407000000000004,0.002141917348468598,0.002104764270957191,67350
