z_x1,z_x2,z_note,x_x1,x_x2,x_note,"p(y=0|x,D)","p(y=1|x,D)","p(y=2|x,D)","p(u=0|z,D)","p(u=1|z,D)","p(u=2|z,D)","p(y=0|x,u=0,z,D)","p(y=1|x,u=0,z,D)","p(y=2|x,u=0,z,D)","p(y=0|x,u=1,z,D)","p(y=1|x,u=1,z,D)","p(y=2|x,u=1,z,D)","p(y=0|x,u=2,z,D)","p(y=1|x,u=2,z,D)","p(y=2|x,u=2,z,D)","p(y=0|x,z,D)","p(y=1|x,z,D)","p(y=2|x,z,D)","H[p(u|z,D)]","Var[p(u|z,D)]","H[p(y|x,u=0,z,D)]","H[p(y|x,u=1,z,D)]","H[p(y|x,u=2,z,D)]","Var[p(y|x,u=0,z,D)]","Var[p(y|x,u=1,z,D)]","Var[p(y|x,u=2,z,D)]","H[p(y|x,D)]","Var[p(y|x,D)]",Va,Ve,Va_variance,Ve_variance,kl_pyx_pyxz,kl_pyxz_pyx,api_calls
0.4,-2.6,x1 = 0.4; x2 = -2.6,0.4,-2.6,x1 = 0.4; x2 = -2.6,0.668486599258496,0.18862853153133394,0.14288486921017002,0.668486599258496,0.18862853153133394,0.14288486921017002,0.806832443237826,0.11673076871050445,0.07643678805166945,0.3101853207348097,0.5769731581137474,0.11284152115144289,0.2603026239109208,0.12644740378446406,0.6132499723046153,0.6350597840768367,0.20493397490381618,0.1600062410193469,1.24341,0.53511,0.89511,1.33681,1.3153,0.34979,0.38408,0.74898,1.24341,0.53511,1.03847,0.2049399999999999,0.4133,0.12180999999999997,0.0024818426105095784,0.0025224025812793857,16750
