z_x1,z_x2,z_note,x_x1,x_x2,x_note,"p(y=0|x,D)","p(y=1|x,D)","p(y=2|x,D)","p(u=0|z,D)","p(u=1|z,D)","p(u=2|z,D)","p(y=0|x,u=0,z,D)","p(y=1|x,u=0,z,D)","p(y=2|x,u=0,z,D)","p(y=0|x,u=1,z,D)","p(y=1|x,u=1,z,D)","p(y=2|x,u=1,z,D)","p(y=0|x,u=2,z,D)","p(y=1|x,u=2,z,D)","p(y=2|x,u=2,z,D)","p(y=0|x,z,D)","p(y=1|x,z,D)","p(y=2|x,z,D)","H[p(u|z,D)]","Var[p(u|z,D)]","H[p(y|x,u=0,z,D)]","H[p(y|x,u=1,z,D)]","H[p(y|x,u=2,z,D)]","Var[p(y|x,u=0,z,D)]","Var[p(y|x,u=1,z,D)]","Var[p(y|x,u=2,z,D)]","H[p(y|x,D)]","Var[p(y|x,D)]",Va,Ve,Va_variance,Ve_variance,kl_pyx_pyxz,kl_pyxz_pyx,api_calls
1.8,0.6,x1 = 1.8; x2 = 0.6,1.8,0.6,x1 = 1.8; x2 = 0.6,0.4918495649467169,0.22412706721793407,0.2840233678353491,0.4918495649467169,0.22412706721793407,0.2840233678353491,0.7418144032453899,0.12054032528742584,0.1376452714671841,0.223227679428838,0.6230891291502627,0.1536831914208993,0.1985275511633573,0.13542923998609888,0.6660432088505439,0.47127892030922536,0.23740391452721463,0.29131716516356004,1.50285,0.73268,1.08136,1.32343,1.24422,0.51444,0.37207,0.646,1.50285,0.73268,1.18187,0.32098000000000004,0.5199,0.21277999999999997,0.0009130026640825906,0.0009148550677377911,74350
