z_x1,z_x2,z_note,x_x1,x_x2,x_note,"p(y=0|x,D)","p(y=1|x,D)","p(y=2|x,D)","p(u=0|z,D)","p(u=1|z,D)","p(u=2|z,D)","p(y=0|x,u=0,z,D)","p(y=1|x,u=0,z,D)","p(y=2|x,u=0,z,D)","p(y=0|x,u=1,z,D)","p(y=1|x,u=1,z,D)","p(y=2|x,u=1,z,D)","p(y=0|x,u=2,z,D)","p(y=1|x,u=2,z,D)","p(y=2|x,u=2,z,D)","p(y=0|x,z,D)","p(y=1|x,z,D)","p(y=2|x,z,D)","H[p(u|z,D)]","Var[p(u|z,D)]","H[p(y|x,u=0,z,D)]","H[p(y|x,u=1,z,D)]","H[p(y|x,u=2,z,D)]","Var[p(y|x,u=0,z,D)]","Var[p(y|x,u=1,z,D)]","Var[p(y|x,u=2,z,D)]","H[p(y|x,D)]","Var[p(y|x,D)]",Va,Ve,Va_variance,Ve_variance,kl_pyx_pyxz,kl_pyxz_pyx,api_calls
3.5,0.7,x1 = 3.5; x2 = 0.7,3.5,0.7,x1 = 3.5; x2 = 0.7,0.5072987560023038,0.3160162802875571,0.17668496371013911,0.5072987560023038,0.3160162802875571,0.17668496371013911,0.9195446471219508,0.045710731597248956,0.03474462128080016,0.12784424967620825,0.8138392519631253,0.05831649836066651,0.1265899567194037,0.0677762304791024,0.8056338128014939,0.5292512617214081,0.2923504912552447,0.17839824702334733,1.46373,0.57468,0.48316,0.86034,0.89184,0.17142,0.18133,0.47112,1.46373,0.57468,0.67456,0.7891699999999999,0.2275,0.34717999999999993,0.001402984408920268,0.0013856803925971644,62400
