z_x1,z_x2,z_note,x_x1,x_x2,x_note,"p(y=0|x,D)","p(y=1|x,D)","p(y=2|x,D)","p(u=0|z,D)","p(u=1|z,D)","p(u=2|z,D)","p(y=0|x,u=0,z,D)","p(y=1|x,u=0,z,D)","p(y=2|x,u=0,z,D)","p(y=0|x,u=1,z,D)","p(y=1|x,u=1,z,D)","p(y=2|x,u=1,z,D)","p(y=0|x,u=2,z,D)","p(y=1|x,u=2,z,D)","p(y=2|x,u=2,z,D)","p(y=0|x,z,D)","p(y=1|x,z,D)","p(y=2|x,z,D)","H[p(u|z,D)]","Var[p(u|z,D)]","H[p(y|x,u=0,z,D)]","H[p(y|x,u=1,z,D)]","H[p(y|x,u=2,z,D)]","Var[p(y|x,u=0,z,D)]","Var[p(y|x,u=1,z,D)]","Var[p(y|x,u=2,z,D)]","H[p(y|x,D)]","Var[p(y|x,D)]",Va,Ve,Va_variance,Ve_variance,kl_pyx_pyxz,kl_pyxz_pyx,api_calls
-0.4,-1.6,x1 = -0.4; x2 = -1.6,-0.4,-1.6,x1 = -0.4; x2 = -1.6,0.18336787092284276,0.3443110644935006,0.47232106458365675,0.18336787092284276,0.3443110644935006,0.47232106458365675,0.4680634695214275,0.22342836686889372,0.3085081636096788,0.1411148682980256,0.5471801998960133,0.31170493180596126,0.08890753460507711,0.16940282513788235,0.7416896402570406,0.17640811377663473,0.30938230374508324,0.5142095824782822,1.48949,0.57219,1.51913,1.39887,1.0641,0.75111,0.42372,0.40447,1.48949,0.57219,1.2628,0.22669000000000006,0.47466,0.09752999999999995,0.0037914177030622664,0.0037734853718595363,65250
