z_x1,z_x2,z_note,x_x1,x_x2,x_note,"p(y=0|x,D)","p(y=1|x,D)","p(y=2|x,D)","p(u=0|z,D)","p(u=1|z,D)","p(u=2|z,D)","p(y=0|x,u=0,z,D)","p(y=1|x,u=0,z,D)","p(y=2|x,u=0,z,D)","p(y=0|x,u=1,z,D)","p(y=1|x,u=1,z,D)","p(y=2|x,u=1,z,D)","p(y=0|x,u=2,z,D)","p(y=1|x,u=2,z,D)","p(y=2|x,u=2,z,D)","p(y=0|x,z,D)","p(y=1|x,z,D)","p(y=2|x,z,D)","H[p(u|z,D)]","Var[p(u|z,D)]","H[p(y|x,u=0,z,D)]","H[p(y|x,u=1,z,D)]","H[p(y|x,u=2,z,D)]","Var[p(y|x,u=0,z,D)]","Var[p(y|x,u=1,z,D)]","Var[p(y|x,u=2,z,D)]","H[p(y|x,D)]","Var[p(y|x,D)]",Va,Ve,Va_variance,Ve_variance,kl_pyx_pyxz,kl_pyxz_pyx,api_calls
-2.6,3.9,x1 = -2.6; x2 = 3.9,-2.6,3.9,x1 = -2.6; x2 = 3.9,0.33252672850841763,0.1437501218686011,0.42372314962298113,0.33252672850841763,0.1437501218686011,0.42372314962298113,0.852269512214445,0.04826346804374321,0.09946701974181177,0.13917274614525632,0.7133639283185425,0.1474633255362012,0.06222450049241747,0.05156461646819129,0.8862108830393911,0.3297744532556666,0.14044416646651403,0.42978138027781915,1.45538,0.85617,0.73879,1.1508,0.62431,0.38502,0.28657,0.26948,1.45538,0.85617,0.67563,0.7797499999999999,0.28341,0.5727599999999999,9.296217828488537e-05,9.283571729316268e-05,60000
