z_x1,z_x2,z_note,x_x1,x_x2,x_note,"p(y=0|x,D)","p(y=1|x,D)","p(y=2|x,D)","p(u=0|z,D)","p(u=1|z,D)","p(u=2|z,D)","p(y=0|x,u=0,z,D)","p(y=1|x,u=0,z,D)","p(y=2|x,u=0,z,D)","p(y=0|x,u=1,z,D)","p(y=1|x,u=1,z,D)","p(y=2|x,u=1,z,D)","p(y=0|x,u=2,z,D)","p(y=1|x,u=2,z,D)","p(y=2|x,u=2,z,D)","p(y=0|x,z,D)","p(y=1|x,z,D)","p(y=2|x,z,D)","H[p(u|z,D)]","Var[p(u|z,D)]","H[p(y|x,u=0,z,D)]","H[p(y|x,u=1,z,D)]","H[p(y|x,u=2,z,D)]","Var[p(y|x,u=0,z,D)]","Var[p(y|x,u=1,z,D)]","Var[p(y|x,u=2,z,D)]","H[p(y|x,D)]","Var[p(y|x,D)]",Va,Ve,Va_variance,Ve_variance,kl_pyx_pyxz,kl_pyxz_pyx,api_calls
1.2,-3.8,x1 = 1.2; x2 = -3.8,1.2,-3.8,x1 = 1.2; x2 = -3.8,0.5415571130892642,0.16415254611165248,0.29429034079908334,0.5415571130892642,0.16415254611165248,0.29429034079908334,0.8836740179835137,0.06064701683947926,0.055678965177007024,0.17391265643423087,0.7121213355782082,0.11396600798756092,0.10238077427826313,0.07412345953488997,0.823495766186847,0.5372378283994864,0.1715541719003876,0.29120799970012606,1.42644,0.77471,0.63488,1.14477,0.8456,0.25378,0.28429,0.40587,1.42644,0.77471,0.78059,0.6458499999999999,0.30355,0.47116,0.00019558929873204163,0.00019788555386138565,48150
