z_x1,z_x2,z_note,x_x1,x_x2,x_note,"p(y=0|x,D)","p(y=1|x,D)","p(y=2|x,D)","p(u=0|z,D)","p(u=1|z,D)","p(u=2|z,D)","p(y=0|x,u=0,z,D)","p(y=1|x,u=0,z,D)","p(y=2|x,u=0,z,D)","p(y=0|x,u=1,z,D)","p(y=1|x,u=1,z,D)","p(y=2|x,u=1,z,D)","p(y=0|x,u=2,z,D)","p(y=1|x,u=2,z,D)","p(y=2|x,u=2,z,D)","p(y=0|x,z,D)","p(y=1|x,z,D)","p(y=2|x,z,D)","H[p(u|z,D)]","Var[p(u|z,D)]","H[p(y|x,u=0,z,D)]","H[p(y|x,u=1,z,D)]","H[p(y|x,u=2,z,D)]","Var[p(y|x,u=0,z,D)]","Var[p(y|x,u=1,z,D)]","Var[p(y|x,u=2,z,D)]","H[p(y|x,D)]","Var[p(y|x,D)]",Va,Ve,Va_variance,Ve_variance,kl_pyx_pyxz,kl_pyxz_pyx,api_calls
0.7,-3.6,x1 = 0.7; x2 = -3.6,0.7,-3.6,x1 = 0.7; x2 = -3.6,0.4198362871931735,0.19393541233337377,0.2862283004734526,0.4198362871931735,0.19393541233337377,0.2862283004734526,0.8704309350242643,0.07258926450553119,0.056979800470204664,0.12667520722711753,0.7549641730751623,0.11836061969772009,0.09227014326984931,0.08047179489189908,0.8272580618382517,0.41641562685724715,0.1999232005902981,0.2836611725524547,1.50117,0.75149,0.68446,1.04815,0.8361,0.26571,0.24497,0.37932,1.50117,0.75149,0.72995,0.7712199999999999,0.26764,0.48385,0.00011616990388078766,0.00011701977721961625,28250
