z_x1,z_x2,z_note,x_x1,x_x2,x_note,"p(y=0|x,D)","p(y=1|x,D)","p(u=0|z,D)","p(u=1|z,D)","p(y=0|x,u=0,z,D)","p(y=1|x,u=0,z,D)","p(y=0|x,u=1,z,D)","p(y=1|x,u=1,z,D)","p(y=0|x,z,D)","p(y=1|x,z,D)","H[p(u|z,D)]","Var[p(u|z,D)]","H[p(y|x,u=0,z,D)]","H[p(y|x,u=1,z,D)]","Var[p(y|x,u=0,z,D)]","Var[p(y|x,u=1,z,D)]","H[p(y|x,D)]","Var[p(y|x,D)]",Va,Ve,Va_variance,Ve_variance,kl_pyx_pyxz,kl_pyxz_pyx,api_calls
-0.3,-1.5,x1 = -0.3; x2 = -1.5,-0.3,-1.5,x1 = -0.3; x2 = -1.5,0.46613430519489973,0.5338656948051004,0.47243140332794875,0.5275685966720512,0.9652453314637613,0.034754668536238736,0.03132417785912706,0.9686758221408731,0.47253785905422124,0.5274621409457789,0.99781,0.24924,0.2177,0.20099,0.03355,0.03034,0.99669,0.24885,0.20888,0.7878099999999999,0.03186,0.21699,8.230013209385365e-05,8.23434018249582e-05,4840
