z_x1,z_x2,z_note,x_x1,x_x2,x_note,"p(y=0|x,D)","p(y=1|x,D)","p(u=0|z,D)","p(u=1|z,D)","p(y=0|x,u=0,z,D)","p(y=1|x,u=0,z,D)","p(y=0|x,u=1,z,D)","p(y=1|x,u=1,z,D)","p(y=0|x,z,D)","p(y=1|x,z,D)","H[p(u|z,D)]","Var[p(u|z,D)]","H[p(y|x,u=0,z,D)]","H[p(y|x,u=1,z,D)]","Var[p(y|x,u=0,z,D)]","Var[p(y|x,u=1,z,D)]","H[p(y|x,D)]","Var[p(y|x,D)]",Va,Ve,Va_variance,Ve_variance,kl_pyx_pyxz,kl_pyxz_pyx,api_calls
1.1,2.1,x1 = 1.1; x2 = 2.1,1.1,2.1,x1 = 1.1; x2 = 2.1,0.5038347928268744,0.4961652071731256,0.5090162480356824,0.4909837519643177,0.9587272160282042,0.041272783971795596,0.049289742528166834,0.9507102574718334,0.5122081931122061,0.4877918068877939,0.99977,0.24992,0.2481,0.28337,0.03957,0.04686,0.99996,0.24999,0.26542,0.73454,0.04315,0.20684,0.00014027961368756614,0.00014025448211603224,11160
