z_x1,z_x2,z_note,x_x1,x_x2,x_note,"p(y=0|x,D)","p(y=1|x,D)","p(u=0|z,D)","p(u=1|z,D)","p(y=0|x,u=0,z,D)","p(y=1|x,u=0,z,D)","p(y=0|x,u=1,z,D)","p(y=1|x,u=1,z,D)","p(y=0|x,z,D)","p(y=1|x,z,D)","H[p(u|z,D)]","Var[p(u|z,D)]","H[p(y|x,u=0,z,D)]","H[p(y|x,u=1,z,D)]","Var[p(y|x,u=0,z,D)]","Var[p(y|x,u=1,z,D)]","H[p(y|x,D)]","Var[p(y|x,D)]",Va,Ve,Va_variance,Ve_variance,kl_pyx_pyxz,kl_pyxz_pyx,api_calls
0.9,-1.1,x1 = 0.9; x2 = -1.1,0.9,-1.1,x1 = 0.9; x2 = -1.1,0.44418736199277875,0.5558126380072211,0.4426599483174187,0.5573400516825812,0.9414694215900526,0.05853057840994723,0.05823099406342298,0.941769005936577,0.44920527074431904,0.5507947292556807,0.99049,0.24671,0.32158,0.32038,0.0551,0.05484,0.99099,0.24688,0.32091,0.67008,0.05496,0.19191999999999998,5.0919807414441694e-05,5.095655814346244e-05,9720
