z_x1,z_x2,z_note,x_x1,x_x2,x_note,"p(y=0|x,D)","p(y=1|x,D)","p(u=0|z,D)","p(u=1|z,D)","p(y=0|x,u=0,z,D)","p(y=1|x,u=0,z,D)","p(y=0|x,u=1,z,D)","p(y=1|x,u=1,z,D)","p(y=0|x,z,D)","p(y=1|x,z,D)","H[p(u|z,D)]","Var[p(u|z,D)]","H[p(y|x,u=0,z,D)]","H[p(y|x,u=1,z,D)]","Var[p(y|x,u=0,z,D)]","Var[p(y|x,u=1,z,D)]","H[p(y|x,D)]","Var[p(y|x,D)]",Va,Ve,Va_variance,Ve_variance,kl_pyx_pyxz,kl_pyxz_pyx,api_calls
-0.7,1.5,x1 = -0.7; x2 = 1.5,-0.7,1.5,x1 = -0.7; x2 = 1.5,0.5062418746747512,0.4937581253252487,0.5118895869133421,0.4881104130866579,0.9704706199611219,0.02952938003887804,0.050224570286086734,0.9497754297139134,0.5212889405128753,0.47871105948712467,0.99959,0.24986,0.19203,0.28735,0.02866,0.0477,0.99989,0.24996,0.23856,0.76133,0.03795,0.21200999999999998,0.00045333147879769893,0.0004530809139530849,3840
