z_x1,z_x2,z_note,x_x1,x_x2,x_note,"p(y=0|x,D)","p(y=1|x,D)","p(u=0|z,D)","p(u=1|z,D)","p(y=0|x,u=0,z,D)","p(y=1|x,u=0,z,D)","p(y=0|x,u=1,z,D)","p(y=1|x,u=1,z,D)","p(y=0|x,z,D)","p(y=1|x,z,D)","H[p(u|z,D)]","Var[p(u|z,D)]","H[p(y|x,u=0,z,D)]","H[p(y|x,u=1,z,D)]","Var[p(y|x,u=0,z,D)]","Var[p(y|x,u=1,z,D)]","H[p(y|x,D)]","Var[p(y|x,D)]",Va,Ve,Va_variance,Ve_variance,kl_pyx_pyxz,kl_pyxz_pyx,api_calls
0.5,-0.5,x1 = 0.5; x2 = -0.5,0.5,-0.5,x1 = 0.5; x2 = -0.5,0.37389034165550594,0.6261096583444941,0.37396007933798464,0.6260399206620153,0.9503883432033875,0.04961165679661244,0.04288797497343868,0.9571120250265613,0.38225688467596064,0.6177431153240392,0.95366,0.23411,0.28475,0.25538,0.04715,0.04105,0.95361,0.2341,0.26636,0.6872499999999999,0.04333,0.19077,0.0001486386340079568,0.00014906918796580605,8240
