z_x1,z_x2,z_note,x_x1,x_x2,x_note,"p(y=0|x,D)","p(y=1|x,D)","p(u=0|z,D)","p(u=1|z,D)","p(y=0|x,u=0,z,D)","p(y=1|x,u=0,z,D)","p(y=0|x,u=1,z,D)","p(y=1|x,u=1,z,D)","p(y=0|x,z,D)","p(y=1|x,z,D)","H[p(u|z,D)]","Var[p(u|z,D)]","H[p(y|x,u=0,z,D)]","H[p(y|x,u=1,z,D)]","Var[p(y|x,u=0,z,D)]","Var[p(y|x,u=1,z,D)]","H[p(y|x,D)]","Var[p(y|x,D)]",Va,Ve,Va_variance,Ve_variance,kl_pyx_pyxz,kl_pyxz_pyx,api_calls
1.1,1.1,x1 = 1.1; x2 = 1.1,1.1,1.1,x1 = 1.1; x2 = 1.1,0.6761106069642286,0.32388939303577124,0.680398543743974,0.3196014562560259,0.9617913696391739,0.0382086303608263,0.09801486784842527,0.9019851321515746,0.6857271417871148,0.3142728582128852,0.90395,0.21746,0.23402,0.46267,0.03675,0.08841,0.90856,0.21899,0.3071,0.6014600000000001,0.05326,0.16573,0.00021339941943271032,0.0002122631073026779,10960
