z_x1,z_x2,z_note,x_x1,x_x2,x_note,"p(y=0|x,D)","p(y=1|x,D)","p(u=0|z,D)","p(u=1|z,D)","p(y=0|x,u=0,z,D)","p(y=1|x,u=0,z,D)","p(y=0|x,u=1,z,D)","p(y=1|x,u=1,z,D)","p(y=0|x,z,D)","p(y=1|x,z,D)","H[p(u|z,D)]","Var[p(u|z,D)]","H[p(y|x,u=0,z,D)]","H[p(y|x,u=1,z,D)]","Var[p(y|x,u=0,z,D)]","Var[p(y|x,u=1,z,D)]","H[p(y|x,D)]","Var[p(y|x,D)]",Va,Ve,Va_variance,Ve_variance,kl_pyx_pyxz,kl_pyxz_pyx,api_calls
0.1,1.7,x1 = 0.1; x2 = 1.7,0.1,1.7,x1 = 0.1; x2 = 1.7,0.6767631195875423,0.3232368804124577,0.6705212431226231,0.32947875687737704,0.9727447804222817,0.027255219577718454,0.05180410858910974,0.9481958914108903,0.6693143927088718,0.33068560729112834,0.91439,0.22092,0.18043,0.29401,0.02651,0.04912,0.90787,0.21875,0.21785,0.69002,0.03396,0.18479,0.00012582387306806376,0.00012631618161121003,7080
