z_x1,z_x2,z_note,x_x1,x_x2,x_note,"p(y=0|x,D)","p(y=1|x,D)","p(u=0|z,D)","p(u=1|z,D)","p(y=0|x,u=0,z,D)","p(y=1|x,u=0,z,D)","p(y=0|x,u=1,z,D)","p(y=1|x,u=1,z,D)","p(y=0|x,z,D)","p(y=1|x,z,D)","H[p(u|z,D)]","Var[p(u|z,D)]","H[p(y|x,u=0,z,D)]","H[p(y|x,u=1,z,D)]","Var[p(y|x,u=0,z,D)]","Var[p(y|x,u=1,z,D)]","H[p(y|x,D)]","Var[p(y|x,D)]",Va,Ve,Va_variance,Ve_variance,kl_pyx_pyxz,kl_pyxz_pyx,api_calls
0.1,0.1,x1 = 0.1; x2 = 0.1,0.1,0.1,x1 = 0.1; x2 = 0.1,0.24153263276501918,0.7584673672349809,0.24772475926688475,0.7522752407331152,0.8920019827325456,0.10799801726745437,0.04742956121029192,0.9525704387897079,0.25665106101534213,0.7433489389846577,0.80765,0.18636,0.49385,0.27538,0.09633,0.04518,0.79758,0.18319,0.3295,0.46807999999999994,0.05785,0.12534,0.0006070071580880979,0.0006152730031950583,6760
