z_x1,z_x2,z_note,x_x1,x_x2,x_note,"p(y=0|x,D)","p(y=1|x,D)","p(u=0|z,D)","p(u=1|z,D)","p(y=0|x,u=0,z,D)","p(y=1|x,u=0,z,D)","p(y=0|x,u=1,z,D)","p(y=1|x,u=1,z,D)","p(y=0|x,z,D)","p(y=1|x,z,D)","H[p(u|z,D)]","Var[p(u|z,D)]","H[p(y|x,u=0,z,D)]","H[p(y|x,u=1,z,D)]","Var[p(y|x,u=0,z,D)]","Var[p(y|x,u=1,z,D)]","H[p(y|x,D)]","Var[p(y|x,D)]",Va,Ve,Va_variance,Ve_variance,kl_pyx_pyxz,kl_pyxz_pyx,api_calls
2.3,1.7,x1 = 2.3; x2 = 1.7,2.3,1.7,x1 = 2.3; x2 = 1.7,0.42098445944584667,0.5790155405541533,0.42142053884240493,0.5785794611575951,0.9664482419932089,0.033551758006791055,0.03612497871019279,0.9638750212898073,0.428182309620546,0.5718176903794541,0.98211,0.24383,0.2119,0.22423,0.03243,0.03482,0.98191,0.24376,0.21903,0.76288,0.03381,0.20995,0.00010595386868026118,0.00010611093834695003,15880
