z_x1,z_x2,z_note,x_x1,x_x2,x_note,"p(y=0|x,D)","p(y=1|x,D)","p(u=0|z,D)","p(u=1|z,D)","p(y=0|x,u=0,z,D)","p(y=1|x,u=0,z,D)","p(y=0|x,u=1,z,D)","p(y=1|x,u=1,z,D)","p(y=0|x,z,D)","p(y=1|x,z,D)","H[p(u|z,D)]","Var[p(u|z,D)]","H[p(y|x,u=0,z,D)]","H[p(y|x,u=1,z,D)]","Var[p(y|x,u=0,z,D)]","Var[p(y|x,u=1,z,D)]","H[p(y|x,D)]","Var[p(y|x,D)]",Va,Ve,Va_variance,Ve_variance,kl_pyx_pyxz,kl_pyxz_pyx,api_calls
-0.7,2.1,x1 = -0.7; x2 = 2.1,-0.7,2.1,x1 = -0.7; x2 = 2.1,0.5094560284295329,0.4905439715704672,0.5151279631493694,0.4848720368506306,0.9707575465684002,0.029242453431599858,0.042623034156700365,0.9573769658432998,0.5207310750639723,0.47926892493602774,0.99934,0.24977,0.19058,0.25419,0.02839,0.04081,0.99974,0.24991,0.22142,0.7783199999999999,0.03441,0.2155,0.00025455389584633226,0.00025443828368330347,3960
