z_x1,z_x2,z_note,x_x1,x_x2,x_note,"p(y=0|x,D)","p(y=1|x,D)","p(u=0|z,D)","p(u=1|z,D)","p(y=0|x,u=0,z,D)","p(y=1|x,u=0,z,D)","p(y=0|x,u=1,z,D)","p(y=1|x,u=1,z,D)","p(y=0|x,z,D)","p(y=1|x,z,D)","H[p(u|z,D)]","Var[p(u|z,D)]","H[p(y|x,u=0,z,D)]","H[p(y|x,u=1,z,D)]","Var[p(y|x,u=0,z,D)]","Var[p(y|x,u=1,z,D)]","H[p(y|x,D)]","Var[p(y|x,D)]",Va,Ve,Va_variance,Ve_variance,kl_pyx_pyxz,kl_pyxz_pyx,api_calls
-0.3,2.1,x1 = -0.3; x2 = 2.1,-0.3,2.1,x1 = -0.3; x2 = 2.1,0.5027104579959267,0.49728954200407316,0.50568972982195,0.4943102701780502,0.966706751240966,0.033293248759034035,0.034344746637725826,0.9656552533622742,0.5058306368417901,0.49416936315821014,0.99991,0.24997,0.21065,0.21573,0.03218,0.03317,0.99998,0.24999,0.21316,0.78682,0.03267,0.21731999999999999,1.947286178263785e-05,1.9472169810287772e-05,5560
