z_x1,z_x2,z_note,x_x1,x_x2,x_note,"p(y=0|x,D)","p(y=1|x,D)","p(u=0|z,D)","p(u=1|z,D)","p(y=0|x,u=0,z,D)","p(y=1|x,u=0,z,D)","p(y=0|x,u=1,z,D)","p(y=1|x,u=1,z,D)","p(y=0|x,z,D)","p(y=1|x,z,D)","H[p(u|z,D)]","Var[p(u|z,D)]","H[p(y|x,u=0,z,D)]","H[p(y|x,u=1,z,D)]","Var[p(y|x,u=0,z,D)]","Var[p(y|x,u=1,z,D)]","H[p(y|x,D)]","Var[p(y|x,D)]",Va,Ve,Va_variance,Ve_variance,kl_pyx_pyxz,kl_pyxz_pyx,api_calls
-1.3,-1.1,x1 = -1.3; x2 = -1.1,-1.3,-1.1,x1 = -1.3; x2 = -1.1,0.451141230411932,0.548858769588068,0.4541205021869672,0.5458794978130328,0.9610630444514687,0.03893695554853131,0.041161659273719856,0.9588383407262802,0.4589077382731259,0.5410922617268741,0.99392,0.2479,0.2374,0.24759,0.03742,0.03947,0.9931,0.24761,0.24296,0.75014,0.03854,0.20907,0.00012156678591594087,0.00012168100559888616,920
