z_x1,z_x2,z_note,x_x1,x_x2,x_note,"p(y=0|x,D)","p(y=1|x,D)","p(u=0|z,D)","p(u=1|z,D)","p(y=0|x,u=0,z,D)","p(y=1|x,u=0,z,D)","p(y=0|x,u=1,z,D)","p(y=1|x,u=1,z,D)","p(y=0|x,z,D)","p(y=1|x,z,D)","H[p(u|z,D)]","Var[p(u|z,D)]","H[p(y|x,u=0,z,D)]","H[p(y|x,u=1,z,D)]","Var[p(y|x,u=0,z,D)]","Var[p(y|x,u=1,z,D)]","H[p(y|x,D)]","Var[p(y|x,D)]",Va,Ve,Va_variance,Ve_variance,kl_pyx_pyxz,kl_pyxz_pyx,api_calls
-0.5,0.3,x1 = -0.5; x2 = 0.3,-0.5,0.3,x1 = -0.5; x2 = 0.3,0.3427255295075978,0.6572744704924022,0.3351519013917786,0.6648480986082215,0.963556795967097,0.03644320403290295,0.0236386709500161,0.9763613290499841,0.3386540177020862,0.6613459822979139,0.9201,0.22283,0.22574,0.16141,0.03512,0.02308,0.9274,0.22526,0.18297,0.74443,0.02712,0.19813999999999998,3.693636999615394e-05,3.686532991262984e-05,4400
