z_x1,z_x2,z_note,x_x1,x_x2,x_note,"p(y=0|x,D)","p(y=1|x,D)","p(u=0|z,D)","p(u=1|z,D)","p(y=0|x,u=0,z,D)","p(y=1|x,u=0,z,D)","p(y=0|x,u=1,z,D)","p(y=1|x,u=1,z,D)","p(y=0|x,z,D)","p(y=1|x,z,D)","H[p(u|z,D)]","Var[p(u|z,D)]","H[p(y|x,u=0,z,D)]","H[p(y|x,u=1,z,D)]","Var[p(y|x,u=0,z,D)]","Var[p(y|x,u=1,z,D)]","H[p(y|x,D)]","Var[p(y|x,D)]",Va,Ve,Va_variance,Ve_variance,kl_pyx_pyxz,kl_pyxz_pyx,api_calls
-0.1,0.9,x1 = -0.1; x2 = 0.9,-0.1,0.9,x1 = -0.1; x2 = 0.9,0.5914241291432465,0.40857587085675356,0.5886915690861405,0.41130843091385927,0.9604536095444034,0.03954639045559656,0.04111483059382555,0.9588851694061745,0.5823218188959777,0.4176781811040221,0.97718,0.24213,0.24021,0.24738,0.03798,0.03942,0.97575,0.24164,0.24316,0.7325900000000001,0.03857,0.20307,0.0001706817273469715,0.0001710532713013642,6120
