z_x1,z_x2,z_note,x_x1,x_x2,x_note,"p(y=0|x,D)","p(y=1|x,D)","p(u=0|z,D)","p(u=1|z,D)","p(y=0|x,u=0,z,D)","p(y=1|x,u=0,z,D)","p(y=0|x,u=1,z,D)","p(y=1|x,u=1,z,D)","p(y=0|x,z,D)","p(y=1|x,z,D)","H[p(u|z,D)]","Var[p(u|z,D)]","H[p(y|x,u=0,z,D)]","H[p(y|x,u=1,z,D)]","Var[p(y|x,u=0,z,D)]","Var[p(y|x,u=1,z,D)]","H[p(y|x,D)]","Var[p(y|x,D)]",Va,Ve,Va_variance,Ve_variance,kl_pyx_pyxz,kl_pyxz_pyx,api_calls
1.3,1.7,x1 = 1.3; x2 = 1.7,1.3,1.7,x1 = 1.3; x2 = 1.7,0.45389948849513145,0.5461005115048686,0.45597992789061187,0.5440200721093882,0.9584050138891567,0.04159498611084325,0.052071740369331196,0.9479282596306688,0.4653415210737634,0.5346584789262366,0.9944,0.24806,0.24956,0.29513,0.03986,0.04936,0.99386,0.24787,0.27435,0.71951,0.04503,0.20284000000000002,0.0002634075851865626,0.00026373449069668105,11880
