z_x1,z_x2,z_note,x_x1,x_x2,x_note,"p(y=0|x,D)","p(y=1|x,D)","p(u=0|z,D)","p(u=1|z,D)","p(y=0|x,u=0,z,D)","p(y=1|x,u=0,z,D)","p(y=0|x,u=1,z,D)","p(y=1|x,u=1,z,D)","p(y=0|x,z,D)","p(y=1|x,z,D)","H[p(u|z,D)]","Var[p(u|z,D)]","H[p(y|x,u=0,z,D)]","H[p(y|x,u=1,z,D)]","Var[p(y|x,u=0,z,D)]","Var[p(y|x,u=1,z,D)]","H[p(y|x,D)]","Var[p(y|x,D)]",Va,Ve,Va_variance,Ve_variance,kl_pyx_pyxz,kl_pyxz_pyx,api_calls
-1.3,1.1,x1 = -1.3; x2 = 1.1,-1.3,1.1,x1 = -1.3; x2 = 1.1,0.5326911580864991,0.46730884191350086,0.5332605183253898,0.46673948167461027,0.9593659924505307,0.04063400754946942,0.05469359009146339,0.9453064099085366,0.5371196642881353,0.46288033571186493,0.99681,0.24889,0.24519,0.30601,0.03898,0.0517,0.99691,0.24893,0.27358,0.72333,0.04492,0.20401000000000002,3.9423855154239323e-05,3.940752775258294e-05,1360
