z_x1,z_x2,z_note,x_x1,x_x2,x_note,"p(y=0|x,D)","p(y=1|x,D)","p(u=0|z,D)","p(u=1|z,D)","p(y=0|x,u=0,z,D)","p(y=1|x,u=0,z,D)","p(y=0|x,u=1,z,D)","p(y=1|x,u=1,z,D)","p(y=0|x,z,D)","p(y=1|x,z,D)","H[p(u|z,D)]","Var[p(u|z,D)]","H[p(y|x,u=0,z,D)]","H[p(y|x,u=1,z,D)]","Var[p(y|x,u=0,z,D)]","Var[p(y|x,u=1,z,D)]","H[p(y|x,D)]","Var[p(y|x,D)]",Va,Ve,Va_variance,Ve_variance,kl_pyx_pyxz,kl_pyxz_pyx,api_calls
-0.5,1.3,x1 = -0.5; x2 = 1.3,-0.5,1.3,x1 = -0.5; x2 = 1.3,0.5398523516905942,0.4601476483094058,0.5454189342591114,0.4545810657408885,0.9744398334708624,0.025560166529137694,0.044863935645356255,0.9551360643546438,0.5518722311503004,0.44812776884969957,0.99404,0.24794,0.17161,0.26417,0.02491,0.04285,0.99541,0.24841,0.21369,0.78172,0.03307,0.21533999999999998,0.00029163740349034267,0.0002912053169445653,4600
