z_x1,z_x2,z_note,x_x1,x_x2,x_note,"p(y=0|x,D)","p(y=1|x,D)","p(u=0|z,D)","p(u=1|z,D)","p(y=0|x,u=0,z,D)","p(y=1|x,u=0,z,D)","p(y=0|x,u=1,z,D)","p(y=1|x,u=1,z,D)","p(y=0|x,z,D)","p(y=1|x,z,D)","H[p(u|z,D)]","Var[p(u|z,D)]","H[p(y|x,u=0,z,D)]","H[p(y|x,u=1,z,D)]","Var[p(y|x,u=0,z,D)]","Var[p(y|x,u=1,z,D)]","H[p(y|x,D)]","Var[p(y|x,D)]",Va,Ve,Va_variance,Ve_variance,kl_pyx_pyxz,kl_pyxz_pyx,api_calls
-0.5,-0.9,x1 = -0.5; x2 = -0.9,-0.5,-0.9,x1 = -0.5; x2 = -0.9,0.4404640739263762,0.5595359260736238,0.4411406025872693,0.5588593974127307,0.9688930433371168,0.031106956662883233,0.030535026540807576,0.9694649734591924,0.4444828475129264,0.5555171524870737,0.98998,0.24654,0.19991,0.19707,0.03014,0.0296,0.98975,0.24646,0.19832,0.7914300000000001,0.02984,0.21662,3.272435665309728e-05,3.2744808419628464e-05,4160
