z_x1,z_x2,z_note,x_x1,x_x2,x_note,"p(y=0|x,D)","p(y=1|x,D)","p(u=0|z,D)","p(u=1|z,D)","p(y=0|x,u=0,z,D)","p(y=1|x,u=0,z,D)","p(y=0|x,u=1,z,D)","p(y=1|x,u=1,z,D)","p(y=0|x,z,D)","p(y=1|x,z,D)","H[p(u|z,D)]","Var[p(u|z,D)]","H[p(y|x,u=0,z,D)]","H[p(y|x,u=1,z,D)]","Var[p(y|x,u=0,z,D)]","Var[p(y|x,u=1,z,D)]","H[p(y|x,D)]","Var[p(y|x,D)]",Va,Ve,Va_variance,Ve_variance,kl_pyx_pyxz,kl_pyxz_pyx,api_calls
-0.5,-1.1,x1 = -0.5; x2 = -1.1,-0.5,-1.1,x1 = -0.5; x2 = -1.1,0.4966719032342605,0.5033280967657394,0.49972091178751565,0.5002790882124843,0.9647506637583672,0.03524933624163302,0.03752463685320843,0.9624753631467916,0.5008788724513699,0.49912112754863025,1.0,0.25,0.22007,0.23083,0.03401,0.03612,0.99997,0.24999,0.22545,0.77452,0.03507,0.21492,3.539735800326283e-05,3.5397844320988504e-05,4120
