z_x1,z_x2,z_note,x_x1,x_x2,x_note,"p(y=0|x,D)","p(y=1|x,D)","p(u=0|z,D)","p(u=1|z,D)","p(y=0|x,u=0,z,D)","p(y=1|x,u=0,z,D)","p(y=0|x,u=1,z,D)","p(y=1|x,u=1,z,D)","p(y=0|x,z,D)","p(y=1|x,z,D)","H[p(u|z,D)]","Var[p(u|z,D)]","H[p(y|x,u=0,z,D)]","H[p(y|x,u=1,z,D)]","Var[p(y|x,u=0,z,D)]","Var[p(y|x,u=1,z,D)]","H[p(y|x,D)]","Var[p(y|x,D)]",Va,Ve,Va_variance,Ve_variance,kl_pyx_pyxz,kl_pyxz_pyx,api_calls
0.5,2.3,x1 = 0.5; x2 = 2.3,0.5,2.3,x1 = 0.5; x2 = 2.3,0.6706715332268545,0.32932846677314553,0.6647682121760214,0.33523178782397844,0.9826317840047203,0.017368215995279622,0.04668682381772429,0.9533131761822757,0.6688732816963912,0.3311267183036086,0.92018,0.22285,0.1264,0.27215,0.01707,0.04451,0.91424,0.22087,0.17526,0.7389800000000001,0.02627,0.1946,7.306867109825458e-06,7.313594061611863e-06,8800
