z_x1,z_x2,z_note,x_x1,x_x2,x_note,"p(y=0|x,D)","p(y=1|x,D)","p(u=0|z,D)","p(u=1|z,D)","p(y=0|x,u=0,z,D)","p(y=1|x,u=0,z,D)","p(y=0|x,u=1,z,D)","p(y=1|x,u=1,z,D)","p(y=0|x,z,D)","p(y=1|x,z,D)","H[p(u|z,D)]","Var[p(u|z,D)]","H[p(y|x,u=0,z,D)]","H[p(y|x,u=1,z,D)]","Var[p(y|x,u=0,z,D)]","Var[p(y|x,u=1,z,D)]","H[p(y|x,D)]","Var[p(y|x,D)]",Va,Ve,Va_variance,Ve_variance,kl_pyx_pyxz,kl_pyxz_pyx,api_calls
0.3,-0.7,x1 = 0.3; x2 = -0.7,0.3,-0.7,x1 = 0.3; x2 = -0.7,0.3011920532839003,0.6988079467160997,0.30357768974414956,0.6964223102558503,0.9476867182825695,0.05231328171743058,0.025978586652860246,0.9740214133471398,0.3057886118714039,0.6942113881285961,0.88562,0.21142,0.29614,0.17381,0.04958,0.0253,0.88274,0.21048,0.21095,0.67179,0.03267,0.17781,4.9905774576723336e-05,5.004814993360418e-05,7400
