z_x1,z_x2,z_note,x_x1,x_x2,x_note,"p(y=0|x,D)","p(y=1|x,D)","p(u=0|z,D)","p(u=1|z,D)","p(y=0|x,u=0,z,D)","p(y=1|x,u=0,z,D)","p(y=0|x,u=1,z,D)","p(y=1|x,u=1,z,D)","p(y=0|x,z,D)","p(y=1|x,z,D)","H[p(u|z,D)]","Var[p(u|z,D)]","H[p(y|x,u=0,z,D)]","H[p(y|x,u=1,z,D)]","Var[p(y|x,u=0,z,D)]","Var[p(y|x,u=1,z,D)]","H[p(y|x,D)]","Var[p(y|x,D)]",Va,Ve,Va_variance,Ve_variance,kl_pyx_pyxz,kl_pyxz_pyx,api_calls
-0.1,-0.5,x1 = -0.1; x2 = -0.5,-0.1,-0.5,x1 = -0.1; x2 = -0.5,0.3409248051216343,0.6590751948783657,0.33617547839784423,0.6638245216021558,0.9425935454511501,0.05740645454884985,0.03252965816880945,0.9674703418311903,0.3384708208485521,0.6615291791514477,0.92111,0.22316,0.31706,0.20692,0.05411,0.03147,0.9257,0.2247,0.24395,0.68175,0.03908,0.18562,1.3431771607105847e-05,1.3416076406928563e-05,5840
