z_x1,z_x2,z_note,x_x1,x_x2,x_note,"p(y=0|x,D)","p(y=1|x,D)","p(u=0|z,D)","p(u=1|z,D)","p(y=0|x,u=0,z,D)","p(y=1|x,u=0,z,D)","p(y=0|x,u=1,z,D)","p(y=1|x,u=1,z,D)","p(y=0|x,z,D)","p(y=1|x,z,D)","H[p(u|z,D)]","Var[p(u|z,D)]","H[p(y|x,u=0,z,D)]","H[p(y|x,u=1,z,D)]","Var[p(y|x,u=0,z,D)]","Var[p(y|x,u=1,z,D)]","H[p(y|x,D)]","Var[p(y|x,D)]",Va,Ve,Va_variance,Ve_variance,kl_pyx_pyxz,kl_pyxz_pyx,api_calls
-1.3,1.9,x1 = -1.3; x2 = 1.9,-1.3,1.9,x1 = -1.3; x2 = 1.9,0.43559745195067245,0.5644025480493275,0.4357569091878656,0.5642430908121344,0.9634281456577252,0.03657185434227482,0.03514453409606094,0.9648554659039391,0.43965053151992095,0.560349468480079,0.98806,0.24587,0.22635,0.21957,0.03523,0.03391,0.988,0.24585,0.22252,0.7654799999999999,0.03449,0.21136000000000002,3.336308389838456e-05,3.338594014272098e-05,1520
