z_x1,z_x2,z_note,x_x1,x_x2,x_note,"p(y=0|x,D)","p(y=1|x,D)","p(u=0|z,D)","p(u=1|z,D)","p(y=0|x,u=0,z,D)","p(y=1|x,u=0,z,D)","p(y=0|x,u=1,z,D)","p(y=1|x,u=1,z,D)","p(y=0|x,z,D)","p(y=1|x,z,D)","H[p(u|z,D)]","Var[p(u|z,D)]","H[p(y|x,u=0,z,D)]","H[p(y|x,u=1,z,D)]","Var[p(y|x,u=0,z,D)]","Var[p(y|x,u=1,z,D)]","H[p(y|x,D)]","Var[p(y|x,D)]",Va,Ve,Va_variance,Ve_variance,kl_pyx_pyxz,kl_pyxz_pyx,api_calls
-1.3,-0.5,x1 = -1.3; x2 = -0.5,-1.3,-0.5,x1 = -1.3; x2 = -0.5,0.45520871713447464,0.5447912828655255,0.4611472797109357,0.5388527202890643,0.9539366360028533,0.046063363997146674,0.03823208247212393,0.9617679175278762,0.46050674635173666,0.5394932536482633,0.99564,0.24849,0.26943,0.23413,0.04394,0.03677,0.9942,0.24799,0.25041,0.74379,0.04008,0.20790999999999998,5.65234752945825e-05,5.655738054817158e-05,1040
