z_x1,z_x2,z_note,x_x1,x_x2,x_note,"p(y=0|x,D)","p(y=1|x,D)","p(u=0|z,D)","p(u=1|z,D)","p(y=0|x,u=0,z,D)","p(y=1|x,u=0,z,D)","p(y=0|x,u=1,z,D)","p(y=1|x,u=1,z,D)","p(y=0|x,z,D)","p(y=1|x,z,D)","H[p(u|z,D)]","Var[p(u|z,D)]","H[p(y|x,u=0,z,D)]","H[p(y|x,u=1,z,D)]","Var[p(y|x,u=0,z,D)]","Var[p(y|x,u=1,z,D)]","H[p(y|x,D)]","Var[p(y|x,D)]",Va,Ve,Va_variance,Ve_variance,kl_pyx_pyxz,kl_pyxz_pyx,api_calls
0.9,0.9,x1 = 0.9; x2 = 0.9,0.9,0.9,x1 = 0.9; x2 = 0.9,0.8548751347935453,0.14512486520645473,0.8543047198835302,0.14569528011646993,0.977027847200431,0.02297215279956892,0.12073999370436701,0.8792600062956331,0.8522707485249914,0.14772925147500876,0.59896,0.12447,0.15782,0.53148,0.02244,0.10616,0.5975,0.12406,0.21226,0.38524,0.03464,0.08942,2.7068285153860477e-05,2.720156706764905e-05,10120
