z_x1,z_x2,z_note,x_x1,x_x2,x_note,"p(y=0|x,D)","p(y=1|x,D)","p(u=0|z,D)","p(u=1|z,D)","p(y=0|x,u=0,z,D)","p(y=1|x,u=0,z,D)","p(y=0|x,u=1,z,D)","p(y=1|x,u=1,z,D)","p(y=0|x,z,D)","p(y=1|x,z,D)","H[p(u|z,D)]","Var[p(u|z,D)]","H[p(y|x,u=0,z,D)]","H[p(y|x,u=1,z,D)]","Var[p(y|x,u=0,z,D)]","Var[p(y|x,u=1,z,D)]","H[p(y|x,D)]","Var[p(y|x,D)]",Va,Ve,Va_variance,Ve_variance,kl_pyx_pyxz,kl_pyxz_pyx,api_calls
-0.1,-0.3,x1 = -0.1; x2 = -0.3,-0.1,-0.3,x1 = -0.1; x2 = -0.3,0.28122985745231227,0.7187701425476878,0.28122985407890366,0.7187701459210963,0.9534123424757934,0.04658765752420662,0.023226160249235538,0.9767738397507644,0.2848222845430229,0.7151777154569771,0.85712,0.20214,0.27172,0.15919,0.04442,0.02269,0.85712,0.20214,0.19084,0.66628,0.0288,0.17334,3.1758803045206074e-05,3.1840236470717567e-05,5880
