z_x1,z_x2,z_note,x_x1,x_x2,x_note,"p(y=0|x,D)","p(y=1|x,D)","p(u=0|z,D)","p(u=1|z,D)","p(y=0|x,u=0,z,D)","p(y=1|x,u=0,z,D)","p(y=0|x,u=1,z,D)","p(y=1|x,u=1,z,D)","p(y=0|x,z,D)","p(y=1|x,z,D)","H[p(u|z,D)]","Var[p(u|z,D)]","H[p(y|x,u=0,z,D)]","H[p(y|x,u=1,z,D)]","Var[p(y|x,u=0,z,D)]","Var[p(y|x,u=1,z,D)]","H[p(y|x,D)]","Var[p(y|x,D)]",Va,Ve,Va_variance,Ve_variance,kl_pyx_pyxz,kl_pyxz_pyx,api_calls
1.3,0.1,x1 = 1.3; x2 = 0.1,1.3,0.1,x1 = 1.3; x2 = 0.1,0.6919433206174841,0.3080566793825158,0.6917143962240851,0.3082856037759148,0.9621789322421904,0.03782106775780965,0.07355574197693256,0.9264442580230675,0.6882291955019857,0.3117708044980143,0.89118,0.21325,0.23221,0.37906,0.03639,0.06815,0.89092,0.21316,0.27748,0.61344,0.04618,0.16698,3.221547974197568e-05,3.228645743408396e-05,11560
