z_x1,z_x2,z_note,x_x1,x_x2,x_note,"p(y=0|x,D)","p(y=1|x,D)","p(u=0|z,D)","p(u=1|z,D)","p(y=0|x,u=0,z,D)","p(y=1|x,u=0,z,D)","p(y=0|x,u=1,z,D)","p(y=1|x,u=1,z,D)","p(y=0|x,z,D)","p(y=1|x,z,D)","H[p(u|z,D)]","Var[p(u|z,D)]","H[p(y|x,u=0,z,D)]","H[p(y|x,u=1,z,D)]","Var[p(y|x,u=0,z,D)]","Var[p(y|x,u=1,z,D)]","H[p(y|x,D)]","Var[p(y|x,D)]",Va,Ve,Va_variance,Ve_variance,kl_pyx_pyxz,kl_pyxz_pyx,api_calls
1.31,-0.66,x1 = 1.31; x2 = -0.66,1.4,-0.7,x1 = 1.4; x2 = -0.7,0.09268150669942923,0.9073184933005709,0.11139624230931315,0.8886037576906867,0.2167958871519517,0.7832041128480484,0.04594196414955798,0.9540580358504419,0.06497444915582935,0.9350255508441703,0.50411,0.09899,0.75427,0.2689,0.1698,0.04383,0.44536,0.08409,0.32297,0.12239,0.05786,0.026229999999999996,0.005625712443414598,0.005048574748401726,100040
1.38,-0.74,x1 = 1.38; x2 = -0.74,1.4,-0.7,x1 = 1.4; x2 = -0.7,0.09268150669942923,0.9073184933005709,0.10262515813141586,0.8973748418685841,0.2270069775758965,0.7729930224241035,0.040182845581298574,0.9598171544187014,0.0593557016700087,0.9406442983299912,0.47726,0.09209,0.77276,0.24313,0.17547,0.03857,0.44536,0.08409,0.29748,0.14787999999999996,0.05262,0.03147,0.008572442370196748,0.007480341200019468,100070
1.32,-0.72,x1 = 1.32; x2 = -0.72,1.4,-0.7,x1 = 1.4; x2 = -0.7,0.09268150669942923,0.9073184933005709,0.11604944024444033,0.8839505597555597,0.21275331524624078,0.7872466847537593,0.043404539197414924,0.9565954608025852,0.06305736986396225,0.9369426301360378,0.5179,0.10258,0.74671,0.25769,0.16749,0.04152,0.44536,0.08409,0.31444,0.13091999999999998,0.05614,0.027949999999999996,0.006543078357317943,0.005817667570549596,100100
1.44,-0.64,x1 = 1.44; x2 = -0.64,1.4,-0.7,x1 = 1.4; x2 = -0.7,0.09268150669942923,0.9073184933005709,0.11149858682614922,0.8885014131738508,0.23008510639832042,0.7699148936016796,0.04048553277466833,0.9595144672253315,0.06162561729654597,0.9383743827034539,0.50442,0.09907,0.77816,0.24451,0.17715,0.03885,0.44536,0.08409,0.30401,0.14134999999999998,0.05427,0.02982,0.007286296589268285,0.0064325421334765626,100130
1.4,-0.73,x1 = 1.4; x2 = -0.73,1.4,-0.7,x1 = 1.4; x2 = -0.7,0.09268150669942923,0.9073184933005709,0.0951486419509888,0.9048513580490113,0.3316088582025557,0.6683911417974443,0.030208959676200093,0.9697910403237999,0.05888675070514866,0.9411132492948515,0.45343,0.0861,0.91656,0.19544,0.22164,0.0293,0.44536,0.08409,0.26405,0.18130999999999997,0.0476,0.036489999999999995,0.00885537420395724,0.007708205559987288,100160
