z_x1,z_x2,z_note,x_x1,x_x2,x_note,"p(y=0|x,D)","p(y=1|x,D)","p(u=0|z,D)","p(u=1|z,D)","p(y=0|x,u=0,z,D)","p(y=1|x,u=0,z,D)","p(y=0|x,u=1,z,D)","p(y=1|x,u=1,z,D)","p(y=0|x,z,D)","p(y=1|x,z,D)","H[p(u|z,D)]","Var[p(u|z,D)]","H[p(y|x,u=0,z,D)]","H[p(y|x,u=1,z,D)]","Var[p(y|x,u=0,z,D)]","Var[p(y|x,u=1,z,D)]","H[p(y|x,D)]","Var[p(y|x,D)]",Va,Ve,Va_variance,Ve_variance,kl_pyx_pyxz,kl_pyxz_pyx,api_calls
3.13,-0.62,x1 = 3.13; x2 = -0.62,3.2,-0.7,x1 = 3.2; x2 = -0.7,0.13448572787091073,0.8655142721290892,0.10815415258168606,0.8918458474183139,0.6021251426564722,0.39787485734352784,0.044103601108653544,0.9558963988913465,0.104455948057084,0.895544051942916,0.49432,0.09646,0.96969,0.2608,0.23957,0.04216,0.56961,0.1164,0.33747,0.23213999999999996,0.06351,0.052890000000000006,0.004462984833145552,0.00414956191614492,140360
3.15,-0.68,x1 = 3.15; x2 = -0.68,3.2,-0.7,x1 = 3.2; x2 = -0.7,0.13448572787091073,0.8655142721290892,0.11164924989040384,0.8883507501095963,0.6136650055860654,0.38633499441393443,0.04173511679745706,0.9582648832025429,0.10559065987060728,0.8944093401293929,0.50487,0.09918,0.96239,0.25019,0.23708,0.03999,0.56961,0.1164,0.32971,0.23989999999999995,0.06199,0.05441,0.0041072931372263324,0.0038309865529943636,140390
3.17,-0.69,x1 = 3.17; x2 = -0.69,3.2,-0.7,x1 = 3.2; x2 = -0.7,0.13448572787091073,0.8655142721290892,0.10084394936726444,0.8991560506327356,0.6029896178859248,0.39701038211407524,0.04325917603615197,0.956740823963848,0.099704604373367,0.900295395626633,0.47167,0.09067,0.96917,0.25704,0.23939,0.04139,0.56961,0.1164,0.32885,0.24075999999999997,0.06136,0.055040000000000006,0.006143895335515806,0.005634568145984464,140420
3.17,-0.7,x1 = 3.17; x2 = -0.7,3.2,-0.7,x1 = 3.2; x2 = -0.7,0.13448572787091073,0.8655142721290892,0.10617946172802468,0.8938205382719753,0.6516020805775297,0.34839791942247045,0.046975687097647836,0.9530243129023521,0.11117459210389855,0.8888254078961013,0.48828,0.09491,0.93263,0.27341,0.22702,0.04477,0.56961,0.1164,0.34341,0.22619999999999996,0.06412,0.05228000000000001,0.002597455616274249,0.0024595030465881587,140450
3.29,-0.66,x1 = 3.29; x2 = -0.66,3.2,-0.7,x1 = 3.2; x2 = -0.7,0.13448572787091073,0.8655142721290892,0.11964351705319695,0.880356482946803,0.6333957997663399,0.36660420023366014,0.045070541257720566,0.9549294587422794,0.11545984435692307,0.8845401556430769,0.52834,0.10533,0.94803,0.26508,0.23221,0.04304,0.56961,0.1164,0.34679,0.22281999999999996,0.06567,0.05073,0.0016940347875640215,0.0016217833797448344,140480
