z_x1,z_x2,z_note,x_x1,x_x2,x_note,"p(y=0|x,D)","p(y=1|x,D)","p(u=0|z,D)","p(u=1|z,D)","p(y=0|x,u=0,z,D)","p(y=1|x,u=0,z,D)","p(y=0|x,u=1,z,D)","p(y=1|x,u=1,z,D)","p(y=0|x,z,D)","p(y=1|x,z,D)","H[p(u|z,D)]","Var[p(u|z,D)]","H[p(y|x,u=0,z,D)]","H[p(y|x,u=1,z,D)]","Var[p(y|x,u=0,z,D)]","Var[p(y|x,u=1,z,D)]","H[p(y|x,D)]","Var[p(y|x,D)]",Va,Ve,Va_variance,Ve_variance,kl_pyx_pyxz,kl_pyxz_pyx,api_calls
1.07,-1.07,x1 = 1.07; x2 = -1.07,1.2,-1.1,x1 = 1.2; x2 = -1.1,0.1199802693936451,0.8800197306063549,0.16689305623904133,0.8331069437609587,0.2504013748127664,0.7495986251872336,0.05864535144292338,0.9413546485570766,0.09064810023536152,0.9093518997646385,0.65055,0.13904,0.81191,0.32204,0.1877,0.05521,0.5293,0.10559,0.4038,0.1255,0.07732,0.028270000000000003,0.004781620046636216,0.00440316639521084,95240
1.15,-1.08,x1 = 1.15; x2 = -1.08,1.2,-1.1,x1 = 1.2; x2 = -1.1,0.1199802693936451,0.8800197306063549,0.12410011625106143,0.8758998837489385,0.29193553530657357,0.7080644646934265,0.05808120861678462,0.9419187913832154,0.08710255774480112,0.9128974422551989,0.54103,0.1087,0.87121,0.31978,0.20671,0.05471,0.5293,0.10559,0.38821,0.14109,0.07357,0.03202000000000001,0.006144175194986758,0.0055905466527146515,95270
1.43,-1.22,x1 = 1.43; x2 = -1.22,1.2,-1.1,x1 = 1.2; x2 = -1.1,0.1199802693936451,0.8800197306063549,0.09763527336547775,0.9023647266345222,0.2955898651684112,0.704410134831589,0.06560594847765824,0.9343940515223418,0.08806049105342317,0.9119395089465768,0.46145,0.0881,0.87583,0.34931,0.20822,0.0613,0.5293,0.10559,0.40072,0.12857999999999997,0.07564,0.029950000000000004,0.00575578216657744,0.005254391962044788,95300
1.19,-1.1,x1 = 1.19; x2 = -1.1,1.2,-1.1,x1 = 1.2; x2 = -1.1,0.1199802693936451,0.8800197306063549,0.1252591655277954,0.8747408344722045,0.33558726254404553,0.6644127374559545,0.06272395741801078,0.9372760425819893,0.09690258732125409,0.9030974126787459,0.54429,0.10957,0.92053,0.33816,0.22297,0.05879,0.5293,0.10559,0.41111,0.11819000000000002,0.07936,0.026230000000000003,0.0028500405051244022,0.002677230141617165,95330
1.2,-1.1,x1 = 1.2; x2 = -1.1,1.2,-1.1,x1 = 1.2; x2 = -1.1,0.1199802693936451,0.8800197306063549,0.1199802693936451,0.8800197306063549,0.6308728643351158,0.36912713566488425,0.060216268885344884,0.9397837311146553,0.12868380093866874,0.8713161990613314,0.5293,0.10559,0.95,0.3283,0.23287,0.05659,0.5293,0.10559,0.40289,0.12640999999999997,0.07774,0.02785,0.0003445269602190843,0.00035149724059739887,95360
