z_x1,z_x2,z_note,x_x1,x_x2,x_note,"p(y=0|x,D)","p(y=1|x,D)","p(u=0|z,D)","p(u=1|z,D)","p(y=0|x,u=0,z,D)","p(y=1|x,u=0,z,D)","p(y=0|x,u=1,z,D)","p(y=1|x,u=1,z,D)","p(y=0|x,z,D)","p(y=1|x,z,D)","H[p(u|z,D)]","Var[p(u|z,D)]","H[p(y|x,u=0,z,D)]","H[p(y|x,u=1,z,D)]","Var[p(y|x,u=0,z,D)]","Var[p(y|x,u=1,z,D)]","H[p(y|x,D)]","Var[p(y|x,D)]",Va,Ve,Va_variance,Ve_variance,kl_pyx_pyxz,kl_pyxz_pyx,api_calls
0.37,-2.17,x1 = 0.37; x2 = -2.17,0.4,-2.3,x1 = 0.4; x2 = -2.3,0.39584010180471924,0.6041598981952807,0.4299608293962544,0.5700391706037455,0.7632762575890571,0.23672374241094296,0.15859817011960792,0.841401829880392,0.41858606212571314,0.5814139378742867,0.9858,0.24509,0.78955,0.63095,0.18069,0.13344,0.96847,0.23915,0.69914,0.26933000000000007,0.15376,0.08539,0.0010687563720531458,0.0010750071910101723,76360
0.35,-2.28,x1 = 0.35; x2 = -2.28,0.4,-2.3,x1 = 0.4; x2 = -2.3,0.39584010180471924,0.6041598981952807,0.43410893152431906,0.565891068475681,0.7515823868199469,0.24841761318005312,0.15400333577515962,0.8459966642248405,0.41341773912552876,0.5865822608744715,0.98744,0.24566,0.80876,0.61977,0.18671,0.13029,0.96847,0.23915,0.70181,0.26666,0.15478,0.08437,0.0006398688026369517,0.0006428450387687065,76390
0.43,-2.4,x1 = 0.43; x2 = -2.4,0.4,-2.3,x1 = 0.4; x2 = -2.3,0.39584010180471924,0.6041598981952807,0.45127027062733455,0.5487297293726654,0.7816910129930446,0.2183089870069555,0.14171086657399862,0.8582891334260013,0.43051488044464264,0.5694851195553573,0.99314,0.24763,0.75707,0.5887,0.17065,0.12163,0.96847,0.23915,0.66468,0.30379,0.14375,0.09540000000000001,0.0024703169225971516,0.0024908735589799363,76420
0.33,-2.43,x1 = 0.33; x2 = -2.43,0.4,-2.3,x1 = 0.4; x2 = -2.3,0.39584010180471924,0.6041598981952807,0.47077490483002854,0.5292250951699714,0.7615792348721377,0.2384207651278623,0.1607136152987428,0.839286384701257,0.44358607016904394,0.5564139298309559,0.99753,0.24915,0.7924,0.63601,0.18158,0.13488,0.96847,0.23915,0.70963,0.25884000000000007,0.15687,0.08227999999999999,0.00465944197214109,0.004708694521692064,76450
0.43,-2.29,x1 = 0.43; x2 = -2.29,0.4,-2.3,x1 = 0.4; x2 = -2.3,0.39584010180471924,0.6041598981952807,0.4492201930169454,0.5507798069830546,0.7663592110513541,0.23364078894864604,0.15697606774974865,0.8430239322502512,0.4307232810049687,0.5692767189950312,0.99255,0.24742,0.7843,0.62703,0.17905,0.13233,0.96847,0.23915,0.69768,0.2707900000000001,0.15332,0.08582999999999999,0.002499877949198419,0.002520779617966401,76480
