z_x1,z_x2,z_note,x_x1,x_x2,x_note,"p(y=0|x,D)","p(y=1|x,D)","p(u=0|z,D)","p(u=1|z,D)","p(y=0|x,u=0,z,D)","p(y=1|x,u=0,z,D)","p(y=0|x,u=1,z,D)","p(y=1|x,u=1,z,D)","p(y=0|x,z,D)","p(y=1|x,z,D)","H[p(u|z,D)]","Var[p(u|z,D)]","H[p(y|x,u=0,z,D)]","H[p(y|x,u=1,z,D)]","Var[p(y|x,u=0,z,D)]","Var[p(y|x,u=1,z,D)]","H[p(y|x,D)]","Var[p(y|x,D)]",Va,Ve,Va_variance,Ve_variance,kl_pyx_pyxz,kl_pyxz_pyx,api_calls
2.82,-2.51,x1 = 2.82; x2 = -2.51,3.0,-2.5,x1 = 3.0; x2 = -2.5,0.3098846798618681,0.6901153201381319,0.3032553979722181,0.6967446020277819,0.6450578374153462,0.35494216258465394,0.13486063341957863,0.8651393665804215,0.2895806895616281,0.710419310438372,0.88523,0.21129,0.9384,0.57062,0.22896,0.11667,0.89304,0.21386,0.68215,0.2108899999999999,0.15072,0.06314,0.0009886834700937874,0.0009759896907842666,134440
2.93,-2.55,x1 = 2.93; x2 = -2.55,3.0,-2.5,x1 = 3.0; x2 = -2.5,0.3098846798618681,0.6901153201381319,0.3055730128489414,0.6944269871510587,0.6636890141045751,0.3363109858954249,0.12347987604925292,0.8765201239507471,0.28855320993334743,0.7114467900666526,0.888,0.2122,0.92124,0.53928,0.22321,0.10823,0.89304,0.21386,0.656,0.23703999999999992,0.14336,0.07050000000000001,0.001092767371868992,0.0010779792649633357,134470
3.1,-2.46,x1 = 3.1; x2 = -2.46,3.0,-2.5,x1 = 3.0; x2 = -2.5,0.3098846798618681,0.6901153201381319,0.2281564497848414,0.7718435502151586,0.770397689762732,0.22960231023726801,0.07274391784073288,0.927256082159267,0.23191812562145966,0.7680818743785404,0.77478,0.1761,0.77732,0.37608,0.17689,0.06745,0.89304,0.21386,0.46763,0.42540999999999995,0.09242,0.12143999999999999,0.01594118250999868,0.0150001131908159,134500
2.84,-2.56,x1 = 2.84; x2 = -2.56,3.0,-2.5,x1 = 3.0; x2 = -2.5,0.3098846798618681,0.6901153201381319,0.31051211639432624,0.6894878836056737,0.6398368227950143,0.36016317720498564,0.13372651818289932,0.8662734818171007,0.29087989999698427,0.7091201000030157,0.89376,0.21409,0.94282,0.56757,0.23045,0.11584,0.89304,0.21386,0.68409,0.20894999999999997,0.15143,0.062429999999999986,0.0008647223078348323,0.000854373148745171,134530
2.91,-2.44,x1 = 2.91; x2 = -2.44,3.0,-2.5,x1 = 3.0; x2 = -2.5,0.3098846798618681,0.6901153201381319,0.2847485161237754,0.7152514838762247,0.6529541616615016,0.3470458383384984,0.12484564762564461,0.8751543523743553,0.2752237633496869,0.7247762366503132,0.86184,0.20367,0.9314,0.54313,0.22661,0.10926,0.89304,0.21386,0.65369,0.23934999999999995,0.14268,0.07118,0.0029386254722602798,0.0028712383920452,134560
