z_x1,z_x2,z_note,x_x1,x_x2,x_note,"p(y=0|x,D)","p(y=1|x,D)","p(u=0|z,D)","p(u=1|z,D)","p(y=0|x,u=0,z,D)","p(y=1|x,u=0,z,D)","p(y=0|x,u=1,z,D)","p(y=1|x,u=1,z,D)","p(y=0|x,z,D)","p(y=1|x,z,D)","H[p(u|z,D)]","Var[p(u|z,D)]","H[p(y|x,u=0,z,D)]","H[p(y|x,u=1,z,D)]","Var[p(y|x,u=0,z,D)]","Var[p(y|x,u=1,z,D)]","H[p(y|x,D)]","Var[p(y|x,D)]",Va,Ve,Va_variance,Ve_variance,kl_pyx_pyxz,kl_pyxz_pyx,api_calls
-0.4,2.4,x1 = -0.4; x2 = 2.4,-0.4,2.5,x1 = -0.4; x2 = 2.5,0.8040566981539945,0.1959433018460055,0.8240390277609004,0.17596097223909962,0.9299298545066808,0.07007014549331907,0.15899442314822643,0.8410055768517737,0.7942753064712775,0.2057246935287224,0.67116,0.145,0.36619,0.6319,0.06516,0.13372,0.71374,0.15755,0.41294,0.30080000000000007,0.07722,0.08033,0.0002962912152981931,0.0002999153872159082,62280
-0.4,2.5,x1 = -0.4; x2 = 2.5,-0.4,2.5,x1 = -0.4; x2 = 2.5,0.8040566981539945,0.1959433018460055,0.8040566981539945,0.1959433018460055,0.9139112878802118,0.08608871211978825,0.13581376812463,0.8641862318753699,0.7614482907011156,0.23855170929888442,0.71374,0.15755,0.42328,0.57317,0.07868,0.11737,0.71374,0.15755,0.45265,0.26109000000000004,0.08626,0.07128999999999999,0.0052249419388844115,0.005478642704490583,62310
-0.33,2.59,x1 = -0.33; x2 = 2.59,-0.4,2.5,x1 = -0.4; x2 = 2.5,0.8040566981539945,0.1959433018460055,0.8318686302162981,0.16813136978370186,0.9214815753212336,0.07851842467876627,0.32442702207344665,0.6755729779265535,0.8210979754480869,0.1789020245519129,0.65341,0.13986,0.39694,0.90913,0.07235,0.21917,0.71374,0.15755,0.48306,0.23068000000000005,0.09704,0.060509999999999994,0.000965098325838163,0.0009428377330681671,62340
-0.35,2.55,x1 = -0.35; x2 = 2.55,-0.4,2.5,x1 = -0.4; x2 = 2.5,0.8040566981539945,0.1959433018460055,0.836520108090974,0.1634798919090259,0.9217990989767045,0.07820090102329529,0.30285050107383993,0.6971494989261601,0.820613449094301,0.17938655090569877,0.64257,0.13675,0.39581,0.88475,0.07209,0.21113,0.71374,0.15755,0.47574,0.23800000000000004,0.09482,0.06273,0.0009097462597630057,0.0008893888390526343,62370
-0.4,2.48,x1 = -0.4; x2 = 2.48,-0.4,2.5,x1 = -0.4; x2 = 2.5,0.8040566981539945,0.1959433018460055,0.8380318854103204,0.1619681145896797,0.9285469157281396,0.07145308427186041,0.19170731753074835,0.8082926824692516,0.8092023952530911,0.19079760474690902,0.639,0.13573,0.37132,0.70503,0.06635,0.15496,0.71374,0.15755,0.42537,0.28837,0.0807,0.07685,8.516814310070061e-05,8.459568236873945e-05,62400
