z_x1,z_x2,z_note,x_x1,x_x2,x_note,"p(y=0|x,D)","p(y=1|x,D)","p(u=0|z,D)","p(u=1|z,D)","p(y=0|x,u=0,z,D)","p(y=1|x,u=0,z,D)","p(y=0|x,u=1,z,D)","p(y=1|x,u=1,z,D)","p(y=0|x,z,D)","p(y=1|x,z,D)","H[p(u|z,D)]","Var[p(u|z,D)]","H[p(y|x,u=0,z,D)]","H[p(y|x,u=1,z,D)]","Var[p(y|x,u=0,z,D)]","Var[p(y|x,u=1,z,D)]","H[p(y|x,D)]","Var[p(y|x,D)]",Va,Ve,Va_variance,Ve_variance,kl_pyx_pyxz,kl_pyxz_pyx,api_calls
1.62,0.01,x1 = 1.62; x2 = 0.01,1.4,-0.1,x1 = 1.4; x2 = -0.1,0.11297269905787395,0.8870273009421261,0.17185476389508092,0.8281452361049189,0.16590593571210427,0.8340940642878957,0.056931152462352974,0.9430688475376471,0.0756589881082566,0.9243410118917432,0.66193,0.14232,0.64825,0.31514,0.13838,0.05369,0.50882,0.10021,0.37239,0.13643000000000005,0.06824,0.03197,0.008741649458327262,0.0077553110591577,100520
1.46,-0.15,x1 = 1.46; x2 = -0.15,1.4,-0.1,x1 = 1.4; x2 = -0.1,0.11297269905787395,0.8870273009421261,0.11300180926270129,0.8869981907372987,0.22159931851947756,0.7784006814805224,0.04327587707668311,0.9567241229233169,0.06342674859367026,0.9365732514063297,0.5089,0.10023,0.76308,0.25712,0.17249,0.0414,0.50882,0.10021,0.31429,0.19453000000000004,0.05621,0.04399999999999999,0.01700299146098489,0.014290849679731932,100550
1.42,-0.21,x1 = 1.42; x2 = -0.21,1.4,-0.1,x1 = 1.4; x2 = -0.1,0.11297269905787395,0.8870273009421261,0.11300121729298336,0.8869987827070165,0.2227432825660975,0.7772567174339025,0.048011434421414395,0.9519885655785856,0.0677563459616163,0.9322436540383835,0.5089,0.10023,0.76515,0.27789,0.17313,0.04571,0.50882,0.10021,0.33295,0.17587000000000003,0.06011,0.0401,0.013653190923970118,0.0117107648407127,100580
1.32,-0.05,x1 = 1.32; x2 = -0.05,1.4,-0.1,x1 = 1.4; x2 = -0.1,0.11297269905787395,0.8870273009421261,0.12092861599731312,0.8790713840026868,0.22380099623218902,0.7761990037678111,0.045303856671990564,0.9546961433280095,0.0668892687184846,0.9331107312815153,0.53202,0.1063,0.76705,0.2661,0.17371,0.04325,0.50882,0.10021,0.32668,0.18214000000000002,0.05903,0.041179999999999994,0.014283593212748795,0.012203123715633105,100610
1.31,-0.14,x1 = 1.31; x2 = -0.14,1.4,-0.1,x1 = 1.4; x2 = -0.1,0.11297269905787395,0.8870273009421261,0.1236747091841198,0.8763252908158801,0.21453168921547272,0.7854683107845273,0.049739900698201826,0.950260099301798,0.07012047721900627,0.9298795227809935,0.53983,0.10838,0.75006,0.28529,0.16851,0.04727,0.50882,0.10021,0.34277,0.16605000000000003,0.06226,0.03794999999999999,0.012030916856242399,0.010428386587628999,100640
