z_x1,z_x2,z_note,x_x1,x_x2,x_note,"p(y=0|x,D)","p(y=1|x,D)","p(u=0|z,D)","p(u=1|z,D)","p(y=0|x,u=0,z,D)","p(y=1|x,u=0,z,D)","p(y=0|x,u=1,z,D)","p(y=1|x,u=1,z,D)","p(y=0|x,z,D)","p(y=1|x,z,D)","H[p(u|z,D)]","Var[p(u|z,D)]","H[p(y|x,u=0,z,D)]","H[p(y|x,u=1,z,D)]","Var[p(y|x,u=0,z,D)]","Var[p(y|x,u=1,z,D)]","H[p(y|x,D)]","Var[p(y|x,D)]",Va,Ve,Va_variance,Ve_variance,kl_pyx_pyxz,kl_pyxz_pyx,api_calls
-0.7,-1.28,x1 = -0.7; x2 = -1.28,-0.8,-1.3,x1 = -0.8; x2 = -1.3,0.5946531102060332,0.405346889793967,0.5985422448298445,0.4014577551701553,0.8229212797845464,0.1770787202154534,0.25877844200547606,0.7412215579945239,0.5964417625344396,0.4035582374655601,0.9718,0.24029,0.67364,0.8249,0.14572,0.19181,0.97399,0.24104,0.73436,0.23963,0.16422,0.07682,6.642646956970481e-06,6.639505655136159e-06,50280
-0.77,-1.32,x1 = -0.77; x2 = -1.32,-0.8,-1.3,x1 = -0.8; x2 = -1.3,0.5946531102060332,0.405346889793967,0.625121082564865,0.37487891743513496,0.8017575755421035,0.19824242445789664,0.3273267841032664,0.6726732158967337,0.6239034740496179,0.3760965259503821,0.95434,0.23434,0.7184,0.91217,0.15894,0.22018,0.97399,0.24104,0.79104,0.18295000000000006,0.1819,0.05914,0.0018057041526538913,0.0017895993473422932,50310
-0.84,-1.26,x1 = -0.84; x2 = -1.26,-0.8,-1.3,x1 = -0.8; x2 = -1.3,0.5946531102060332,0.405346889793967,0.6217923702069049,0.3782076297930951,0.8031712040225678,0.1968287959774321,0.30259794530128414,0.6974020546987159,0.6138505783037853,0.3861494216962146,0.95677,0.23517,0.71554,0.88444,0.15809,0.21103,0.97399,0.24104,0.77942,0.19457000000000002,0.17811,0.06293000000000001,0.0007728536917876901,0.0007685519960941439,50340
-0.73,-1.3,x1 = -0.73; x2 = -1.3,-0.8,-1.3,x1 = -0.8; x2 = -1.3,0.5946531102060332,0.405346889793967,0.6326531906237511,0.3673468093762488,0.8071110535000731,0.1928889464999269,0.3314289680076465,0.6685710319923535,0.6323707571169901,0.3676292428830098,0.94861,0.2324,0.70748,0.91638,0.15568,0.22158,0.97399,0.24104,0.78422,0.18977,0.17989,0.06115000000000001,0.0030197733560110226,0.0029835904657029913,50370
-0.69,-1.22,x1 = -0.69; x2 = -1.22,-0.8,-1.3,x1 = -0.8; x2 = -1.3,0.5946531102060332,0.405346889793967,0.6100487829698739,0.38995121703012614,0.8096544757074413,0.19034552429255863,0.313340057437441,0.686659942562559,0.6161160642734556,0.38388393572654433,0.96477,0.23789,0.70219,0.89699,0.15411,0.21516,0.97399,0.24104,0.77815,0.19584000000000001,0.17792,0.06312000000000001,0.0009673763596127032,0.000961286767619092,50400
