z_x1,z_x2,z_note,x_x1,x_x2,x_note,"p(y=0|x,D)","p(y=1|x,D)","p(u=0|z,D)","p(u=1|z,D)","p(y=0|x,u=0,z,D)","p(y=1|x,u=0,z,D)","p(y=0|x,u=1,z,D)","p(y=1|x,u=1,z,D)","p(y=0|x,z,D)","p(y=1|x,z,D)","H[p(u|z,D)]","Var[p(u|z,D)]","H[p(y|x,u=0,z,D)]","H[p(y|x,u=1,z,D)]","Var[p(y|x,u=0,z,D)]","Var[p(y|x,u=1,z,D)]","H[p(y|x,D)]","Var[p(y|x,D)]",Va,Ve,Va_variance,Ve_variance,kl_pyx_pyxz,kl_pyxz_pyx,api_calls
2.04,1.69,x1 = 2.04; x2 = 1.69,2.2,1.7,x1 = 2.2; x2 = 1.7,0.19617656868323413,0.8038234313167658,0.23624376758104373,0.7637562324189563,0.6024006521272977,0.39759934787270235,0.08185219641948657,0.9181478035805133,0.20482852480439395,0.795171475195606,0.78874,0.18043,0.96953,0.40867,0.23951,0.07515,0.71422,0.15769,0.54117,0.17304999999999993,0.11398,0.04371,0.00023225739858365527,0.0002347743208435376,119880
2.05,1.74,x1 = 2.05; x2 = 1.74,2.2,1.7,x1 = 2.2; x2 = 1.7,0.19617656868323413,0.8038234313167658,0.22884623191406095,0.771153768085939,0.6092718333234515,0.3907281666765487,0.07957800967458446,0.9204219903254156,0.20079644528477877,0.7992035547152213,0.77599,0.17648,0.96527,0.40069,0.23806,0.07325,0.71422,0.15769,0.52989,0.18433,0.11097,0.04672,6.688603266889401e-05,6.727762161940192e-05,119910
2.43,1.72,x1 = 2.43; x2 = 1.72,2.2,1.7,x1 = 2.2; x2 = 1.7,0.19617656868323413,0.8038234313167658,0.1831207373371217,0.8168792626628782,0.6419584205318895,0.35804157946811055,0.08737371608983091,0.912626283910169,0.18892967608315037,0.8110703239168494,0.68686,0.14959,0.94105,0.42764,0.22985,0.07974,0.71422,0.15769,0.52166,0.19255999999999995,0.10723,0.05045999999999999,0.00016971528142072784,0.00016810139564974944,119940
2.32,1.72,x1 = 2.32; x2 = 1.72,2.2,1.7,x1 = 2.2; x2 = 1.7,0.19617656868323413,0.8038234313167658,0.19704773096419664,0.8029522690358034,0.6387258480875401,0.36127415191245993,0.08197743853777478,0.9180225614622252,0.19168344935748133,0.8083165506425187,0.71598,0.15822,0.94374,0.40911,0.23076,0.07526,0.71422,0.15769,0.51446,0.19975999999999994,0.1059,0.05179,6.476431245171048e-05,6.438556928464647e-05,119970
2.08,1.74,x1 = 2.08; x2 = 1.74,2.2,1.7,x1 = 2.2; x2 = 1.7,0.19617656868323413,0.8038234313167658,0.207796201095106,0.7922037989048941,0.6002717985157072,0.3997282014842928,0.08036964899287186,0.9196303510071283,0.18840334060489683,0.8115966593951034,0.73725,0.16462,0.97079,0.40348,0.23995,0.07391,0.71422,0.15769,0.52136,0.19285999999999992,0.10841,0.04927999999999999,0.00019553892491438237,0.0001935413043693884,120000
