z_x1,z_x2,z_note,x_x1,x_x2,x_note,"p(y=0|x,D)","p(y=1|x,D)","p(u=0|z,D)","p(u=1|z,D)","p(y=0|x,u=0,z,D)","p(y=1|x,u=0,z,D)","p(y=0|x,u=1,z,D)","p(y=1|x,u=1,z,D)","p(y=0|x,z,D)","p(y=1|x,z,D)","H[p(u|z,D)]","Var[p(u|z,D)]","H[p(y|x,u=0,z,D)]","H[p(y|x,u=1,z,D)]","Var[p(y|x,u=0,z,D)]","Var[p(y|x,u=1,z,D)]","H[p(y|x,D)]","Var[p(y|x,D)]",Va,Ve,Va_variance,Ve_variance,kl_pyx_pyxz,kl_pyxz_pyx,api_calls
1.08,-0.41,x1 = 1.08; x2 = -0.41,1.2,-0.3,x1 = 1.2; x2 = -0.3,0.14346693217021905,0.856533067829781,0.16393604399193415,0.8360639560080658,0.20688277718115627,0.7931172228188437,0.07430382031472627,0.9256961796852735,0.09603829001998607,0.9039617099800137,0.64364,0.13706,0.73548,0.38178,0.16408,0.06878,0.59325,0.12288,0.43976,0.15349000000000007,0.0844,0.03848,0.01141948410696151,0.010172485037750208,95880
1.2,-0.22,x1 = 1.2; x2 = -0.22,1.2,-0.3,x1 = 1.2; x2 = -0.3,0.14346693217021905,0.856533067829781,0.14327345899852278,0.8567265410014773,0.3639658250275854,0.6360341749724145,0.0512815362888422,0.9487184637111579,0.0960808959109348,0.9039191040890654,0.59275,0.12275,0.94593,0.29182,0.23149,0.04865,0.59325,0.12288,0.38554,0.20771000000000006,0.07485,0.04803,0.01139622276803437,0.010153099087602882,95910
1.19,-0.25,x1 = 1.19; x2 = -0.25,1.2,-0.3,x1 = 1.2; x2 = -0.3,0.14346693217021905,0.856533067829781,0.1592846382979314,0.8407153617020686,0.26254215656415286,0.7374578434358472,0.07126876551198229,0.9287312344880178,0.10173567842174608,0.898264321578254,0.6326,0.13391,0.83056,0.37064,0.19361,0.06619,0.59325,0.12288,0.4439,0.14935000000000004,0.08649,0.036390000000000006,0.008566872347610506,0.007762481846284822,95940
1.19,-0.35,x1 = 1.19; x2 = -0.35,1.2,-0.3,x1 = 1.2; x2 = -0.3,0.14346693217021905,0.856533067829781,0.15105739396600612,0.8489426060339937,0.2680353021521982,0.7319646978478018,0.06886469173928889,0.9311353082607111,0.09895088510288164,0.9010491148971183,0.61248,0.12824,0.83863,0.36167,0.19619,0.06412,0.59325,0.12288,0.43372,0.15953000000000006,0.08407,0.03881,0.009897406719346323,0.008894944454412884,95970
1.32,-0.44,x1 = 1.32; x2 = -0.44,1.2,-0.3,x1 = 1.2; x2 = -0.3,0.14346693217021905,0.856533067829781,0.12593615888909934,0.8740638411109007,0.2557316021488402,0.7442683978511597,0.07334054461529832,0.9266594553847016,0.09631017381679333,0.9036898261832067,0.54619,0.11008,0.82024,0.37827,0.19033,0.06796,0.59325,0.12288,0.43393,0.15932000000000007,0.08337,0.03951,0.011271561422579693,0.010049134861003124,96000
