z_x1,z_x2,z_note,x_x1,x_x2,x_note,"p(y=0|x,D)","p(y=1|x,D)","p(u=0|z,D)","p(u=1|z,D)","p(y=0|x,u=0,z,D)","p(y=1|x,u=0,z,D)","p(y=0|x,u=1,z,D)","p(y=1|x,u=1,z,D)","p(y=0|x,z,D)","p(y=1|x,z,D)","H[p(u|z,D)]","Var[p(u|z,D)]","H[p(y|x,u=0,z,D)]","H[p(y|x,u=1,z,D)]","Var[p(y|x,u=0,z,D)]","Var[p(y|x,u=1,z,D)]","H[p(y|x,D)]","Var[p(y|x,D)]",Va,Ve,Va_variance,Ve_variance,kl_pyx_pyxz,kl_pyxz_pyx,api_calls
-2.41,-0.48,x1 = -2.41; x2 = -0.48,-2.4,-0.5,x1 = -2.4; x2 = -0.5,0.7163144530036619,0.283685546996338,0.7448264427516129,0.25517355724838703,0.8918150596326516,0.10818494036734835,0.2624381514285722,0.7375618485714279,0.731214715116225,0.2687852848837749,0.81938,0.19006,0.49442,0.8304,0.09648,0.19356,0.86042,0.20321,0.58015,0.2802699999999999,0.12125,0.08196,0.0005584314542703521,0.0005522553352021748,15080
-2.37,-0.41,x1 = -2.37; x2 = -0.41,-2.4,-0.5,x1 = -2.4; x2 = -0.5,0.7163144530036619,0.283685546996338,0.7469685804469681,0.25303141955303177,0.8981950203661174,0.10180497963388255,0.2715238125196569,0.7284761874803432,0.7396275150517144,0.26037248494828547,0.81605,0.18901,0.47469,0.84364,0.09144,0.1978,0.86042,0.20321,0.56805,0.2923699999999999,0.11835,0.08486,0.0013852050313064197,0.0013606215529238658,15110
-2.35,-0.51,x1 = -2.35; x2 = -0.51,-2.4,-0.5,x1 = -2.4; x2 = -0.5,0.7163144530036619,0.283685546996338,0.7649597696646393,0.2350402303353607,0.8989473345414378,0.10105266545856222,0.26229764885418305,0.737702351145817,0.7493090457745705,0.25069095422542953,0.78669,0.1798,0.47232,0.83019,0.09084,0.1935,0.86042,0.20321,0.55643,0.30399,0.11497,0.08824,0.0028191758709198017,0.002746277215003458,15140
-2.49,-0.48,x1 = -2.49; x2 = -0.48,-2.4,-0.5,x1 = -2.4; x2 = -0.5,0.7163144530036619,0.283685546996338,0.7494258466242371,0.2505741533757631,0.8947148063823885,0.10528519361761157,0.264693824374123,0.735306175625877,0.7368478322067007,0.2631521677932996,0.81219,0.18779,0.48553,0.83375,0.0942,0.19463,0.86042,0.20321,0.57278,0.28764,0.11937,0.08384,0.0010698274253818744,0.001053243846042582,15170
-2.27,-0.53,x1 = -2.27; x2 = -0.53,-2.4,-0.5,x1 = -2.4; x2 = -0.5,0.7163144530036619,0.283685546996338,0.7572876917995464,0.24271230820045364,0.903885023173203,0.09611497682679711,0.2965269107949514,0.7034730892050487,0.756471733813607,0.24352826618639306,0.79952,0.1838,0.45656,0.877,0.08688,0.2086,0.86042,0.20321,0.55861,0.3018099999999999,0.11642,0.08679,0.004227854113776845,0.004091902995151449,15200
