z_x1,z_x2,z_note,x_x1,x_x2,x_note,"p(y=0|x,D)","p(y=1|x,D)","p(u=0|z,D)","p(u=1|z,D)","p(y=0|x,u=0,z,D)","p(y=1|x,u=0,z,D)","p(y=0|x,u=1,z,D)","p(y=1|x,u=1,z,D)","p(y=0|x,z,D)","p(y=1|x,z,D)","H[p(u|z,D)]","Var[p(u|z,D)]","H[p(y|x,u=0,z,D)]","H[p(y|x,u=1,z,D)]","Var[p(y|x,u=0,z,D)]","Var[p(y|x,u=1,z,D)]","H[p(y|x,D)]","Var[p(y|x,D)]",Va,Ve,Va_variance,Ve_variance,kl_pyx_pyxz,kl_pyxz_pyx,api_calls
0.16,1.87,x1 = 0.16; x2 = 1.87,0.0,1.9,x1 = 0.0; x2 = 1.9,0.8155979348166124,0.1844020651833876,0.8929418862716665,0.10705811372833358,0.86883354787707,0.13116645212293007,0.522488218376553,0.477511781623447,0.8317544702021266,0.16824552979787358,0.49098,0.0956,0.56063,0.99854,0.11396,0.24949,0.68961,0.1504,0.60751,0.08209999999999995,0.12847,0.021930000000000005,0.0009099915694090709,0.000888390670415273,70760
0.0,2.03,x1 = 0.0; x2 = 2.03,0.0,1.9,x1 = 0.0; x2 = 1.9,0.8155979348166124,0.1844020651833876,0.7502765998454298,0.2497234001545702,0.8832320906703875,0.11676790932961234,0.2913893228791408,0.7086106771208592,0.7354351023406657,0.2645648976593343,0.81084,0.18736,0.52,0.87051,0.10313,0.20648,0.68961,0.1504,0.60753,0.08207999999999993,0.12894,0.021460000000000007,0.017817857550863195,0.019411948451872788,70790
-0.04,1.91,x1 = -0.04; x2 = 1.91,0.0,1.9,x1 = 0.0; x2 = 1.9,0.8155979348166124,0.1844020651833876,0.855613889067179,0.1443861109328211,0.8605951789077807,0.13940482109221936,0.4674354997978182,0.5325645002021818,0.8038283818654974,0.19617161813450276,0.59561,0.12354,0.58268,0.99694,0.11997,0.24894,0.68961,0.1504,0.64249,0.04711999999999994,0.13859,0.011810000000000015,0.00044609152582171,0.00045318569393085206,70820
-0.09,1.85,x1 = -0.09; x2 = 1.85,0.0,1.9,x1 = 0.0; x2 = 1.9,0.8155979348166124,0.1844020651833876,0.8762611126051976,0.12373888739480239,0.8681985146936698,0.13180148530633018,0.5686319604022424,0.4313680395977576,0.8311304825649538,0.16886951743504608,0.54001,0.10843,0.56236,0.98637,0.11443,0.24529,0.68961,0.1504,0.61483,0.07477999999999996,0.13062,0.019779999999999992,0.0008394443443106216,0.0008203244833191996,70850
-0.13,2.09,x1 = -0.13; x2 = 2.09,0.0,1.9,x1 = 0.0; x2 = 1.9,0.8155979348166124,0.1844020651833876,0.8224439642406395,0.17755603575936058,0.8549154142251559,0.14508458577484412,0.6070934831986794,0.39290651680132066,0.8109131345778652,0.189086865422135,0.6747,0.14603,0.5974,0.96665,0.12404,0.23853,0.68961,0.1504,0.66296,0.02664999999999995,0.14437,0.006030000000000008,7.20269345491362e-05,7.24924609966076e-05,70880
