z_x1,z_x2,z_note,x_x1,x_x2,x_note,"p(y=0|x,D)","p(y=1|x,D)","p(u=0|z,D)","p(u=1|z,D)","p(y=0|x,u=0,z,D)","p(y=1|x,u=0,z,D)","p(y=0|x,u=1,z,D)","p(y=1|x,u=1,z,D)","p(y=0|x,z,D)","p(y=1|x,z,D)","H[p(u|z,D)]","Var[p(u|z,D)]","H[p(y|x,u=0,z,D)]","H[p(y|x,u=1,z,D)]","Var[p(y|x,u=0,z,D)]","Var[p(y|x,u=1,z,D)]","H[p(y|x,D)]","Var[p(y|x,D)]",Va,Ve,Va_variance,Ve_variance,kl_pyx_pyxz,kl_pyxz_pyx,api_calls
0.06,-1.3,x1 = 0.06; x2 = -1.3,0.0,-1.3,x1 = 0.0; x2 = -1.3,0.43295685508020043,0.5670431449197997,0.33550942676602447,0.6644905732339755,0.6504593089146905,0.3495406910853095,0.23102667090967538,0.7689733290903246,0.37175027485369944,0.6282497251463005,0.92046,0.22294,0.93366,0.7798,0.22736,0.17765,0.98699,0.24551,0.83142,0.15556999999999999,0.19433,0.05118,0.007866194660596744,0.007736470555740692,68200
0.06,-1.33,x1 = 0.06; x2 = -1.33,0.0,-1.3,x1 = 0.0; x2 = -1.3,0.43295685508020043,0.5670431449197997,0.3491711155556549,0.6508288844443451,0.6519457319936026,0.3480542680063973,0.18487857227486276,0.8151214277251373,0.3479649334732664,0.6520350665267336,0.93333,0.22725,0.93232,0.69063,0.22691,0.1507,0.98699,0.24551,0.77502,0.21197,0.17731,0.06820000000000001,0.015421902486595626,0.015022146183434004,68230
-0.05,-1.35,x1 = -0.05; x2 = -1.35,0.0,-1.3,x1 = 0.0; x2 = -1.3,0.43295685508020043,0.5670431449197997,0.4367468455060666,0.5632531544939333,0.6020438290913193,0.3979561709086808,0.23066926754902833,0.7693307324509717,0.3928659358038225,0.6071340641961775,0.98842,0.246,0.96974,0.77918,0.23959,0.17746,0.98699,0.24551,0.86241,0.12458000000000002,0.2046,0.04091,0.0033331501694689875,0.0033012512616791556,68260
0.03,-1.31,x1 = 0.03; x2 = -1.31,0.0,-1.3,x1 = 0.0; x2 = -1.3,0.43295685508020043,0.5670431449197997,0.3327801663776792,0.6672198336223208,0.6551321645606355,0.34486783543936433,0.17821659090059178,0.8217834090994083,0.33692463485128743,0.6630753651487126,0.91774,0.22204,0.9294,0.67616,0.22593,0.14646,0.98699,0.24551,0.76043,0.22655999999999998,0.17291,0.0726,0.01986065547132089,0.019246744722939996,68290
-0.02,-1.21,x1 = -0.02; x2 = -1.21,0.0,-1.3,x1 = 0.0; x2 = -1.3,0.43295685508020043,0.5670431449197997,0.40049707694114645,0.5995029230588536,0.6219054961646745,0.37809450383532556,0.2269572279069497,0.7730427720930503,0.3851328548871362,0.6148671451128638,0.97124,0.2401,0.95669,0.77267,0.23514,0.17545,0.98699,0.24551,0.84637,0.14062000000000008,0.19936,0.04615,0.004763530592054074,0.004706604463555329,68320
