z_x1,z_x2,z_note,x_x1,x_x2,x_note,"p(y=0|x,D)","p(y=1|x,D)","p(u=0|z,D)","p(u=1|z,D)","p(y=0|x,u=0,z,D)","p(y=1|x,u=0,z,D)","p(y=0|x,u=1,z,D)","p(y=1|x,u=1,z,D)","p(y=0|x,z,D)","p(y=1|x,z,D)","H[p(u|z,D)]","Var[p(u|z,D)]","H[p(y|x,u=0,z,D)]","H[p(y|x,u=1,z,D)]","Var[p(y|x,u=0,z,D)]","Var[p(y|x,u=1,z,D)]","H[p(y|x,D)]","Var[p(y|x,D)]",Va,Ve,Va_variance,Ve_variance,kl_pyx_pyxz,kl_pyxz_pyx,api_calls
2.63,1.12,x1 = 2.63; x2 = 1.12,2.6,1.1,x1 = 2.6; x2 = 1.1,0.17266248207899937,0.8273375179210006,0.1592754742000803,0.8407245257999196,0.6226999005424703,0.37730009945752974,0.08278363693225543,0.9172163630677448,0.16877905584710795,0.8312209441528922,0.63257,0.13391,0.95611,0.41191,0.23494,0.07593,0.66376,0.14285,0.49859,0.16517000000000004,0.10126,0.04159,5.342373877460435e-05,5.310300174128039e-05,128360
2.63,1.13,x1 = 2.63; x2 = 1.13,2.6,1.1,x1 = 2.6; x2 = 1.1,0.17266248207899937,0.8273375179210006,0.1570258773565547,0.8429741226434453,0.6208522559418472,0.37914774405815277,0.08139376857554419,0.9186062314244557,0.16610271085167783,0.8338972891483221,0.62715,0.13237,0.95744,0.40707,0.23539,0.07477,0.66376,0.14285,0.49349,0.17027000000000003,0.09999,0.04286000000000001,0.00015372665771098276,0.00015215472954626785,128390
2.62,1.13,x1 = 2.62; x2 = 1.13,2.6,1.1,x1 = 2.6; x2 = 1.1,0.17266248207899937,0.8273375179210006,0.15535790434023372,0.8446420956597663,0.6382139280058452,0.3617860719941547,0.08577801463353335,0.9142219853664667,0.17160330041733862,0.8283966995826615,0.62309,0.13122,0.94416,0.42222,0.2309,0.07842,0.66376,0.14285,0.50331,0.16044999999999998,0.10211,0.04074,3.939491821954152e-06,3.93309680750604e-06,128420
2.84,1.08,x1 = 2.84; x2 = 1.08,2.6,1.1,x1 = 2.6; x2 = 1.1,0.17266248207899937,0.8273375179210006,0.15719670799769148,0.8428032920023085,0.6027149856389583,0.3972850143610418,0.07743537389312286,0.9225646261068772,0.1600075996378737,0.8399924003621263,0.62756,0.13249,0.96934,0.39308,0.23945,0.07144,0.66376,0.14285,0.48367,0.18009000000000003,0.09785,0.045,0.0005835461165772608,0.0005718132154879443,128450
2.59,1.05,x1 = 2.59; x2 = 1.05,2.6,1.1,x1 = 2.6; x2 = 1.1,0.17266248207899937,0.8273375179210006,0.15577464317712292,0.8442253568228771,0.5967644404557562,0.4032355595442437,0.07861605327878622,0.9213839467212139,0.15933043340408043,0.8406695665959196,0.6241,0.13151,0.97281,0.39728,0.24064,0.07244,0.66376,0.14285,0.48693,0.17683000000000004,0.09864,0.04421,0.0006491238341711815,0.0006353446277952493,128480
