z_x1,z_x2,z_note,x_x1,x_x2,x_note,"p(y=0|x,D)","p(y=1|x,D)","p(u=0|z,D)","p(u=1|z,D)","p(y=0|x,u=0,z,D)","p(y=1|x,u=0,z,D)","p(y=0|x,u=1,z,D)","p(y=1|x,u=1,z,D)","p(y=0|x,z,D)","p(y=1|x,z,D)","H[p(u|z,D)]","Var[p(u|z,D)]","H[p(y|x,u=0,z,D)]","H[p(y|x,u=1,z,D)]","Var[p(y|x,u=0,z,D)]","Var[p(y|x,u=1,z,D)]","H[p(y|x,D)]","Var[p(y|x,D)]",Va,Ve,Va_variance,Ve_variance,kl_pyx_pyxz,kl_pyxz_pyx,api_calls
-2.53,1.43,x1 = -2.53; x2 = 1.43,-2.6,1.5,x1 = -2.6; x2 = 1.5,0.767263302122559,0.23273669787744092,0.8325278056775925,0.1674721943224077,0.9288136874320513,0.07118631256794876,0.23854362288844996,0.76145637711155,0.8132126450478646,0.18678735495213566,0.65189,0.13943,0.37034,0.79261,0.06612,0.18164,0.78275,0.17857,0.44106,0.34168999999999994,0.08547,0.0931,0.006561366287966851,0.0062171245045916715,12200
-2.61,1.5,x1 = -2.61; x2 = 1.5,-2.6,1.5,x1 = -2.6; x2 = 1.5,0.767263302122559,0.23273669787744092,0.8222343396564605,0.1777656603435395,0.9150781161916857,0.08492188380831414,0.19842345610122236,0.8015765438987776,0.7876815273024297,0.21231847269757023,0.67516,0.14617,0.41929,0.71876,0.07771,0.15905,0.78275,0.17857,0.47253,0.31021999999999994,0.09217,0.0864,0.0012187047774042115,0.0011923652050368598,12230
-2.42,1.49,x1 = -2.42; x2 = 1.49,-2.6,1.5,x1 = -2.6; x2 = 1.5,0.767263302122559,0.23273669787744092,0.8286653016346985,0.1713346983653014,0.9196454625640282,0.08035453743597157,0.24364800298925854,0.7563519970107414,0.803823641732075,0.1961763582679248,0.66075,0.14198,0.40343,0.80105,0.0739,0.18428,0.78275,0.17857,0.47156,0.31118999999999997,0.09281,0.08576,0.004057238449249219,0.0038925728308533206,12260
-2.65,1.5,x1 = -2.65; x2 = 1.5,-2.6,1.5,x1 = -2.6; x2 = 1.5,0.767263302122559,0.23273669787744092,0.8132098407654527,0.18679015923454728,0.9197222331733359,0.08027776682666429,0.19173136928452947,0.8082686307154706,0.7837407037862502,0.21625929621375006,0.69471,0.1519,0.40316,0.70508,0.07383,0.15497,0.78275,0.17857,0.45956,0.3231899999999999,0.08899,0.08958,0.0007868054304040091,0.0007732391918423946,12290
-2.69,1.51,x1 = -2.69; x2 = 1.51,-2.6,1.5,x1 = -2.6; x2 = 1.5,0.767263302122559,0.23273669787744092,0.8313300335790718,0.16866996642092838,0.927692382129125,0.07230761787087506,0.22457902096077356,0.7754209790392266,0.8090982751107532,0.190901724889247,0.65465,0.14022,0.37448,0.76844,0.06708,0.17414,0.78275,0.17857,0.44093,0.34181999999999996,0.08514,0.09343000000000001,0.005382261077988941,0.005128330446926455,12320
