z_x1,z_x2,z_note,x_x1,x_x2,x_note,"p(y=0|x,D)","p(y=1|x,D)","p(u=0|z,D)","p(u=1|z,D)","p(y=0|x,u=0,z,D)","p(y=1|x,u=0,z,D)","p(y=0|x,u=1,z,D)","p(y=1|x,u=1,z,D)","p(y=0|x,z,D)","p(y=1|x,z,D)","H[p(u|z,D)]","Var[p(u|z,D)]","H[p(y|x,u=0,z,D)]","H[p(y|x,u=1,z,D)]","Var[p(y|x,u=0,z,D)]","Var[p(y|x,u=1,z,D)]","H[p(y|x,D)]","Var[p(y|x,D)]",Va,Ve,Va_variance,Ve_variance,kl_pyx_pyxz,kl_pyxz_pyx,api_calls
1.81,0.35,x1 = 1.81; x2 = 0.35,1.8,0.3,x1 = 1.8; x2 = 0.3,0.22041560133654467,0.7795843986634553,0.2026756243818893,0.7973243756181108,0.42687874524963815,0.5731212547503618,0.14725241155754226,0.8527475884424579,0.20392585333220634,0.7960741466677937,0.72725,0.1616,0.98452,0.60292,0.24465,0.12557,0.76093,0.17183,0.68026,0.08067000000000002,0.1497,0.02213000000000001,0.0008213904548571745,0.0008059790267231359,109800
1.67,0.36,x1 = 1.67; x2 = 0.36,1.8,0.3,x1 = 1.8; x2 = 0.3,0.22041560133654467,0.7795843986634553,0.28815775211642813,0.7118422478835718,0.37895387033067635,0.6210461296693237,0.1356418421621422,0.8643581578378579,0.20575408926207603,0.7942459107379238,0.86633,0.20512,0.9573,0.57271,0.23535,0.11724,0.76093,0.17183,0.68353,0.07740000000000002,0.15127,0.020560000000000023,0.000646551140692616,0.0006358226469117996,109830
1.85,0.32,x1 = 1.85; x2 = 0.32,1.8,0.3,x1 = 1.8; x2 = 0.3,0.22041560133654467,0.7795843986634553,0.18176978258498316,0.8182302174150168,0.4296059044372121,0.570394095562788,0.13086808722181428,0.8691319127781858,0.18516959530696958,0.8148304046930305,0.68393,0.14873,0.98565,0.55981,0.24504,0.11374,0.76093,0.17183,0.63721,0.12371999999999994,0.13761,0.03422,0.00393333833128115,0.0037665664763388354,109860
1.66,0.23,x1 = 1.66; x2 = 0.23,1.8,0.3,x1 = 1.8; x2 = 0.3,0.22041560133654467,0.7795843986634553,0.2254509229573598,0.7745490770426402,0.36129107418841294,0.6387089258115871,0.14282272736221246,0.8571772726377876,0.19207661779114796,0.8079233822088521,0.77,0.17462,0.94375,0.59158,0.23076,0.12242,0.76093,0.17183,0.67098,0.08994999999999997,0.14685,0.024980000000000002,0.0024976546016852834,0.0024142505155921277,109890
1.73,0.27,x1 = 1.73; x2 = 0.27,1.8,0.3,x1 = 1.8; x2 = 0.3,0.22041560133654467,0.7795843986634553,0.2553835573655169,0.7446164426344832,0.38350694679219727,0.6164930532078028,0.14371703161860117,0.8562829683813987,0.20495543317600967,0.7950445668239903,0.8197,0.19016,0.96048,0.59389,0.23643,0.12306,0.76093,0.17183,0.68751,0.07342000000000004,0.15201,0.019820000000000004,0.000720262924146715,0.0007076308078979299,109920
