z_x1,z_x2,z_note,x_x1,x_x2,x_note,"p(y=0|x,D)","p(y=1|x,D)","p(u=0|z,D)","p(u=1|z,D)","p(y=0|x,u=0,z,D)","p(y=1|x,u=0,z,D)","p(y=0|x,u=1,z,D)","p(y=1|x,u=1,z,D)","p(y=0|x,z,D)","p(y=1|x,z,D)","H[p(u|z,D)]","Var[p(u|z,D)]","H[p(y|x,u=0,z,D)]","H[p(y|x,u=1,z,D)]","Var[p(y|x,u=0,z,D)]","Var[p(y|x,u=1,z,D)]","H[p(y|x,D)]","Var[p(y|x,D)]",Va,Ve,Va_variance,Ve_variance,kl_pyx_pyxz,kl_pyxz_pyx,api_calls
-0.66,1.97,x1 = -0.66; x2 = 1.97,-0.6,1.9,x1 = -0.6; x2 = 1.9,0.8838054470746017,0.11619455292539835,0.8908503158019311,0.10914968419806884,0.9499027947936968,0.05009720520630316,0.5769211827123775,0.4230788172876226,0.909191969623334,0.0908080303766658,0.49735,0.09724,0.28681,0.98286,0.04759,0.24408,0.51832,0.10269,0.36278,0.15554,0.06904,0.03365,0.0036153223876387516,0.003361847229375048,57320
-0.47,1.87,x1 = -0.47; x2 = 1.87,-0.6,1.9,x1 = -0.6; x2 = 1.9,0.8838054470746017,0.11619455292539835,0.8814284663025692,0.11857153369743079,0.9383698488214834,0.0616301511785167,0.5735439875730448,0.42645601242695524,0.8951118869207699,0.10488811307923014,0.52524,0.10451,0.33388,0.98434,0.05783,0.24459,0.51832,0.10269,0.41101,0.10731000000000002,0.07997,0.022720000000000004,0.0006603128719303505,0.0006408722748799112,57350
-0.56,1.78,x1 = -0.56; x2 = 1.78,-0.6,1.9,x1 = -0.6; x2 = 1.9,0.8838054470746017,0.11619455292539835,0.8825525904817461,0.11744740951825408,0.9454518223708339,0.05454817762916601,0.5913358681318581,0.40866413186814193,0.9038618208763818,0.09613817912361834,0.52198,0.10365,0.30541,0.97579,0.05157,0.24166,0.51832,0.10269,0.38414,0.13418000000000002,0.0739,0.02879000000000001,0.002184291819341603,0.0020660345380463206,57380
-0.58,1.98,x1 = -0.58; x2 = 1.98,-0.6,1.9,x1 = -0.6; x2 = 1.9,0.8838054470746017,0.11619455292539835,0.8887103795915892,0.11128962040841091,0.9508029717981022,0.04919702820189768,0.5616262400877945,0.4383737599122055,0.9074916410542763,0.09250835894572382,0.50379,0.0989,0.28298,0.98901,0.04678,0.2462,0.51832,0.10269,0.36155,0.15677000000000002,0.06897,0.03372,0.003114163416206437,0.002911944428040228,57410
-0.55,1.91,x1 = -0.55; x2 = 1.91,-0.6,1.9,x1 = -0.6; x2 = 1.9,0.8838054470746017,0.11619455292539835,0.8808502056378391,0.11914979436216093,0.9449846202816682,0.055015379718331966,0.5773095579498819,0.4226904420501182,0.9011762122127411,0.098823787787259,0.52691,0.10495,0.30733,0.98269,0.05199,0.24402,0.51832,0.10269,0.3878,0.13052000000000002,0.07487,0.027819999999999998,0.0016128453565539998,0.0015380634467741516,57440
