z_x1,z_x2,z_note,x_x1,x_x2,x_note,"p(y=0|x,D)","p(y=1|x,D)","p(u=0|z,D)","p(u=1|z,D)","p(y=0|x,u=0,z,D)","p(y=1|x,u=0,z,D)","p(y=0|x,u=1,z,D)","p(y=1|x,u=1,z,D)","p(y=0|x,z,D)","p(y=1|x,z,D)","H[p(u|z,D)]","Var[p(u|z,D)]","H[p(y|x,u=0,z,D)]","H[p(y|x,u=1,z,D)]","Var[p(y|x,u=0,z,D)]","Var[p(y|x,u=1,z,D)]","H[p(y|x,D)]","Var[p(y|x,D)]",Va,Ve,Va_variance,Ve_variance,kl_pyx_pyxz,kl_pyxz_pyx,api_calls
-2.38,-2.17,x1 = -2.38; x2 = -2.17,-2.4,-2.1,x1 = -2.4; x2 = -2.1,0.7118079637778829,0.28819203622211714,0.7266208736235459,0.273379126376454,0.8903958969398538,0.10960410306014634,0.23990364182502882,0.7600963581749711,0.7125648925219134,0.2874351074780866,0.84627,0.19864,0.49872,0.79488,0.09759,0.18235,0.86637,0.20514,0.57968,0.28669,0.12076,0.08437999999999998,1.3979403589555123e-06,1.397210310004099e-06,13800
-2.41,-2.08,x1 = -2.41; x2 = -2.08,-2.4,-2.1,x1 = -2.4; x2 = -2.1,0.7118079637778829,0.28819203622211714,0.7244453363684628,0.2755546636315374,0.8891666369724662,0.11083336302753374,0.23993591081291385,0.7600640891870861,0.7102680826063121,0.289731917393688,0.84932,0.19962,0.50242,0.79493,0.09855,0.18237,0.86637,0.20514,0.58302,0.28335,0.12165,0.08349,5.767434169167036e-06,5.773518827451637e-06,13830
-2.53,-2.04,x1 = -2.53; x2 = -2.04,-2.4,-2.1,x1 = -2.4; x2 = -2.1,0.7118079637778829,0.28819203622211714,0.7320050927595774,0.2679949072404227,0.8926772848417943,0.10732271515820577,0.2647031506678404,0.7352968493321597,0.7243834150044608,0.2756165849955393,0.83857,0.19617,0.49179,0.83376,0.0958,0.19464,0.86637,0.20514,0.58344,0.28293,0.12229,0.08285,0.0003924147433945254,0.00038888552831147297,13860
-2.3,-2.14,x1 = -2.3; x2 = -2.14,-2.4,-2.1,x1 = -2.4; x2 = -2.1,0.7118079637778829,0.28819203622211714,0.7218743345927802,0.27812566540721984,0.9056983207270293,0.09430167927297094,0.21006739580966113,0.7899326041903388,0.7122255068565464,0.2877744931434537,0.85288,0.20077,0.45067,0.74161,0.08541,0.16594,0.86637,0.20514,0.53159,0.33477999999999997,0.10781,0.09732999999999999,4.2518475355194513e-07,4.2506239417475743e-07,13890
-2.42,-2.16,x1 = -2.42; x2 = -2.16,-2.4,-2.1,x1 = -2.4; x2 = -2.1,0.7118079637778829,0.28819203622211714,0.7354134664472409,0.26458653355275913,0.8908582971310051,0.10914170286899487,0.23742519582017843,0.7625748041798215,0.7179686979465446,0.2820313020534554,0.83359,0.19458,0.49732,0.79073,0.09723,0.18105,0.86637,0.20514,0.57495,0.29142,0.11941,0.08572999999999999,9.331122647837815e-05,9.290802896824192e-05,13920
