z_x1,z_x2,z_note,x_x1,x_x2,x_note,"p(y=0|x,D)","p(y=1|x,D)","p(u=0|z,D)","p(u=1|z,D)","p(y=0|x,u=0,z,D)","p(y=1|x,u=0,z,D)","p(y=0|x,u=1,z,D)","p(y=1|x,u=1,z,D)","p(y=0|x,z,D)","p(y=1|x,z,D)","H[p(u|z,D)]","Var[p(u|z,D)]","H[p(y|x,u=0,z,D)]","H[p(y|x,u=1,z,D)]","Var[p(y|x,u=0,z,D)]","Var[p(y|x,u=1,z,D)]","H[p(y|x,D)]","Var[p(y|x,D)]",Va,Ve,Va_variance,Ve_variance,kl_pyx_pyxz,kl_pyxz_pyx,api_calls
3.03,-0.57,x1 = 3.03; x2 = -0.57,3.2,-0.5,x1 = 3.2; x2 = -0.5,0.1330705399871793,0.8669294600128208,0.11136479251274493,0.8886352074872551,0.5929073531179545,0.40709264688204544,0.048531170042877374,0.9514688299571226,0.10915551071991339,0.8908444892800866,0.50402,0.09896,0.97495,0.28012,0.24137,0.04618,0.5658,0.11536,0.3575,0.20829999999999999,0.06792,0.04744000000000001,0.002770931036714268,0.0026175569359793913,140520
3.25,-0.53,x1 = 3.25; x2 = -0.53,3.2,-0.5,x1 = 3.2; x2 = -0.5,0.1330705399871793,0.8669294600128208,0.11826220637436902,0.8817377936256309,0.6117226418896505,0.38827735811034947,0.046722175143418705,0.9532778248565812,0.11354037694337638,0.8864596230566235,0.52434,0.10428,0.96368,0.27231,0.23752,0.04454,0.5658,0.11536,0.35407,0.21172999999999997,0.06736,0.048,0.0018076440242623393,0.0017272922721274023,140550
3.35,-0.51,x1 = 3.35; x2 = -0.51,3.2,-0.5,x1 = 3.2; x2 = -0.5,0.1330705399871793,0.8669294600128208,0.12142924577735106,0.878570754222649,0.6126784714995261,0.38732152850047397,0.05057640366930984,0.9494235963306903,0.11883203381582244,0.8811679661841777,0.53346,0.10668,0.96305,0.28884,0.2373,0.04802,0.5658,0.11536,0.37071,0.19508999999999999,0.071,0.04436000000000001,0.0009365293684463569,0.0009067733631875474,140580
3.1,-0.48,x1 = 3.1; x2 = -0.48,3.2,-0.5,x1 = 3.2; x2 = -0.5,0.1330705399871793,0.8669294600128208,0.10627884056051735,0.8937211594394826,0.6173026043431233,0.3826973956568767,0.04352987021311084,0.9564701297868892,0.10450977114168655,0.8954902288583134,0.48859,0.09498,0.95992,0.25825,0.23624,0.04164,0.5658,0.11536,0.33282,0.23297999999999996,0.06232,0.053040000000000004,0.004049292454031572,0.0037767149413930716,140610
3.15,-0.55,x1 = 3.15; x2 = -0.55,3.2,-0.5,x1 = 3.2; x2 = -0.5,0.1330705399871793,0.8669294600128208,0.10746337768757226,0.8925366223124278,0.5923597940166062,0.4076402059833937,0.04597889618259434,0.9540211038174057,0.1046948329678056,0.8953051670321944,0.49222,0.09592,0.97524,0.26906,0.24147,0.04386,0.5658,0.11536,0.34495,0.22085,0.0651,0.05026,0.003993042692775471,0.0037261885668047855,140640
