z_x1,z_x2,z_note,x_x1,x_x2,x_note,"p(y=0|x,D)","p(y=1|x,D)","p(u=0|z,D)","p(u=1|z,D)","p(y=0|x,u=0,z,D)","p(y=1|x,u=0,z,D)","p(y=0|x,u=1,z,D)","p(y=1|x,u=1,z,D)","p(y=0|x,z,D)","p(y=1|x,z,D)","H[p(u|z,D)]","Var[p(u|z,D)]","H[p(y|x,u=0,z,D)]","H[p(y|x,u=1,z,D)]","Var[p(y|x,u=0,z,D)]","Var[p(y|x,u=1,z,D)]","H[p(y|x,D)]","Var[p(y|x,D)]",Va,Ve,Va_variance,Ve_variance,kl_pyx_pyxz,kl_pyxz_pyx,api_calls
2.67,2.51,x1 = 2.67; x2 = 2.51,2.6,2.5,x1 = 2.6; x2 = 2.5,0.37356753122188363,0.6264324687781163,0.4006262337236023,0.5993737662763977,0.7497750278723883,0.2502249721276117,0.10359723666173704,0.8964027633382627,0.3624730114702965,0.6375269885297035,0.97132,0.24012,0.81163,0.4803,0.18761,0.09286,0.95337,0.23401,0.61304,0.34033,0.13082,0.10319,0.0002651841556408213,0.000264073342502686,129480
2.73,2.58,x1 = 2.73; x2 = 2.58,2.6,2.5,x1 = 2.6; x2 = 2.5,0.37356753122188363,0.6264324687781163,0.391975023073696,0.608024976926304,0.7523750013426355,0.24762499865736448,0.10709550537207405,0.8929044946279259,0.36002895069411783,0.6399710493058821,0.96606,0.23833,0.80749,0.49109,0.18631,0.09563,0.95337,0.23401,0.61511,0.33826,0.13117,0.10283999999999999,0.0003956461931336336,0.00039360310107960407,129510
2.64,2.55,x1 = 2.64; x2 = 2.55,2.6,2.5,x1 = 2.6; x2 = 2.5,0.37356753122188363,0.6264324687781163,0.42402219509278305,0.575977804907217,0.7661481654013305,0.23385183459866948,0.09708155286999538,0.9029184471300047,0.38078064657882466,0.6192193534211754,0.98328,0.24423,0.78467,0.45968,0.17917,0.08766,0.95337,0.23401,0.59748,0.35589000000000004,0.12646,0.10755,0.00011060403552323392,0.00011088248915930559,129540
2.71,2.47,x1 = 2.71; x2 = 2.47,2.6,2.5,x1 = 2.6; x2 = 2.5,0.37356753122188363,0.6264324687781163,0.37677972684515443,0.6232202731548455,0.7535939678299555,0.24640603217004467,0.10658326151923996,0.8934167384807601,0.35036377870888175,0.6496362212911182,0.95574,0.23482,0.80553,0.48952,0.18569,0.09522,0.95337,0.23401,0.60859,0.3447800000000001,0.12931,0.10469999999999999,0.0011713629285512103,0.0011605766474080126,129570
2.89,2.54,x1 = 2.89; x2 = 2.54,2.6,2.5,x1 = 2.6; x2 = 2.5,0.37356753122188363,0.6264324687781163,0.35586982258930433,0.6441301774106958,0.7414278725623258,0.2585721274376742,0.10929333627257114,0.8907066637274287,0.3342509415545783,0.6657490584454218,0.9392,0.22923,0.82458,0.49778,0.19171,0.09735,0.95337,0.23401,0.61408,0.3392900000000001,0.13093,0.10308,0.003411142750755207,0.0033544007579807134,129600
