z_x1,z_x2,z_note,x_x1,x_x2,x_note,"p(y=0|x,D)","p(y=1|x,D)","p(u=0|z,D)","p(u=1|z,D)","p(y=0|x,u=0,z,D)","p(y=1|x,u=0,z,D)","p(y=0|x,u=1,z,D)","p(y=1|x,u=1,z,D)","p(y=0|x,z,D)","p(y=1|x,z,D)","H[p(u|z,D)]","Var[p(u|z,D)]","H[p(y|x,u=0,z,D)]","H[p(y|x,u=1,z,D)]","Var[p(y|x,u=0,z,D)]","Var[p(y|x,u=1,z,D)]","H[p(y|x,D)]","Var[p(y|x,D)]",Va,Ve,Va_variance,Ve_variance,kl_pyx_pyxz,kl_pyxz_pyx,api_calls
2.86,-1.58,x1 = 2.86; x2 = -1.58,2.8,-1.7,x1 = 2.8; x2 = -1.7,0.1615571852185602,0.8384428147814399,0.13661246329765914,0.8633875367023409,0.6641230045717996,0.33587699542820043,0.04469907874074377,0.9553009212592561,0.12932010707403083,0.8706798929259691,0.5753,0.11795,0.92082,0.26344,0.22306,0.0427,0.63802,0.13546,0.35325,0.28477,0.06734,0.06812,0.004324740689823699,0.0040664547057924876,130600
2.95,-1.69,x1 = 2.95; x2 = -1.69,2.8,-1.7,x1 = 2.8; x2 = -1.7,0.1615571852185602,0.8384428147814399,0.16029942683623652,0.8397005731637635,0.6448236942172031,0.35517630578279696,0.05026557145648861,0.9497344285435115,0.14557289775585988,0.8544271022441402,0.63503,0.1346,0.93861,0.28752,0.22903,0.04774,0.63802,0.13546,0.39189,0.24613000000000002,0.0768,0.058660000000000004,0.000997549189321538,0.000969589121626228,130630
2.74,-1.66,x1 = 2.74; x2 = -1.66,2.8,-1.7,x1 = 2.8; x2 = -1.7,0.1615571852185602,0.8384428147814399,0.1450596310672982,0.8549403689327019,0.6471904375458609,0.352809562454139,0.04676995055077001,0.9532300494492298,0.13386672487952542,0.8661332751204744,0.59734,0.12402,0.93655,0.27251,0.22833,0.04458,0.63802,0.13546,0.36884,0.26918000000000003,0.07123,0.06423,0.003132054344439004,0.002973882339473273,130660
2.85,-1.77,x1 = 2.85; x2 = -1.77,2.8,-1.7,x1 = 2.8; x2 = -1.7,0.1615571852185602,0.8384428147814399,0.157547165385705,0.8424528346142951,0.6809631201536023,0.3190368798463978,0.04886565011863492,0.951134349881365,0.14845081477011965,0.8515491852298804,0.62841,0.13273,0.90333,0.28156,0.21725,0.04648,0.63802,0.13546,0.37952,0.2585,0.07338,0.062079999999999996,0.0006636353973358405,0.0006485267084768639,130690
2.75,-1.83,x1 = 2.75; x2 = -1.83,2.8,-1.7,x1 = 2.8; x2 = -1.7,0.1615571852185602,0.8384428147814399,0.15991055202525967,0.8400894479747404,0.6342613013507827,0.3657386986492174,0.04629888674562051,0.9537011132543795,0.1403202810352366,0.8596797189647635,0.6341,0.13434,0.94734,0.27046,0.23197,0.04416,0.63802,0.13546,0.3787,0.25932000000000005,0.07419,0.06126999999999999,0.001796111928255656,0.0017280494738542672,130720
