z_x1,z_x2,z_note,x_x1,x_x2,x_note,"p(y=0|x,D)","p(y=1|x,D)","p(u=0|z,D)","p(u=1|z,D)","p(y=0|x,u=0,z,D)","p(y=1|x,u=0,z,D)","p(y=0|x,u=1,z,D)","p(y=1|x,u=1,z,D)","p(y=0|x,z,D)","p(y=1|x,z,D)","H[p(u|z,D)]","Var[p(u|z,D)]","H[p(y|x,u=0,z,D)]","H[p(y|x,u=1,z,D)]","Var[p(y|x,u=0,z,D)]","Var[p(y|x,u=1,z,D)]","H[p(y|x,D)]","Var[p(y|x,D)]",Va,Ve,Va_variance,Ve_variance,kl_pyx_pyxz,kl_pyxz_pyx,api_calls
0.23,1.53,x1 = 0.23; x2 = 1.53,0.2,1.5,x1 = 0.2; x2 = 1.5,0.8919702390556281,0.10802976094437175,0.907231276419156,0.09276872358084401,0.9537071923620234,0.04629280763797668,0.6227089218030133,0.3772910781969867,0.9230009052947972,0.0769990947052029,0.44564,0.08416,0.27044,0.95611,0.04415,0.23494,0.49394,0.09636,0.33405,0.15988999999999998,0.06185,0.03451,0.0060771855339270126,0.005491373789504445,74920
0.41,1.53,x1 = 0.41; x2 = 1.53,0.2,1.5,x1 = 0.2; x2 = 1.5,0.8919702390556281,0.10802976094437175,0.9032141002963003,0.09678589970369972,0.9442368472367211,0.055763152763279075,0.6732694445658548,0.3267305554341452,0.9180110233788467,0.08198897662115354,0.45872,0.08742,0.31039,0.91155,0.05265,0.21998,0.49394,0.09636,0.36857,0.12536999999999998,0.06885,0.027510000000000007,0.004129080664730261,0.003802905197947081,74950
0.29,1.56,x1 = 0.29; x2 = 1.56,0.2,1.5,x1 = 0.2; x2 = 1.5,0.8919702390556281,0.10802976094437175,0.9063888291483913,0.0936111708516088,0.9476183197802772,0.052381680219722934,0.6376846020462434,0.3623153979537565,0.9186050615768023,0.08139493842319785,0.44841,0.08485,0.29643,0.94459,0.04964,0.23104,0.49394,0.09636,0.35711,0.13683,0.06662,0.029740000000000003,0.004337641808280265,0.003986197766761394,74980
0.03,1.49,x1 = 0.03; x2 = 1.49,0.2,1.5,x1 = 0.2; x2 = 1.5,0.8919702390556281,0.10802976094437175,0.8871394714049368,0.11286052859506328,0.941051386593327,0.05894861340667307,0.6275012992656527,0.3724987007343473,0.9056639579964975,0.09433604200350264,0.50848,0.10012,0.32326,0.95257,0.05547,0.23374,0.49394,0.09636,0.39428,0.09965999999999997,0.07559,0.020769999999999997,0.0010530563861120036,0.0010116687702707815,75010
0.18,1.47,x1 = 0.18; x2 = 1.47,0.2,1.5,x1 = 0.2; x2 = 1.5,0.8919702390556281,0.10802976094437175,0.9000146317896167,0.09998536821038331,0.9498269998795486,0.050173000120451325,0.6297305236711248,0.3702694763288753,0.9178220358430031,0.0821779641569968,0.46895,0.08999,0.28713,0.95088,0.04766,0.23317,0.49394,0.09636,0.3535,0.14044,0.06621,0.030149999999999996,0.004064000256533577,0.003745576962142408,75040
