z_x1,z_x2,z_note,x_x1,x_x2,x_note,"p(y=0|x,D)","p(y=1|x,D)","p(u=0|z,D)","p(u=1|z,D)","p(y=0|x,u=0,z,D)","p(y=1|x,u=0,z,D)","p(y=0|x,u=1,z,D)","p(y=1|x,u=1,z,D)","p(y=0|x,z,D)","p(y=1|x,z,D)","H[p(u|z,D)]","Var[p(u|z,D)]","H[p(y|x,u=0,z,D)]","H[p(y|x,u=1,z,D)]","Var[p(y|x,u=0,z,D)]","Var[p(y|x,u=1,z,D)]","H[p(y|x,D)]","Var[p(y|x,D)]",Va,Ve,Va_variance,Ve_variance,kl_pyx_pyxz,kl_pyxz_pyx,api_calls
-2.39,2.16,x1 = -2.39; x2 = 2.16,-2.4,2.1,x1 = -2.4; x2 = 2.1,0.7204592393492867,0.27954076065071326,0.777874335585731,0.222125664414269,0.9162188302577465,0.08378116974225348,0.1819998590321321,0.8180001409678681,0.7531299534486959,0.2468700465513042,0.76403,0.17279,0.41536,0.68443,0.07676,0.14888,0.85482,0.2014,0.47513,0.37969,0.09278,0.10862,0.0027914028794445156,0.002718022928035871,17160
-2.34,2.03,x1 = -2.34; x2 = 2.03,-2.4,2.1,x1 = -2.4; x2 = 2.1,0.7204592393492867,0.27954076065071326,0.7835194508232786,0.21648054917672135,0.9212483526530452,0.07875164734695472,0.18937379725471432,0.8106262027452857,0.7628117469719456,0.23718825302805419,0.75369,0.16962,0.39777,0.70016,0.07255,0.15351,0.85482,0.2014,0.46323,0.39159000000000005,0.09008,0.11132,0.004772478259279497,0.004605061764812082,17190
-2.48,2.12,x1 = -2.48; x2 = 2.12,-2.4,2.1,x1 = -2.4; x2 = 2.1,0.7204592393492867,0.27954076065071326,0.772000871159033,0.22799912884096693,0.9171272178242766,0.08287278217572354,0.18007613046006937,0.8199238695399307,0.7490802119939499,0.2509197880060502,0.77451,0.17602,0.41222,0.68024,0.076,0.14765,0.85482,0.2014,0.47333,0.38149000000000005,0.09234,0.10905999999999999,0.002127443311557488,0.0020790390400937803,17220
-2.44,2.08,x1 = -2.44; x2 = 2.08,-2.4,2.1,x1 = -2.4; x2 = 2.1,0.7204592393492867,0.27954076065071326,0.7722260431936501,0.22777395680634988,0.9184943456981844,0.08150565430181553,0.1583181663863234,0.8416818336136765,0.7453460094663884,0.25465399053361143,0.77411,0.17589,0.40746,0.63027,0.07486,0.13325,0.85482,0.2014,0.45821,0.39661,0.08816,0.11324,0.0015984612092933281,0.0015671883101243539,17250
-2.34,2.04,x1 = -2.34; x2 = 2.04,-2.4,2.1,x1 = -2.4; x2 = 2.1,0.7204592393492867,0.27954076065071326,0.784813508103209,0.21518649189679087,0.9210149479684879,0.07898505203151222,0.18616767408071616,0.8138323259192839,0.762885741020658,0.23711425897934205,0.75128,0.16888,0.39859,0.69339,0.07275,0.15151,0.85482,0.2014,0.46203,0.39279000000000003,0.0897,0.1117,0.00478981595131385,0.004621460392721509,17280
