z_x1,z_x2,z_note,x_x1,x_x2,x_note,"p(y=0|x,D)","p(y=1|x,D)","p(u=0|z,D)","p(u=1|z,D)","p(y=0|x,u=0,z,D)","p(y=1|x,u=0,z,D)","p(y=0|x,u=1,z,D)","p(y=1|x,u=1,z,D)","p(y=0|x,z,D)","p(y=1|x,z,D)","H[p(u|z,D)]","Var[p(u|z,D)]","H[p(y|x,u=0,z,D)]","H[p(y|x,u=1,z,D)]","Var[p(y|x,u=0,z,D)]","Var[p(y|x,u=1,z,D)]","H[p(y|x,D)]","Var[p(y|x,D)]",Va,Ve,Va_variance,Ve_variance,kl_pyx_pyxz,kl_pyxz_pyx,api_calls
2.57,2.18,x1 = 2.57; x2 = 2.18,2.6,2.1,x1 = 2.6; x2 = 2.1,0.3546122690166017,0.6453877309833983,0.35864502889371697,0.6413549711062831,0.7473480305481824,0.25265196945181756,0.094048947077757,0.9059510529222429,0.3283514157452465,0.6716485842547535,0.94155,0.23002,0.81545,0.44984,0.18882,0.0852,0.93812,0.22886,0.58096,0.3571599999999999,0.12236,0.10650000000000001,0.001543429022134661,0.00152448367121431,129160
2.62,2.21,x1 = 2.62; x2 = 2.21,2.6,2.1,x1 = 2.6; x2 = 2.1,0.3546122690166017,0.6453877309833983,0.36933783713022184,0.6306621628697782,0.7645012407101609,0.23549875928983913,0.08608318344068319,0.9139168165593169,0.3366486413826791,0.6633513586173211,0.95016,0.23293,0.78747,0.42326,0.18004,0.07867,0.93812,0.22886,0.55778,0.3803399999999999,0.11611,0.11275,0.0007164211035063095,0.0007105869553014448,129190
2.5,2.14,x1 = 2.5; x2 = 2.14,2.6,2.1,x1 = 2.6; x2 = 2.1,0.3546122690166017,0.6453877309833983,0.3275735811199467,0.6724264188800533,0.7563828464383001,0.24361715356169983,0.07785548917002323,0.9221445108299768,0.3001231254782462,0.6998768745217538,0.91243,0.22027,0.801,0.39458,0.18427,0.07179,0.93812,0.22886,0.52771,0.41040999999999994,0.10864,0.12022000000000001,0.006850026498016588,0.006657033399084446,129220
2.63,2.06,x1 = 2.63; x2 = 2.06,2.6,2.1,x1 = 2.6; x2 = 2.1,0.3546122690166017,0.6453877309833983,0.363697925647543,0.636302074352457,0.7502005078353341,0.24979949216466588,0.08775462933514883,0.912245370664851,0.3286848211994305,0.6713151788005693,0.94571,0.23142,0.81096,0.42893,0.1874,0.08005,0.93812,0.22886,0.56787,0.37024999999999997,0.11909,0.10977,0.0015039903298622384,0.0014857857009918755,129250
2.73,2.12,x1 = 2.73; x2 = 2.12,2.6,2.1,x1 = 2.6; x2 = 2.1,0.3546122690166017,0.6453877309833983,0.33669893037780557,0.6633010696221945,0.7266152739926792,0.27338472600732083,0.09505765381460526,0.9049423461853948,0.30770242900051514,0.692297570999485,0.92162,0.22333,0.84628,0.45313,0.19865,0.08602,0.93812,0.22886,0.5855,0.35261999999999993,0.12394,0.10492000000000001,0.005033200751088256,0.00491433226099211,129280
