z_x1,z_x2,z_note,x_x1,x_x2,x_note,"p(y=0|x,D)","p(y=1|x,D)","p(u=0|z,D)","p(u=1|z,D)","p(y=0|x,u=0,z,D)","p(y=1|x,u=0,z,D)","p(y=0|x,u=1,z,D)","p(y=1|x,u=1,z,D)","p(y=0|x,z,D)","p(y=1|x,z,D)","H[p(u|z,D)]","Var[p(u|z,D)]","H[p(y|x,u=0,z,D)]","H[p(y|x,u=1,z,D)]","Var[p(y|x,u=0,z,D)]","Var[p(y|x,u=1,z,D)]","H[p(y|x,D)]","Var[p(y|x,D)]",Va,Ve,Va_variance,Ve_variance,kl_pyx_pyxz,kl_pyxz_pyx,api_calls
-1.14,1.52,x1 = -1.14; x2 = 1.52,-1.2,1.5,x1 = -1.2; x2 = 1.5,0.9108169305121155,0.08918306948788442,0.907699785028201,0.09230021497179901,0.9548477755074215,0.045152224492578615,0.6465922842035078,0.35340771579649216,0.9263957273938328,0.07360427260616736,0.4441,0.08378,0.26544,0.93707,0.04311,0.22851,0.43374,0.08123,0.32743,0.10631000000000002,0.06022,0.021009999999999994,0.0016750263739835763,0.0015801276209815012,43560
-1.27,1.46,x1 = -1.27; x2 = 1.46,-1.2,1.5,x1 = -1.2; x2 = 1.5,0.9108169305121155,0.08918306948788442,0.9049494627851653,0.09505053721483474,0.9557973277770715,0.04420267222292852,0.6469192388256015,0.3530807611743984,0.9264382994883428,0.07356170051165725,0.45311,0.08602,0.26124,0.93679,0.04225,0.22841,0.43374,0.08123,0.32545,0.10829,0.05994,0.021289999999999996,0.0016847688210646188,0.0015890362550298517,43590
-1.21,1.6,x1 = -1.21; x2 = 1.6,-1.2,1.5,x1 = -1.2; x2 = 1.5,0.9108169305121155,0.08918306948788442,0.9004338584897184,0.0995661415102816,0.9604718728388921,0.039528127161108005,0.5917186947976683,0.40828130520233186,0.9237565417316735,0.07624345826832657,0.46762,0.08965,0.24012,0.97559,0.03797,0.24159,0.43374,0.08123,0.31335,0.12039,0.05824,0.022989999999999997,0.0011317435770337066,0.0010791990140233063,43620
-1.16,1.44,x1 = -1.16; x2 = 1.44,-1.2,1.5,x1 = -1.2; x2 = 1.5,0.9108169305121155,0.08918306948788442,0.9009939619002756,0.09900603809972461,0.9552098065143861,0.04479019348561393,0.6227459447920101,0.3772540552079899,0.9222938767539192,0.07770612324608106,0.46584,0.0892,0.26384,0.95608,0.04278,0.23493,0.43374,0.08123,0.33238,0.10136,0.0618,0.019429999999999996,0.0008803670012965843,0.0008443786737769091,43650
-1.09,1.48,x1 = -1.09; x2 = 1.48,-1.2,1.5,x1 = -1.2; x2 = 1.5,0.9108169305121155,0.08918306948788442,0.90950752951045,0.09049247048954986,0.954775489967415,0.04522451003258502,0.6597748165584983,0.34022518344150177,0.9280801502345611,0.07191984976543875,0.43811,0.0823,0.26575,0.92503,0.04318,0.22447,0.43374,0.08123,0.32541,0.10833000000000004,0.05959,0.02164,0.0020850906567114573,0.0019530369656647131,43680
