z_x1,z_x2,z_note,x_x1,x_x2,x_note,"p(y=0|x,D)","p(y=1|x,D)","p(u=0|z,D)","p(u=1|z,D)","p(y=0|x,u=0,z,D)","p(y=1|x,u=0,z,D)","p(y=0|x,u=1,z,D)","p(y=1|x,u=1,z,D)","p(y=0|x,z,D)","p(y=1|x,z,D)","H[p(u|z,D)]","Var[p(u|z,D)]","H[p(y|x,u=0,z,D)]","H[p(y|x,u=1,z,D)]","Var[p(y|x,u=0,z,D)]","Var[p(y|x,u=1,z,D)]","H[p(y|x,D)]","Var[p(y|x,D)]",Va,Ve,Va_variance,Ve_variance,kl_pyx_pyxz,kl_pyxz_pyx,api_calls
-0.25,2.81,x1 = -0.25; x2 = 2.81,-0.2,2.9,x1 = -0.2; x2 = 2.9,0.7586091762439593,0.2413908237560407,0.801972713737678,0.19802728626232208,0.9131223427153827,0.08687765728461738,0.2713922775100892,0.7286077224899108,0.7860422793898355,0.21395772061016463,0.71797,0.15881,0.42596,0.84346,0.07933,0.19774,0.79735,0.18312,0.50864,0.28871,0.10278,0.08034000000000001,0.0021723922972449183,0.0021116357946199364,67080
-0.17,2.91,x1 = -0.17; x2 = 2.91,-0.2,2.9,x1 = -0.2; x2 = 2.9,0.7586091762439593,0.2413908237560407,0.7998576337543539,0.200142366245646,0.906696301773794,0.09330369822620609,0.25082680974714766,0.7491731902528522,0.775429029691251,0.22457097030874887,0.72221,0.16009,0.4474,0.81259,0.0846,0.18791,0.79735,0.18312,0.52049,0.27686,0.10528,0.07784,0.0007984758085739785,0.0007852016879432641,67110
-0.18,2.97,x1 = -0.18; x2 = 2.97,-0.2,2.9,x1 = -0.2; x2 = 2.9,0.7586091762439593,0.2413908237560407,0.7936743286715364,0.20632567132846366,0.909758319960593,0.09024168003940693,0.240473089568951,0.7595269104310489,0.771667595489812,0.22833240451018794,0.7344,0.16376,0.43728,0.79583,0.0821,0.18265,0.79735,0.18312,0.51126,0.28608999999999996,0.10285,0.08027000000000001,0.0004776044793713772,0.00047150715159755864,67140
-0.29,2.74,x1 = -0.29; x2 = 2.74,-0.2,2.9,x1 = -0.2; x2 = 2.9,0.7586091762439593,0.2413908237560407,0.8109035892338798,0.18909641076612022,0.9092642395204809,0.09073576047951921,0.27654966025912675,0.7234503397408732,0.789620183542763,0.21037981645723713,0.69958,0.15334,0.43892,0.85071,0.0825,0.20007,0.79735,0.18312,0.51679,0.28056000000000003,0.10473,0.07839,0.0027979792416831274,0.0027085855509102787,67170
-0.15,2.93,x1 = -0.15; x2 = 2.93,-0.2,2.9,x1 = -0.2; x2 = 2.9,0.7586091762439593,0.2413908237560407,0.7951086047906334,0.20489139520936644,0.9025430990150735,0.09745690098492663,0.24705447444076825,0.7529455255592318,0.7682391201821753,0.2317608798178246,0.7316,0.16291,0.46088,0.80658,0.08796,0.18602,0.79735,0.18312,0.53171,0.26564,0.10805,0.07507000000000001,0.0002579629150117283,0.0002555582680764702,67200
