z_x1,z_x2,z_note,x_x1,x_x2,x_note,"p(y=0|x,D)","p(y=1|x,D)","p(u=0|z,D)","p(u=1|z,D)","p(y=0|x,u=0,z,D)","p(y=1|x,u=0,z,D)","p(y=0|x,u=1,z,D)","p(y=1|x,u=1,z,D)","p(y=0|x,z,D)","p(y=1|x,z,D)","H[p(u|z,D)]","Var[p(u|z,D)]","H[p(y|x,u=0,z,D)]","H[p(y|x,u=1,z,D)]","Var[p(y|x,u=0,z,D)]","Var[p(y|x,u=1,z,D)]","H[p(y|x,D)]","Var[p(y|x,D)]",Va,Ve,Va_variance,Ve_variance,kl_pyx_pyxz,kl_pyxz_pyx,api_calls
3.33,1.14,x1 = 3.33; x2 = 1.14,3.2,1.1,x1 = 3.2; x2 = 1.1,0.170952702209389,0.8290472977906109,0.16209502123921246,0.8379049787607876,0.6491455767979868,0.35085442320201315,0.07186465939076539,0.9281353406092346,0.165439021958881,0.8345609780411192,0.6393,0.13582,0.93483,0.37284,0.22776,0.0667,0.65988,0.14173,0.46394,0.19594,0.09281,0.04891999999999999,0.00010912856756988779,0.00010818127227290534,141800
3.27,0.97,x1 = 3.27; x2 = 0.97,3.2,1.1,x1 = 3.2; x2 = 1.1,0.170952702209389,0.8290472977906109,0.13370145191841093,0.8662985480815891,0.6208428300242331,0.3791571699757669,0.0788335303071226,0.9211664696928775,0.15130096063258144,0.8486990393674186,0.5675,0.11583,0.95744,0.39806,0.2354,0.07262,0.65988,0.14173,0.47285,0.18703000000000003,0.09438,0.04734999999999999,0.0014536066452911743,0.00140657425770856,141830
3.28,1.07,x1 = 3.28; x2 = 1.07,3.2,1.1,x1 = 3.2; x2 = 1.1,0.170952702209389,0.8290472977906109,0.14729438073957013,0.8527056192604299,0.6664299796765374,0.33357002032346267,0.07684874949447763,0.9231512505055223,0.16369075168981806,0.8363092483101818,0.60303,0.1256,0.91853,0.39098,0.2223,0.07094,0.65988,0.14173,0.46869,0.19119000000000003,0.09323,0.0485,0.00019037400085192887,0.00018818557626193097,141860
3.18,1.1,x1 = 3.18; x2 = 1.1,3.2,1.1,x1 = 3.2; x2 = 1.1,0.170952702209389,0.8290472977906109,0.15720721330819004,0.84279278669181,0.6830969709692243,0.31690302903077566,0.07340111500561013,0.9265988849943898,0.16924970148720153,0.8307502985127985,0.62759,0.13249,0.90098,0.37849,0.21648,0.06801,0.65988,0.14173,0.46063,0.19925000000000004,0.09135,0.050379999999999994,1.0285986451277719e-05,1.0258731479294856e-05,141890
3.2,1.16,x1 = 3.2; x2 = 1.16,3.2,1.1,x1 = 3.2; x2 = 1.1,0.170952702209389,0.8290472977906109,0.15471846958240837,0.8452815304175916,0.7352500154340705,0.26474998456592946,0.07895390369580477,0.9210460963041951,0.1804950336968345,0.8195049663031653,0.62152,0.13078,0.83383,0.39848,0.19466,0.07272,0.65988,0.14173,0.46584,0.19404000000000005,0.09159,0.05013999999999999,0.00031214750548644657,0.00031662619708435966,141920
