z_x1,z_x2,z_note,x_x1,x_x2,x_note,"p(y=0|x,D)","p(y=1|x,D)","p(u=0|z,D)","p(u=1|z,D)","p(y=0|x,u=0,z,D)","p(y=1|x,u=0,z,D)","p(y=0|x,u=1,z,D)","p(y=1|x,u=1,z,D)","p(y=0|x,z,D)","p(y=1|x,z,D)","H[p(u|z,D)]","Var[p(u|z,D)]","H[p(y|x,u=0,z,D)]","H[p(y|x,u=1,z,D)]","Var[p(y|x,u=0,z,D)]","Var[p(y|x,u=1,z,D)]","H[p(y|x,D)]","Var[p(y|x,D)]",Va,Ve,Va_variance,Ve_variance,kl_pyx_pyxz,kl_pyxz_pyx,api_calls
0.81,2.73,x1 = 0.81; x2 = 2.73,0.8,2.7,x1 = 0.8; x2 = 2.7,0.7389211130329392,0.26107888696706083,0.7486928778045658,0.251307122195434,0.8945064385601738,0.10549356143982631,0.2859436519447824,0.7140563480552176,0.7415702759806256,0.25842972401937425,0.81334,0.18815,0.48617,0.86342,0.09436,0.20418,0.82837,0.19292,0.58098,0.24739,0.12196,0.07096000000000001,1.8269662341963838e-05,1.8229391501029327e-05,89320
0.69,2.66,x1 = 0.69; x2 = 2.66,0.8,2.7,x1 = 0.8; x2 = 2.7,0.7389211130329392,0.26107888696706083,0.7977809844824061,0.20221901551759394,0.9018105006290889,0.09818949937091129,0.3067418693251611,0.6932581306748389,0.7814763078414065,0.2185236921585936,0.72634,0.16133,0.46323,0.88938,0.08855,0.21265,0.82837,0.19292,0.54941,0.2789600000000001,0.11365,0.07927000000000001,0.0050783867226309315,0.004876202626583941,89350
0.86,2.72,x1 = 0.86; x2 = 2.72,0.8,2.7,x1 = 0.8; x2 = 2.7,0.7389211130329392,0.26107888696706083,0.7620702463483686,0.23792975365163146,0.8932134418488049,0.10678655815119505,0.29724187598038004,0.7027581240196199,0.7514140739983537,0.24858592600164642,0.79158,0.18132,0.49015,0.87789,0.09538,0.20889,0.82837,0.19292,0.5824,0.24597000000000002,0.12239,0.07053000000000001,0.0004132271805187132,0.00040880643367760365,89380
0.9,2.73,x1 = 0.9; x2 = 2.73,0.8,2.7,x1 = 0.8; x2 = 2.7,0.7389211130329392,0.26107888696706083,0.7566263254791086,0.2433736745208915,0.8976190677652168,0.10238093223478315,0.26186916837708807,0.738130831622912,0.7428942786748409,0.2571057213251592,0.80061,0.18414,0.4765,0.82955,0.0919,0.19329,0.82837,0.19292,0.56242,0.26595,0.11658,0.07634,4.118627798162678e-05,4.1049593444263816e-05,89410
0.83,2.71,x1 = 0.83; x2 = 2.71,0.8,2.7,x1 = 0.8; x2 = 2.7,0.7389211130329392,0.26107888696706083,0.7696735667641683,0.23032643323583155,0.8933915237133917,0.10660847628660834,0.30350554734256446,0.6964944526574355,0.7575251907600629,0.24247480923993697,0.77858,0.17728,0.4896,0.88553,0.09524,0.21139,0.82837,0.19292,0.58079,0.24758000000000002,0.12199,0.07093,0.0009264653087701739,0.0009114391572792833,89440
