z_x1,z_x2,z_note,x_x1,x_x2,x_note,"p(y=0|x,D)","p(y=1|x,D)","p(u=0|z,D)","p(u=1|z,D)","p(y=0|x,u=0,z,D)","p(y=1|x,u=0,z,D)","p(y=0|x,u=1,z,D)","p(y=1|x,u=1,z,D)","p(y=0|x,z,D)","p(y=1|x,z,D)","H[p(u|z,D)]","Var[p(u|z,D)]","H[p(y|x,u=0,z,D)]","H[p(y|x,u=1,z,D)]","Var[p(y|x,u=0,z,D)]","Var[p(y|x,u=1,z,D)]","H[p(y|x,D)]","Var[p(y|x,D)]",Va,Ve,Va_variance,Ve_variance,kl_pyx_pyxz,kl_pyxz_pyx,api_calls
0.02,1.14,x1 = 0.02; x2 = 1.14,0.2,1.1,x1 = 0.2; x2 = 1.1,0.862349345138315,0.13765065486168498,0.849340282345695,0.15065971765430491,0.90733926817423,0.09266073182576995,0.6669939431835795,0.3330060568164204,0.8711289093716065,0.1288710906283935,0.61149,0.12796,0.44529,0.91797,0.08407,0.22211,0.57805,0.1187,0.5165,0.061549999999999994,0.10487,0.013829999999999995,0.0003368836275965993,0.0003306783340064883,74600
0.45,1.13,x1 = 0.45; x2 = 1.13,0.2,1.1,x1 = 0.2; x2 = 1.1,0.862349345138315,0.13765065486168498,0.8807747443394096,0.11922525566059039,0.9155351569562848,0.08446484304371508,0.6875047993560737,0.3124952006439264,0.8883481792730239,0.11165182072697613,0.52713,0.10501,0.41772,0.89603,0.07733,0.21484,0.57805,0.1187,0.47475,0.10329999999999995,0.09372,0.024980000000000002,0.0032003012854022427,0.0030143820812773905,74630
0.26,1.11,x1 = 0.26; x2 = 1.11,0.2,1.1,x1 = 0.2; x2 = 1.1,0.862349345138315,0.13765065486168498,0.8815115068204065,0.11848849317959358,0.9239707120612188,0.07602928793878123,0.6536692058470467,0.3463307941529533,0.891943093885727,0.10805690611427303,0.525,0.10445,0.38803,0.93075,0.07025,0.22639,0.57805,0.1187,0.45234,0.12570999999999993,0.08875,0.029950000000000004,0.004222571914093039,0.00393946878544621,74660
0.23,1.08,x1 = 0.23; x2 = 1.08,0.2,1.1,x1 = 0.2; x2 = 1.1,0.862349345138315,0.13765065486168498,0.8783429790032301,0.12165702099676987,0.925680217788986,0.07431978221101389,0.6509995711744051,0.34900042882559495,0.8922633885963895,0.1077366114036103,0.53411,0.10686,0.38184,0.93317,0.0688,0.2272,0.57805,0.1187,0.44891,0.12913999999999998,0.08807,0.030630000000000004,0.0043215801664778855,0.004028339653340443,74690
0.23,1.05,x1 = 0.23; x2 = 1.05,0.2,1.1,x1 = 0.2; x2 = 1.1,0.862349345138315,0.13765065486168498,0.8755082828174044,0.12449171718259544,0.922596977644301,0.07740302235569885,0.6688701862266127,0.3311298137733874,0.8910100936854827,0.1089899063145171,0.54214,0.10899,0.39296,0.91608,0.07141,0.22148,0.57805,0.1187,0.45808,0.11996999999999997,0.09009,0.028609999999999997,0.003941667230151227,0.003686649178757318,74720
