z_x1,z_x2,z_note,x_x1,x_x2,x_note,"p(y=0|x,D)","p(y=1|x,D)","p(u=0|z,D)","p(u=1|z,D)","p(y=0|x,u=0,z,D)","p(y=1|x,u=0,z,D)","p(y=0|x,u=1,z,D)","p(y=1|x,u=1,z,D)","p(y=0|x,z,D)","p(y=1|x,z,D)","H[p(u|z,D)]","Var[p(u|z,D)]","H[p(y|x,u=0,z,D)]","H[p(y|x,u=1,z,D)]","Var[p(y|x,u=0,z,D)]","Var[p(y|x,u=1,z,D)]","H[p(y|x,D)]","Var[p(y|x,D)]",Va,Ve,Va_variance,Ve_variance,kl_pyx_pyxz,kl_pyxz_pyx,api_calls
1.26,1.07,x1 = 1.26; x2 = 1.07,1.4,1.1,x1 = 1.4; x2 = 1.1,0.6357800023125851,0.3642199976874147,0.6874819867976878,0.3125180132023121,0.7960489164606118,0.2039510835393883,0.3509310831919322,0.6490689168080677,0.656941575566566,0.34305842443343393,0.89606,0.21485,0.72976,0.9349,0.16236,0.22778,0.94613,0.23156,0.79387,0.15226000000000006,0.1828,0.04876,0.0009842061489177996,0.0009753513295479264,101480
1.47,1.16,x1 = 1.47; x2 = 1.16,1.4,1.1,x1 = 1.4; x2 = 1.1,0.6357800023125851,0.3642199976874147,0.6678069924733384,0.3321930075266616,0.804661745738519,0.19533825426148094,0.315383774851951,0.684616225148049,0.6421270250731677,0.35787297492683234,0.91715,0.22184,0.71251,0.89929,0.15718,0.21592,0.94613,0.23156,0.77456,0.17157,0.17669,0.054869999999999974,8.742573186022989e-05,8.72031856336275e-05,101510
1.34,1.24,x1 = 1.34; x2 = 1.24,1.4,1.1,x1 = 1.4; x2 = 1.1,0.6357800023125851,0.3642199976874147,0.7319174443966775,0.26808255560332256,0.8019890395257102,0.1980109604742898,0.3475634101754235,0.6524365898245765,0.6801654554778371,0.31983454452216287,0.8387,0.19621,0.71793,0.93187,0.1588,0.22676,0.94613,0.23156,0.77528,0.17085000000000006,0.17702,0.05453999999999998,0.004427286900794802,0.004336077143672193,101540
1.22,1.08,x1 = 1.22; x2 = 1.08,1.4,1.1,x1 = 1.4; x2 = 1.1,0.6357800023125851,0.3642199976874147,0.7197889259282902,0.28021107407170975,0.7857053710813162,0.21429462891868378,0.3534338691938889,0.646566130806111,0.6645781092468491,0.3354218907531509,0.85574,0.20169,0.74961,0.9371,0.16837,0.22852,0.94613,0.23156,0.80215,0.14398,0.18522,0.04633999999999999,0.0018354813196520652,0.0018123397926722677,101570
1.47,1.07,x1 = 1.47; x2 = 1.07,1.4,1.1,x1 = 1.4; x2 = 1.1,0.6357800023125851,0.3642199976874147,0.651129510991274,0.3488704890087259,0.8030513138982679,0.1969486861017321,0.32831037170370647,0.6716896282962936,0.637428209242388,0.36257179075761203,0.93306,0.22716,0.71578,0.91319,0.15816,0.22052,0.94613,0.23156,0.78465,0.16148000000000007,0.17992,0.05163999999999999,5.873344255443369e-06,5.869534645158584e-06,101600
