z_x1,z_x2,z_note,x_x1,x_x2,x_note,"p(y=0|x,D)","p(y=1|x,D)","p(u=0|z,D)","p(u=1|z,D)","p(y=0|x,u=0,z,D)","p(y=1|x,u=0,z,D)","p(y=0|x,u=1,z,D)","p(y=1|x,u=1,z,D)","p(y=0|x,z,D)","p(y=1|x,z,D)","H[p(u|z,D)]","Var[p(u|z,D)]","H[p(y|x,u=0,z,D)]","H[p(y|x,u=1,z,D)]","Var[p(y|x,u=0,z,D)]","Var[p(y|x,u=1,z,D)]","H[p(y|x,D)]","Var[p(y|x,D)]",Va,Ve,Va_variance,Ve_variance,kl_pyx_pyxz,kl_pyxz_pyx,api_calls
-1.39,2.33,x1 = -1.39; x2 = 2.33,-1.4,2.3,x1 = -1.4; x2 = 2.3,0.8577175043031575,0.1422824956968425,0.8806131242818399,0.11938687571816016,0.9535081925343947,0.04649180746560527,0.269937211988343,0.730062788011657,0.8718987888354023,0.12810121116459763,0.5276,0.10513,0.2713,0.84137,0.04433,0.19707,0.59019,0.12204,0.33936,0.25083,0.06257,0.059469999999999995,0.000873457256998238,0.0008480425825167191,39720
-1.22,2.39,x1 = -1.22; x2 = 2.39,-1.4,2.3,x1 = -1.4; x2 = 2.3,0.8577175043031575,0.1422824956968425,0.8837314168743013,0.11626858312569859,0.9526829321128927,0.04731706788710722,0.3171480009195596,0.6828519990804404,0.8787901861361554,0.1212098138638444,0.51854,0.10275,0.27489,0.90125,0.04508,0.21657,0.59019,0.12204,0.34772,0.24247000000000002,0.06502,0.05702,0.001988681996364608,0.0019005516241268824,39750
-1.43,2.36,x1 = -1.43; x2 = 2.36,-1.4,2.3,x1 = -1.4; x2 = 2.3,0.8577175043031575,0.1422824956968425,0.8808095690521263,0.11919043094787381,0.9518594486378269,0.04814055136217289,0.2706868848024446,0.7293131151975556,0.8706701972044197,0.12932980279558023,0.52703,0.10498,0.27845,0.84245,0.04582,0.19742,0.59019,0.12204,0.34567,0.24452000000000002,0.06389,0.05814999999999999,0.0007248193083386305,0.0007056397705019566,39780
-1.34,2.37,x1 = -1.34; x2 = 2.37,-1.4,2.3,x1 = -1.4; x2 = 2.3,0.8577175043031575,0.1422824956968425,0.8839765332947944,0.11602346670520561,0.9521505038721747,0.04784949612782552,0.29811511802081714,0.7018848819791829,0.8762670510578234,0.12373294894217679,0.51782,0.10256,0.27719,0.87897,0.04556,0.20924,0.59019,0.12204,0.34701,0.24318,0.06455,0.05749,0.0015234723424019866,0.001464581083319167,39810
-1.34,2.24,x1 = -1.34; x2 = 2.24,-1.4,2.3,x1 = -1.4; x2 = 2.3,0.8577175043031575,0.1422824956968425,0.885193033020033,0.11480696697996688,0.9530603077028074,0.046939692297192616,0.2931875282524867,0.7068124717475133,0.8773023153014754,0.12269768469852455,0.51425,0.10163,0.27325,0.8728,0.04474,0.20723,0.59019,0.12204,0.34208,0.24811,0.06339,0.058649999999999994,0.0017061966980700012,0.0016363010401273664,39840
