z_x1,z_x2,z_note,x_x1,x_x2,x_note,"p(y=0|x,D)","p(y=1|x,D)","p(u=0|z,D)","p(u=1|z,D)","p(y=0|x,u=0,z,D)","p(y=1|x,u=0,z,D)","p(y=0|x,u=1,z,D)","p(y=1|x,u=1,z,D)","p(y=0|x,z,D)","p(y=1|x,z,D)","H[p(u|z,D)]","Var[p(u|z,D)]","H[p(y|x,u=0,z,D)]","H[p(y|x,u=1,z,D)]","Var[p(y|x,u=0,z,D)]","Var[p(y|x,u=1,z,D)]","H[p(y|x,D)]","Var[p(y|x,D)]",Va,Ve,Va_variance,Ve_variance,kl_pyx_pyxz,kl_pyxz_pyx,api_calls
0.76,-0.73,x1 = 0.76; x2 = -0.73,0.8,-0.7,x1 = 0.8; x2 = -0.7,0.3232717538157164,0.6767282461842836,0.3205829009003263,0.6794170990996736,0.44953641814719425,0.5504635818528056,0.18884173918782682,0.8111582608121732,0.2724159956179001,0.7275840043820999,0.90501,0.21781,0.99264,0.69904,0.24745,0.15318,0.9079,0.21877,0.79316,0.11474000000000006,0.1834,0.035369999999999985,0.006296657919589971,0.0060929590931906655,86600
0.79,-0.69,x1 = 0.79; x2 = -0.69,0.8,-0.7,x1 = 0.8; x2 = -0.7,0.3232717538157164,0.6767282461842836,0.3211177379444371,0.6788822620555628,0.46987763557235207,0.5301223644276478,0.17928078969558456,0.8207192103044155,0.27259659149732035,0.7274034085026795,0.90559,0.218,0.99738,0.6785,0.24909,0.14714,0.9079,0.21877,0.7809,0.127,0.17988,0.03888999999999998,0.006250412315896306,0.006049044101844647,86630
1.0,-0.68,x1 = 1.0; x2 = -0.68,0.8,-0.7,x1 = 0.8; x2 = -0.7,0.3232717538157164,0.6767282461842836,0.1652048929888223,0.8347951070111778,0.46039044229316106,0.5396095577068389,0.19789651732340585,0.8021034826765941,0.24126179810825021,0.7587382018917499,0.64662,0.13791,0.99547,0.7177,0.24843,0.15873,0.9079,0.21877,0.76359,0.14431000000000005,0.17355,0.04521999999999998,0.017183844041452123,0.016194017577002326,86660
0.97,-0.7,x1 = 0.97; x2 = -0.7,0.8,-0.7,x1 = 0.8; x2 = -0.7,0.3232717538157164,0.6767282461842836,0.2677623650411559,0.7322376349588442,0.516818470992372,0.4831815290076279,0.2008466505240773,0.7991533494759226,0.2854520124590274,0.7145479875409726,0.83824,0.19607,0.99918,0.72362,0.24972,0.16051,0.9079,0.21877,0.7974,0.11050000000000004,0.1844,0.034369999999999984,0.0034205360210682254,0.0033416244352880223,86690
0.87,-0.72,x1 = 0.87; x2 = -0.72,0.8,-0.7,x1 = 0.8; x2 = -0.7,0.3232717538157164,0.6767282461842836,0.29069448923004115,0.7093055107699588,0.47140566004525486,0.5285943399547451,0.19578723783661606,0.804212762163384,0.27590799430294616,0.7240920056970539,0.86962,0.20619,0.99764,0.71342,0.24918,0.15745,0.9079,0.21877,0.79604,0.11186000000000007,0.18412,0.034649999999999986,0.005434831496044866,0.0052729085049647295,86720
