z_x1,z_x2,z_note,x_x1,x_x2,x_note,"p(y=0|x,D)","p(y=1|x,D)","p(u=0|z,D)","p(u=1|z,D)","p(y=0|x,u=0,z,D)","p(y=1|x,u=0,z,D)","p(y=0|x,u=1,z,D)","p(y=1|x,u=1,z,D)","p(y=0|x,z,D)","p(y=1|x,z,D)","H[p(u|z,D)]","Var[p(u|z,D)]","H[p(y|x,u=0,z,D)]","H[p(y|x,u=1,z,D)]","Var[p(y|x,u=0,z,D)]","Var[p(y|x,u=1,z,D)]","H[p(y|x,D)]","Var[p(y|x,D)]",Va,Ve,Va_variance,Ve_variance,kl_pyx_pyxz,kl_pyxz_pyx,api_calls
-2.07,-1.03,x1 = -2.07; x2 = -1.03,-2.2,-1.1,x1 = -2.2; x2 = -1.1,0.7290346208354913,0.2709653791645087,0.7706450185776157,0.22935498142238425,0.9002513305629526,0.09974866943704748,0.30152144178324186,0.6984785582167581,0.7629296480448559,0.2370703519551442,0.77689,0.17675,0.4682,0.88314,0.0898,0.21061,0.84285,0.19754,0.56337,0.27947999999999995,0.11751,0.08002999999999999,0.0030795325514554467,0.0029903455584867206,19080
-2.2,-1.14,x1 = -2.2; x2 = -1.14,-2.2,-1.1,x1 = -2.2; x2 = -1.1,0.7290346208354913,0.2709653791645087,0.7409033319755706,0.25909666802442943,0.9050726960798041,0.09492730392019572,0.20355330965180762,0.7964466903481924,0.723311360501768,0.2766886394982318,0.82538,0.19197,0.45271,0.72898,0.08592,0.16212,0.84285,0.19754,0.52429,0.31855999999999995,0.10566,0.09187999999999999,8.218816229977558e-05,8.254564065029481e-05,19110
-2.39,-1.06,x1 = -2.39; x2 = -1.06,-2.2,-1.1,x1 = -2.2; x2 = -1.1,0.7290346208354913,0.2709653791645087,0.7721833936210419,0.22781660637895812,0.9037293370302788,0.09627066296972128,0.2999441317234236,0.7000558682765763,0.7661770405754486,0.23382295942455147,0.77419,0.17592,0.45706,0.88122,0.087,0.20998,0.84285,0.19754,0.55369,0.28916,0.11502,0.08252,0.0037203418698607132,0.0036011295659102993,19140
-2.28,-1.23,x1 = -2.28; x2 = -1.23,-2.2,-1.1,x1 = -2.2; x2 = -1.1,0.7290346208354913,0.2709653791645087,0.7776326462464853,0.22236735375351477,0.9025014593503252,0.09749854064967477,0.2878594697037512,0.7121405302962488,0.7658251466068214,0.23417485339317867,0.76447,0.17292,0.46102,0.86594,0.08799,0.205,0.84285,0.19754,0.55106,0.29179,0.11401,0.08353,0.003647768541126084,0.003532110110512271,19170
-2.05,-1.06,x1 = -2.05; x2 = -1.06,-2.2,-1.1,x1 = -2.2; x2 = -1.1,0.7290346208354913,0.2709653791645087,0.7596967698933744,0.24030323010662552,0.9003219163271554,0.09967808367284456,0.3056799545232102,0.6943200454767897,0.7574275321487267,0.2425724678512732,0.79554,0.18256,0.46797,0.88812,0.08974,0.21224,0.84285,0.19754,0.56893,0.27391999999999994,0.11918,0.07836,0.0021393429294664056,0.002088282129106358,19200
