z_x1,z_x2,z_note,x_x1,x_x2,x_note,"p(y=0|x,D)","p(y=1|x,D)","p(u=0|z,D)","p(u=1|z,D)","p(y=0|x,u=0,z,D)","p(y=1|x,u=0,z,D)","p(y=0|x,u=1,z,D)","p(y=1|x,u=1,z,D)","p(y=0|x,z,D)","p(y=1|x,z,D)","H[p(u|z,D)]","Var[p(u|z,D)]","H[p(y|x,u=0,z,D)]","H[p(y|x,u=1,z,D)]","Var[p(y|x,u=0,z,D)]","Var[p(y|x,u=1,z,D)]","H[p(y|x,D)]","Var[p(y|x,D)]",Va,Ve,Va_variance,Ve_variance,kl_pyx_pyxz,kl_pyxz_pyx,api_calls
-0.6,-2.03,x1 = -0.6; x2 = -2.03,-0.6,-2.1,x1 = -0.6; x2 = -2.1,0.6293448191659754,0.3706551808340245,0.6541419673058988,0.3458580326941012,0.9198564375640987,0.0801435624359013,0.14712046098177828,0.8528795390182218,0.6525994929113823,0.34740050708861775,0.93031,0.22624,0.40268,0.60259,0.07372,0.12548,0.95117,0.23327,0.47182,0.47934999999999994,0.09162,0.14165,0.0011808539898680893,0.0011696861947655783,54120
-0.74,-2.03,x1 = -0.74; x2 = -2.03,-0.6,-2.1,x1 = -0.6; x2 = -2.1,0.6293448191659754,0.3706551808340245,0.6748818246774458,0.32511817532255416,0.8701980185803299,0.1298019814196702,0.2578089066108915,0.7421910933891084,0.6710991879094268,0.32890081209057326,0.90986,0.21942,0.55689,0.82342,0.11295,0.19134,0.95117,0.23327,0.64354,0.30762999999999996,0.13844,0.09483,0.003871590916307198,0.0038009252744514235,54150
-0.67,-2.13,x1 = -0.67; x2 = -2.13,-0.6,-2.1,x1 = -0.6; x2 = -2.1,0.6293448191659754,0.3706551808340245,0.667339941909783,0.332660058090217,0.8755354674062625,0.1244645325937375,0.2387210427437841,0.7612789572562159,0.6636927439053544,0.3363072560946457,0.91762,0.222,0.54206,0.79291,0.10897,0.18173,0.95117,0.23327,0.62551,0.32565999999999995,0.13317,0.1001,0.0026017229976505046,0.0025637584483941753,54180
-0.68,-2.09,x1 = -0.68; x2 = -2.09,-0.6,-2.1,x1 = -0.6; x2 = -2.1,0.6293448191659754,0.3706551808340245,0.6554177583159917,0.3445822416840082,0.869988370734698,0.1300116292653019,0.262834730631876,0.737165269368124,0.660774008381462,0.3392259916185379,0.92914,0.22585,0.55747,0.83099,0.11311,0.19375,0.95117,0.23327,0.65172,0.29945,0.1409,0.09237000000000001,0.002172554940415492,0.0021438749271465787,54210
-0.78,-2.14,x1 = -0.78; x2 = -2.14,-0.6,-2.1,x1 = -0.6; x2 = -2.1,0.6293448191659754,0.3706551808340245,0.6678231463290745,0.3321768536709255,0.8633008824337173,0.13669911756628267,0.2670929601013048,0.7329070398986952,0.665254410659657,0.334745589340343,0.91714,0.22184,0.57553,0.83726,0.11801,0.19575,0.95117,0.23327,0.66247,0.28869999999999996,0.14383,0.08943999999999999,0.002847788660398809,0.0028040801703981336,54240
