z_x1,z_x2,z_note,x_x1,x_x2,x_note,"p(y=0|x,D)","p(y=1|x,D)","p(u=0|z,D)","p(u=1|z,D)","p(y=0|x,u=0,z,D)","p(y=1|x,u=0,z,D)","p(y=0|x,u=1,z,D)","p(y=1|x,u=1,z,D)","p(y=0|x,z,D)","p(y=1|x,z,D)","H[p(u|z,D)]","Var[p(u|z,D)]","H[p(y|x,u=0,z,D)]","H[p(y|x,u=1,z,D)]","Var[p(y|x,u=0,z,D)]","Var[p(y|x,u=1,z,D)]","H[p(y|x,D)]","Var[p(y|x,D)]",Va,Ve,Va_variance,Ve_variance,kl_pyx_pyxz,kl_pyxz_pyx,api_calls
2.01,-2.42,x1 = 2.01; x2 = -2.42,2.0,-2.5,x1 = 2.0; x2 = -2.5,0.31305465928742143,0.6869453407125785,0.2010639967829268,0.7989360032170731,0.7106391731196015,0.28936082688039866,0.09889761053266533,0.9011023894673347,0.22189681410462764,0.7781031858953723,0.72405,0.16064,0.86789,0.46549,0.20563,0.08912,0.89667,0.21505,0.5464,0.35026999999999997,0.11255,0.1025,0.022146136518288284,0.02058590390707879,112040
2.01,-2.46,x1 = 2.01; x2 = -2.46,2.0,-2.5,x1 = 2.0; x2 = -2.5,0.31305465928742143,0.6869453407125785,0.20776139610173602,0.7922386038982641,0.7233467663562201,0.2766532336437799,0.10095342209261575,0.8990465779073844,0.2302627322212506,0.7697372677787496,0.73718,0.1646,0.85085,0.47201,0.20012,0.09076,0.89667,0.21505,0.55072,0.34595,0.11348,0.10157,0.01798626346778888,0.016865110313531634,112070
1.99,-2.42,x1 = 1.99; x2 = -2.42,2.0,-2.5,x1 = 2.0; x2 = -2.5,0.31305465928742143,0.6869453407125785,0.1608190620649933,0.8391809379350066,0.6333719642446654,0.36662803575533476,0.09893920992985533,0.9010607900701446,0.18488618421557407,0.8151138157844258,0.63627,0.13496,0.94805,0.46562,0.23221,0.08915,0.89667,0.21505,0.5432,0.35346999999999995,0.11216,0.10289,0.04734846929570667,0.042076011058373886,112100
1.86,-2.55,x1 = 1.86; x2 = -2.55,2.0,-2.5,x1 = 2.0; x2 = -2.5,0.31305465928742143,0.6869453407125785,0.18616683653094832,0.8138331634690518,0.619988981953297,0.38001101804670295,0.11476489951873914,0.8852351004812608,0.20882086868483185,0.7911791313151681,0.69338,0.15151,0.95805,0.51412,0.2356,0.10159,0.89667,0.21505,0.59677,0.29989999999999994,0.12654,0.08850999999999998,0.029711600817633993,0.0272178400974364,112130
1.89,-2.55,x1 = 1.89; x2 = -2.55,2.0,-2.5,x1 = 2.0; x2 = -2.5,0.31305465928742143,0.6869453407125785,0.18221289660852408,0.8177871033914761,0.6086360931924968,0.3913639068075031,0.1128011087039269,0.8871988912960729,0.20314863746743184,0.796851362532568,0.68489,0.14901,0.96567,0.50831,0.2382,0.10008,0.89667,0.21505,0.59165,0.30501999999999996,0.12525,0.08979999999999999,0.03342540246877593,0.030413876143643853,112160
