z_x1,z_x2,z_note,x_x1,x_x2,x_note,"p(y=0|x,D)","p(y=1|x,D)","p(u=0|z,D)","p(u=1|z,D)","p(y=0|x,u=0,z,D)","p(y=1|x,u=0,z,D)","p(y=0|x,u=1,z,D)","p(y=1|x,u=1,z,D)","p(y=0|x,z,D)","p(y=1|x,z,D)","H[p(u|z,D)]","Var[p(u|z,D)]","H[p(y|x,u=0,z,D)]","H[p(y|x,u=1,z,D)]","Var[p(y|x,u=0,z,D)]","Var[p(y|x,u=1,z,D)]","H[p(y|x,D)]","Var[p(y|x,D)]",Va,Ve,Va_variance,Ve_variance,kl_pyx_pyxz,kl_pyxz_pyx,api_calls
2.2,2.15,x1 = 2.2; x2 = 2.15,2.2,2.1,x1 = 2.2; x2 = 2.1,0.37433377909015386,0.6256662209098461,0.4066233478455457,0.5933766521544543,0.7715911855747761,0.22840881442522387,0.09111898107894882,0.9088810189210512,0.36781486698688093,0.6321851330131192,0.97469,0.24128,0.77523,0.44019,0.17624,0.08282,0.95394,0.23421,0.57643,0.37751,0.12081,0.1134,9.115689807411877e-05,9.09382980596651e-05,120200
2.27,2.03,x1 = 2.27; x2 = 2.03,2.2,2.1,x1 = 2.2; x2 = 2.1,0.37433377909015386,0.6256662209098461,0.37019809404559,0.62980190595441,0.7407884951216777,0.25921150487832223,0.10675049318198071,0.8932495068180192,0.3414701530525306,0.6585298469474693,0.95082,0.23315,0.82555,0.49004,0.19202,0.09535,0.95394,0.23421,0.61425,0.33969000000000005,0.13114,0.10307,0.002367013345453778,0.0023351271368373602,120230
2.24,2.09,x1 = 2.24; x2 = 2.09,2.2,2.1,x1 = 2.2; x2 = 2.1,0.37433377909015386,0.6256662209098461,0.38423603325241945,0.6157639667475805,0.7470998080216915,0.2529001919783086,0.10211682698664906,0.8978831730133509,0.3499425291348743,0.6500574708651258,0.96098,0.2366,0.81584,0.47567,0.18894,0.09169,0.95394,0.23421,0.60638,0.34756,0.12906,0.10515,0.0012943887112658627,0.0012818799549000094,120260
2.34,2.09,x1 = 2.34; x2 = 2.09,2.2,2.1,x1 = 2.2; x2 = 2.1,0.37433377909015386,0.6256662209098461,0.3648027805423464,0.6351972194576536,0.7320582871143996,0.26794171288560037,0.10721441812662416,0.8927855818733758,0.33515919893820223,0.6648408010617977,0.9466,0.23172,0.8385,0.49146,0.19615,0.09572,0.95394,0.23421,0.61806,0.33587999999999996,0.13236,0.10185,0.003382613669605475,0.0033269262382732354,120290
2.16,2.07,x1 = 2.16; x2 = 2.07,2.2,2.1,x1 = 2.2; x2 = 2.1,0.37433377909015386,0.6256662209098461,0.37640738020991,0.6235926197900902,0.737927114140952,0.2620728858590481,0.10819933685545728,0.8918006631445428,0.34523351974890004,0.6547664802511002,0.95547,0.23472,0.82986,0.49446,0.19339,0.09649,0.95394,0.23421,0.62071,0.33323,0.13296,0.10125,0.0018498361966838607,0.0018280995411910014,120320
