z_x1,z_x2,z_note,x_x1,x_x2,x_note,"p(y=0|x,D)","p(y=1|x,D)","p(u=0|z,D)","p(u=1|z,D)","p(y=0|x,u=0,z,D)","p(y=1|x,u=0,z,D)","p(y=0|x,u=1,z,D)","p(y=1|x,u=1,z,D)","p(y=0|x,z,D)","p(y=1|x,z,D)","H[p(u|z,D)]","Var[p(u|z,D)]","H[p(y|x,u=0,z,D)]","H[p(y|x,u=1,z,D)]","Var[p(y|x,u=0,z,D)]","Var[p(y|x,u=1,z,D)]","H[p(y|x,D)]","Var[p(y|x,D)]",Va,Ve,Va_variance,Ve_variance,kl_pyx_pyxz,kl_pyxz_pyx,api_calls
-1.64,1.59,x1 = -1.64; x2 = 1.59,-1.8,1.7,x1 = -1.8; x2 = 1.7,0.8769738021765546,0.1230261978234453,0.8882599538597356,0.11174004614026434,0.9374307485816148,0.0625692514183851,0.4803575652695984,0.5196424347304016,0.8863573699888525,0.11364263001114731,0.50514,0.09925,0.33756,0.99889,0.05865,0.24961,0.538,0.10789,0.41146,0.12654000000000004,0.07999,0.027899999999999994,0.00042700787774276397,0.000417341737174063,30280
-1.77,1.76,x1 = -1.77; x2 = 1.76,-1.8,1.7,x1 = -1.8; x2 = 1.7,0.8769738021765546,0.1230261978234453,0.892539681966465,0.10746031803353498,0.9362563203812927,0.06374367961870732,0.43693576009997315,0.563064239900027,0.8825991741727792,0.1174008258272208,0.49221,0.09591,0.34213,0.98849,0.05968,0.24602,0.538,0.10789,0.41159,0.12641000000000002,0.0797,0.028190000000000007,0.00015063533445039065,0.00014861995792016334,30310
-1.8,1.69,x1 = -1.8; x2 = 1.69,-1.8,1.7,x1 = -1.8; x2 = 1.7,0.8769738021765546,0.1230261978234453,0.8806758442563826,0.11932415574361739,0.9296538008627679,0.07034619913723197,0.2511736556840249,0.7488263443159751,0.8486947303505075,0.15130526964949245,0.52742,0.10509,0.36721,0.81313,0.0654,0.18809,0.538,0.10789,0.42042,0.11758000000000002,0.08004,0.02785,0.0032906812322196916,0.0034872378846576985,30340
-1.81,1.62,x1 = -1.81; x2 = 1.62,-1.8,1.7,x1 = -1.8; x2 = 1.7,0.8769738021765546,0.1230261978234453,0.8919995672541186,0.10800043274588136,0.9444602101372516,0.055539789862748434,0.4539435968286508,0.5460564031713493,0.8914842036308784,0.10851579636912147,0.49386,0.09634,0.30948,0.99387,0.05246,0.24788,0.538,0.10789,0.38339,0.15461000000000003,0.07357,0.03432,0.001048316320880302,0.0010108862447975216,30370
-1.8,1.73,x1 = -1.8; x2 = 1.73,-1.8,1.7,x1 = -1.8; x2 = 1.7,0.8769738021765546,0.1230261978234453,0.8875079465982318,0.11249205340176796,0.9284895683201672,0.07151043167983291,0.25693735436852805,0.7430626456314718,0.8529452808062437,0.14705471919375618,0.50739,0.09984,0.37154,0.82209,0.0664,0.19092,0.538,0.10789,0.42222,0.11578000000000005,0.08041,0.027480000000000004,0.0024150554578773395,0.0025393651149661148,30400
