z_x1,z_x2,z_note,x_x1,x_x2,x_note,"p(y=0|x,D)","p(y=1|x,D)","p(u=0|z,D)","p(u=1|z,D)","p(y=0|x,u=0,z,D)","p(y=1|x,u=0,z,D)","p(y=0|x,u=1,z,D)","p(y=1|x,u=1,z,D)","p(y=0|x,z,D)","p(y=1|x,z,D)","H[p(u|z,D)]","Var[p(u|z,D)]","H[p(y|x,u=0,z,D)]","H[p(y|x,u=1,z,D)]","Var[p(y|x,u=0,z,D)]","Var[p(y|x,u=1,z,D)]","H[p(y|x,D)]","Var[p(y|x,D)]",Va,Ve,Va_variance,Ve_variance,kl_pyx_pyxz,kl_pyxz_pyx,api_calls
1.42,2.03,x1 = 1.42; x2 = 2.03,1.4,2.1,x1 = 1.4; x2 = 2.1,0.5605522135395948,0.43944778646040505,0.5868269870573579,0.4131730129426422,0.83997737448951,0.16002262551048993,0.1486404953928235,0.8513595046071766,0.554335633194769,0.44566436680523114,0.97814,0.24246,0.63436,0.60643,0.13442,0.12655,0.98939,0.24633,0.62282,0.36656999999999995,0.13117,0.11515999999999998,7.828886134429898e-05,7.836445049450892e-05,102280
1.32,2.04,x1 = 1.32; x2 = 2.04,1.4,2.1,x1 = 1.4; x2 = 2.1,0.5605522135395948,0.43944778646040505,0.5789527672405036,0.42104723275949646,0.8263294475884777,0.17367055241152224,0.1569735634781094,0.8430264365218907,0.544499004852521,0.4555009951474791,0.98194,0.24377,0.66603,0.62702,0.14351,0.13233,0.98939,0.24633,0.6496,0.33979000000000004,0.1388,0.10752999999999999,0.0005206170816285556,0.0005218023946470599,102310
1.58,2.05,x1 = 1.58; x2 = 2.05,1.4,2.1,x1 = 1.4; x2 = 2.1,0.5605522135395948,0.43944778646040505,0.524615736751586,0.47538426324841404,0.8168936166058399,0.18310638339415997,0.15408153992403878,0.8459184600759612,0.5018031858603107,0.49819681413968936,0.99825,0.24939,0.68683,0.61996,0.14958,0.13034,0.98939,0.24633,0.65504,0.33435000000000004,0.14043,0.1059,0.006920925632613789,0.006955048975027696,102340
1.26,2.16,x1 = 1.26; x2 = 2.16,1.4,2.1,x1 = 1.4; x2 = 2.1,0.5605522135395948,0.43944778646040505,0.596318493430197,0.4036815065698029,0.8404918196436494,0.15950818035635073,0.15886999680513822,0.8411300031948619,0.565333695289344,0.4346663047106562,0.97306,0.24072,0.63313,0.6316,0.13407,0.13363,0.98939,0.24633,0.63251,0.35688,0.13389,0.11243999999999998,4.6480749564094606e-05,4.644285989266646e-05,102370
1.48,2.09,x1 = 1.48; x2 = 2.09,1.4,2.1,x1 = 1.4; x2 = 2.1,0.5605522135395948,0.43944778646040505,0.578382829838684,0.42161717016131595,0.8294578644000051,0.17054213559999484,0.14802239837476938,0.8519776016252306,0.5421529715668877,0.4578470284331123,0.9822,0.24386,0.65894,0.60487,0.14146,0.12611,0.98939,0.24633,0.63614,0.35324999999999995,0.13499,0.11134,0.0006834920355812749,0.0006852352623486525,102400
