z_x1,z_x2,z_note,x_x1,x_x2,x_note,"p(y=0|x,D)","p(y=1|x,D)","p(u=0|z,D)","p(u=1|z,D)","p(y=0|x,u=0,z,D)","p(y=1|x,u=0,z,D)","p(y=0|x,u=1,z,D)","p(y=1|x,u=1,z,D)","p(y=0|x,z,D)","p(y=1|x,z,D)","H[p(u|z,D)]","Var[p(u|z,D)]","H[p(y|x,u=0,z,D)]","H[p(y|x,u=1,z,D)]","Var[p(y|x,u=0,z,D)]","Var[p(y|x,u=1,z,D)]","H[p(y|x,D)]","Var[p(y|x,D)]",Va,Ve,Va_variance,Ve_variance,kl_pyx_pyxz,kl_pyxz_pyx,api_calls
-1.58,2.92,x1 = -1.58; x2 = 2.92,-1.6,2.9,x1 = -1.6; x2 = 2.9,0.8317153885485103,0.16828461145148982,0.8682435950558917,0.13175640494410829,0.9493019603971913,0.050698039602808664,0.22581934982987653,0.7741806501701236,0.8539784925892635,0.1460215074107364,0.56224,0.1144,0.28935,0.77065,0.04813,0.17482,0.65377,0.13996,0.35276,0.30100999999999994,0.06482,0.07514,0.0019096966687263545,0.0018375944470918268,35720
-1.66,2.92,x1 = -1.66; x2 = 2.92,-1.6,2.9,x1 = -1.6; x2 = 2.9,0.8317153885485103,0.16828461145148982,0.860785794194325,0.13921420580567512,0.9483649172317495,0.05163508276825044,0.22044809915805735,0.7795519008419425,0.8470285555110265,0.1529714444889736,0.58218,0.11983,0.2933,0.76098,0.04897,0.17185,0.65377,0.13996,0.35841,0.29535999999999996,0.06608,0.07388,0.0008813556712813433,0.0008589781235927799,35750
-1.76,2.94,x1 = -1.76; x2 = 2.94,-1.6,2.9,x1 = -1.6; x2 = 2.9,0.8317153885485103,0.16828461145148982,0.8575172071175414,0.14248279288245858,0.944339654138876,0.055660345861124005,0.24993011652608743,0.7500698834739127,0.8453982438155893,0.1546017561844108,0.5907,0.12218,0.30997,0.81117,0.05256,0.18747,0.65377,0.13996,0.38138,0.27238999999999997,0.07178,0.06818,0.000699712346564036,0.0006839209067686577,35780
-1.45,2.96,x1 = -1.45; x2 = 2.96,-1.6,2.9,x1 = -1.6; x2 = 2.9,0.8317153885485103,0.16828461145148982,0.8693891670884677,0.13061083291153236,0.9384037506537298,0.06159624934627017,0.264295165428434,0.735704834571566,0.8503578668646392,0.14964213313536076,0.55911,0.11355,0.33375,0.83316,0.0578,0.19444,0.65377,0.13996,0.39898,0.25478999999999996,0.07565,0.06431,0.0013216778124974377,0.0012803829507627498,35810
-1.79,2.84,x1 = -1.79; x2 = 2.84,-1.6,2.9,x1 = -1.6; x2 = 2.9,0.8317153885485103,0.16828461145148982,0.8495869780364484,0.1504130219635515,0.943935107858184,0.05606489214181598,0.24775996537672462,0.7522400346232754,0.8392213008616416,0.16077869913835832,0.61087,0.12779,0.31162,0.80771,0.05292,0.18637,0.65377,0.13996,0.38624,0.26752999999999993,0.07299,0.06697,0.00020620781860557647,0.00020370446221926533,35840
