z_x1,z_x2,z_note,x_x1,x_x2,x_note,"p(y=0|x,D)","p(y=1|x,D)","p(u=0|z,D)","p(u=1|z,D)","p(y=0|x,u=0,z,D)","p(y=1|x,u=0,z,D)","p(y=0|x,u=1,z,D)","p(y=1|x,u=1,z,D)","p(y=0|x,z,D)","p(y=1|x,z,D)","H[p(u|z,D)]","Var[p(u|z,D)]","H[p(y|x,u=0,z,D)]","H[p(y|x,u=1,z,D)]","Var[p(y|x,u=0,z,D)]","Var[p(y|x,u=1,z,D)]","H[p(y|x,D)]","Var[p(y|x,D)]",Va,Ve,Va_variance,Ve_variance,kl_pyx_pyxz,kl_pyxz_pyx,api_calls
3.43,-0.74,x1 = 3.43; x2 = -0.74,3.4,-0.7,x1 = 3.4; x2 = -0.7,0.13794315182821068,0.8620568481717894,0.11997959677766959,0.8800204032223304,0.6267880874292141,0.373211912570786,0.04447588272037556,0.9555241172796244,0.1143414662400578,0.8856585337599422,0.5293,0.10558,0.95311,0.26245,0.23392,0.0425,0.57883,0.11891,0.34532,0.23350999999999994,0.06547,0.05344,0.0026009823845269398,0.002465417382777505,144840
3.3,-0.74,x1 = 3.3; x2 = -0.74,3.4,-0.7,x1 = 3.4; x2 = -0.7,0.13794315182821068,0.8620568481717894,0.12370698824595583,0.8762930117540442,0.6523431998272424,0.34765680017275746,0.03928650876663906,0.960713491233361,0.1151259056417777,0.8848740943582224,0.53992,0.1084,0.93196,0.23901,0.22679,0.03774,0.57883,0.11891,0.32473,0.25409999999999994,0.06113,0.057780000000000005,0.002421728555528968,0.002300059748956057,144870
3.56,-0.68,x1 = 3.56; x2 = -0.68,3.4,-0.7,x1 = 3.4; x2 = -0.7,0.13794315182821068,0.8620568481717894,0.13112622060231097,0.868873779397689,0.6170954434003815,0.38290455659961853,0.04186867211084205,0.9581313278891578,0.11729598461930928,0.8827040153806905,0.56052,0.11393,0.96007,0.2508,0.23629,0.04012,0.57883,0.11891,0.3438,0.23502999999999996,0.06584,0.053070000000000006,0.0019624739689095595,0.0018739732176948215,144900
3.36,-0.72,x1 = 3.36; x2 = -0.72,3.4,-0.7,x1 = 3.4; x2 = -0.7,0.13794315182821068,0.8620568481717894,0.11311856200698149,0.8868814379930183,0.6173681682345913,0.3826318317654087,0.04316527392291121,0.9568347260770886,0.10811827962769521,0.8918817203723044,0.50925,0.10032,0.95988,0.25662,0.23622,0.0413,0.57883,0.11891,0.33617,0.24265999999999993,0.06335,0.05556,0.004284596809111706,0.003995627375920324,144930
3.42,-0.71,x1 = 3.42; x2 = -0.71,3.4,-0.7,x1 = 3.4; x2 = -0.7,0.13794315182821068,0.8620568481717894,0.1192219659714866,0.8807780340285134,0.6327178943007092,0.3672821056992907,0.043676784279987425,0.9563232157200126,0.11390342345468463,0.8860965765453154,0.52712,0.10501,0.94856,0.2589,0.23239,0.04177,0.57883,0.11891,0.34112,0.23770999999999998,0.0645,0.05441,0.0027041941274800994,0.0025603972515286094,144960
