z_x1,z_x2,z_note,x_x1,x_x2,x_note,"p(y=0|x,D)","p(y=1|x,D)","p(u=0|z,D)","p(u=1|z,D)","p(y=0|x,u=0,z,D)","p(y=1|x,u=0,z,D)","p(y=0|x,u=1,z,D)","p(y=1|x,u=1,z,D)","p(y=0|x,z,D)","p(y=1|x,z,D)","H[p(u|z,D)]","Var[p(u|z,D)]","H[p(y|x,u=0,z,D)]","H[p(y|x,u=1,z,D)]","Var[p(y|x,u=0,z,D)]","Var[p(y|x,u=1,z,D)]","H[p(y|x,D)]","Var[p(y|x,D)]",Va,Ve,Va_variance,Ve_variance,kl_pyx_pyxz,kl_pyxz_pyx,api_calls
2.26,-1.64,x1 = 2.26; x2 = -1.64,2.2,-1.7,x1 = 2.2; x2 = -1.7,0.12463336187067334,0.8753666381293268,0.10633056859619641,0.8936694314038037,0.605725525948079,0.394274474051921,0.04436358981750386,0.9556364101824961,0.10405352367452962,0.8959464763254704,0.48875,0.09502,0.9675,0.26195,0.23882,0.0424,0.54253,0.1091,0.33697,0.20555999999999996,0.06329,0.045810000000000003,0.0021510470226893605,0.002041246424007378,117160
2.16,-1.79,x1 = 2.16; x2 = -1.79,2.2,-1.7,x1 = 2.2; x2 = -1.7,0.12463336187067334,0.8753666381293268,0.11881324429397197,0.881186755706028,0.5834949698511908,0.41650503014880913,0.04681004490668814,0.9531899550933118,0.11057532200301134,0.8894246779969887,0.52594,0.1047,0.97979,0.27269,0.24303,0.04462,0.54253,0.1091,0.3567,0.18582999999999994,0.06819,0.04091,0.0009696934749818375,0.0009367369553306068,117190
2.26,-1.68,x1 = 2.26; x2 = -1.68,2.2,-1.7,x1 = 2.2; x2 = -1.7,0.12463336187067334,0.8753666381293268,0.11228720914109076,0.8877127908589092,0.5979229777909777,0.4020770222090223,0.04259663629064895,0.9574033637093512,0.10495268134025315,0.895047318659747,0.50678,0.09968,0.97215,0.25407,0.24041,0.04078,0.54253,0.1091,0.3347,0.20782999999999996,0.0632,0.045899999999999996,0.0019576246791717447,0.0018624052696678793,117220
2.2,-1.64,x1 = 2.2; x2 = -1.64,2.2,-1.7,x1 = 2.2; x2 = -1.7,0.12463336187067334,0.8753666381293268,0.08771176659042657,0.9122882334095733,0.6583523395736066,0.34164766042639333,0.039839303527556304,0.9601606964724436,0.09409017457836355,0.9059098254216362,0.42879,0.08002,0.92639,0.24155,0.22492,0.03825,0.54253,0.1091,0.30162,0.24090999999999996,0.05462,0.05448,0.00501485468867174,0.00461906684476681,117250
2.37,-1.77,x1 = 2.37; x2 = -1.77,2.2,-1.7,x1 = 2.2; x2 = -1.7,0.12463336187067334,0.8753666381293268,0.1291812190032557,0.8708187809967443,0.5887718747715168,0.41122812522848307,0.04440938319760838,0.9555906168023915,0.11473079343877537,0.8852692065612244,0.55519,0.11249,0.97714,0.26216,0.24212,0.04244,0.54253,0.1091,0.35452,0.18800999999999995,0.06823,0.040870000000000004,0.0004711539217854329,0.0004600523031096527,117280
