z_x1,z_x2,z_note,x_x1,x_x2,x_note,"p(y=0|x,D)","p(y=1|x,D)","p(u=0|z,D)","p(u=1|z,D)","p(y=0|x,u=0,z,D)","p(y=1|x,u=0,z,D)","p(y=0|x,u=1,z,D)","p(y=1|x,u=1,z,D)","p(y=0|x,z,D)","p(y=1|x,z,D)","H[p(u|z,D)]","Var[p(u|z,D)]","H[p(y|x,u=0,z,D)]","H[p(y|x,u=1,z,D)]","Var[p(y|x,u=0,z,D)]","Var[p(y|x,u=1,z,D)]","H[p(y|x,D)]","Var[p(y|x,D)]",Va,Ve,Va_variance,Ve_variance,kl_pyx_pyxz,kl_pyxz_pyx,api_calls
-0.51,-1.71,x1 = -0.51; x2 = -1.71,-0.6,-1.7,x1 = -0.6; x2 = -1.7,0.6002323324628887,0.39976766753711135,0.6207658658747195,0.3792341341252805,0.8259318706873481,0.1740681293126518,0.28228937876878535,0.7177106212312145,0.6197640809909022,0.3802359190090977,0.9575,0.23542,0.66693,0.85855,0.14377,0.2026,0.97081,0.23995,0.7396,0.23120999999999992,0.16608,0.07386999999999999,0.0008043273291278817,0.0007994975459950648,54440
-0.46,-1.74,x1 = -0.46; x2 = -1.74,-0.6,-1.7,x1 = -0.6; x2 = -1.7,0.6002323324628887,0.39976766753711135,0.6100252364494687,0.3899747635505312,0.8256296328511679,0.17437036714883208,0.2630743167858359,0.736925683214164,0.6062472564844956,0.3937527435155042,0.96478,0.23789,0.66761,0.83135,0.14397,0.19387,0.97081,0.23995,0.73146,0.23934999999999995,0.16343,0.07652,7.564741626668158e-05,7.5516678342602e-05,54470
-0.54,-1.7,x1 = -0.54; x2 = -1.7,-0.6,-1.7,x1 = -0.6; x2 = -1.7,0.6002323324628887,0.39976766753711135,0.6221948231042699,0.37780517689573,0.8098200989187919,0.19017990108120814,0.2935391255977581,0.7064608744022418,0.6147664744653389,0.3852335255346609,0.95648,0.23507,0.70185,0.87325,0.15401,0.20737,0.97081,0.23995,0.76661,0.20419999999999994,0.17417,0.06578,0.0004439649073718927,0.0004420293445491427,54500
-0.45,-1.69,x1 = -0.45; x2 = -1.69,-0.6,-1.7,x1 = -0.6; x2 = -1.7,0.6002323324628887,0.39976766753711135,0.5824348455042472,0.4175651544957527,0.8232760882181693,0.17672391178183053,0.2734754225509997,0.7265245774490003,0.5936984883169899,0.40630151168301,0.9803,0.2432,0.67286,0.84641,0.14549,0.19869,0.97081,0.23995,0.74533,0.2254799999999999,0.1677,0.07225000000000001,8.864252066627214e-05,8.879827632965118e-05,54530
-0.78,-1.63,x1 = -0.78; x2 = -1.63,-0.6,-1.7,x1 = -0.6; x2 = -1.7,0.6002323324628887,0.39976766753711135,0.6706047828613678,0.3293952171386322,0.822060924702089,0.1779390752979109,0.28256496774913775,0.7174350322508622,0.6443535368161575,0.35564646318384247,0.91431,0.22089,0.67555,0.85892,0.14628,0.20272,0.97081,0.23995,0.73595,0.23485999999999996,0.16487,0.07508000000000001,0.004176459543287887,0.004112905939949375,54560
