z_x1,z_x2,z_note,x_x1,x_x2,x_note,"p(y=0|x,D)","p(y=1|x,D)","p(u=0|z,D)","p(u=1|z,D)","p(y=0|x,u=0,z,D)","p(y=1|x,u=0,z,D)","p(y=0|x,u=1,z,D)","p(y=1|x,u=1,z,D)","p(y=0|x,z,D)","p(y=1|x,z,D)","H[p(u|z,D)]","Var[p(u|z,D)]","H[p(y|x,u=0,z,D)]","H[p(y|x,u=1,z,D)]","Var[p(y|x,u=0,z,D)]","Var[p(y|x,u=1,z,D)]","H[p(y|x,D)]","Var[p(y|x,D)]",Va,Ve,Va_variance,Ve_variance,kl_pyx_pyxz,kl_pyxz_pyx,api_calls
-0.01,2.79,x1 = -0.01; x2 = 2.79,0.0,2.9,x1 = 0.0; x2 = 2.9,0.6802454792225369,0.31975452077746314,0.7659021014830403,0.23409789851695958,0.8386722075440695,0.16132779245593057,0.2292325773060015,0.7707674226939984,0.6960036708323847,0.30399632916761515,0.78509,0.1793,0.63748,0.77667,0.1353,0.17669,0.90411,0.21751,0.67006,0.23404999999999998,0.14499,0.07252,0.0005812992643211418,0.0005759690154559603,71560
-0.12,2.75,x1 = -0.12; x2 = 2.75,0.0,2.9,x1 = 0.0; x2 = 2.9,0.6802454792225369,0.31975452077746314,0.7856173864590575,0.2143826135409425,0.8154088270720828,0.18459117292791727,0.30443527511715074,0.6955647248828493,0.7058649815536859,0.2941350184463142,0.74978,0.16842,0.69002,0.88665,0.15052,0.21175,0.90411,0.21751,0.73217,0.17193999999999998,0.16365,0.05386000000000002,0.0015553527344836608,0.0015314107894287207,71590
0.01,2.88,x1 = 0.01; x2 = 2.88,0.0,2.9,x1 = 0.0; x2 = 2.9,0.6802454792225369,0.31975452077746314,0.738147739180986,0.26185226081901397,0.8428990654157026,0.15710093458429736,0.200737661265635,0.799262338734365,0.6747476499282947,0.3252523500717051,0.82953,0.19329,0.62733,0.7234,0.13242,0.16044,0.90411,0.21751,0.65249,0.25161999999999995,0.13976,0.07775000000000001,6.906720837304616e-05,6.92731683272366e-05,71620
-0.03,2.9,x1 = -0.03; x2 = 2.9,0.0,2.9,x1 = 0.0; x2 = 2.9,0.6802454792225369,0.31975452077746314,0.7502026915507836,0.24979730844921638,0.8189200778553071,0.18107992214469318,0.2894092616110103,0.7105907383889897,0.686649701162734,0.31335029883726606,0.81096,0.1874,0.68243,0.86796,0.14829,0.20565,0.90411,0.21751,0.72877,0.17533999999999994,0.16262,0.05489000000000002,9.496170275424647e-05,9.461852385084842e-05,71650
0.05,2.86,x1 = 0.05; x2 = 2.86,0.0,2.9,x1 = 0.0; x2 = 2.9,0.6802454792225369,0.31975452077746314,0.7814947714695016,0.21850522853049834,0.8556861182095299,0.1443138817904701,0.22734429879820434,0.7726557012017956,0.718390145363789,0.2816098546362109,0.75743,0.17076,0.59543,0.77335,0.12349,0.17566,0.90411,0.21751,0.63431,0.26979999999999993,0.13489,0.08262,0.0035051647002722203,0.003421526274770631,71680
