z_x1,z_x2,z_note,x_x1,x_x2,x_note,"p(y=0|x,D)","p(y=1|x,D)","p(u=0|z,D)","p(u=1|z,D)","p(y=0|x,u=0,z,D)","p(y=1|x,u=0,z,D)","p(y=0|x,u=1,z,D)","p(y=1|x,u=1,z,D)","p(y=0|x,z,D)","p(y=1|x,z,D)","H[p(u|z,D)]","Var[p(u|z,D)]","H[p(y|x,u=0,z,D)]","H[p(y|x,u=1,z,D)]","Var[p(y|x,u=0,z,D)]","Var[p(y|x,u=1,z,D)]","H[p(y|x,D)]","Var[p(y|x,D)]",Va,Ve,Va_variance,Ve_variance,kl_pyx_pyxz,kl_pyxz_pyx,api_calls
2.68,-1.14,x1 = 2.68; x2 = -1.14,2.6,-1.1,x1 = 2.6; x2 = -1.1,0.11274475231417333,0.8872552476858265,0.10347007077057727,0.8965299292294228,0.5569513330744342,0.4430486669255657,0.03749550430998637,0.9625044956900138,0.09124363567443265,0.9087563643255676,0.4799,0.09276,0.99062,0.23069,0.24676,0.03609,0.50814,0.10003,0.30932,0.19882000000000005,0.05789,0.04214,0.0026112928432732163,0.0024530267780441158,126600
2.56,-1.11,x1 = 2.56; x2 = -1.11,2.6,-1.1,x1 = 2.6; x2 = -1.1,0.11274475231417333,0.8872552476858265,0.10551334791790938,0.8944866520820905,0.5833459493463804,0.4166540506536197,0.041581115979417764,0.9584188840205821,0.0987445373321543,0.9012554626678455,0.48623,0.09438,0.97986,0.2495,0.24305,0.03985,0.50814,0.10003,0.32656,0.18158000000000002,0.06129,0.03874,0.0010579592705175084,0.001017522119534004,126630
2.48,-1.13,x1 = 2.48; x2 = -1.13,2.6,-1.1,x1 = 2.6; x2 = -1.1,0.11274475231417333,0.8872552476858265,0.0965657348831407,0.9034342651168592,0.5363389839030194,0.4636610160969806,0.045058660685016086,0.9549413393149839,0.09249950613018945,0.9075004938698105,0.45801,0.08724,0.99619,0.26502,0.24868,0.04303,0.50814,0.10003,0.33563,0.17251000000000005,0.06289,0.03713999999999999,0.002297069836552843,0.002166693824845644,126660
2.54,-1.14,x1 = 2.54; x2 = -1.14,2.6,-1.1,x1 = 2.6; x2 = -1.1,0.11274475231417333,0.8872552476858265,0.10710085755932938,0.8928991424406705,0.5271661775012013,0.47283382249879863,0.04260726561228405,0.9573927343877161,0.09450394061360261,0.9054960593863973,0.49111,0.09563,0.99787,0.25412,0.24926,0.04079,0.50814,0.10003,0.33378,0.17436000000000001,0.06312,0.03691,0.0018419075499420852,0.0017485248241415896,126690
2.6,-1.22,x1 = 2.6; x2 = -1.22,2.6,-1.1,x1 = 2.6; x2 = -1.1,0.11274475231417333,0.8872552476858265,0.0962547225817366,0.9037452774182635,0.6701428589942651,0.32985714100573493,0.03777451816305886,0.9622254818369411,0.09864295737923967,0.9013570426207604,0.45701,0.08699,0.91478,0.23199,0.22105,0.03635,0.50814,0.10003,0.29771,0.21043000000000006,0.05413,0.045899999999999996,0.001074004784948509,0.0010326389718946158,126720
