z_x1,z_x2,z_note,x_x1,x_x2,x_note,"p(y=0|x,D)","p(y=1|x,D)","p(u=0|z,D)","p(u=1|z,D)","p(y=0|x,u=0,z,D)","p(y=1|x,u=0,z,D)","p(y=0|x,u=1,z,D)","p(y=1|x,u=1,z,D)","p(y=0|x,z,D)","p(y=1|x,z,D)","H[p(u|z,D)]","Var[p(u|z,D)]","H[p(y|x,u=0,z,D)]","H[p(y|x,u=1,z,D)]","Var[p(y|x,u=0,z,D)]","Var[p(y|x,u=1,z,D)]","H[p(y|x,D)]","Var[p(y|x,D)]",Va,Ve,Va_variance,Ve_variance,kl_pyx_pyxz,kl_pyxz_pyx,api_calls
-2.65,-2.13,x1 = -2.65; x2 = -2.13,-2.6,-2.1,x1 = -2.6; x2 = -2.1,0.7155884766281322,0.284411523371868,0.7368240868215501,0.26317591317844985,0.8962655380110371,0.1037344619889629,0.221509397634083,0.778490602365917,0.7186859745945658,0.2813140254054341,0.8315,0.19391,0.48072,0.76291,0.09297,0.17244,0.86139,0.20352,0.55499,0.3064,0.11388,0.08964000000000001,2.3675384081923295e-05,2.362310848219194e-05,9320
-2.62,-2.07,x1 = -2.62; x2 = -2.07,-2.6,-2.1,x1 = -2.6; x2 = -2.1,0.7155884766281322,0.284411523371868,0.7436657459976206,0.2563342540023793,0.8949439155040082,0.10505608449599184,0.2177400675581617,0.7822599324418383,0.7213533723332688,0.2786466276667311,0.82116,0.19063,0.48482,0.75602,0.09402,0.17033,0.86139,0.20352,0.55434,0.30704999999999993,0.11358,0.08994,8.232514891617221e-05,8.198410259889835e-05,9350
-2.64,-2.3,x1 = -2.64; x2 = -2.3,-2.6,-2.1,x1 = -2.6; x2 = -2.1,0.7155884766281322,0.284411523371868,0.7350195700186876,0.26498042998131244,0.9022606844693163,0.09773931553068364,0.21207658387954606,0.7879234161204539,0.7193754047287736,0.28062459527122635,0.83417,0.19477,0.46179,0.74543,0.08819,0.1671,0.86139,0.20352,0.53695,0.32443999999999995,0.1091,0.09442,3.54225389940766e-05,3.532671764780275e-05,9380
-2.55,-2.07,x1 = -2.55; x2 = -2.07,-2.6,-2.1,x1 = -2.6; x2 = -2.1,0.7155884766281322,0.284411523371868,0.734510242965869,0.2654897570341311,0.8881838986801226,0.11181610131987743,0.2513844066075817,0.7486155933924183,0.7191201562503257,0.2808798437496744,0.83492,0.195,0.50537,0.81346,0.09931,0.18819,0.86139,0.20352,0.58716,0.27423,0.12291,0.08061,3.079701083453894e-05,3.071937709300506e-05,9410
-2.62,-2.17,x1 = -2.62; x2 = -2.17,-2.6,-2.1,x1 = -2.6; x2 = -2.1,0.7155884766281322,0.284411523371868,0.7341778847348165,0.26582211526518357,0.8960874563040498,0.10391254369595009,0.2223133611352547,0.7776866388647454,0.7169834011153957,0.2830165988846044,0.83541,0.19516,0.48128,0.76437,0.09311,0.17289,0.86139,0.20352,0.55653,0.30486,0.11432,0.0892,4.789825001414458e-06,4.785086659655569e-06,9440
