z_x1,z_x2,z_note,x_x1,x_x2,x_note,"p(y=0|x,D)","p(y=1|x,D)","p(u=0|z,D)","p(u=1|z,D)","p(y=0|x,u=0,z,D)","p(y=1|x,u=0,z,D)","p(y=0|x,u=1,z,D)","p(y=1|x,u=1,z,D)","p(y=0|x,z,D)","p(y=1|x,z,D)","H[p(u|z,D)]","Var[p(u|z,D)]","H[p(y|x,u=0,z,D)]","H[p(y|x,u=1,z,D)]","Var[p(y|x,u=0,z,D)]","Var[p(y|x,u=1,z,D)]","H[p(y|x,D)]","Var[p(y|x,D)]",Va,Ve,Va_variance,Ve_variance,kl_pyx_pyxz,kl_pyxz_pyx,api_calls
-1.44,-0.71,x1 = -1.44; x2 = -0.71,-1.4,-0.7,x1 = -1.4; x2 = -0.7,0.8012983884193494,0.19870161158065075,0.8286505160632052,0.1713494839367947,0.8980487106772707,0.10195128932272912,0.5188199287936394,0.48118007120636064,0.833068054607531,0.16693194539246864,0.66078,0.14199,0.47515,0.99898,0.09156,0.24965,0.71932,0.15922,0.56491,0.15440999999999994,0.11865,0.040569999999999995,0.0034613705603865133,0.0033087447600639724,37320
-1.35,-0.7,x1 = -1.35; x2 = -0.7,-1.4,-0.7,x1 = -1.4; x2 = -0.7,0.8012983884193494,0.19870161158065075,0.8228974895918869,0.17710251040811315,0.8904404975747818,0.10955950242521814,0.5392492421056074,0.46075075789439257,0.8282436445978141,0.17175635540218592,0.6737,0.14574,0.49859,0.99555,0.09756,0.24846,0.71932,0.15922,0.5866,0.13271999999999995,0.12428,0.03494,0.002454135424843778,0.0023637113067834364,37350
-1.55,-0.64,x1 = -1.55; x2 = -0.64,-1.4,-0.7,x1 = -1.4; x2 = -0.7,0.8012983884193494,0.19870161158065075,0.8135366778574946,0.18646332214250527,0.8896161300304334,0.11038386996956664,0.5449087210332866,0.45509127896671353,0.82534084138169,0.17465915861830994,0.69401,0.15169,0.50107,0.99417,0.0982,0.24798,0.71932,0.15922,0.59302,0.12629999999999997,0.12613,0.03309000000000001,0.0019372997996784588,0.001874171784917264,37380
-1.41,-0.67,x1 = -1.41; x2 = -0.67,-1.4,-0.7,x1 = -1.4; x2 = -0.7,0.8012983884193494,0.19870161158065075,0.818150037425621,0.18184996257437905,0.8923267948691859,0.10767320513081428,0.529956749137338,0.4700432508626619,0.8264298156147734,0.1735701843852268,0.68411,0.14878,0.49286,0.99741,0.09608,0.2491,0.71932,0.15922,0.58461,0.13471,0.12391,0.035309999999999994,0.002123498248866984,0.0020509278128131962,37410
-1.31,-0.61,x1 = -1.31; x2 = -0.61,-1.4,-0.7,x1 = -1.4; x2 = -0.7,0.8012983884193494,0.19870161158065075,0.8290384298347522,0.1709615701652477,0.8919639076284354,0.10803609237156457,0.5534643586633348,0.4465356413366652,0.8340934932371336,0.1659065067628663,0.6599,0.14173,0.49396,0.99174,0.09636,0.24714,0.71932,0.15922,0.57906,0.14025999999999994,0.12214,0.03708,0.0037000037959703247,0.0035310526002689455,37440
