z_x1,z_x2,z_note,x_x1,x_x2,x_note,"p(y=0|x,D)","p(y=1|x,D)","p(u=0|z,D)","p(u=1|z,D)","p(y=0|x,u=0,z,D)","p(y=1|x,u=0,z,D)","p(y=0|x,u=1,z,D)","p(y=1|x,u=1,z,D)","p(y=0|x,z,D)","p(y=1|x,z,D)","H[p(u|z,D)]","Var[p(u|z,D)]","H[p(y|x,u=0,z,D)]","H[p(y|x,u=1,z,D)]","Var[p(y|x,u=0,z,D)]","Var[p(y|x,u=1,z,D)]","H[p(y|x,D)]","Var[p(y|x,D)]",Va,Ve,Va_variance,Ve_variance,kl_pyx_pyxz,kl_pyxz_pyx,api_calls
1.8,-1.7,x1 = 1.8; x2 = -1.7,1.8,-1.7,x1 = 1.8; x2 = -1.7,0.1177509071387898,0.8822490928612103,0.1177509071387898,0.8822490928612103,0.7398438134752198,0.26015618652478023,0.048790672781897554,0.9512093272181025,0.130162806979646,0.8698371930203542,0.52286,0.10389,0.82698,0.28124,0.19247,0.04641,0.52286,0.10389,0.3455,0.17736000000000002,0.06361,0.040279999999999996,0.0006996766416431047,0.0007200332776793883,108200
1.89,-1.62,x1 = 1.89; x2 = -1.62,1.8,-1.7,x1 = 1.8; x2 = -1.7,0.1177509071387898,0.8822490928612103,0.10418927787791914,0.8958107221220809,0.39200387261439995,0.6079961273856,0.042478234204046963,0.9575217657959529,0.07889505806984032,0.9211049419301596,0.48214,0.09333,0.96608,0.25354,0.23834,0.04067,0.52286,0.10389,0.32778,0.19507999999999998,0.06127,0.04262,0.009129156832585063,0.008105447699296643,108230
1.61,-1.66,x1 = 1.61; x2 = -1.66,1.8,-1.7,x1 = 1.8; x2 = -1.7,0.1177509071387898,0.8822490928612103,0.11531814167769709,0.8846818583223028,0.3639197115738698,0.6360802884261302,0.04239805807804998,0.9576019419219499,0.07947533766832836,0.9205246623316714,0.51575,0.10202,0.94589,0.25318,0.23148,0.0406,0.52286,0.10389,0.33306,0.18979999999999997,0.06261,0.04128,0.008822235012655916,0.007850374909762193,108260
1.68,-1.71,x1 = 1.68; x2 = -1.71,1.8,-1.7,x1 = 1.8; x2 = -1.7,0.1177509071387898,0.8822490928612103,0.10579515347503918,0.8942048465249608,0.3692068181474328,0.6307931818525672,0.038210437032862865,0.961789562967137,0.07322824997256135,0.9267717500274385,0.4871,0.0946,0.95006,0.23403,0.23289,0.03675,0.52286,0.10389,0.30978,0.21308,0.0575,0.046389999999999994,0.012494861744285338,0.010844940866393322,108290
1.77,-1.64,x1 = 1.77; x2 = -1.64,1.8,-1.7,x1 = 1.8; x2 = -1.7,0.1177509071387898,0.8822490928612103,0.09567205709781608,0.904327942902184,0.40876475931005907,0.591235240689941,0.04009077079627969,0.9599092292037202,0.07536256967584959,0.9246374303241504,0.45512,0.08652,0.97585,0.24271,0.24168,0.03848,0.52286,0.10389,0.31285,0.21000999999999997,0.05792,0.04597,0.011146071458166776,0.009759346543207058,108320
