z_x1,z_x2,z_note,x_x1,x_x2,x_note,"p(y=0|x,D)","p(y=1|x,D)","p(u=0|z,D)","p(u=1|z,D)","p(y=0|x,u=0,z,D)","p(y=1|x,u=0,z,D)","p(y=0|x,u=1,z,D)","p(y=1|x,u=1,z,D)","p(y=0|x,z,D)","p(y=1|x,z,D)","H[p(u|z,D)]","Var[p(u|z,D)]","H[p(y|x,u=0,z,D)]","H[p(y|x,u=1,z,D)]","Var[p(y|x,u=0,z,D)]","Var[p(y|x,u=1,z,D)]","H[p(y|x,D)]","Var[p(y|x,D)]",Va,Ve,Va_variance,Ve_variance,kl_pyx_pyxz,kl_pyxz_pyx,api_calls
1.64,-0.33,x1 = 1.64; x2 = -0.33,1.6,-0.3,x1 = 1.6; x2 = -0.3,0.0897508345657184,0.9102491654342815,0.09683852429463224,0.9031614757053678,0.23267387101920395,0.7673261289807961,0.031138259765278765,0.9688617402347213,0.05065467095192556,0.9493453290480746,0.45889,0.08746,0.78264,0.20007,0.17854,0.03017,0.43564,0.0817,0.25649,0.17915000000000003,0.04454,0.03715999999999999,0.01305815953406414,0.010949235737931596,104840
1.61,-0.11,x1 = 1.61; x2 = -0.11,1.6,-0.3,x1 = 1.6; x2 = -0.3,0.0897508345657184,0.9102491654342815,0.09569406506782058,0.9043059349321794,0.22460415565409386,0.7753958443459062,0.03354775296296274,0.9664522470370374,0.05183071679371157,0.9481692832062885,0.4552,0.08654,0.76849,0.21188,0.17416,0.03242,0.43564,0.0817,0.26514,0.17050000000000004,0.04598,0.035719999999999995,0.012126554554343118,0.010241349260665663,104870
1.75,-0.32,x1 = 1.75; x2 = -0.32,1.6,-0.3,x1 = 1.6; x2 = -0.3,0.0897508345657184,0.9102491654342815,0.0805459916690258,0.9194540083309741,0.22037358643456076,0.7796264135654393,0.0323033173948684,0.9676966826051316,0.0474516237181309,0.9525483762818691,0.4041,0.07406,0.76085,0.20581,0.17181,0.03126,0.43564,0.0817,0.25052,0.18512,0.04258,0.039119999999999995,0.01585477783548224,0.013024970568901811,104900
1.5,-0.29,x1 = 1.5; x2 = -0.29,1.6,-0.3,x1 = 1.6; x2 = -0.3,0.0897508345657184,0.9102491654342815,0.09585797386644675,0.9041420261335531,0.24975024198775558,0.7502497580122444,0.032288265077355535,0.9677117349226446,0.053133729576978504,0.9468662704230214,0.45573,0.08667,0.81088,0.20574,0.18738,0.03125,0.43564,0.0817,0.26375,0.17189000000000004,0.04622,0.03548,0.011149895195563198,0.00948988126016899,104930
1.59,-0.32,x1 = 1.59; x2 = -0.32,1.6,-0.3,x1 = 1.6; x2 = -0.3,0.0897508345657184,0.9102491654342815,0.10241217747205547,0.8975878225279444,0.22144893543335983,0.7785510645666402,0.034889233064756796,0.9651107669352431,0.05399521841286402,0.9460047815871357,0.4766,0.09192,0.7628,0.21835,0.17241,0.03367,0.43564,0.0817,0.27411,0.16153,0.04788,0.033819999999999996,0.010534932719328954,0.009011628748338194,104960
