z_x1,z_x2,z_note,x_x1,x_x2,x_note,"p(y=0|x,D)","p(y=1|x,D)","p(u=0|z,D)","p(u=1|z,D)","p(y=0|x,u=0,z,D)","p(y=1|x,u=0,z,D)","p(y=0|x,u=1,z,D)","p(y=1|x,u=1,z,D)","p(y=0|x,z,D)","p(y=1|x,z,D)","H[p(u|z,D)]","Var[p(u|z,D)]","H[p(y|x,u=0,z,D)]","H[p(y|x,u=1,z,D)]","Var[p(y|x,u=0,z,D)]","Var[p(y|x,u=1,z,D)]","H[p(y|x,D)]","Var[p(y|x,D)]",Va,Ve,Va_variance,Ve_variance,kl_pyx_pyxz,kl_pyxz_pyx,api_calls
0.9,-2.34,x1 = 0.9; x2 = -2.34,1.0,-2.3,x1 = 1.0; x2 = -2.3,0.22788144471054758,0.7721185552894525,0.2684814556903985,0.7315185443096015,0.576738098694389,0.423261901305611,0.07957971580611897,0.9204202841938811,0.21305752215264623,0.7869424778473538,0.83928,0.1964,0.98294,0.4007,0.24411,0.07325,0.7743,0.17595,0.55702,0.21728000000000003,0.11912,0.05682999999999999,0.0006446486925059513,0.0006343649217661479,89800
1.04,-2.33,x1 = 1.04; x2 = -2.33,1.0,-2.3,x1 = 1.0; x2 = -2.3,0.22788144471054758,0.7721185552894525,0.16129173709327704,0.838708262906723,0.6114192128216612,0.38858078717833877,0.0760127928150612,0.9239872071849389,0.1623694243488184,0.8376305756511816,0.63739,0.13528,0.96388,0.38797,0.23759,0.07023,0.7743,0.17595,0.48086,0.29344,0.09722,0.07873,0.014360123841731895,0.0131805028040567,89830
1.14,-2.22,x1 = 1.14; x2 = -2.22,1.0,-2.3,x1 = 1.0; x2 = -2.3,0.22788144471054758,0.7721185552894525,0.14342572402778458,0.8565742759722156,0.576185455074917,0.42381454492508297,0.07759943766107379,0.9224005623389262,0.14910949819878389,0.8508905018012163,0.59314,0.12285,0.98319,0.39366,0.2442,0.07158,0.7743,0.17595,0.47821,0.29608999999999996,0.09634,0.07961,0.021646960294398332,0.019416062510604015,89860
1.02,-2.3,x1 = 1.02; x2 = -2.3,1.0,-2.3,x1 = 1.0; x2 = -2.3,0.22788144471054758,0.7721185552894525,0.17358806682698072,0.8264119331730193,0.6668839517718365,0.3331160482281637,0.10071265035156454,0.8992873496484354,0.19899323205802535,0.8010067679419746,0.66585,0.14346,0.91808,0.47125,0.22215,0.09057,0.7743,0.17595,0.54881,0.22548999999999997,0.11341,0.06254,0.002529490969372477,0.0024475433215729314,89890
0.98,-2.28,x1 = 0.98; x2 = -2.28,1.0,-2.3,x1 = 1.0; x2 = -2.3,0.22788144471054758,0.7721185552894525,0.24088484892817244,0.7591151510718275,0.5942622300709399,0.40573776992905997,0.08821726271501644,0.9117827372849835,0.21011582822740998,0.7898841717725898,0.79651,0.18286,0.97421,0.43049,0.24111,0.08043,0.7743,0.17595,0.56146,0.21284000000000003,0.11914,0.05681,0.0009320412471878203,0.0009140689197409541,89920
