z_x1,z_x2,z_note,x_x1,x_x2,x_note,"p(y=0|x,D)","p(y=1|x,D)","p(u=0|z,D)","p(u=1|z,D)","p(y=0|x,u=0,z,D)","p(y=1|x,u=0,z,D)","p(y=0|x,u=1,z,D)","p(y=1|x,u=1,z,D)","p(y=0|x,z,D)","p(y=1|x,z,D)","H[p(u|z,D)]","Var[p(u|z,D)]","H[p(y|x,u=0,z,D)]","H[p(y|x,u=1,z,D)]","Var[p(y|x,u=0,z,D)]","Var[p(y|x,u=1,z,D)]","H[p(y|x,D)]","Var[p(y|x,D)]",Va,Ve,Va_variance,Ve_variance,kl_pyx_pyxz,kl_pyxz_pyx,api_calls
1.22,0.37,x1 = 1.22; x2 = 0.37,1.2,0.3,x1 = 1.2; x2 = 0.3,0.5006550028777059,0.499344997122294,0.488616230481523,0.511383769518477,0.6556470502899965,0.3443529497100036,0.4671997880634322,0.5328002119365679,0.559278178977139,0.44072182102286095,0.99963,0.24987,0.92892,0.99689,0.22577,0.24892,1.0,0.25,0.96368,0.03632000000000002,0.23761,0.012390000000000012,0.006922477478925916,0.006889910075659644,96360
1.13,0.29,x1 = 1.13; x2 = 0.29,1.2,0.3,x1 = 1.2; x2 = 0.3,0.5006550028777059,0.499344997122294,0.5061002104621541,0.4938997895378459,0.6443727057420395,0.3556272942579604,0.46485536977517034,0.5351446302248297,0.5557091312896081,0.4442908687103919,0.99989,0.24996,0.93899,0.99643,0.22916,0.24876,1.0,0.25,0.96736,0.03264,0.23884,0.011160000000000003,0.006100154473075443,0.006074820568597983,96390
1.28,0.3,x1 = 1.28; x2 = 0.3,1.2,0.3,x1 = 1.2; x2 = 0.3,0.5006550028777059,0.499344997122294,0.42585704074055003,0.5741429592594499,0.6397932154353994,0.36020678456460065,0.4291906912150356,0.5708093087849644,0.5188772589520096,0.48112274104799024,0.98408,0.2445,0.94285,0.98548,0.23046,0.24499,1.0,0.25,0.96733,0.03266999999999998,0.2388,0.011199999999999988,0.0006645861405661681,0.0006642706165519256,96420
1.21,0.25,x1 = 1.21; x2 = 0.25,1.2,0.3,x1 = 1.2; x2 = 0.3,0.5006550028777059,0.499344997122294,0.4365580288813167,0.5634419711186834,0.6541304246666628,0.3458695753333373,0.47091430827773684,0.5290856917222632,0.5508987749077763,0.44910122509222383,0.98836,0.24598,0.93033,0.99756,0.22624,0.24915,1.0,0.25,0.96821,0.031789999999999985,0.23915,0.010849999999999999,0.005075443252102969,0.005057859348250246,96450
1.34,0.27,x1 = 1.34; x2 = 0.27,1.2,0.3,x1 = 1.2; x2 = 0.3,0.5006550028777059,0.499344997122294,0.41674968749899355,0.5832503125010065,0.6264362887778938,0.37356371122210613,0.4660758425680491,0.5339241574319509,0.5329060084132011,0.4670939915867989,0.97991,0.24307,0.95337,0.99668,0.23401,0.24885,1.0,0.25,0.97863,0.02137,0.24267,0.007330000000000003,0.0020848333771534416,0.0020818206722147715,96480
