z_x1,z_x2,z_note,x_x1,x_x2,x_note,"p(y=0|x,D)","p(y=1|x,D)","p(u=0|z,D)","p(u=1|z,D)","p(y=0|x,u=0,z,D)","p(y=1|x,u=0,z,D)","p(y=0|x,u=1,z,D)","p(y=1|x,u=1,z,D)","p(y=0|x,z,D)","p(y=1|x,z,D)","H[p(u|z,D)]","Var[p(u|z,D)]","H[p(y|x,u=0,z,D)]","H[p(y|x,u=1,z,D)]","Var[p(y|x,u=0,z,D)]","Var[p(y|x,u=1,z,D)]","H[p(y|x,D)]","Var[p(y|x,D)]",Va,Ve,Va_variance,Ve_variance,kl_pyx_pyxz,kl_pyxz_pyx,api_calls
-2.67,1.14,x1 = -2.67; x2 = 1.14,-2.6,1.1,x1 = -2.6; x2 = 1.1,0.7704471542481551,0.2295528457518449,0.8256599988260509,0.17434000117394907,0.9303284678609846,0.06967153213901552,0.22776525934812525,0.7722347406518748,0.8078435972640793,0.19215640273592083,0.66754,0.14395,0.3647,0.7741,0.06482,0.17589,0.77723,0.17686,0.43607,0.34115999999999996,0.08418,0.09267999999999998,0.004302723711639617,0.004119741913828509,11880
-2.6,1.15,x1 = -2.6; x2 = 1.15,-2.6,1.1,x1 = -2.6; x2 = 1.1,0.7704471542481551,0.2295528457518449,0.792756612600383,0.20724338739961695,0.9196238160035414,0.08037618399645856,0.15330975190768775,0.8466902480923123,0.7608102935483494,0.23918970645165044,0.73618,0.16429,0.4035,0.61806,0.07392,0.12981,0.77723,0.17686,0.44797,0.32926,0.0855,0.09135999999999998,0.00025757063322740664,0.00026003233703764984,11910
-2.77,1.12,x1 = -2.77; x2 = 1.12,-2.6,1.1,x1 = -2.6; x2 = 1.1,0.7704471542481551,0.2295528457518449,0.8216613623375452,0.17833863766245492,0.9273934293308053,0.07260657066919476,0.24005372750517973,0.7599462724948202,0.8048142032959054,0.19518579670409478,0.67643,0.14653,0.37558,0.79513,0.06733,0.18243,0.77723,0.17686,0.4504,0.32682999999999995,0.08786,0.089,0.0036065849236191286,0.0034669009266811365,11940
-2.53,0.99,x1 = -2.53; x2 = 0.99,-2.6,1.1,x1 = -2.6; x2 = 1.1,0.7704471542481551,0.2295528457518449,0.835230148027567,0.16476985197243293,0.924522810337087,0.0754771896629131,0.3408835305740632,0.6591164694259369,0.8283566526052362,0.1716433473947639,0.6456,0.13762,0.38604,0.92566,0.06978,0.22468,0.77723,0.17686,0.47495,0.30228,0.0953,0.08156,0.010897929251451402,0.010134061670844734,11970
-2.56,1.21,x1 = -2.56; x2 = 1.21,-2.6,1.1,x1 = -2.6; x2 = 1.1,0.7704471542481551,0.2295528457518449,0.8212114076269256,0.1787885923730744,0.9342368370829846,0.06576316291701546,0.21306947988516067,0.7869305201148393,0.8053003404241754,0.19469965957582452,0.67742,0.14682,0.34991,0.74731,0.06144,0.16767,0.77723,0.17686,0.42096,0.35627,0.08043,0.09642999999999999,0.003713793417288329,0.0035677112082530965,12000
