z_x1,z_x2,z_note,x_x1,x_x2,x_note,"p(y=0|x,D)","p(y=1|x,D)","p(u=0|z,D)","p(u=1|z,D)","p(y=0|x,u=0,z,D)","p(y=1|x,u=0,z,D)","p(y=0|x,u=1,z,D)","p(y=1|x,u=1,z,D)","p(y=0|x,z,D)","p(y=1|x,z,D)","H[p(u|z,D)]","Var[p(u|z,D)]","H[p(y|x,u=0,z,D)]","H[p(y|x,u=1,z,D)]","Var[p(y|x,u=0,z,D)]","Var[p(y|x,u=1,z,D)]","H[p(y|x,D)]","Var[p(y|x,D)]",Va,Ve,Va_variance,Ve_variance,kl_pyx_pyxz,kl_pyxz_pyx,api_calls
-1.53,2.24,x1 = -1.53; x2 = 2.24,-1.6,2.3,x1 = -1.6; x2 = 2.3,0.8501424498404326,0.14985755015956753,0.8790455206607539,0.12095447933924593,0.9486593773495088,0.051340622650491316,0.2747469890765132,0.7252530109234867,0.8671466553056807,0.1328533446943192,0.5321,0.10632,0.29206,0.84819,0.0487,0.19926,0.60948,0.1274,0.35933,0.25015000000000004,0.06691,0.060490000000000016,0.0012123588211207098,0.0011723708166371284,35240
-1.62,2.33,x1 = -1.62; x2 = 2.33,-1.6,2.3,x1 = -1.6; x2 = 2.3,0.8501424498404326,0.14985755015956753,0.8778898591571604,0.12211014084283967,0.9502147059943862,0.049785294005613906,0.23066433093617528,0.7693356690638246,0.86235030835251,0.1376496916474901,0.5354,0.1072,0.28548,0.77917,0.04731,0.17746,0.60948,0.1274,0.34576,0.26372,0.0632,0.06420000000000001,0.0006128358577460209,0.0005985602046701365,35270
-1.68,2.41,x1 = -1.68; x2 = 2.41,-1.6,2.3,x1 = -1.6; x2 = 2.3,0.8501424498404326,0.14985755015956753,0.8774589892665166,0.12254101073348342,0.9490979906841192,0.05090200931588077,0.25674401132952823,0.7432559886704718,0.8642562342686583,0.13574376573134167,0.53662,0.10752,0.29022,0.82179,0.04831,0.19083,0.60948,0.1274,0.35536,0.25412,0.06577,0.06163000000000002,0.0008254220753194774,0.0008030477252150749,35300
-1.67,2.28,x1 = -1.67; x2 = 2.28,-1.6,2.3,x1 = -1.6; x2 = 2.3,0.8501424498404326,0.14985755015956753,0.8760551048529033,0.12394489514709668,0.94804012972326,0.05195987027673994,0.25612655431634906,0.743873445683651,0.8622809741685977,0.1377190258314023,0.5406,0.10858,0.29466,0.82084,0.04926,0.19053,0.60948,0.1274,0.35988,0.24960000000000004,0.06677,0.06063000000000002,0.0006057269793608589,0.0005917003615658438,35330
-1.7,2.16,x1 = -1.7; x2 = 2.16,-1.6,2.3,x1 = -1.6; x2 = 2.3,0.8501424498404326,0.14985755015956753,0.8698217891076634,0.1301782108923366,0.9492338967364949,0.05076610326350518,0.22258002679290873,0.7774199732070912,0.8546393960092463,0.14536060399075387,0.55793,0.11323,0.28964,0.76485,0.04819,0.17304,0.60948,0.1274,0.3515,0.25798000000000004,0.06444,0.06296000000000002,8.070526890163483e-05,8.003040679397527e-05,35360
