z_x1,z_x2,z_note,x_x1,x_x2,x_note,"p(y=0|x,D)","p(y=1|x,D)","p(u=0|z,D)","p(u=1|z,D)","p(y=0|x,u=0,z,D)","p(y=1|x,u=0,z,D)","p(y=0|x,u=1,z,D)","p(y=1|x,u=1,z,D)","p(y=0|x,z,D)","p(y=1|x,z,D)","H[p(u|z,D)]","Var[p(u|z,D)]","H[p(y|x,u=0,z,D)]","H[p(y|x,u=1,z,D)]","Var[p(y|x,u=0,z,D)]","Var[p(y|x,u=1,z,D)]","H[p(y|x,D)]","Var[p(y|x,D)]",Va,Ve,Va_variance,Ve_variance,kl_pyx_pyxz,kl_pyxz_pyx,api_calls
-0.34,-1.5,x1 = -0.34; x2 = -1.5,-0.2,-1.5,x1 = -0.2; x2 = -1.5,0.4635706771916605,0.5364293228083395,0.568121110178563,0.4318788898214369,0.712372322210444,0.287627677789556,0.2613812112215783,0.7386187887784216,0.5175987818772362,0.4824012181227637,0.98657,0.24536,0.86564,0.82882,0.2049,0.19306,0.99617,0.24867,0.84974,0.14642999999999995,0.19979,0.04888000000000001,0.0058418692436824834,0.00584982211145961,63560
-0.02,-1.44,x1 = -0.02; x2 = -1.44,-0.2,-1.5,x1 = -0.2; x2 = -1.5,0.4635706771916605,0.5364293228083395,0.42408945373180795,0.575910546268192,0.7244412003651249,0.27555879963487506,0.20140325413583532,0.7985967458641647,0.4232181310332215,0.5767818689667785,0.98331,0.24424,0.84933,0.72473,0.19963,0.16084,0.99617,0.24867,0.77757,0.21860000000000002,0.17729,0.07138,0.00331104611976573,0.0032906495062168667,63590
-0.18,-1.57,x1 = -0.18; x2 = -1.57,-0.2,-1.5,x1 = -0.2; x2 = -1.5,0.4635706771916605,0.5364293228083395,0.4928243978326615,0.5071756021673385,0.7241811360201329,0.2758188639798671,0.2194572282724227,0.7805427717275774,0.4681974841799358,0.5318025158200642,0.99985,0.24995,0.84969,0.75918,0.19974,0.1713,0.99617,0.24867,0.80379,0.19238,0.18532,0.06334999999999999,4.3006163985743334e-05,4.302435531767113e-05,63620
-0.19,-1.56,x1 = -0.19; x2 = -1.56,-0.2,-1.5,x1 = -0.2; x2 = -1.5,0.4635706771916605,0.5364293228083395,0.4715051128556789,0.5284948871443211,0.7287513482661352,0.27124865173386487,0.22802641993846828,0.7719735800615318,0.4641207837792566,0.5358792162207435,0.99766,0.24919,0.84325,0.77456,0.19767,0.17603,0.99617,0.24867,0.80695,0.18922000000000005,0.18623,0.062439999999999996,6.083994756237278e-07,6.084319136818268e-07,63650
-0.34,-1.46,x1 = -0.34; x2 = -1.46,-0.2,-1.5,x1 = -0.2; x2 = -1.5,0.4635706771916605,0.5364293228083395,0.5533445342658648,0.44665546573413506,0.6942596185663491,0.305740381433651,0.2586875273901862,0.7413124726098139,0.4997089633212688,0.5002910366787312,0.99177,0.24715,0.8882,0.82476,0.21226,0.19177,0.99617,0.24867,0.85986,0.13631000000000004,0.20311,0.04555999999999999,0.002614304687882457,0.0026189459285930194,63680
