z_x1,z_x2,z_note,x_x1,x_x2,x_note,"p(y=0|x,D)","p(y=1|x,D)","p(u=0|z,D)","p(u=1|z,D)","p(y=0|x,u=0,z,D)","p(y=1|x,u=0,z,D)","p(y=0|x,u=1,z,D)","p(y=1|x,u=1,z,D)","p(y=0|x,z,D)","p(y=1|x,z,D)","H[p(u|z,D)]","Var[p(u|z,D)]","H[p(y|x,u=0,z,D)]","H[p(y|x,u=1,z,D)]","Var[p(y|x,u=0,z,D)]","Var[p(y|x,u=1,z,D)]","H[p(y|x,D)]","Var[p(y|x,D)]",Va,Ve,Va_variance,Ve_variance,kl_pyx_pyxz,kl_pyxz_pyx,api_calls
3.37,2.01,x1 = 3.37; x2 = 2.01,3.4,2.1,x1 = 3.4; x2 = 2.1,0.24306213362557813,0.7569378663744218,0.22268566033502601,0.7773143396649739,0.7132540382567558,0.2867459617432443,0.06792579913460112,0.932074200865399,0.2116311441963577,0.7883688558036424,0.76504,0.1731,0.86448,0.35814,0.20452,0.06331,0.8001,0.18398,0.47089,0.32921000000000006,0.09476,0.08922000000000001,0.0028614144319275454,0.0027696714680498676,147080
3.28,2.15,x1 = 3.28; x2 = 2.15,3.4,2.1,x1 = 3.4; x2 = 2.1,0.24306213362557813,0.7569378663744218,0.22836198169869487,0.771638018301305,0.7116071134493588,0.28839288655064127,0.0726775138397138,0.9273224861602862,0.21858474337252598,0.7814152566274738,0.77514,0.17621,0.86664,0.37584,0.20522,0.0674,0.8001,0.18398,0.48792,0.31218,0.09887,0.08511,0.0017094695227709913,0.0016676480960235891,147110
3.39,2.02,x1 = 3.39; x2 = 2.02,3.4,2.1,x1 = 3.4; x2 = 2.1,0.24306213362557813,0.7569378663744218,0.22524614840270168,0.7747538515972984,0.7160580795404922,0.28394192045950783,0.06668517031660556,0.9333148296833944,0.21295391699634325,0.7870460830036567,0.76963,0.17451,0.86077,0.35343,0.20332,0.06224,0.8001,0.18398,0.46771,0.33239,0.09402,0.08996,0.0026180171737610614,0.002537922946220749,147140
3.56,2.17,x1 = 3.56; x2 = 2.17,3.4,2.1,x1 = 3.4; x2 = 2.1,0.24306213362557813,0.7569378663744218,0.21798119922962372,0.7820188007703763,0.7174759380168566,0.2825240619831434,0.07017843563064266,0.9298215643693573,0.2112771214591298,0.7887228785408702,0.75646,0.17047,0.85887,0.36659,0.2027,0.06525,0.8001,0.18398,0.4739,0.32620000000000005,0.09521,0.08877,0.0029285241823651803,0.002833472917426444,147170
3.26,2.15,x1 = 3.26; x2 = 2.15,3.4,2.1,x1 = 3.4; x2 = 2.1,0.24306213362557813,0.7569378663744218,0.2250303609074487,0.7749696390925513,0.7122854181674682,0.287714581832532,0.07280947834975696,0.9271905216502431,0.21671097987856647,0.7832890201214336,0.76925,0.17439,0.86575,0.37632,0.20493,0.06751,0.8001,0.18398,0.48646,0.31364000000000003,0.09843,0.08555,0.001989145068075092,0.001936468106744211,147200
