z_x1,z_x2,z_note,x_x1,x_x2,x_note,"p(y=0|x,D)","p(y=1|x,D)","p(u=0|z,D)","p(u=1|z,D)","p(y=0|x,u=0,z,D)","p(y=1|x,u=0,z,D)","p(y=0|x,u=1,z,D)","p(y=1|x,u=1,z,D)","p(y=0|x,z,D)","p(y=1|x,z,D)","H[p(u|z,D)]","Var[p(u|z,D)]","H[p(y|x,u=0,z,D)]","H[p(y|x,u=1,z,D)]","Var[p(y|x,u=0,z,D)]","Var[p(y|x,u=1,z,D)]","H[p(y|x,D)]","Var[p(y|x,D)]",Va,Ve,Va_variance,Ve_variance,kl_pyx_pyxz,kl_pyxz_pyx,api_calls
2.94,2.44,x1 = 2.94; x2 = 2.44,3.0,2.5,x1 = 3.0; x2 = 2.5,0.32150869929713555,0.6784913007028643,0.3523937439045385,0.6476062560954615,0.6650918631498935,0.3349081368501065,0.142189360952959,0.8578106390470408,0.3264569313991879,0.6735430686008119,0.93619,0.22821,0.91986,0.58994,0.22274,0.12197,0.90601,0.21814,0.7062,0.19980999999999993,0.15748,0.06065999999999999,5.5823963185722136e-05,5.597216150114281e-05,138440
2.89,2.46,x1 = 2.89; x2 = 2.46,3.0,2.5,x1 = 3.0; x2 = 2.5,0.32150869929713555,0.6784913007028643,0.34180170386958003,0.65819829613042,0.6618930557926971,0.3381069442073029,0.15036103068850354,0.8496389693114963,0.32520354845297367,0.6747964515470263,0.92653,0.22497,0.923,0.61074,0.22379,0.12775,0.90601,0.21814,0.71747,0.18853999999999993,0.16058,0.05756,3.1166904799808434e-05,3.122894817661308e-05,138470
3.22,2.59,x1 = 3.22; x2 = 2.59,3.0,2.5,x1 = 3.0; x2 = 2.5,0.32150869929713555,0.6784913007028643,0.24627519333132025,0.7537248066686797,0.7192761645624943,0.28072383543750573,0.11121465106083255,0.8887853489391675,0.26096511785578946,0.7390348821442105,0.80532,0.18562,0.85644,0.50357,0.20192,0.09885,0.90601,0.21814,0.59047,0.31553999999999993,0.12423,0.09391000000000001,0.009085882596215844,0.008720669773003939,138500
3.07,2.57,x1 = 3.07; x2 = 2.57,3.0,2.5,x1 = 3.0; x2 = 2.5,0.32150869929713555,0.6784913007028643,0.2560735426884365,0.7439264573115636,0.7198397389060354,0.28016026109396464,0.1094135155267486,0.8905864844732514,0.2657275210974055,0.7342724789025946,0.82076,0.1905,0.85567,0.49814,0.20167,0.09744,0.90601,0.21814,0.58969,0.31631999999999993,0.12413,0.09401,0.00765790541695293,0.0073785638818237645,138530
2.94,2.47,x1 = 2.94; x2 = 2.47,3.0,2.5,x1 = 3.0; x2 = 2.5,0.32150869929713555,0.6784913007028643,0.35539913064583717,0.6446008693541629,0.6620428525423837,0.33795714745761635,0.14637963728534786,0.853620362714652,0.3296458956937356,0.6703541043062645,0.9388,0.22909,0.92285,0.60071,0.22374,0.12495,0.90601,0.21814,0.7152,0.19081000000000004,0.16006,0.05807999999999999,0.0001504573639995871,0.00015110717003370862,138560
