z_x1,z_x2,z_note,x_x1,x_x2,x_note,"p(y=0|x,D)","p(y=1|x,D)","p(u=0|z,D)","p(u=1|z,D)","p(y=0|x,u=0,z,D)","p(y=1|x,u=0,z,D)","p(y=0|x,u=1,z,D)","p(y=1|x,u=1,z,D)","p(y=0|x,z,D)","p(y=1|x,z,D)","H[p(u|z,D)]","Var[p(u|z,D)]","H[p(y|x,u=0,z,D)]","H[p(y|x,u=1,z,D)]","Var[p(y|x,u=0,z,D)]","Var[p(y|x,u=1,z,D)]","H[p(y|x,D)]","Var[p(y|x,D)]",Va,Ve,Va_variance,Ve_variance,kl_pyx_pyxz,kl_pyxz_pyx,api_calls
0.5,-1.53,x1 = 0.5; x2 = -1.53,0.4,-1.5,x1 = 0.4; x2 = -1.5,0.35337202535256884,0.6466279746474312,0.37296351454683824,0.6270364854531618,0.7069775747589494,0.29302242524105065,0.11902367707214859,0.8809763229278514,0.33830902914493,0.6616909708550701,0.95292,0.23386,0.87259,0.52655,0.20716,0.10486,0.93704,0.2285,0.65561,0.28142999999999996,0.14301,0.08549000000000001,0.0005032322771292199,0.0004997996852442212,77000
0.37,-1.51,x1 = 0.37; x2 = -1.51,0.4,-1.5,x1 = 0.4; x2 = -1.5,0.35337202535256884,0.6466279746474312,0.4559799168466581,0.5440200831533419,0.6816750631775188,0.3183249368224811,0.16495885086455095,0.835041149135449,0.40057106638833817,0.5994289336116618,0.9944,0.24806,0.90255,0.64604,0.21699,0.13775,0.93704,0.2285,0.763,0.17403999999999997,0.17388,0.05462,0.004708150242710325,0.0047865740807782955,77030
0.27,-1.54,x1 = 0.27; x2 = -1.54,0.4,-1.5,x1 = 0.4; x2 = -1.5,0.35337202535256884,0.6466279746474312,0.4172735527748828,0.5827264472251172,0.6702036810779805,0.32979631892201955,0.15516852459855549,0.8448314754014448,0.37007907414669283,0.6299209258533074,0.98016,0.24316,0.91472,0.62262,0.22103,0.13109,0.93704,0.2285,0.74451,0.19252999999999998,0.16862,0.05988000000000002,0.0006025453810359523,0.0006065793286706596,77060
0.39,-1.54,x1 = 0.39; x2 = -1.54,0.4,-1.5,x1 = 0.4; x2 = -1.5,0.35337202535256884,0.6466279746474312,0.45926031223181285,0.5407396877681871,0.7128649679481793,0.28713503205182084,0.15357022950287186,0.8464297704971282,0.41043210571087385,0.5895678942891263,0.99521,0.24834,0.86499,0.6187,0.20469,0.12999,0.93704,0.2285,0.73181,0.20523000000000002,0.1643,0.06420000000000001,0.006840347231882031,0.006972207275470467,77090
0.52,-1.55,x1 = 0.52; x2 = -1.55,0.4,-1.5,x1 = 0.4; x2 = -1.5,0.35337202535256884,0.6466279746474312,0.43170164286518153,0.5682983571348185,0.7032443693992333,0.2967556306007667,0.18243338022700367,0.8175666197729964,0.4072683398748955,0.5927316601251046,0.9865,0.24534,0.87729,0.68537,0.20869,0.14915,0.93704,0.2285,0.76822,0.16881999999999997,0.17485,0.05365,0.0061141381353472385,0.006227052155282603,77120
