z_x1,z_x2,z_note,x_x1,x_x2,x_note,"p(y=0|x,D)","p(y=1|x,D)","p(u=0|z,D)","p(u=1|z,D)","p(y=0|x,u=0,z,D)","p(y=1|x,u=0,z,D)","p(y=0|x,u=1,z,D)","p(y=1|x,u=1,z,D)","p(y=0|x,z,D)","p(y=1|x,z,D)","H[p(u|z,D)]","Var[p(u|z,D)]","H[p(y|x,u=0,z,D)]","H[p(y|x,u=1,z,D)]","Var[p(y|x,u=0,z,D)]","Var[p(y|x,u=1,z,D)]","H[p(y|x,D)]","Var[p(y|x,D)]",Va,Ve,Va_variance,Ve_variance,kl_pyx_pyxz,kl_pyxz_pyx,api_calls
-2.6,2.96,x1 = -2.6; x2 = 2.96,-2.6,2.9,x1 = -2.6; x2 = 2.9,0.7414498668722642,0.25855013312773595,0.7574213718028651,0.24257862819713502,0.9088405812510159,0.09115941874898419,0.14818670569406725,0.8518132943059328,0.7243222075855771,0.27567779241442303,0.7993,0.18373,0.44033,0.60528,0.08285,0.12623,0.82455,0.1917,0.48034,0.34421,0.09337,0.09833000000000001,0.0007443657299775266,0.0007545505581663912,13320
-2.68,2.88,x1 = -2.68; x2 = 2.88,-2.6,2.9,x1 = -2.6; x2 = 2.9,0.7414498668722642,0.25855013312773595,0.7820651894899406,0.21793481051005942,0.9214007717639655,0.07859922823603449,0.15415812326180964,0.8458418767381903,0.7541918905474121,0.24580810945258796,0.75638,0.17044,0.39722,0.62015,0.07242,0.13039,0.82455,0.1917,0.4458,0.37875000000000003,0.08505,0.10665000000000001,0.00043294204509273723,0.0004281347175978667,13350
-2.56,2.92,x1 = -2.56; x2 = 2.92,-2.6,2.9,x1 = -2.6; x2 = 2.9,0.7414498668722642,0.25855013312773595,0.7675727326864655,0.23242726731353444,0.9183200845554973,0.08167991544450279,0.16138068925220986,0.8386193107477901,0.7423867293831949,0.25761327061680506,0.78222,0.1784,0.40807,0.6376,0.07501,0.13534,0.82455,0.1917,0.46142,0.36313,0.08903,0.10267000000000001,2.292873626103843e-06,2.29106499702932e-06,13380
-2.58,2.88,x1 = -2.58; x2 = 2.88,-2.6,2.9,x1 = -2.6; x2 = 2.9,0.7414498668722642,0.25855013312773595,0.7794160553986133,0.22058394460138672,0.9184746950865715,0.08152530491342865,0.14767279314238843,0.8523272068576114,0.7484481710494724,0.2515518289505278,0.76123,0.17193,0.40753,0.60399,0.07488,0.12587,0.82455,0.1917,0.45087,0.37368,0.08613,0.10557000000000001,0.00012927883916201335,0.0001285035198670039,13410
-2.51,3.04,x1 = -2.51; x2 = 3.04,-2.6,2.9,x1 = -2.6; x2 = 2.9,0.7414498668722642,0.25855013312773595,0.7686985194835889,0.231301480516411,0.9015551621538483,0.09844483784615181,0.23365818725429593,0.766341812745704,0.7470696030271496,0.2529303969728504,0.78027,0.1778,0.46405,0.78433,0.08875,0.17906,0.82455,0.1917,0.53813,0.28642,0.10964,0.08206000000000001,8.316384717713381e-05,8.276494509097156e-05,13440
