z_x1,z_x2,z_note,x_x1,x_x2,x_note,"p(y=0|x,D)","p(y=1|x,D)","p(u=0|z,D)","p(u=1|z,D)","p(y=0|x,u=0,z,D)","p(y=1|x,u=0,z,D)","p(y=0|x,u=1,z,D)","p(y=1|x,u=1,z,D)","p(y=0|x,z,D)","p(y=1|x,z,D)","H[p(u|z,D)]","Var[p(u|z,D)]","H[p(y|x,u=0,z,D)]","H[p(y|x,u=1,z,D)]","Var[p(y|x,u=0,z,D)]","Var[p(y|x,u=1,z,D)]","H[p(y|x,D)]","Var[p(y|x,D)]",Va,Ve,Va_variance,Ve_variance,kl_pyx_pyxz,kl_pyxz_pyx,api_calls
2.45,0.89,x1 = 2.45; x2 = 0.89,2.6,0.9,x1 = 2.6; x2 = 0.9,0.1405508556428138,0.8594491443571861,0.12343467636587144,0.8765653236341286,0.5033066081144076,0.49669339188559236,0.0657116752818777,0.9342883247181224,0.1197260641954063,0.8802739358045939,0.53915,0.1082,0.99997,0.34971,0.24999,0.06139,0.58568,0.1208,0.42997,0.15570999999999996,0.08467,0.03613000000000001,0.0019626660979050747,0.0018754376314297633,128200
2.67,0.88,x1 = 2.67; x2 = 0.88,2.6,0.9,x1 = 2.6; x2 = 0.9,0.1405508556428138,0.8594491443571861,0.13266836305480853,0.8673316369451914,0.5187403706529239,0.481259629347076,0.06020094709510335,0.9397990529048966,0.12103462181461491,0.878965378185385,0.56471,0.11507,0.99899,0.32824,0.24965,0.05658,0.58568,0.1208,0.41723,0.16845,0.08219,0.038610000000000005,0.0017133874477635765,0.0016423626966661775,128230
2.57,0.87,x1 = 2.57; x2 = 0.87,2.6,0.9,x1 = 2.6; x2 = 0.9,0.1405508556428138,0.8594491443571861,0.12763701576942943,0.8723629842305705,0.5084443054402079,0.49155569455979203,0.06313817750437019,0.9368618224956297,0.11997572277794025,0.8800242772220594,0.55092,0.11135,0.99979,0.33978,0.24993,0.05915,0.58568,0.1208,0.42402,0.16165999999999997,0.0835,0.0373,0.0019136747433435158,0.001829719945867194,128260
2.61,0.88,x1 = 2.61; x2 = 0.88,2.6,0.9,x1 = 2.6; x2 = 0.9,0.1405508556428138,0.8594491443571861,0.1276097044779238,0.8723902955220761,0.5179655734661106,0.48203442653388945,0.06441191599137168,0.9355880840086283,0.12228976418660459,0.8777102358133954,0.55085,0.11133,0.99907,0.34472,0.24968,0.06026,0.58568,0.1208,0.42822,0.15746,0.08443,0.03637,0.0014915158302906406,0.001433927413567574,128290
2.4,1.06,x1 = 2.4; x2 = 1.06,2.6,0.9,x1 = 2.6; x2 = 0.9,0.1405508556428138,0.8594491443571861,0.15169176721484634,0.8483082327851538,0.4577115274917324,0.5422884725082676,0.06308457845231419,0.9369154215476858,0.12294623774270665,0.8770537622572934,0.61406,0.12868,0.99483,0.33957,0.24821,0.0591,0.58568,0.1208,0.43897,0.14670999999999995,0.08779,0.03301,0.0013820872590918354,0.001330764212646593,128320
