z_x1,z_x2,z_note,x_x1,x_x2,x_note,"p(y=0|x,D)","p(y=1|x,D)","p(u=0|z,D)","p(u=1|z,D)","p(y=0|x,u=0,z,D)","p(y=1|x,u=0,z,D)","p(y=0|x,u=1,z,D)","p(y=1|x,u=1,z,D)","p(y=0|x,z,D)","p(y=1|x,z,D)","H[p(u|z,D)]","Var[p(u|z,D)]","H[p(y|x,u=0,z,D)]","H[p(y|x,u=1,z,D)]","Var[p(y|x,u=0,z,D)]","Var[p(y|x,u=1,z,D)]","H[p(y|x,D)]","Var[p(y|x,D)]",Va,Ve,Va_variance,Ve_variance,kl_pyx_pyxz,kl_pyxz_pyx,api_calls
-2.66,-0.29,x1 = -2.66; x2 = -0.29,-2.6,-0.1,x1 = -2.6; x2 = -0.1,0.7002857394955365,0.29971426050446354,0.7503087962671089,0.24969120373289103,0.8960386251901882,0.10396137480981163,0.20788854377292018,0.7921114562270797,0.7242136030122235,0.27578639698777624,0.81079,0.18735,0.48143,0.73743,0.09315,0.16467,0.88094,0.20989,0.54535,0.33558999999999994,0.11101,0.09888,0.0014089487469519622,0.0013858458898492673,10920
-2.4,-0.21,x1 = -2.4; x2 = -0.21,-2.6,-0.1,x1 = -2.6; x2 = -0.1,0.7002857394955365,0.29971426050446354,0.7277970671070809,0.2722029328929191,0.8994321476431614,0.10056785235683859,0.197129792088528,0.8028702079114721,0.7082633866835846,0.29173661331641554,0.84461,0.19811,0.47079,0.71615,0.09045,0.15827,0.88094,0.20989,0.53758,0.34336,0.10891,0.10097999999999999,0.00015319346181557822,0.00015239636346063568,10950
-2.6,0.06,x1 = -2.6; x2 = 0.06,-2.6,-0.1,x1 = -2.6; x2 = -0.1,0.7002857394955365,0.29971426050446354,0.7702473421490651,0.22975265785093485,0.8820291218133758,0.11797087818662413,0.25781618680963103,0.742183813190369,0.7386145409313326,0.26138545906866734,0.77758,0.17697,0.5235,0.82343,0.10405,0.19135,0.88094,0.20989,0.59241,0.28852999999999995,0.12411,0.08578,0.0036942730266172966,0.00359284169265605,10980
-2.57,-0.04,x1 = -2.57; x2 = -0.04,-2.6,-0.1,x1 = -2.6; x2 = -0.1,0.7002857394955365,0.29971426050446354,0.7593576587821629,0.24064234121783729,0.9107956641431135,0.08920433585688659,0.21867513291978743,0.7813248670802126,0.7442421591045991,0.25575784089540105,0.79611,0.18273,0.43381,0.75774,0.08125,0.17086,0.88094,0.20989,0.51176,0.36917999999999995,0.10281,0.10708,0.004902225333021523,0.004745176080961755,11010
-2.74,-0.22,x1 = -2.74; x2 = -0.22,-2.6,-0.1,x1 = -2.6; x2 = -0.1,0.7002857394955365,0.29971426050446354,0.7520314931609589,0.24796850683904115,0.8972109581661918,0.10278904183380815,0.22520728339143248,0.7747927166085676,0.7305752103419461,0.26942478965805383,0.80804,0.18648,0.47777,0.76956,0.09222,0.17449,0.88094,0.20989,0.55012,0.3308199999999999,0.11262,0.09727,0.0022789288176106592,0.002230689069377678,11040
