z_x1,z_x2,z_note,x_x1,x_x2,x_note,"p(y=0|x,D)","p(y=1|x,D)","p(u=0|z,D)","p(u=1|z,D)","p(y=0|x,u=0,z,D)","p(y=1|x,u=0,z,D)","p(y=0|x,u=1,z,D)","p(y=1|x,u=1,z,D)","p(y=0|x,z,D)","p(y=1|x,z,D)","H[p(u|z,D)]","Var[p(u|z,D)]","H[p(y|x,u=0,z,D)]","H[p(y|x,u=1,z,D)]","Var[p(y|x,u=0,z,D)]","Var[p(y|x,u=1,z,D)]","H[p(y|x,D)]","Var[p(y|x,D)]",Va,Ve,Va_variance,Ve_variance,kl_pyx_pyxz,kl_pyxz_pyx,api_calls
2.37,2.67,x1 = 2.37; x2 = 2.67,2.4,2.7,x1 = 2.4; x2 = 2.7,0.48168027165233174,0.5183197283476684,0.4853226963960064,0.5146773036039936,0.7912686446134835,0.2087313553865166,0.10415975135920694,0.895840248640793,0.4376292921510481,0.5623707078489518,0.99938,0.24978,0.73905,0.48204,0.16516,0.09331,0.99903,0.24966,0.60677,0.39225999999999994,0.12818,0.12148,0.0039183649805540136,0.0038996855524349797,125160
2.43,2.81,x1 = 2.43; x2 = 2.81,2.4,2.7,x1 = 2.4; x2 = 2.7,0.48168027165233174,0.5183197283476684,0.4579089034818537,0.5420910965181464,0.8131737641664897,0.18682623583351027,0.10904786159830834,0.8909521384016916,0.43147338155647486,0.5685266184435251,0.99488,0.24823,0.69478,0.49704,0.15192,0.09716,0.99903,0.24966,0.58759,0.41144000000000003,0.12224,0.12741999999999998,0.005099139925460967,0.005069290794451849,125190
2.53,2.66,x1 = 2.53; x2 = 2.66,2.4,2.7,x1 = 2.4; x2 = 2.7,0.48168027165233174,0.5183197283476684,0.4908750042171902,0.5091249957828098,0.8090553030696761,0.19094469693032404,0.10987193689878347,0.8901280631012165,0.4530835747165097,0.5469164252834904,0.99976,0.24992,0.70344,0.49953,0.15448,0.0978,0.99903,0.24966,0.59962,0.39940999999999993,0.12562,0.12403999999999998,0.0016450435169168207,0.001640936363524012,125220
2.33,2.74,x1 = 2.33; x2 = 2.74,2.4,2.7,x1 = 2.4; x2 = 2.7,0.48168027165233174,0.5183197283476684,0.47600833550435545,0.5239916644956446,0.7955869067122012,0.2044130932877986,0.11172718102633672,0.8882728189736634,0.43725011076853015,0.5627498892314698,0.99834,0.24942,0.73067,0.5051,0.16263,0.09924,0.99903,0.24966,0.61247,0.38656,0.12941,0.12025,0.003986532976690743,0.003967273775453778,125250
2.36,2.69,x1 = 2.36; x2 = 2.69,2.4,2.7,x1 = 2.4; x2 = 2.7,0.48168027165233174,0.5183197283476684,0.48265987418010015,0.5173401258198999,0.7963170978457627,0.20368290215423737,0.10897980868348467,0.8910201913165153,0.4407299381898409,0.5592700618101591,0.99913,0.2497,0.72923,0.49683,0.1622,0.0971,0.99903,0.24966,0.609,0.39003,0.12852,0.12114,0.003383323558830517,0.003368912990467064,125280
