z_x1,z_note,x_x1,x_note,"p(y=0|x,D)","p(y=1|x,D)","p(u=0|z,D)","p(u=1|z,D)","p(y=0|x,u=0,z,D)","p(y=1|x,u=0,z,D)","p(y=0|x,u=1,z,D)","p(y=1|x,u=1,z,D)","p(y=0|x,z,D)","p(y=1|x,z,D)","H[p(u|z,D)]","Var[p(u|z,D)]","H[p(y|x,u=0,z,D)]","H[p(y|x,u=1,z,D)]","Var[p(y|x,u=0,z,D)]","Var[p(y|x,u=1,z,D)]","H[p(y|x,D)]","Var[p(y|x,D)]",Va,Ve,Va_variance,Ve_variance,kl_pyx_pyxz,kl_pyxz_pyx,api_calls
0.1,x1 = 0.1,0.0,x1 = 0.0,0.5800762231599305,0.41992377684006954,0.5341614849358977,0.46583851506410234,0.6123382458572278,0.38766175414277226,0.5736692067147421,0.42633079328525786,0.5943247180841367,0.4056752819158634,0.99663,0.24883,0.96327,0.98428,0.23738,0.24457,0.98142,0.24359,0.97306,0.008359999999999923,0.24073,0.0028600000000000014,0.00041952520901517715,0.0004180937815159956,520
-0.3,x1 = -0.3,0.0,x1 = 0.0,0.5800762231599305,0.41992377684006954,0.5402616953980518,0.4597383046019482,0.6032787458854576,0.3967212541145423,0.5914513712266312,0.4085486287733688,0.5978412487119167,0.4021587512880832,0.99532,0.24838,0.969,0.97573,0.23933,0.24164,0.98142,0.24359,0.97209,0.00932999999999995,0.24039,0.0032000000000000084,0.0006533246288839036,0.0006504866754546909,550
-0.8,x1 = -0.8,0.0,x1 = 0.0,0.5800762231599305,0.41992377684006954,0.5801239273814591,0.4198760726185409,0.5947492859292447,0.40525071407075525,0.5886312810927513,0.4113687189072488,0.5921804820862366,0.40781951791376336,0.9814,0.24358,0.97394,0.97721,0.24102,0.24214,0.98142,0.24359,0.97531,0.006109999999999949,0.24149,0.0020999999999999908,0.00030243658390455633,0.000301571205206394,580
0.2,x1 = 0.2,0.0,x1 = 0.0,0.5800762231599305,0.41992377684006954,0.5790004700269473,0.4209995299730527,0.606718324916535,0.39328167508346507,0.5678003808967501,0.4321996191032499,0.590333888776688,0.40966611122331203,0.98192,0.24376,0.96688,0.9867,0.23861,0.2454,0.98142,0.24359,0.97522,0.006199999999999983,0.24147,0.0021200000000000108,0.0002170021800169935,0.00021648186479191096,610
0.3,x1 = 0.3,0.0,x1 = 0.0,0.5800762231599305,0.41992377684006954,0.5030490099068271,0.4969509900931728,0.6064317114112731,0.3935682885887269,0.5857314607187071,0.414268539281293,0.5961447013344254,0.40385529866557446,0.99997,0.24999,0.96706,0.97869,0.23867,0.24265,0.98142,0.24359,0.97284,0.008579999999999921,0.24065,0.002939999999999998,0.0005340339254567041,0.0005319566268513695,640
