z_x1,z_note,x_x1,x_note,"p(y=0|x,D)","p(y=1|x,D)","p(u=0|z,D)","p(u=1|z,D)","p(y=0|x,u=0,z,D)","p(y=1|x,u=0,z,D)","p(y=0|x,u=1,z,D)","p(y=1|x,u=1,z,D)","p(y=0|x,z,D)","p(y=1|x,z,D)","H[p(u|z,D)]","Var[p(u|z,D)]","H[p(y|x,u=0,z,D)]","H[p(y|x,u=1,z,D)]","Var[p(y|x,u=0,z,D)]","Var[p(y|x,u=1,z,D)]","H[p(y|x,D)]","Var[p(y|x,D)]",Va,Ve,Va_variance,Ve_variance,kl_pyx_pyxz,kl_pyxz_pyx,api_calls
4.8,x1 = 4.8,5.0,x1 = 5.0,0.3262228313927621,0.6737771686072379,0.4142518386891436,0.5857481613108563,0.34201762225246923,0.6579823777475309,0.32332903894519255,0.6766709610548074,0.3310708189427271,0.6689291810572728,0.97868,0.24265,0.92674,0.90796,0.22504,0.21879,0.91102,0.2198,0.91574,-0.0047199999999999465,0.22138,-0.001579999999999998,5.319526888557073e-05,5.3328962906120346e-05,680
5.7,x1 = 5.7,5.0,x1 = 5.0,0.3262228313927621,0.6737771686072379,0.26784706030129446,0.7321529396987055,0.38222119941493726,0.6177788005850627,0.315044334604735,0.6849556653952651,0.3330374603644052,0.6669625396355949,0.83836,0.19611,0.9596,0.89891,0.23613,0.21579,0.91102,0.2198,0.91517,-0.004149999999999987,0.22124,-0.0014399999999999968,0.00010489706355278419,0.00010526515007906138,710
4.6,x1 = 4.6,5.0,x1 = 5.0,0.3262228313927621,0.6737771686072379,0.4322871468795366,0.5677128531204634,0.34476797293151007,0.6552320270684899,0.31791212925380086,0.682087870746199,0.3295215652942806,0.6704784347057193,0.98673,0.24541,0.92931,0.9021,0.2259,0.21684,0.91102,0.2198,0.91386,-0.0028399999999999537,0.22076,-0.0009600000000000164,2.4668213932973592e-05,2.471062379659104e-05,740
5.0,x1 = 5.0,5.0,x1 = 5.0,0.3262228313927621,0.6737771686072379,0.31861942982469815,0.6813805701753017,0.4504958698930784,0.5495041301069217,0.313176415778741,0.6868235842212591,0.35692906195248997,0.64307093804751,0.90287,0.2171,0.99292,0.89681,0.24755,0.2151,0.91102,0.2198,0.92743,-0.016409999999999925,0.22544,-0.005640000000000006,0.002082110798577976,0.0021123842601910824,770
4.9,x1 = 4.9,5.0,x1 = 5.0,0.3262228313927621,0.6737771686072379,0.4757637409831842,0.5242362590168159,0.3391177945212827,0.6608822054787173,0.3096096830021374,0.6903903169978625,0.323648572527835,0.676351427472165,0.9983,0.24941,0.92397,0.89272,0.22412,0.21375,0.91102,0.2198,0.90759,0.003430000000000044,0.21868,0.0011199999999999821,1.5115791454462738e-05,1.5095101817370633e-05,800
