z_x1,z_note,x_x1,x_note,"p(y=0|x,D)","p(y=1|x,D)","p(u=0|z,D)","p(u=1|z,D)","p(y=0|x,u=0,z,D)","p(y=1|x,u=0,z,D)","p(y=0|x,u=1,z,D)","p(y=1|x,u=1,z,D)","p(y=0|x,z,D)","p(y=1|x,z,D)","H[p(u|z,D)]","Var[p(u|z,D)]","H[p(y|x,u=0,z,D)]","H[p(y|x,u=1,z,D)]","Var[p(y|x,u=0,z,D)]","Var[p(y|x,u=1,z,D)]","H[p(y|x,D)]","Var[p(y|x,D)]",Va,Ve,Va_variance,Ve_variance,kl_pyx_pyxz,kl_pyxz_pyx,api_calls
4.8,x1 = 4.8,5.0,x1 = 5.0,0.3496736624081443,0.6503263375918558,0.5122701577063569,0.48772984229364313,0.3699510443099198,0.6300489556900801,0.3531223004298445,0.6468776995701554,0.36174316371129056,0.6382568362887093,0.99957,0.24985,0.95063,0.93683,0.23309,0.22843,0.93378,0.2274,0.9439,-0.010119999999999907,0.23082,-0.0034200000000000064,0.0003170310509492992,0.00031864144593640904,680
5.7,x1 = 5.7,5.0,x1 = 5.0,0.3496736624081443,0.6503263375918558,0.31105102550073255,0.6889489744992675,0.4297350590478278,0.5702649409521721,0.3392831077292749,0.6607168922707253,0.3674182799454531,0.6325817200545469,0.89438,0.2143,0.98571,0.92413,0.24506,0.22417,0.93378,0.2274,0.94328,-0.009499999999999953,0.23067,-0.003269999999999995,0.0006821445192249156,0.0006871274251206219,710
4.6,x1 = 4.6,5.0,x1 = 5.0,0.3496736624081443,0.6503263375918558,0.5363814511271835,0.4636185488728165,0.3677800321562218,0.6322199678437783,0.3587883890514589,0.6412116109485411,0.36361133962800934,0.6363886603719907,0.99618,0.24868,0.94895,0.94167,0.23252,0.23006,0.93378,0.2274,0.94557,-0.011789999999999967,0.23138,-0.003980000000000011,0.00042212808475701295,0.00042458635444047113,740
5.0,x1 = 5.0,5.0,x1 = 5.0,0.3496736624081443,0.6503263375918558,0.35256321828790854,0.6474367817120915,0.475318766702655,0.5246812332973451,0.3033441188772406,0.6966558811227594,0.36397605417849843,0.6360239458215018,0.93634,0.22826,0.99824,0.88534,0.24939,0.21133,0.93378,0.2274,0.92514,0.008640000000000092,0.22475,0.0026499999999999857,0.00044437835736472163,0.000447030156139578,770
4.9,x1 = 4.9,5.0,x1 = 5.0,0.3496736624081443,0.6503263375918558,0.5395721265963512,0.4604278734036488,0.3761562334237871,0.6238437665762129,0.34436392831642293,0.6556360716835771,0.3615181699926035,0.6384818300073966,0.99548,0.24843,0.95528,0.92893,0.23466,0.22578,0.93378,0.2274,0.94315,-0.00936999999999999,0.23057,-0.003170000000000006,0.00030537757877608686,0.0003069011874942077,800
