z_x1,z_note,x_x1,x_note,"p(y=0|x,D)","p(y=1|x,D)","p(u=0|z,D)","p(u=1|z,D)","p(y=0|x,u=0,z,D)","p(y=1|x,u=0,z,D)","p(y=0|x,u=1,z,D)","p(y=1|x,u=1,z,D)","p(y=0|x,z,D)","p(y=1|x,z,D)","H[p(u|z,D)]","Var[p(u|z,D)]","H[p(y|x,u=0,z,D)]","H[p(y|x,u=1,z,D)]","Var[p(y|x,u=0,z,D)]","Var[p(y|x,u=1,z,D)]","H[p(y|x,D)]","Var[p(y|x,D)]",Va,Ve,Va_variance,Ve_variance,kl_pyx_pyxz,kl_pyxz_pyx,api_calls
0.1,x1 = 0.1,0.0,x1 = 0.0,0.5824378549409652,0.4175621450590349,0.5797928967650942,0.4202071032349058,0.5945962602300472,0.40540373976995275,0.555532413838893,0.444467586161107,0.5781813544968069,0.421818645503193,0.98155,0.24363,0.97402,0.99108,0.24105,0.24692,0.9803,0.2432,0.98119,-0.0008900000000000574,0.24352,-0.00031999999999998696,3.717802555940151e-05,3.721283017993262e-05,520
-0.3,x1 = -0.3,0.0,x1 = 0.0,0.5824378549409652,0.4175621450590349,0.5157221263133038,0.4842778736866961,0.5705027564811236,0.42949724351887636,0.5673155789535874,0.43268442104641247,0.5689592769250262,0.43104072307497354,0.99929,0.24975,0.98561,0.98689,0.24503,0.24547,0.9803,0.2432,0.98623,-0.005930000000000102,0.24524,-0.002040000000000014,0.0003713750769171135,0.0003724108408621838,550
-0.8,x1 = -0.8,0.0,x1 = 0.0,0.5824378549409652,0.4175621450590349,0.540403359610649,0.4595966403893511,0.5737169095119599,0.4262830904880401,0.5675469622677571,0.43245303773224286,0.5708812224871448,0.42911877751285527,0.99528,0.24837,0.98426,0.98679,0.24457,0.24544,0.9803,0.2432,0.98542,-0.005120000000000013,0.24497,-0.0017699999999999938,0.00027322429891171035,0.00027388620297691055,580
0.2,x1 = 0.2,0.0,x1 = 0.0,0.5824378549409652,0.4175621450590349,0.5826347472671373,0.41736525273286273,0.5827066760512577,0.4172933239487423,0.5492492672045541,0.450750732795446,0.5687427161521665,0.4312572838478335,0.98021,0.24317,0.98017,0.99299,0.24316,0.24757,0.9803,0.2432,0.98552,-0.005220000000000002,0.245,-0.001799999999999996,0.0003833720827350999,0.00038445688659951953,610
0.3,x1 = 0.3,0.0,x1 = 0.0,0.5824378549409652,0.4175621450590349,0.5372581976871019,0.4627418023128982,0.5799345596241193,0.4200654403758806,0.5671326455121264,0.4328673544878736,0.5740105788148808,0.42598942118511923,0.99599,0.24861,0.98148,0.98696,0.24361,0.24549,0.9803,0.2432,0.98402,-0.0037200000000000566,0.24448,-0.0012800000000000034,0.00014547441769466665,0.0001457368187958493,640
