z_x1,z_note,x_x1,x_note,"p(y=0|x,D)","p(y=1|x,D)","p(u=0|z,D)","p(u=1|z,D)","p(y=0|x,u=0,z,D)","p(y=1|x,u=0,z,D)","p(y=0|x,u=1,z,D)","p(y=1|x,u=1,z,D)","p(y=0|x,z,D)","p(y=1|x,z,D)","H[p(u|z,D)]","Var[p(u|z,D)]","H[p(y|x,u=0,z,D)]","H[p(y|x,u=1,z,D)]","Var[p(y|x,u=0,z,D)]","Var[p(y|x,u=1,z,D)]","H[p(y|x,D)]","Var[p(y|x,D)]",Va,Ve,Va_variance,Ve_variance,kl_pyx_pyxz,kl_pyxz_pyx,api_calls
-4.8,x1 = -4.8,-5.0,x1 = -5.0,0.854365974512706,0.14563402548729398,0.8306100362679766,0.16938996373202336,0.8680381492502999,0.13196185074970007,0.7301585131463447,0.26984148685365533,0.8446827226912663,0.15531727730873363,0.65631,0.1407,0.56279,0.84124,0.11455,0.19703,0.59881,0.12442,0.60996,-0.011149999999999993,0.12852,-0.0040999999999999925,0.00036361961028881506,0.00037009720957974224,360
-5.0,x1 = -5.0,-5.0,x1 = -5.0,0.854365974512706,0.14563402548729398,0.854365974846832,0.145634025153168,0.8395516580259544,0.16044834197404567,0.6210355455172634,0.3789644544827366,0.8077282770004912,0.19227172299950884,0.59881,0.12442,0.63538,0.95731,0.1347,0.23535,0.59881,0.12442,0.68226,-0.08345000000000002,0.14936,-0.02493999999999999,0.007499926162486292,0.008074580321062966,390
-4.9,x1 = -4.9,-5.0,x1 = -5.0,0.854365974512706,0.14563402548729398,0.826579689744826,0.1734203102551741,0.8750822069858577,0.12491779301414221,0.7162296524395957,0.28377034756040426,0.847533947691618,0.15246605230838195,0.66547,0.14335,0.54333,0.86054,0.10931,0.20324,0.59881,0.12442,0.59834,0.00046999999999997044,0.1256,-0.0011799999999999866,0.00018287413107688152,0.0001851938827616452,420
-4.6,x1 = -4.6,-5.0,x1 = -5.0,0.854365974512706,0.14563402548729398,0.8168661684976491,0.18313383150235074,0.870592625070816,0.12940737492918405,0.7431947744086654,0.25680522559133445,0.8472617685538921,0.15273823144610793,0.68688,0.1496,0.55581,0.82189,0.11266,0.19086,0.59881,0.12442,0.60454,-0.005730000000000013,0.12698,-0.0025600000000000067,0.0001975404211268083,0.0002001437463297305,450
-5.1,x1 = -5.1,-5.0,x1 = -5.0,0.854365974512706,0.14563402548729398,0.851215045393152,0.1487849546068478,0.8579073738747491,0.14209262612525084,0.6629274078394861,0.337072592160514,0.8288972884789476,0.17110271152105216,0.60679,0.12665,0.58969,0.92199,0.1219,0.22345,0.59881,0.12442,0.63913,-0.04032000000000002,0.13701,-0.01258999999999999,0.0023845820445283286,0.0024909043789152173,480
