z_x1,z_note,x_x1,x_note,"p(y=0|x,D)","p(y=1|x,D)","p(u=0|z,D)","p(u=1|z,D)","p(y=0|x,u=0,z,D)","p(y=1|x,u=0,z,D)","p(y=0|x,u=1,z,D)","p(y=1|x,u=1,z,D)","p(y=0|x,z,D)","p(y=1|x,z,D)","H[p(u|z,D)]","Var[p(u|z,D)]","H[p(y|x,u=0,z,D)]","H[p(y|x,u=1,z,D)]","Var[p(y|x,u=0,z,D)]","Var[p(y|x,u=1,z,D)]","H[p(y|x,D)]","Var[p(y|x,D)]",Va,Ve,Va_variance,Ve_variance,kl_pyx_pyxz,kl_pyxz_pyx,api_calls
-14.4,x1 = -14.4,-15.0,x1 = -15.0,0.9599974033855577,0.04000259661444221,0.9521347027203599,0.04786529727964014,0.9554416740850573,0.04455832591494247,0.43410059565068143,0.5658994043493186,0.9304875283817078,0.06951247161829208,0.27726,0.04557,0.26282,0.98743,0.04257,0.24566,0.2423,0.0384,0.2975,-0.0552,0.05229,-0.013890000000000007,0.007869041988142669,0.00935834272556994,40
-14.9,x1 = -14.9,-15.0,x1 = -15.0,0.9599974033855577,0.04000259661444221,0.9563519322570733,0.04364806774292689,0.9524305873269503,0.047569412673049656,0.41590918940823685,0.5840908105917632,0.9290124650050646,0.07098753499493551,0.25878,0.04174,0.27598,0.9795,0.04531,0.24293,0.2423,0.0384,0.30669,-0.06439000000000003,0.05394,-0.015540000000000005,0.00855211460078898,0.010236171485841362,70
-14.7,x1 = -14.7,-15.0,x1 = -15.0,0.9599974033855577,0.04000259661444221,0.9543107661987997,0.045689233801200234,0.9617341541291109,0.03826584587088913,0.4171999764016839,0.5828000235983161,0.9368548047701781,0.06314519522982187,0.26779,0.0436,0.23428,0.98013,0.0368,0.24314,0.2423,0.0384,0.26836,-0.02606,0.04623,-0.007830000000000004,0.005165231859124462,0.005963920244232954,100
-14.2,x1 = -14.2,-15.0,x1 = -15.0,0.9599974033855577,0.04000259661444221,0.9530376486456895,0.04696235135431036,0.9555248542617027,0.04447514573829721,0.47301426440976807,0.5269857355902319,0.9328650224089006,0.06713497759109929,0.27335,0.04476,0.26245,0.9979,0.0425,0.24927,0.2423,0.0384,0.29699,-0.05468999999999999,0.05221,-0.013810000000000003,0.00681140586904715,0.008014564839883075,130
-14.3,x1 = -14.3,-15.0,x1 = -15.0,0.9599974033855577,0.04000259661444221,0.9553809958941392,0.04461900410586086,0.9597508571611654,0.0402491428388347,0.4497179987735283,0.5502820012264718,0.9369936989586435,0.06300630104135663,0.26308,0.04263,0.24343,0.99269,0.03863,0.24747,0.2423,0.0384,0.27686,-0.03456000000000001,0.04795,-0.009550000000000003,0.005111003830233045,0.005897289934029985,160
