z_x1,z_note,x_x1,x_note,"p(y=0|x,D)","p(y=1|x,D)","p(u=0|z,D)","p(u=1|z,D)","p(y=0|x,u=0,z,D)","p(y=1|x,u=0,z,D)","p(y=0|x,u=1,z,D)","p(y=1|x,u=1,z,D)","p(y=0|x,z,D)","p(y=1|x,z,D)","H[p(u|z,D)]","Var[p(u|z,D)]","H[p(y|x,u=0,z,D)]","H[p(y|x,u=1,z,D)]","Var[p(y|x,u=0,z,D)]","Var[p(y|x,u=1,z,D)]","H[p(y|x,D)]","Var[p(y|x,D)]",Va,Ve,Va_variance,Ve_variance,kl_pyx_pyxz,kl_pyxz_pyx,api_calls
14.3,x1 = 14.3,15.0,x1 = 15.0,0.1951644894921691,0.804835510507831,0.21157723749311028,0.7884227625068896,0.6948710274592725,0.30512897254072735,0.06723917686796518,0.9327608231320348,0.20003178997876253,0.7999682100212373,0.74449,0.16681,0.88747,0.35554,0.21203,0.06272,0.71215,0.15708,0.46808,0.24406999999999995,0.09431,0.06276999999999999,7.448063795707002e-05,7.494304032319796e-05,1000
14.9,x1 = 14.9,15.0,x1 = 15.0,0.1951644894921691,0.804835510507831,0.20514041414551704,0.7948595858544829,0.6760760965081237,0.32392390349187633,0.06353168237136717,0.9364683176286329,0.1891892971699045,0.8108107028300955,0.73209,0.16306,0.9086,0.34131,0.219,0.0595,0.71215,0.15708,0.45768,0.25447,0.09222,0.06486,0.00011545078652852332,0.00011454240709148859,1030
15.1,x1 = 15.1,15.0,x1 = 15.0,0.1951644894921691,0.804835510507831,0.20305037405881182,0.7969496259411881,0.7897840473796223,0.21021595262037768,0.04742466818961444,0.9525753318103856,0.19816101782021286,0.801838982179787,0.72799,0.16182,0.7419,0.27535,0.16603,0.04518,0.71215,0.15708,0.37008,0.34206999999999993,0.06972,0.08736,2.8363505381345713e-05,2.8472507675588073e-05,1060
15.4,x1 = 15.4,15.0,x1 = 15.0,0.1951644894921691,0.804835510507831,0.20384334716298252,0.7961566528370174,0.7827573065058601,0.2172426934941399,0.05560675076738443,0.9443932492326155,0.20383155394053817,0.7961684460594617,0.72955,0.16229,0.7551,0.30975,0.17005,0.05251,0.71215,0.15708,0.40053,0.31161999999999995,0.07647,0.08061,0.00023393802568783505,0.00023649585033339894,1090
14.6,x1 = 14.6,15.0,x1 = 15.0,0.1951644894921691,0.804835510507831,0.2055020876438502,0.7944979123561497,0.6859441921152213,0.3140558078847787,0.0659593581370981,0.9340406418629019,0.1933675358271283,0.8066324641728717,0.7328,0.16327,0.8978,0.35066,0.21542,0.06161,0.71215,0.15708,0.4631,0.24904999999999994,0.09322,0.06386,1.0326795962203438e-05,1.0302660146295278e-05,1120
