z_x1,z_note,x_x1,x_note,"p(y=0|x,D)","p(y=1|x,D)","p(u=0|z,D)","p(u=1|z,D)","p(y=0|x,u=0,z,D)","p(y=1|x,u=0,z,D)","p(y=0|x,u=1,z,D)","p(y=1|x,u=1,z,D)","p(y=0|x,z,D)","p(y=1|x,z,D)","H[p(u|z,D)]","Var[p(u|z,D)]","H[p(y|x,u=0,z,D)]","H[p(y|x,u=1,z,D)]","Var[p(y|x,u=0,z,D)]","Var[p(y|x,u=1,z,D)]","H[p(y|x,D)]","Var[p(y|x,D)]",Va,Ve,Va_variance,Ve_variance,kl_pyx_pyxz,kl_pyxz_pyx,api_calls
10.5,x1 = 10.5,10.0,x1 = 10.0,0.07099899452483513,0.929001005475165,0.07994915074380851,0.9200508492561914,0.4076446957171572,0.5923553042828428,0.0816362868910608,0.918363713108939,0.10770038231204754,0.8922996176879523,0.402,0.07356,0.97525,0.40792,0.24147,0.07497,0.36964,0.06596,0.45328,-0.08363999999999999,0.08828,-0.022319999999999993,0.007861646060421966,0.008910714535190892,840
10.0,x1 = 10.0,10.0,x1 = 10.0,0.07099899452483513,0.929001005475165,0.07200281352567454,0.9279971864743255,0.4040240633365769,0.5959759366634232,0.11598790757682823,0.8840120924231719,0.13672732118864955,0.8632726788113506,0.37335,0.06682,0.97326,0.51772,0.24079,0.10253,0.36964,0.06596,0.55052,-0.18087999999999999,0.11249,-0.04653,0.02164209846320904,0.026254270194151136,870
10.1,x1 = 10.1,10.0,x1 = 10.0,0.07099899452483513,0.929001005475165,0.08800647721083908,0.9119935227891609,0.41030532737302183,0.5896946726269781,0.07890656875517821,0.9210934312448217,0.10807180605317983,0.89192819394682,0.42978,0.08026,0.97666,0.39831,0.24195,0.07268,0.36964,0.06596,0.44921,-0.07956999999999997,0.08758,-0.02162,0.008003996125516045,0.009081170467048705,900
9.7,x1 = 9.7,10.0,x1 = 10.0,0.07099899452483513,0.929001005475165,0.07095236608513003,0.92904763391487,0.29622020106436164,0.7037797989356382,0.0622285509039846,0.9377714490960154,0.07883081212702735,0.9211691878729726,0.36947,0.06592,0.87662,0.33623,0.20847,0.05836,0.36964,0.06596,0.37457,-0.00492999999999999,0.06901,-0.003049999999999997,0.00043580831456371556,0.00045000411724498753,930
9.4,x1 = 9.4,10.0,x1 = 10.0,0.07099899452483513,0.929001005475165,0.07339385192302668,0.9266061480769734,0.26918567279108024,0.7308143272089198,0.06297455320318773,0.9370254467968124,0.07810918157910307,0.9218908184208972,0.37846,0.06801,0.84029,0.33914,0.19672,0.05901,0.36964,0.06596,0.37592,-0.006279999999999952,0.06912,-0.003159999999999996,0.00036125721088623927,0.00037198025483034004,960
