z_x1,z_note,x_x1,x_note,"p(y=0|x,D)","p(y=1|x,D)","p(u=0|z,D)","p(u=1|z,D)","p(y=0|x,u=0,z,D)","p(y=1|x,u=0,z,D)","p(y=0|x,u=1,z,D)","p(y=1|x,u=1,z,D)","p(y=0|x,z,D)","p(y=1|x,z,D)","H[p(u|z,D)]","Var[p(u|z,D)]","H[p(y|x,u=0,z,D)]","H[p(y|x,u=1,z,D)]","Var[p(y|x,u=0,z,D)]","Var[p(y|x,u=1,z,D)]","H[p(y|x,D)]","Var[p(y|x,D)]",Va,Ve,Va_variance,Ve_variance,kl_pyx_pyxz,kl_pyxz_pyx,api_calls
5.0,x1 = 5.0,5.0,x1 = 5.0,0.22150770588705826,0.7784922941129417,0.22807336983432486,0.7719266301656751,0.40548887570035885,0.5945111242996413,0.16210714824826591,0.8378928517517341,0.21761603898436394,0.782383961015636,0.77464,0.17606,0.97407,0.63933,0.24107,0.13583,0.76291,0.17244,0.71568,0.047229999999999994,0.15983,0.01261000000000001,4.428697976227103e-05,4.409932738744715e-05,680
4.9,x1 = 4.9,5.0,x1 = 5.0,0.22150770588705826,0.7784922941129417,0.23617680086567372,0.7638231991343263,0.28794183076445645,0.7120581692355435,0.19072488627078424,0.8092751137292158,0.2136852732112355,0.7863147267887646,0.78862,0.1804,0.86605,0.70299,0.20503,0.15435,0.76291,0.17244,0.7415,0.02140999999999993,0.16632,0.006120000000000014,0.00018050240041828178,0.000178947510310265,710
5.4,x1 = 5.4,5.0,x1 = 5.0,0.22150770588705826,0.7784922941129417,0.22239324086711526,0.7776067591328848,0.3340453457425934,0.6659546542574065,0.19846324117833497,0.801536758821665,0.2286157848159645,0.7713842151840355,0.76451,0.17293,0.91901,0.71884,0.22246,0.15908,0.76291,0.17244,0.76336,-0.00045000000000006146,0.17318,-0.0007399999999999907,0.0001443141978004145,0.00014539638786719399,740
5.1,x1 = 5.1,5.0,x1 = 5.0,0.22150770588705826,0.7784922941129417,0.20241085325164154,0.7975891467483585,0.3500674363901289,0.6499325636098712,0.1949374045018929,0.8050625954981072,0.2263374066213451,0.7736625933786551,0.72672,0.16144,0.93413,0.71169,0.22752,0.15694,0.76291,0.17244,0.75671,0.006199999999999983,0.17123,0.0012100000000000166,6.694354600183215e-05,6.728686461955971e-05,770
4.8,x1 = 4.8,5.0,x1 = 5.0,0.22150770588705826,0.7784922941129417,0.2544002953787313,0.7455997046212687,0.26826387698897985,0.7317361230110201,0.1965162650806735,0.8034837349193266,0.2147688787428652,0.7852311212571348,0.81818,0.18968,0.83896,0.71491,0.1963,0.1579,0.76291,0.17244,0.74647,0.01644000000000001,0.16767,0.0047699999999999965,0.0001336330096209674,0.000132644431296426,800
