z_x1,z_note,x_x1,x_note,"p(y=0|x,D)","p(y=1|x,D)","p(u=0|z,D)","p(u=1|z,D)","p(y=0|x,u=0,z,D)","p(y=1|x,u=0,z,D)","p(y=0|x,u=1,z,D)","p(y=1|x,u=1,z,D)","p(y=0|x,z,D)","p(y=1|x,z,D)","H[p(u|z,D)]","Var[p(u|z,D)]","H[p(y|x,u=0,z,D)]","H[p(y|x,u=1,z,D)]","Var[p(y|x,u=0,z,D)]","Var[p(y|x,u=1,z,D)]","H[p(y|x,D)]","Var[p(y|x,D)]",Va,Ve,Va_variance,Ve_variance,kl_pyx_pyxz,kl_pyxz_pyx,api_calls
-0.7,x1 = -0.7,0.0,x1 = 0.0,0.6316767165577909,0.368323283442209,0.7994424378337094,0.20055756216629067,0.6573271983848079,0.34267280161519204,0.62481975536879,0.37518024463121014,0.6508075848612558,0.3491924151387442,0.72304,0.16033,0.92735,0.95457,0.22525,0.23442,0.94938,0.23266,0.93281,0.016569999999999974,0.22709,0.005570000000000019,0.0007987137178453174,0.0007924814880768578,520
0.2,x1 = 0.2,0.0,x1 = 0.0,0.6316767165577909,0.368323283442209,0.6242710833593675,0.3757289166406323,0.7060709583485549,0.293929041651445,0.5454014002936434,0.4545985997063567,0.6457027593634537,0.3542972406365461,0.95497,0.23456,0.87374,0.99404,0.20753,0.24794,0.94938,0.23266,0.91894,0.030440000000000023,0.22271,0.009950000000000014,0.0004274940639029251,0.0004250978935540599,550
-0.2,x1 = -0.2,0.0,x1 = 0.0,0.6316767165577909,0.368323283442209,0.8043560523641562,0.19564394763584397,0.6730576469581491,0.3269423530418508,0.5768378468729152,0.42316215312708483,0.6542328254287424,0.3457671745712578,0.71313,0.15737,0.91177,0.9829,0.22005,0.2441,0.94938,0.23266,0.92569,0.02368999999999999,0.22476,0.007900000000000018,0.001113610348849707,0.0011032254343844063,580
0.7,x1 = 0.7,0.0,x1 = 0.0,0.6316767165577909,0.368323283442209,0.48715640980372754,0.5128435901962725,0.6747884298819053,0.3252115701180947,0.6138458829433033,0.38615411705669656,0.6435344353142078,0.35646556468579216,0.99952,0.24984,0.90996,0.96227,0.21945,0.23704,0.94938,0.23266,0.93679,0.01258999999999999,0.22847,0.004189999999999999,0.0003049924903212615,0.0003035598298686791,610
-0.4,x1 = -0.4,0.0,x1 = 0.0,0.6316767165577909,0.368323283442209,0.8041233748761737,0.19587662512382634,0.6656033546628368,0.33439664533716323,0.6024491927676394,0.3975508072323606,0.6532329305682818,0.34676706943171826,0.7136,0.15751,0.91936,0.9695,0.22258,0.2395,0.94938,0.23266,0.92918,0.020199999999999996,0.22589,0.006769999999999998,0.0010161842891735912,0.0010071636655853596,640
