z_x1,z_note,x_x1,x_note,"p(y=0|x,D)","p(y=1|x,D)","p(u=0|z,D)","p(u=1|z,D)","p(y=0|x,u=0,z,D)","p(y=1|x,u=0,z,D)","p(y=0|x,u=1,z,D)","p(y=1|x,u=1,z,D)","p(y=0|x,z,D)","p(y=1|x,z,D)","H[p(u|z,D)]","Var[p(u|z,D)]","H[p(y|x,u=0,z,D)]","H[p(y|x,u=1,z,D)]","Var[p(y|x,u=0,z,D)]","Var[p(y|x,u=1,z,D)]","H[p(y|x,D)]","Var[p(y|x,D)]",Va,Ve,Va_variance,Ve_variance,kl_pyx_pyxz,kl_pyxz_pyx,api_calls
10.0,x1 = 10.0,10.0,x1 = 10.0,0.1549256656362549,0.8450743343637452,0.1549256656362549,0.8450743343637452,0.4767979895343304,0.5232020104656696,0.16431599694303362,0.8356840030569662,0.21272747764458355,0.7872725223554164,0.62203,0.13092,0.99845,0.64454,0.24946,0.13732,0.62203,0.13092,0.69937,-0.07734000000000008,0.15469,-0.023769999999999986,0.010751887495475315,0.011670394786917337,840
10.1,x1 = 10.1,10.0,x1 = 10.0,0.1549256656362549,0.8450743343637452,0.14964413567623353,0.8503558643237664,0.4255362788157247,0.5744637211842754,0.1450654825886212,0.8549345174113789,0.18703629247245113,0.8129637075275489,0.60895,0.12725,0.98394,0.59735,0.24446,0.12402,0.62203,0.13092,0.6552,-0.03317000000000003,0.14204,-0.011119999999999991,0.0035552226727844916,0.0037369521654332175,870
9.7,x1 = 9.7,10.0,x1 = 10.0,0.1549256656362549,0.8450743343637452,0.14067768761030197,0.859322312389698,0.34345331775121096,0.656546682248789,0.12625686712677786,0.8737431328732221,0.15681156155778825,0.8431884384422117,0.58601,0.12089,0.92809,0.54708,0.22549,0.11032,0.62203,0.13092,0.60068,0.02134999999999998,0.12652,0.004400000000000015,1.349356070856015e-05,1.3538006291797166e-05,900
9.4,x1 = 9.4,10.0,x1 = 10.0,0.1549256656362549,0.8450743343637452,0.1396526484074873,0.8603473515925126,0.31584415568717134,0.6841558443128287,0.12936428998639649,0.8706357100136035,0.15540669710618224,0.8445933028938177,0.58333,0.12015,0.8998,0.55569,0.21609,0.11263,0.62203,0.13092,0.60375,0.018279999999999963,0.12708,0.00384000000000001,8.821972464566992e-07,8.829417603538467e-07,930
9.9,x1 = 9.9,10.0,x1 = 10.0,0.1549256656362549,0.8450743343637452,0.14517872002230509,0.8548212799776949,0.35218328735431237,0.6478167126456877,0.12984754700598786,0.8701524529940121,0.16212596520496916,0.8378740347950308,0.59764,0.1241,0.936,0.55702,0.22815,0.11299,0.62203,0.13092,0.61204,0.009989999999999943,0.12971,0.0012100000000000166,0.00019315974746780817,0.00019554836120281183,960
