z_x1,z_note,x_x1,x_note,"p(y=0|x,D)","p(y=1|x,D)","p(u=0|z,D)","p(u=1|z,D)","p(y=0|x,u=0,z,D)","p(y=1|x,u=0,z,D)","p(y=0|x,u=1,z,D)","p(y=1|x,u=1,z,D)","p(y=0|x,z,D)","p(y=1|x,z,D)","H[p(u|z,D)]","Var[p(u|z,D)]","H[p(y|x,u=0,z,D)]","H[p(y|x,u=1,z,D)]","Var[p(y|x,u=0,z,D)]","Var[p(y|x,u=1,z,D)]","H[p(y|x,D)]","Var[p(y|x,D)]",Va,Ve,Va_variance,Ve_variance,kl_pyx_pyxz,kl_pyxz_pyx,api_calls
-14.4,x1 = -14.4,-15.0,x1 = -15.0,0.8018966175674302,0.19810338243256984,0.8223331855281565,0.17766681447184376,0.9190077442514648,0.08099225574853532,0.3864064626283602,0.6135935373716398,0.8243821711618666,0.17561782883813365,0.67495,0.1461,0.40567,0.96244,0.07443,0.2371,0.71812,0.15886,0.50459,0.21353,0.10333,0.055529999999999996,0.0016911890214390927,0.00163967134722591,40
-14.9,x1 = -14.9,-15.0,x1 = -15.0,0.8018966175674302,0.19810338243256984,0.818317469328596,0.181682530671404,0.9168399307674099,0.0831600692325902,0.38524598402828203,0.6147540159717181,0.8202585972342455,0.1797414027657545,0.68374,0.14867,0.41322,0.96166,0.07624,0.23683,0.71812,0.15886,0.51286,0.20526,0.10542,0.05344,0.00111458179697543,0.001087199889875129,70
-14.7,x1 = -14.7,-15.0,x1 = -15.0,0.8018966175674302,0.19810338243256984,0.8285168194985333,0.17148318050146671,0.9190263698773267,0.08097363012267332,0.39726053521839483,0.6027394647816051,0.8295523050730107,0.17044769492698936,0.66109,0.14208,0.4056,0.96933,0.07442,0.23944,0.71812,0.15886,0.50227,0.21585,0.10272,0.056139999999999995,0.0025974504997113186,0.0024985807031293952,100
-14.3,x1 = -14.3,-15.0,x1 = -15.0,0.8018966175674302,0.19810338243256984,0.8160227410474794,0.1839772589525205,0.9172711304795538,0.08272886952044636,0.38617566310118556,0.6138243368988145,0.8195616421491737,0.1804383578508263,0.6887,0.15013,0.41172,0.96229,0.07588,0.23704,0.71812,0.15886,0.51301,0.20511000000000001,0.10553,0.05333,0.0010295557344109398,0.0010052738017048007,130
-15.3,x1 = -15.3,-15.0,x1 = -15.0,0.8018966175674302,0.19810338243256984,0.81322347827477,0.18677652172523002,0.9122627384912907,0.0877372615087093,0.380207187005908,0.6197928129940918,0.8128872532202519,0.1871127467797481,0.69468,0.15189,0.42887,0.95819,0.08004,0.23565,0.71812,0.15886,0.52773,0.19038999999999995,0.1091,0.04976,0.00039128013656041134,0.0003856522393325384,160
