z_x1,z_note,x_x1,x_note,"p(y=0|x,D)","p(y=1|x,D)","p(u=0|z,D)","p(u=1|z,D)","p(y=0|x,u=0,z,D)","p(y=1|x,u=0,z,D)","p(y=0|x,u=1,z,D)","p(y=1|x,u=1,z,D)","p(y=0|x,z,D)","p(y=1|x,z,D)","H[p(u|z,D)]","Var[p(u|z,D)]","H[p(y|x,u=0,z,D)]","H[p(y|x,u=1,z,D)]","Var[p(y|x,u=0,z,D)]","Var[p(y|x,u=1,z,D)]","H[p(y|x,D)]","Var[p(y|x,D)]",Va,Ve,Va_variance,Ve_variance,kl_pyx_pyxz,kl_pyxz_pyx,api_calls
-10.3,x1 = -10.3,-10.0,x1 = -10.0,0.7235064710004298,0.27649352899957025,0.7417020343752693,0.25829796562473073,0.7633231344917528,0.23667686550824726,0.4724049894468495,0.5275950105531505,0.6881795694633339,0.3118204305366661,0.82417,0.19158,0.78947,0.9978,0.18066,0.24924,0.85063,0.20004,0.84328,0.007349999999999968,0.19837,0.0016700000000000048,0.002972906404195501,0.003043255939908243,200
-9.7,x1 = -9.7,-10.0,x1 = -10.0,0.7235064710004298,0.27649352899957025,0.7272086180589559,0.2727913819410443,0.8180441627290413,0.18195583727095865,0.4925627417435403,0.5074372582564597,0.729255636102272,0.2707443638977283,0.84544,0.19838,0.68434,0.99984,0.14885,0.24994,0.85063,0.20004,0.77041,0.08021999999999996,0.17643,0.023609999999999992,8.333512786851648e-05,8.297209607797951e-05,230
-10.0,x1 = -10.0,-10.0,x1 = -10.0,0.7235064710004298,0.27649352899957025,0.7289233781963174,0.27107662180368275,0.7294284296166349,0.270571570383365,0.43355979307029446,0.5664402069297056,0.6492253591239914,0.3507746408760087,0.84301,0.19759,0.84228,0.98723,0.19736,0.24559,0.85063,0.20004,0.88157,-0.030939999999999968,0.21043,-0.01039000000000001,0.012583715034884396,0.01313880477689311,260
-9.9,x1 = -9.9,-10.0,x1 = -10.0,0.7235064710004298,0.27649352899957025,0.710148647341726,0.28985135265827394,0.8123586097862605,0.18764139021373955,0.49924069441625074,0.5007593055837493,0.7216009584747243,0.2783990415252758,0.86853,0.20584,0.69651,1.0,0.15243,0.25,0.85063,0.20004,0.78448,0.06615000000000004,0.18071,0.019329999999999986,9.049811269494197e-06,9.062583138089251e-06,290
-9.6,x1 = -9.6,-10.0,x1 = -10.0,0.7235064710004298,0.27649352899957025,0.7291501598542889,0.27084984014571123,0.8143052550514589,0.18569474494854105,0.5050941926997143,0.4949058073002856,0.7305554882422034,0.2694445117577966,0.84268,0.19749,0.69238,0.99993,0.15121,0.24997,0.85063,0.20004,0.77568,0.07494999999999996,0.17796,0.02207999999999999,0.00012552933862251814,0.00012485625875714983,320
