z_x1,z_note,x_x1,x_note,"p(y=0|x,D)","p(y=1|x,D)","p(u=0|z,D)","p(u=1|z,D)","p(y=0|x,u=0,z,D)","p(y=1|x,u=0,z,D)","p(y=0|x,u=1,z,D)","p(y=1|x,u=1,z,D)","p(y=0|x,z,D)","p(y=1|x,z,D)","H[p(u|z,D)]","Var[p(u|z,D)]","H[p(y|x,u=0,z,D)]","H[p(y|x,u=1,z,D)]","Var[p(y|x,u=0,z,D)]","Var[p(y|x,u=1,z,D)]","H[p(y|x,D)]","Var[p(y|x,D)]",Va,Ve,Va_variance,Ve_variance,kl_pyx_pyxz,kl_pyxz_pyx,api_calls
-0.8,x1 = -0.8,0.0,x1 = 0.0,0.5802356810739097,0.41976431892609023,0.63865229603895,0.3613477039610501,0.5851505042347693,0.4148494957652306,0.5889001008533004,0.4110998991466996,0.5865054123636557,0.4134945876363444,0.9438,0.23078,0.97898,0.97707,0.24275,0.2421,0.98134,0.24356,0.97829,0.003049999999999997,0.24252,0.0010399999999999854,8.092657352566993e-05,8.081062332087035e-05,520
0.2,x1 = 0.2,0.0,x1 = 0.0,0.5802356810739097,0.41976431892609023,0.6902303028483613,0.3097696971516387,0.5973441500132477,0.4026558499867523,0.5647990745346656,0.43520092546533445,0.5872626718384701,0.4127373281615299,0.89291,0.21381,0.97248,0.98785,0.24052,0.2458,0.98134,0.24356,0.97724,0.0040999999999999925,0.24216,0.0014000000000000123,0.00010169183348320357,0.00010152776216398093,550
0.3,x1 = 0.3,0.0,x1 = 0.0,0.5802356810739097,0.41976431892609023,0.585801195446818,0.414198804553182,0.5913578859185733,0.40864211408142664,0.5825650098083024,0.4174349901916975,0.5877158871451148,0.41228411285488503,0.97865,0.24264,0.97578,0.98024,0.24165,0.24318,0.98134,0.24356,0.97763,0.003709999999999991,0.24228,0.0012800000000000034,0.00011525695429292354,0.00011505844613853532,580
-0.2,x1 = -0.2,0.0,x1 = 0.0,0.5802356810739097,0.41976431892609023,0.6751097752310915,0.3248902247689085,0.5916722112365238,0.4083277887634762,0.5738066299906841,0.42619337000931595,0.5858678585299357,0.4141321414700643,0.90962,0.21934,0.97561,0.98422,0.2416,0.24455,0.98134,0.24356,0.97841,0.002929999999999988,0.24256,0.0010000000000000009,6.528556036364437e-05,6.520186602438499e-05,610
0.7,x1 = 0.7,0.0,x1 = 0.0,0.5802356810739097,0.41976431892609023,0.5912859564340872,0.4087140435659128,0.5853716205997112,0.41462837940028885,0.5827721685363005,0.41722783146369935,0.5843091880358189,0.4156908119641811,0.97582,0.24167,0.97887,0.98014,0.24271,0.24315,0.98134,0.24356,0.97939,0.0019500000000000073,0.24289,0.0006700000000000039,3.412634136046831e-05,3.409500784446774e-05,640
