z_x1,z_note,x_x1,x_note,"p(y=0|x,D)","p(y=1|x,D)","p(u=0|z,D)","p(u=1|z,D)","p(y=0|x,u=0,z,D)","p(y=1|x,u=0,z,D)","p(y=0|x,u=1,z,D)","p(y=1|x,u=1,z,D)","p(y=0|x,z,D)","p(y=1|x,z,D)","H[p(u|z,D)]","Var[p(u|z,D)]","H[p(y|x,u=0,z,D)]","H[p(y|x,u=1,z,D)]","Var[p(y|x,u=0,z,D)]","Var[p(y|x,u=1,z,D)]","H[p(y|x,D)]","Var[p(y|x,D)]",Va,Ve,Va_variance,Ve_variance,kl_pyx_pyxz,kl_pyxz_pyx,api_calls
-9.7,x1 = -9.7,-10.0,x1 = -10.0,0.6556048949874036,0.3443951050125965,0.6385134849808866,0.36148651501911344,0.7487878028387691,0.2512121971612309,0.45389370133976953,0.5461062986602305,0.642187561788203,0.357812438211797,0.94391,0.23081,0.81319,0.99386,0.1881,0.24787,0.92896,0.22579,0.8785,0.05046000000000006,0.20971,0.016079999999999983,0.0003939670407406559,0.0003962773098487391,200
-10.0,x1 = -10.0,-10.0,x1 = -10.0,0.6556048949874036,0.3443951050125965,0.6584944496530418,0.3415055503469581,0.747587270458689,0.2524127295413109,0.41184599740490296,0.5881540025950971,0.6329297622302674,0.36707023776973247,0.92625,0.22488,0.81508,0.97746,0.1887,0.24223,0.92896,0.22579,0.87053,0.05842999999999998,0.20698,0.018809999999999993,0.0011166529252377884,0.0011273351579743386,230
-9.9,x1 = -9.9,-10.0,x1 = -10.0,0.6556048949874036,0.3443951050125965,0.6368122993825199,0.36318770061747996,0.758146987346094,0.24185301265390607,0.451089284678938,0.548910715321062,0.6466274063575237,0.35337259364247625,0.9453,0.23128,0.79811,0.99309,0.18336,0.24761,0.92896,0.22579,0.86892,0.06003999999999998,0.20669,0.019099999999999978,0.0001770487716193491,0.00017775513971304835,260
-9.5,x1 = -9.5,-10.0,x1 = -10.0,0.6556048949874036,0.3443951050125965,0.644161779033694,0.3558382209663061,0.7523257786475607,0.24767422135243938,0.44744685928588546,0.5525531407141144,0.6438382063717724,0.35616179362822775,0.93917,0.22922,0.80757,0.99202,0.18633,0.24724,0.92896,0.22579,0.8732,0.05576000000000003,0.208,0.01779,0.0003034214576180059,0.00030499160113777943,290
-9.8,x1 = -9.8,-10.0,x1 = -10.0,0.6556048949874036,0.3443951050125965,0.6432628112482521,0.35673718875174776,0.7565000591467523,0.24349994085324758,0.4539414062616639,0.5460585937383362,0.6485661358840099,0.35143386411599,0.93994,0.22948,0.80081,0.99387,0.18421,0.24788,0.92896,0.22579,0.86968,0.05928,0.20692,0.018869999999999998,0.00010902161732623001,0.0001093651238849181,320
