z_x1,z_note,x_x1,x_note,"p(y=0|x,D)","p(y=1|x,D)","p(u=0|z,D)","p(u=1|z,D)","p(y=0|x,u=0,z,D)","p(y=1|x,u=0,z,D)","p(y=0|x,u=1,z,D)","p(y=1|x,u=1,z,D)","p(y=0|x,z,D)","p(y=1|x,z,D)","H[p(u|z,D)]","Var[p(u|z,D)]","H[p(y|x,u=0,z,D)]","H[p(y|x,u=1,z,D)]","Var[p(y|x,u=0,z,D)]","Var[p(y|x,u=1,z,D)]","H[p(y|x,D)]","Var[p(y|x,D)]",Va,Ve,Va_variance,Ve_variance,kl_pyx_pyxz,kl_pyxz_pyx,api_calls
15.4,x1 = 15.4,15.0,x1 = 15.0,0.19421202520042094,0.805787974799579,0.18631254087200438,0.8136874591279956,0.538573630862454,0.46142636913754587,0.17494736894584487,0.825052631054155,0.24269550173131726,0.7573044982686826,0.69369,0.1516,0.9957,0.6689,0.24851,0.14434,0.7102,0.15649,0.72979,-0.019589999999999996,0.16375,-0.0072600000000000164,0.006721831586474505,0.007091708967988726,1000
14.9,x1 = 14.9,15.0,x1 = 15.0,0.19421202520042094,0.805787974799579,0.17275757546952833,0.8272424245304716,0.5640052759363893,0.4359947240636107,0.1916889710620796,0.8083110289379205,0.2560094331999391,0.7439905668000609,0.66397,0.14291,0.98815,0.70499,0.2459,0.15494,0.7102,0.15649,0.75391,-0.043709999999999916,0.17065,-0.014160000000000006,0.010641915374898774,0.011361429336795195,1030
14.7,x1 = 14.7,15.0,x1 = 15.0,0.19421202520042094,0.805787974799579,0.1752252606282186,0.8247747393717815,0.5446994424801092,0.45530055751989085,0.18333242682956197,0.8166675731704383,0.24665305632937068,0.7533469436706296,0.66952,0.14452,0.99423,0.68731,0.248,0.14972,0.7102,0.15649,0.74109,-0.030889999999999973,0.16694,-0.010450000000000015,0.007802387695398885,0.008261717220655648,1060
14.5,x1 = 14.5,15.0,x1 = 15.0,0.19421202520042094,0.805787974799579,0.18120079344652115,0.8187992065534789,0.5542349202331156,0.4457650797668845,0.17619648781047054,0.8238035121895295,0.24469735171873291,0.7553026482812673,0.6827,0.14837,0.9915,0.67169,0.24706,0.14515,0.7102,0.15649,0.72964,-0.019439999999999902,0.16362,-0.0071299999999999975,0.007259294244300267,0.0076729423170585065,1090
14.4,x1 = 14.4,15.0,x1 = 15.0,0.19421202520042094,0.805787974799579,0.18343940475889098,0.816560595241109,0.5303342781536842,0.4696657218463158,0.17930176684591947,0.8206982331540805,0.2436949617712345,0.7563050382287655,0.68754,0.14979,0.99734,0.67855,0.24908,0.14715,0.7102,0.15649,0.73703,-0.02682999999999991,0.16585,-0.009360000000000007,0.006987825775883839,0.00737918242789027,1120
