z_x1,z_note,x_x1,x_note,"p(y=0|x,D)","p(y=1|x,D)","p(u=0|z,D)","p(u=1|z,D)","p(y=0|x,u=0,z,D)","p(y=1|x,u=0,z,D)","p(y=0|x,u=1,z,D)","p(y=1|x,u=1,z,D)","p(y=0|x,z,D)","p(y=1|x,z,D)","H[p(u|z,D)]","Var[p(u|z,D)]","H[p(y|x,u=0,z,D)]","H[p(y|x,u=1,z,D)]","Var[p(y|x,u=0,z,D)]","Var[p(y|x,u=1,z,D)]","H[p(y|x,D)]","Var[p(y|x,D)]",Va,Ve,Va_variance,Ve_variance,kl_pyx_pyxz,kl_pyxz_pyx,api_calls
-4.8,x1 = -4.8,-5.0,x1 = -5.0,0.5093862895935464,0.4906137104064536,0.5152074125435817,0.4847925874564182,0.5427938015634431,0.45720619843655685,0.47327358452862045,0.5267264154713794,0.5090909156665997,0.4909090843334002,0.99933,0.24977,0.99471,0.99794,0.24817,0.24929,0.99975,0.24991,0.99628,0.003469999999999973,0.24871,0.0012000000000000066,1.745504762104338e-07,1.7455174681737162e-07,360
-5.0,x1 = -5.0,-5.0,x1 = -5.0,0.5093862895935464,0.4906137104064536,0.5093862895935464,0.4906137104064536,0.5737169108891116,0.42628308911088847,0.49439779868593947,0.5056022013140604,0.5348018669449675,0.46519813305503244,0.99975,0.24991,0.98426,0.99991,0.24457,0.24997,0.99975,0.24991,0.99194,0.007809999999999984,0.24722,0.002689999999999998,0.0012956840045793075,0.0012937403864696807,390
-4.9,x1 = -4.9,-5.0,x1 = -5.0,0.5093862895935464,0.4906137104064536,0.5029857046627743,0.4970142953372257,0.5368794635731535,0.4631205364268465,0.47639452194750903,0.523605478052491,0.5068175829325705,0.4931824170674294,0.99997,0.24999,0.99607,0.99839,0.24864,0.24944,0.99975,0.24991,0.99722,0.0025300000000000322,0.24904,0.0008699999999999819,1.3199636367578187e-05,1.3200369128927181e-05,420
-4.6,x1 = -4.6,-5.0,x1 = -5.0,0.5093862895935464,0.4906137104064536,0.5122701584067226,0.4877298415932775,0.5398345121117605,0.4601654878882394,0.47934956978575033,0.5206504302142496,0.5103342007723171,0.48966579922768294,0.99957,0.24985,0.99542,0.99877,0.24841,0.24957,0.99975,0.24991,0.99705,0.0027000000000000357,0.24898,0.0009299999999999864,1.7977933068623634e-06,1.797748481143814e-06,450
-5.1,x1 = -5.1,-5.0,x1 = -5.0,0.5093862895935464,0.4906137104064536,0.5185177189682897,0.48148228103171026,0.5735097521375337,0.42649024786246625,0.4851788434830425,0.5148211565169575,0.5309799847529656,0.4690200152470343,0.99901,0.24966,0.98435,0.99937,0.2446,0.24978,0.99975,0.24991,0.99158,0.00817000000000001,0.24709,0.002819999999999989,0.0009347878073748678,0.0009336998070740704,480
