z_x1,z_note,x_x1,x_note,"p(y=0|x,D)","p(y=1|x,D)","p(u=0|z,D)","p(u=1|z,D)","p(y=0|x,u=0,z,D)","p(y=1|x,u=0,z,D)","p(y=0|x,u=1,z,D)","p(y=1|x,u=1,z,D)","p(y=0|x,z,D)","p(y=1|x,z,D)","H[p(u|z,D)]","Var[p(u|z,D)]","H[p(y|x,u=0,z,D)]","H[p(y|x,u=1,z,D)]","Var[p(y|x,u=0,z,D)]","Var[p(y|x,u=1,z,D)]","H[p(y|x,D)]","Var[p(y|x,D)]",Va,Ve,Va_variance,Ve_variance,kl_pyx_pyxz,kl_pyxz_pyx,api_calls
10.1,x1 = 10.1,10.0,x1 = 10.0,0.14954015778967708,0.8504598422103229,0.1463761894672411,0.8536238105327587,0.4445096037718746,0.5554903962281255,0.17092083562856636,0.8290791643714336,0.21096771699042033,0.7890322830095794,0.6007,0.12495,0.9911,0.65981,0.24692,0.14171,0.60869,0.12718,0.7083,-0.09961000000000009,0.15711,-0.029930000000000012,0.012296165887171903,0.013448745123627377,840
9.7,x1 = 9.7,10.0,x1 = 10.0,0.14954015778967708,0.8504598422103229,0.14923220482036464,0.8507677951796355,0.3256503044101365,0.6743496955898636,0.14853355825133224,0.8514664417486678,0.17496508079121947,0.8250349192087807,0.60792,0.12696,0.91042,0.60616,0.2196,0.12647,0.60869,0.12718,0.65157,-0.04288000000000003,0.14037,-0.013190000000000007,0.0023317051820867206,0.0024322370651210963,870
9.4,x1 = 9.4,10.0,x1 = 10.0,0.14954015778967708,0.8504598422103229,0.15078669645928927,0.8492133035407108,0.3188306980986975,0.6811693019013025,0.1524459620724465,0.8475540379275536,0.1775345667590958,0.8224654332409044,0.61181,0.12805,0.90311,0.61593,0.21718,0.12921,0.60869,0.12718,0.65923,-0.05054000000000003,0.14247,-0.015290000000000026,0.002804374045008891,0.002936470203387727,900
9.9,x1 = 9.9,10.0,x1 = 10.0,0.14954015778967708,0.8504598422103229,0.1417669093429949,0.858233090657005,0.3487735626147025,0.6512264373852975,0.15286074148886192,0.8471392585111381,0.18063469664053933,0.8193653033594607,0.58885,0.12167,0.93297,0.61695,0.22713,0.12949,0.60869,0.12718,0.66175,-0.053059999999999996,0.14333,-0.016150000000000025,0.0034273295657847765,0.003604978513912324,930
10.4,x1 = 10.4,10.0,x1 = 10.0,0.14954015778967708,0.8504598422103229,0.14697571476356153,0.8530242852364383,0.40520904009140146,0.5947909599085985,0.17255217694890135,0.8274478230510987,0.20674708570391837,0.7932529142960815,0.60222,0.12537,0.97392,0.66351,0.24101,0.14278,0.60869,0.12718,0.70913,-0.10044000000000008,0.15722,-0.03004000000000001,0.010781114581354077,0.011733607634601538,960
