z_x1,z_note,x_x1,x_note,"p(y=0|x,D)","p(y=1|x,D)","p(u=0|z,D)","p(u=1|z,D)","p(y=0|x,u=0,z,D)","p(y=1|x,u=0,z,D)","p(y=0|x,u=1,z,D)","p(y=1|x,u=1,z,D)","p(y=0|x,z,D)","p(y=1|x,z,D)","H[p(u|z,D)]","Var[p(u|z,D)]","H[p(y|x,u=0,z,D)]","H[p(y|x,u=1,z,D)]","Var[p(y|x,u=0,z,D)]","Var[p(y|x,u=1,z,D)]","H[p(y|x,D)]","Var[p(y|x,D)]",Va,Ve,Va_variance,Ve_variance,kl_pyx_pyxz,kl_pyxz_pyx,api_calls
-10.3,x1 = -10.3,-10.0,x1 = -10.0,0.5429589440342458,0.45704105596575406,0.5457310591078122,0.4542689408921878,0.7414142395159223,0.25858576048407755,0.37395405757184047,0.6260459424281595,0.5744884918441336,0.42551150815586625,0.99396,0.24791,0.8246,0.95366,0.19172,0.23411,0.99467,0.24815,0.88323,0.1114400000000001,0.21098,0.03717000000000001,0.0020218024127151915,0.0020116966189412076,200
-9.7,x1 = -9.7,-10.0,x1 = -10.0,0.5429589440342458,0.45704105596575406,0.5368794642735192,0.4631205357264808,0.7205612236539872,0.2794387763460127,0.3885115245726727,0.6114884754273272,0.5667821891276321,0.4332178108723679,0.99607,0.24864,0.85468,0.96383,0.20135,0.23757,0.99467,0.24815,0.90523,0.08944000000000007,0.21812,0.03003,0.0011511898859411923,0.0011471331969133414,230
-10.0,x1 = -10.0,-10.0,x1 = -10.0,0.5429589440342458,0.45704105596575406,0.5429589440342458,0.45704105596575406,0.7875169033509505,0.2124830966490494,0.3111727782537099,0.6888272217462901,0.5698080814134243,0.4301919185865755,0.99467,0.24815,0.7462,0.89452,0.16733,0.21434,0.99467,0.24815,0.81399,0.18068000000000006,0.18882,0.05933000000000002,0.0014636845791698265,0.0014577080575375323,260
-9.9,x1 = -9.9,-10.0,x1 = -10.0,0.5429589440342458,0.45704105596575406,0.5247509700793938,0.47524902992060625,0.7476752435775513,0.2523247564224487,0.3718148066953263,0.6281851933046737,0.5690479355637386,0.43095206443626144,0.99823,0.24939,0.81494,0.95206,0.18866,0.23357,0.99467,0.24815,0.88011,0.1145600000000001,0.21,0.03815000000000002,0.001381620810251373,0.001376176791245888,290
-9.6,x1 = -9.6,-10.0,x1 = -10.0,0.5429589440342458,0.45704105596575406,0.5461696011264005,0.45383039887359955,0.7157301276638861,0.2842698723361137,0.38847409516123854,0.6115259048387613,0.5672113918994179,0.43278860810058195,0.99384,0.24787,0.8612,0.96381,0.20346,0.23756,0.99467,0.24815,0.90777,0.08690000000000009,0.21894,0.029210000000000014,0.0011932128362469804,0.0011889152444005055,320
