z_x1,z_note,x_x1,x_note,"p(y=0|x,D)","p(y=1|x,D)","p(u=0|z,D)","p(u=1|z,D)","p(y=0|x,u=0,z,D)","p(y=1|x,u=0,z,D)","p(y=0|x,u=1,z,D)","p(y=1|x,u=1,z,D)","p(y=0|x,z,D)","p(y=1|x,z,D)","H[p(u|z,D)]","Var[p(u|z,D)]","H[p(y|x,u=0,z,D)]","H[p(y|x,u=1,z,D)]","Var[p(y|x,u=0,z,D)]","Var[p(y|x,u=1,z,D)]","H[p(y|x,D)]","Var[p(y|x,D)]",Va,Ve,Va_variance,Ve_variance,kl_pyx_pyxz,kl_pyxz_pyx,api_calls
-0.7,x1 = -0.7,0.0,x1 = 0.0,0.7259623161464065,0.2740376838535936,0.6264408610601014,0.3735591389398986,0.735203405188413,0.26479659481158696,0.7178250262515882,0.28217497374841194,0.7287115529166015,0.2712884470833986,0.95337,0.23401,0.8339,0.8584,0.19468,0.20255,0.8472,0.19894,0.84305,0.004149999999999987,0.19762,0.0013200000000000156,1.907616846806787e-05,1.9036130795685967e-05,520
0.2,x1 = 0.2,0.0,x1 = 0.0,0.7259623161464065,0.2740376838535936,0.6957950734789763,0.3042049265210237,0.768249793910446,0.23175020608955393,0.6349224460475602,0.3650775539524397,0.7276909578505739,0.2723090421494261,0.88637,0.21166,0.78105,0.94682,0.17804,0.2318,0.8472,0.19894,0.83148,0.015719999999999956,0.19439,0.0045499999999999985,7.530047141564257e-06,7.520139908474572e-06,550
-0.2,x1 = -0.2,0.0,x1 = 0.0,0.7259623161464065,0.2740376838535936,0.6251819504258109,0.37481804957418896,0.7518995016819184,0.2481004983180816,0.6979256841016763,0.3020743158983238,0.7316691406484189,0.268330859351581,0.9543,0.23433,0.80825,0.88381,0.18655,0.21083,0.8472,0.19894,0.83657,0.010629999999999917,0.19565,0.003290000000000015,8.257422941708708e-05,8.221130469868946e-05,580
0.6,x1 = 0.6,0.0,x1 = 0.0,0.7259623161464065,0.2740376838535936,0.655812978417595,0.344187021582405,0.7499579687956507,0.2500420312043493,0.664520182405988,0.335479817594012,0.720551391567599,0.27944860843240105,0.92877,0.22572,0.81134,0.92043,0.18752,0.22293,0.8472,0.19894,0.84889,-0.0016900000000000803,0.19971,-0.0007699999999999929,7.299270690465983e-05,7.32870051507557e-05,610
-0.4,x1 = -0.4,0.0,x1 = 0.0,0.7259623161464065,0.2740376838535936,0.6108631154293753,0.38913688457062473,0.7368114939880913,0.26318850601190863,0.7125152811471723,0.2874847188528276,0.7273569414163114,0.27264305858368865,0.96424,0.23771,0.83152,0.86545,0.19392,0.20484,0.8472,0.19894,0.84472,0.0024799999999999267,0.19817,0.0007699999999999929,4.898705154581786e-06,4.89351048592432e-06,640
