z_x1,z_note,x_x1,x_note,"p(y=0|x,D)","p(y=1|x,D)","p(u=0|z,D)","p(u=1|z,D)","p(y=0|x,u=0,z,D)","p(y=1|x,u=0,z,D)","p(y=0|x,u=1,z,D)","p(y=1|x,u=1,z,D)","p(y=0|x,z,D)","p(y=1|x,z,D)","H[p(u|z,D)]","Var[p(u|z,D)]","H[p(y|x,u=0,z,D)]","H[p(y|x,u=1,z,D)]","Var[p(y|x,u=0,z,D)]","Var[p(y|x,u=1,z,D)]","H[p(y|x,D)]","Var[p(y|x,D)]",Va,Ve,Va_variance,Ve_variance,kl_pyx_pyxz,kl_pyxz_pyx,api_calls
-10.3,x1 = -10.3,-10.0,x1 = -10.0,0.3773237888912389,0.6226762111087611,0.3684654213319781,0.6315345786680219,0.6144755287789327,0.38552447122106726,0.2713656111948896,0.7286343888051103,0.39778975154067436,0.6022102484593256,0.94949,0.2327,0.96185,0.84342,0.2369,0.19773,0.95613,0.23495,0.88706,0.06907000000000008,0.21216,0.022790000000000005,0.0008796386279214599,0.000885345008502042,200
-9.7,x1 = -9.7,-10.0,x1 = -10.0,0.3773237888912389,0.6226762111087611,0.38883252459064277,0.6111674754093572,0.616884861703172,0.3831151382968281,0.2788395893106423,0.7211604106893577,0.4102825860009611,0.5897174139990389,0.96404,0.23764,0.96021,0.85386,0.23634,0.20109,0.95613,0.23495,0.89521,0.060920000000000085,0.2148,0.02015,0.0022650918543815485,0.002287364296801611,230
-10.0,x1 = -10.0,-10.0,x1 = -10.0,0.3773237888912389,0.6226762111087611,0.3766604198644593,0.6233395801355407,0.6505444694040106,0.34945553059598955,0.2677499741535928,0.7322500258464072,0.41193350945641893,0.5880664905435811,0.95565,0.23479,0.93358,0.83822,0.22734,0.19606,0.95613,0.23495,0.87414,0.08199000000000001,0.20784,0.027109999999999995,0.002495473593446526,0.0025210293728835168,260
-9.9,x1 = -9.9,-10.0,x1 = -10.0,0.3773237888912389,0.6226762111087611,0.3802133459553113,0.6197866540446887,0.6109285081255067,0.3890714918744934,0.26802995194321433,0.7319700480567857,0.39840455931252905,0.6015954406874711,0.95819,0.23565,0.9642,0.83862,0.23769,0.19619,0.95613,0.23495,0.88637,0.06976000000000004,0.21197,0.02298,0.0009329390035412964,0.0009391548089449989,290
-9.6,x1 = -9.6,-10.0,x1 = -10.0,0.3773237888912389,0.6226762111087611,0.388742805859552,0.6112571941404481,0.6055711192555508,0.39442888074444904,0.2760561522432603,0.7239438477567398,0.4041527250923359,0.5958472749076642,0.96398,0.23762,0.9676,0.85002,0.23885,0.19985,0.95613,0.23495,0.89573,0.06040000000000001,0.21501,0.019939999999999986,0.0015060209962982109,0.0015184435583819045,320
