z_x1,z_note,x_x1,x_note,"p(y=0|x,D)","p(y=1|x,D)","p(u=0|z,D)","p(u=1|z,D)","p(y=0|x,u=0,z,D)","p(y=1|x,u=0,z,D)","p(y=0|x,u=1,z,D)","p(y=1|x,u=1,z,D)","p(y=0|x,z,D)","p(y=1|x,z,D)","H[p(u|z,D)]","Var[p(u|z,D)]","H[p(y|x,u=0,z,D)]","H[p(y|x,u=1,z,D)]","Var[p(y|x,u=0,z,D)]","Var[p(y|x,u=1,z,D)]","H[p(y|x,D)]","Var[p(y|x,D)]",Va,Ve,Va_variance,Ve_variance,kl_pyx_pyxz,kl_pyxz_pyx,api_calls
-5.0,x1 = -5.0,-5.0,x1 = -5.0,0.8179868485160332,0.18201315148396674,0.8179868500597832,0.18201314994021683,0.8326517004416392,0.16734829955836078,0.5914454150484321,0.4085545849515679,0.7887489846518427,0.21125101534815732,0.68446,0.14888,0.6516,0.97574,0.13934,0.24164,0.68446,0.14888,0.7106,-0.026140000000000052,0.15796,-0.009079999999999977,0.002659035220443775,0.00276067824092913,360
-4.9,x1 = -4.9,-5.0,x1 = -5.0,0.8179868485160332,0.18201315148396674,0.7773568223995071,0.2226431776004929,0.8294300196979382,0.17056998030206166,0.6633129144790597,0.3366870855209404,0.7924451795382116,0.20755482046178825,0.76496,0.17307,0.65901,0.92161,0.14148,0.22333,0.68446,0.14888,0.71748,-0.03302000000000005,0.1597,-0.010819999999999996,0.0020475992915635517,0.0021167012389886886,390
-4.6,x1 = -4.6,-5.0,x1 = -5.0,0.8179868485160332,0.18201315148396674,0.7878065585796066,0.21219344142039348,0.827921728002203,0.17207827199779696,0.6669432511292146,0.3330567488707854,0.7937631509999103,0.2062368490000896,0.74565,0.16717,0.66244,0.91802,0.14247,0.22213,0.68446,0.14888,0.71667,-0.03221000000000007,0.15937,-0.01049,0.0018477450366404871,0.0019071086901648118,420
-5.1,x1 = -5.1,-5.0,x1 = -5.0,0.8179868485160332,0.18201315148396674,0.8072965001619362,0.19270349983806384,0.8324472628633153,0.16755273713668456,0.6198111886792772,0.3801888113207227,0.791471547176225,0.20852845282377488,0.70709,0.15557,0.65208,0.95818,0.13948,0.23565,0.68446,0.14888,0.71107,-0.026610000000000023,0.15801,-0.00913,0.002201410240136384,0.0022783202004903573,450
-5.2,x1 = -5.2,-5.0,x1 = -5.0,0.8179868485160332,0.18201315148396674,0.8042880968036645,0.19571190319633563,0.8350746289808516,0.16492537101914845,0.6282487545879945,0.37175124541200555,0.7945963434731794,0.2054036565268208,0.71327,0.15741,0.64596,0.95201,0.13772,0.23355,0.68446,0.14888,0.70586,-0.021400000000000086,0.15648,-0.007599999999999996,0.0017263945217922856,0.001780080092792423,480
