z_x1,z_note,x_x1,x_note,"p(y=0|x,D)","p(y=1|x,D)","p(u=0|z,D)","p(u=1|z,D)","p(y=0|x,u=0,z,D)","p(y=1|x,u=0,z,D)","p(y=0|x,u=1,z,D)","p(y=1|x,u=1,z,D)","p(y=0|x,z,D)","p(y=1|x,z,D)","H[p(u|z,D)]","Var[p(u|z,D)]","H[p(y|x,u=0,z,D)]","H[p(y|x,u=1,z,D)]","Var[p(y|x,u=0,z,D)]","Var[p(y|x,u=1,z,D)]","H[p(y|x,D)]","Var[p(y|x,D)]",Va,Ve,Va_variance,Ve_variance,kl_pyx_pyxz,kl_pyxz_pyx,api_calls
-9.7,x1 = -9.7,-10.0,x1 = -10.0,0.8325360404930479,0.1674639595069521,0.8380134524663582,0.1619865475336418,0.8960109726219224,0.10398902737807765,0.4571584942386077,0.5428415057613922,0.8249227747720271,0.17507722522797295,0.63904,0.13575,0.48151,0.9947,0.09318,0.24816,0.65187,0.13942,0.56464,0.08722999999999992,0.11828,0.021139999999999992,0.0002030091877540715,0.00020541008411168512,200
-10.0,x1 = -10.0,-10.0,x1 = -10.0,0.8325360404930479,0.1674639595069521,0.8300086885699255,0.16999131143007465,0.8924133273099354,0.10758667269006446,0.396574532091411,0.603425467908589,0.8081250402528303,0.19187495974716967,0.65768,0.14109,0.49259,0.96891,0.09601,0.2393,0.65187,0.13942,0.57356,0.07830999999999999,0.12037,0.019049999999999984,0.001988250534242803,0.0020599589447488874,230
-9.9,x1 = -9.9,-10.0,x1 = -10.0,0.8325360404930479,0.1674639595069521,0.8156911661014998,0.18430883389850009,0.897782014790373,0.10221798520962708,0.4297183577240758,0.5702816422759241,0.8115137479662162,0.18848625203378372,0.68941,0.15034,0.47599,0.9857,0.09177,0.24506,0.65187,0.13942,0.56993,0.0819399999999999,0.12002,0.019399999999999987,0.0014884925503225732,0.0015351878106784865,260
-9.6,x1 = -9.6,-10.0,x1 = -10.0,0.8325360404930479,0.1674639595069521,0.8360217021441081,0.16397829785589196,0.898271081241052,0.10172891875894811,0.4602552062894462,0.5397447937105537,0.8264459836326286,0.1735540163673716,0.64374,0.13709,0.47445,0.99544,0.09138,0.24842,0.65187,0.13942,0.55988,0.0919899999999999,0.11713,0.02228999999999999,0.0001305068844007903,0.000131747265285251,290
-9.8,x1 = -9.8,-10.0,x1 = -10.0,0.8325360404930479,0.1674639595069521,0.8363611739809306,0.16363882601906948,0.9019387024239792,0.09806129757602082,0.4569028863382666,0.5430971136617333,0.8291135639432747,0.17088643605672532,0.64294,0.13686,0.46282,0.99463,0.08845,0.24814,0.65187,0.13942,0.54984,0.10202999999999995,0.11458,0.024839999999999987,4.155750528459304e-05,4.1781291703668014e-05,320
