z_x1,z_note,x_x1,x_note,"p(y=0|x,D)","p(y=1|x,D)","p(u=0|z,D)","p(u=1|z,D)","p(y=0|x,u=0,z,D)","p(y=1|x,u=0,z,D)","p(y=0|x,u=1,z,D)","p(y=1|x,u=1,z,D)","p(y=0|x,z,D)","p(y=1|x,z,D)","H[p(u|z,D)]","Var[p(u|z,D)]","H[p(y|x,u=0,z,D)]","H[p(y|x,u=1,z,D)]","Var[p(y|x,u=0,z,D)]","Var[p(y|x,u=1,z,D)]","H[p(y|x,D)]","Var[p(y|x,D)]",Va,Ve,Va_variance,Ve_variance,kl_pyx_pyxz,kl_pyxz_pyx,api_calls
-14.5,x1 = -14.5,-15.0,x1 = -15.0,0.8379206484462369,0.16207935155376313,0.8644513871255384,0.13554861287446157,0.910301503995338,0.08969849600466195,0.4275660024413083,0.5724339975586916,0.8448673763744318,0.15513262362556815,0.57246,0.11718,0.43546,0.98481,0.08165,0.24475,0.63926,0.13581,0.50992,0.12934,0.10376,0.03204999999999998,0.00018190133263108754,0.00017975860506553275,40
-14.9,x1 = -14.9,-15.0,x1 = -15.0,0.8379206484462369,0.16207935155376313,0.8597975193364681,0.14020248066353191,0.9100989392963248,0.08990106070367523,0.4122610612398533,0.5877389387601467,0.8403008338245386,0.15969916617546143,0.58477,0.12055,0.43614,0.97767,0.08182,0.2423,0.63926,0.13581,0.51206,0.1272000000000001,0.10432,0.03148999999999999,2.1024060178414464e-05,2.094042773986447e-05,70
-14.7,x1 = -14.7,-15.0,x1 = -15.0,0.8379206484462369,0.16207935155376313,0.8645438232661433,0.13545617673385668,0.9125001112757237,0.08749988872427632,0.43663302891303635,0.5633669710869638,0.8480409756653788,0.15195902433462125,0.57221,0.11711,0.42807,0.98838,0.07984,0.24598,0.63926,0.13581,0.50397,0.13529000000000002,0.10234,0.033469999999999986,0.00039038885368374715,0.0003836206794909803,100
-14.4,x1 = -14.4,-15.0,x1 = -15.0,0.8379206484462369,0.16207935155376313,0.8652980697341833,0.13470193026581662,0.909882649176829,0.09011735082317084,0.44548708666275394,0.5545129133372461,0.8473276704993034,0.15267232950069648,0.57019,0.11656,0.43686,0.99141,0.082,0.24703,0.63926,0.13581,0.51156,0.12770000000000004,0.10423,0.03157999999999998,0.0003364476360762803,0.0003310382218407997,130
-15.3,x1 = -15.3,-15.0,x1 = -15.0,0.8379206484462369,0.16207935155376313,0.8557681272869744,0.14423187271302562,0.909662704995216,0.09033729500478413,0.398556825206999,0.601443174793001,0.8359449467987229,0.16405505320127722,0.59522,0.12343,0.43759,0.9701,0.08218,0.23971,0.63926,0.13581,0.51439,0.12487000000000004,0.1049,0.030909999999999993,1.4277537499207942e-05,1.4324040569850018e-05,160
