z_x1,z_note,x_x1,x_note,"p(y=0|x,D)","p(y=1|x,D)","p(u=0|z,D)","p(u=1|z,D)","p(y=0|x,u=0,z,D)","p(y=1|x,u=0,z,D)","p(y=0|x,u=1,z,D)","p(y=1|x,u=1,z,D)","p(y=0|x,z,D)","p(y=1|x,z,D)","H[p(u|z,D)]","Var[p(u|z,D)]","H[p(y|x,u=0,z,D)]","H[p(y|x,u=1,z,D)]","Var[p(y|x,u=0,z,D)]","Var[p(y|x,u=1,z,D)]","H[p(y|x,D)]","Var[p(y|x,D)]",Va,Ve,Va_variance,Ve_variance,kl_pyx_pyxz,kl_pyxz_pyx,api_calls
-0.7,x1 = -0.7,0.0,x1 = 0.0,0.8493153576047934,0.15068464239520657,0.7384256074770972,0.261574392522903,0.8434303977550272,0.15656960224497296,0.7844065023711951,0.2155934976288049,0.8279912581756661,0.1720087418243342,0.82911,0.19315,0.62604,0.75204,0.13206,0.16911,0.61155,0.12798,0.659,-0.04744999999999999,0.14175,-0.013769999999999977,0.0016523298245163139,0.0017122734751637558,520
0.2,x1 = 0.2,0.0,x1 = 0.0,0.8493153576047934,0.15068464239520657,0.8792657782969118,0.12073422170308823,0.8565280246828484,0.1434719753171516,0.6668386630341331,0.33316133696586697,0.833626027238835,0.1663739727611649,0.53147,0.10616,0.59326,0.91812,0.12289,0.22216,0.61155,0.12798,0.63248,-0.020930000000000004,0.13488,-0.0068999999999999895,0.00091090429454967,0.0009356448620567968,550
-0.2,x1 = -0.2,0.0,x1 = 0.0,0.8493153576047934,0.15068464239520657,0.7836383378659516,0.21636166213404837,0.8497756226234905,0.15022437737650945,0.7543022579857076,0.2456977420142923,0.8291188467609297,0.17088115323907022,0.75347,0.16955,0.6104,0.80439,0.12766,0.18533,0.61155,0.12798,0.65237,-0.04081999999999997,0.14014,-0.012159999999999976,0.0014875403770725874,0.0015388294085929982,580
0.6,x1 = 0.6,0.0,x1 = 0.0,0.8493153576047934,0.15068464239520657,0.8597160490764765,0.14028395092352364,0.8558355086585918,0.14416449134140824,0.7002813535736994,0.2997186464263006,0.8340137572007127,0.16598624279928748,0.58498,0.1206,0.59504,0.88095,0.12338,0.20989,0.61155,0.12798,0.63515,-0.023599999999999954,0.13552,-0.007539999999999991,0.0008675451033617974,0.0008905534502684446,610
-0.4,x1 = -0.4,0.0,x1 = 0.0,0.8493153576047934,0.15068464239520657,0.7624379377480143,0.23756206225198598,0.845086557786558,0.1549134422134421,0.7695871676765366,0.23041283232346346,0.8271507669732543,0.172849233026746,0.79096,0.18113,0.622,0.77873,0.13092,0.17732,0.61155,0.12798,0.65923,-0.047679999999999945,0.14194,-0.01396,0.0017804033234430257,0.0018473664578158126,640
