z_x1,z_note,x_x1,x_note,"p(y=0|x,D)","p(y=1|x,D)","p(u=0|z,D)","p(u=1|z,D)","p(y=0|x,u=0,z,D)","p(y=1|x,u=0,z,D)","p(y=0|x,u=1,z,D)","p(y=1|x,u=1,z,D)","p(y=0|x,z,D)","p(y=1|x,z,D)","H[p(u|z,D)]","Var[p(u|z,D)]","H[p(y|x,u=0,z,D)]","H[p(y|x,u=1,z,D)]","Var[p(y|x,u=0,z,D)]","Var[p(y|x,u=1,z,D)]","H[p(y|x,D)]","Var[p(y|x,D)]",Va,Ve,Va_variance,Ve_variance,kl_pyx_pyxz,kl_pyxz_pyx,api_calls
14.9,x1 = 14.9,15.0,x1 = 15.0,0.2721359902951159,0.7278640097048841,0.26916997140854204,0.730830028591458,0.6523685292151457,0.34763147078485435,0.15854984278585846,0.8414501572141415,0.2914710044930335,0.7085289955069665,0.84027,0.19672,0.93193,0.63083,0.22678,0.13341,0.84451,0.19808,0.71188,0.13263000000000003,0.15854,0.03954000000000002,0.000917422572095556,0.0009302675905264041,1000
14.7,x1 = 14.7,15.0,x1 = 15.0,0.2721359902951159,0.7278640097048841,0.2672229940790677,0.7327770059209323,0.6463779516128995,0.35362204838710054,0.15307283639655642,0.8469271636034434,0.2848953062791871,0.7151046937208128,0.83745,0.19581,0.93726,0.61748,0.22857,0.12964,0.84451,0.19808,0.70293,0.14157999999999993,0.15608,0.04200000000000001,0.0004032413714910102,0.0004070407106439664,1030
14.6,x1 = 14.6,15.0,x1 = 15.0,0.2721359902951159,0.7278640097048841,0.26699407052130686,0.733005929478693,0.6412245101134203,0.35877548988657953,0.15294066606887138,0.8470593339311285,0.28330955716011647,0.7166904428398833,0.83712,0.19571,0.94166,0.61715,0.23006,0.12955,0.84451,0.19808,0.70379,0.14071999999999996,0.15639,0.041690000000000005,0.0003099463709898935,0.0003125158166403814,1060
14.5,x1 = 14.5,15.0,x1 = 15.0,0.2721359902951159,0.7278640097048841,0.27422468157189794,0.7257753184281021,0.6490531678035784,0.35094683219642153,0.1534239230875993,0.8465760769124007,0.28933769489755895,0.710662305102441,0.84746,0.19903,0.93491,0.61834,0.22778,0.12989,0.84451,0.19808,0.70515,0.13935999999999993,0.15673,0.04135,0.0007283090809150211,0.0007374389879079152,1090
15.6,x1 = 15.6,15.0,x1 = 15.0,0.2721359902951159,0.7278640097048841,0.2603059740466791,0.7396940259533208,0.6443654015830199,0.35563459841698014,0.16469825531233748,0.8353017446876626,0.28955847904051835,0.7104415209594817,0.82721,0.19255,0.939,0.64543,0.22916,0.13757,0.84451,0.19808,0.72185,0.12265999999999999,0.16141,0.03667000000000001,0.0007468935799127864,0.0007563704015391935,1120
