z_x1,z_note,x_x1,x_note,"p(y=0|x,D)","p(y=1|x,D)","p(u=0|z,D)","p(u=1|z,D)","p(y=0|x,u=0,z,D)","p(y=1|x,u=0,z,D)","p(y=0|x,u=1,z,D)","p(y=1|x,u=1,z,D)","p(y=0|x,z,D)","p(y=1|x,z,D)","H[p(u|z,D)]","Var[p(u|z,D)]","H[p(y|x,u=0,z,D)]","H[p(y|x,u=1,z,D)]","Var[p(y|x,u=0,z,D)]","Var[p(y|x,u=1,z,D)]","H[p(y|x,D)]","Var[p(y|x,D)]",Va,Ve,Va_variance,Ve_variance,kl_pyx_pyxz,kl_pyxz_pyx,api_calls
-5.0,x1 = -5.0,-5.0,x1 = -5.0,0.8934016825812108,0.10659831741878925,0.8945357965465769,0.10546420345342314,0.9183307502383166,0.08166924976168358,0.5269024303505357,0.47309756964946426,0.8770490742722401,0.12295092572776006,0.48608,0.09434,0.40803,0.99791,0.075,0.24928,0.48957,0.09524,0.47024,0.019330000000000014,0.09338,0.0018600000000000005,0.0012906641664744301,0.0013452277273026773,360
-4.9,x1 = -4.9,-5.0,x1 = -5.0,0.8934016825812108,0.10659831741878925,0.8767899948884954,0.12321000511150451,0.9252289351257925,0.07477106487420745,0.6313217183830256,0.3686782816169743,0.889016625448608,0.11098337455139182,0.53852,0.10803,0.38348,0.94965,0.06918,0.23275,0.48957,0.09524,0.45324,0.03633000000000003,0.08933,0.005909999999999999,9.85897429271387e-05,9.975971897176888e-05,390
-4.6,x1 = -4.6,-5.0,x1 = -5.0,0.8934016825812108,0.10659831741878925,0.8786754037094934,0.12132459629050665,0.9238714537710173,0.07612854622898277,0.648459916936856,0.35154008306314394,0.8904572602508647,0.10954273974913538,0.53316,0.1066,0.38839,0.93544,0.07033,0.22796,0.48957,0.09524,0.45476,0.03481000000000001,0.08945,0.0057900000000000035,4.4793987024291295e-05,4.515295893475378e-05,420
-5.1,x1 = -5.1,-5.0,x1 = -5.0,0.8934016825812108,0.10659831741878925,0.8844956500085491,0.11550434999145083,0.9232884194754657,0.07671158052453445,0.5846100986898608,0.4153899013101393,0.8841696001769284,0.1158303998230718,0.5163,0.10216,0.39048,0.97924,0.07083,0.24284,0.48957,0.09524,0.45848,0.031090000000000007,0.0907,0.004540000000000002,0.00042612994714641417,0.00043657783377037095,450
-5.2,x1 = -5.2,-5.0,x1 = -5.0,0.8934016825812108,0.10659831741878925,0.888755837465584,0.11124416253441619,0.9253328843070106,0.07466711569298938,0.6026092363131468,0.3973907636868533,0.8894317623558816,0.11056823764411851,0.50366,0.09887,0.3831,0.9694,0.06909,0.23947,0.48957,0.09524,0.44832,0.04125000000000001,0.08804,0.007200000000000012,8.098461880052827e-05,8.185611279169867e-05,480
