z_x1,z_note,x_x1,x_note,"p(y=0|x,D)","p(y=1|x,D)","p(u=0|z,D)","p(u=1|z,D)","p(y=0|x,u=0,z,D)","p(y=1|x,u=0,z,D)","p(y=0|x,u=1,z,D)","p(y=1|x,u=1,z,D)","p(y=0|x,z,D)","p(y=1|x,z,D)","H[p(u|z,D)]","Var[p(u|z,D)]","H[p(y|x,u=0,z,D)]","H[p(y|x,u=1,z,D)]","Var[p(y|x,u=0,z,D)]","Var[p(y|x,u=1,z,D)]","H[p(y|x,D)]","Var[p(y|x,D)]",Va,Ve,Va_variance,Ve_variance,kl_pyx_pyxz,kl_pyxz_pyx,api_calls
-0.7,x1 = -0.7,0.0,x1 = 0.0,0.772368386142319,0.22763161385768096,0.6080869074661974,0.3919130925338026,0.7721129076316584,0.2278870923683415,0.7218292625906375,0.27817073740936243,0.7524060887997599,0.24759391120024002,0.96602,0.23832,0.77431,0.85295,0.17595,0.20079,0.77386,0.17582,0.80513,-0.03127000000000002,0.18569,-0.00986999999999999,0.0010897765897503221,0.0011110025354925564,520
0.2,x1 = 0.2,0.0,x1 = 0.0,0.772368386142319,0.22763161385768096,0.8207632939777673,0.1792367060222328,0.8037014263191402,0.1962985736808599,0.6200470466184665,0.37995295338153345,0.7707838202550351,0.22921617974496505,0.6784,0.14711,0.71446,0.95801,0.15777,0.23559,0.77386,0.17582,0.75811,0.015750000000000042,0.17172,0.0040999999999999925,7.1173459113965925e-06,7.128940731805514e-06,550
0.3,x1 = 0.3,0.0,x1 = 0.0,0.772368386142319,0.22763161385768096,0.8386587398741833,0.16134126012581668,0.8108672488969217,0.18913275110307828,0.6568514035980452,0.34314859640195483,0.7860181383370581,0.21398186166294184,0.63751,0.13531,0.69965,0.9278,0.15336,0.2254,0.77386,0.17582,0.73646,0.03739999999999999,0.16498,0.010840000000000016,0.0005455922674123311,0.0005375918619915983,580
-0.2,x1 = -0.2,0.0,x1 = 0.0,0.772368386142319,0.22763161385768096,0.6629870014564412,0.3370129985435588,0.7779582675414037,0.2220417324585963,0.6732430586526026,0.32675694134739736,0.7426678810006737,0.2573321189993263,0.92193,0.22344,0.76388,0.91158,0.17274,0.21999,0.77386,0.17582,0.81366,-0.03980000000000006,0.18866,-0.01283999999999999,0.002370126995437743,0.002436947927674106,610
0.7,x1 = 0.7,0.0,x1 = 0.0,0.772368386142319,0.22763161385768096,0.7352081282389058,0.26479187176109414,0.7923077776873367,0.2076922223126632,0.6924270663061683,0.30757293369383154,0.7658601771678875,0.23413982283211238,0.83389,0.19468,0.73705,0.89035,0.16456,0.21297,0.77386,0.17582,0.77764,-0.0037800000000000056,0.17738,-0.0015600000000000058,0.00011887690002404267,0.00011966119692307774,640
