z_x1,z_note,x_x1,x_note,"p(y=0|x,D)","p(y=1|x,D)","p(u=0|z,D)","p(u=1|z,D)","p(y=0|x,u=0,z,D)","p(y=1|x,u=0,z,D)","p(y=0|x,u=1,z,D)","p(y=1|x,u=1,z,D)","p(y=0|x,z,D)","p(y=1|x,z,D)","H[p(u|z,D)]","Var[p(u|z,D)]","H[p(y|x,u=0,z,D)]","H[p(y|x,u=1,z,D)]","Var[p(y|x,u=0,z,D)]","Var[p(y|x,u=1,z,D)]","H[p(y|x,D)]","Var[p(y|x,D)]",Va,Ve,Va_variance,Ve_variance,kl_pyx_pyxz,kl_pyxz_pyx,api_calls
-9.7,x1 = -9.7,-10.0,x1 = -10.0,0.8598618653818237,0.14013813461817623,0.9052419287517024,0.09475807124829766,0.907657717559006,0.09234228244099393,0.5049910975039938,0.49500890249600626,0.869501805286522,0.130498194713478,0.45216,0.08578,0.44424,0.99993,0.08382,0.24998,0.5846,0.1205,0.4969,0.0877,0.09957,0.02092999999999999,0.0004012318315396064,0.00039327152363381225,200
-10.0,x1 = -10.0,-10.0,x1 = -10.0,0.8598618653818237,0.14013813461817623,0.8621003524717464,0.13789964752825354,0.865428374817663,0.13457162518233712,0.41338634703630406,0.586613652963696,0.8030919385186566,0.1969080614813435,0.57871,0.11888,0.56984,0.97824,0.11646,0.2425,0.5846,0.1205,0.62616,-0.04156000000000004,0.13384,-0.01333999999999999,0.011068616264660096,0.012116838859532582,230
-9.9,x1 = -9.9,-10.0,x1 = -10.0,0.8598618653818237,0.14013813461817623,0.8880697053944644,0.11193029460553557,0.9076577191423668,0.09234228085763309,0.5021015456928195,0.4978984543071806,0.8622636971690653,0.13773630283093463,0.50571,0.0994,0.44424,0.99999,0.08382,0.25,0.5846,0.1205,0.50645,0.07815000000000005,0.10242,0.01808,2.4169032170749238e-05,2.4052511661904353e-05,260
-9.6,x1 = -9.6,-10.0,x1 = -10.0,0.8598618653818237,0.14013813461817623,0.9048348682100128,0.095165131789987,0.906079000285861,0.093920999714139,0.5140705820638024,0.4859294179361976,0.8687734675029742,0.13122653249702554,0.45348,0.08611,0.44942,0.99943,0.0851,0.2498,0.5846,0.1205,0.50176,0.08284000000000002,0.10077,0.019729999999999998,0.0003418308044094674,0.0003355773350399074,290
-9.8,x1 = -9.8,-10.0,x1 = -10.0,0.8598618653818237,0.14013813461817623,0.9044797716794248,0.09552022832057513,0.9058668105523868,0.09413318944761331,0.5127361625098887,0.4872638374901112,0.8683148812915518,0.13168511870844837,0.45463,0.0864,0.45012,0.99953,0.08527,0.24984,0.5846,0.1205,0.5026,0.08199999999999996,0.10099,0.01951,0.00030695770677965223,0.00030163969373285006,320
