z_x1,z_note,x_x1,x_note,"p(y=0|x,D)","p(y=1|x,D)","p(u=0|z,D)","p(u=1|z,D)","p(y=0|x,u=0,z,D)","p(y=1|x,u=0,z,D)","p(y=0|x,u=1,z,D)","p(y=1|x,u=1,z,D)","p(y=0|x,z,D)","p(y=1|x,z,D)","H[p(u|z,D)]","Var[p(u|z,D)]","H[p(y|x,u=0,z,D)]","H[p(y|x,u=1,z,D)]","Var[p(y|x,u=0,z,D)]","Var[p(y|x,u=1,z,D)]","H[p(y|x,D)]","Var[p(y|x,D)]",Va,Ve,Va_variance,Ve_variance,kl_pyx_pyxz,kl_pyxz_pyx,api_calls
10.5,x1 = 10.5,10.0,x1 = 10.0,0.1324523412391225,0.8675476587608774,0.1201957183255159,0.8798042816744841,0.490733340004593,0.509266659995407,0.09519421172582528,0.9048057882741747,0.14273632137514014,0.8572636786248599,0.52992,0.10575,0.99975,0.45357,0.24991,0.08613,0.56413,0.11491,0.51922,0.044910000000000005,0.10582,0.00909,0.00044114627166214754,0.00045048540367144396,840
10.4,x1 = 10.4,10.0,x1 = 10.0,0.1324523412391225,0.8675476587608774,0.11526120937448836,0.8847387906255116,0.4632977846346981,0.5367022153653019,0.09404164235969383,0.9059583576403061,0.13660255188726894,0.863397448112731,0.51558,0.10198,0.99611,0.44982,0.24865,0.0852,0.56413,0.11491,0.51279,0.05134000000000005,0.10404,0.010870000000000005,7.36522191935509e-05,7.429472793523805e-05,870
10.0,x1 = 10.0,10.0,x1 = 10.0,0.1324523412391225,0.8675476587608774,0.13245234290490568,0.8675476570950943,0.5370688306301277,0.4629311693698723,0.11370088723844926,0.8862991127615508,0.16977696325150854,0.8302230367484915,0.56413,0.11491,0.99603,0.51098,0.24863,0.10077,0.56413,0.11491,0.57523,-0.011099999999999999,0.12035,-0.00544,0.005268355740571003,0.005639345794174064,900
10.1,x1 = 10.1,10.0,x1 = 10.0,0.1324523412391225,0.8675476587608774,0.12046651492872631,0.8795334850712736,0.4968093258805757,0.5031906741194243,0.09566601892372022,0.9043339810762797,0.14399035509979688,0.856009644900203,0.5307,0.10595,0.99997,0.4551,0.24999,0.08651,0.56413,0.11491,0.52074,0.04339000000000004,0.1062,0.008709999999999996,0.000552552886158816,0.0005656217873529264,930
9.7,x1 = 9.7,10.0,x1 = 10.0,0.1324523412391225,0.8675476587608774,0.08532376502952563,0.9146762349704745,0.3466880190702845,0.6533119809297154,0.09904665957741607,0.900953340422584,0.12017635274637786,0.8798236472536223,0.42067,0.07804,0.93108,0.46597,0.2265,0.08924,0.56413,0.11491,0.50565,0.058479999999999976,0.10095,0.01396,0.0006927166959986401,0.000673768512626325,960
