z_x1,z_note,x_x1,x_note,"p(y=0|x,D)","p(y=1|x,D)","p(u=0|z,D)","p(u=1|z,D)","p(y=0|x,u=0,z,D)","p(y=1|x,u=0,z,D)","p(y=0|x,u=1,z,D)","p(y=1|x,u=1,z,D)","p(y=0|x,z,D)","p(y=1|x,z,D)","H[p(u|z,D)]","Var[p(u|z,D)]","H[p(y|x,u=0,z,D)]","H[p(y|x,u=1,z,D)]","Var[p(y|x,u=0,z,D)]","Var[p(y|x,u=1,z,D)]","H[p(y|x,D)]","Var[p(y|x,D)]",Va,Ve,Va_variance,Ve_variance,kl_pyx_pyxz,kl_pyxz_pyx,api_calls
-5.0,x1 = -5.0,-5.0,x1 = -5.0,0.8179386857837041,0.18206131421629587,0.8179386857837041,0.18206131421629587,0.806586809486919,0.1934131905130811,0.5520793542040593,0.4479206457959407,0.7602508477002764,0.23974915229972366,0.68457,0.14891,0.70856,0.99216,0.156,0.24729,0.68457,0.14891,0.76019,-0.07562000000000002,0.17262,-0.02371000000000001,0.00971085098083617,0.010386933721988713,360
-4.9,x1 = -4.9,-5.0,x1 = -5.0,0.8179386857837041,0.18206131421629587,0.7960206332248527,0.20397936677514727,0.8369726245620119,0.16302737543798795,0.6640562806642608,0.3359437193357392,0.8017012582286751,0.19829874177132484,0.72982,0.16237,0.6415,0.92088,0.13645,0.22309,0.68457,0.14891,0.69849,-0.013920000000000043,0.15412,-0.00521000000000002,0.0008470517662988279,0.0008657127479466051,390
-4.6,x1 = -4.6,-5.0,x1 = -5.0,0.8179386857837041,0.18206131421629587,0.7916964885899518,0.20830351141004816,0.8384717382935548,0.16152826170644513,0.6686123832492363,0.3313876167507636,0.8030894381919771,0.19691056180802274,0.73823,0.16491,0.63795,0.91634,0.13544,0.22157,0.68457,0.14891,0.69594,-0.011369999999999991,0.15338,-0.004470000000000002,0.0007109734823309392,0.0007253555217085258,420
-5.1,x1 = -5.1,-5.0,x1 = -5.0,0.8179386857837041,0.18206131421629587,0.7747210871615796,0.22527891283842036,0.8335989904876845,0.16640100951231546,0.5943673396682762,0.40563266033172374,0.7797051442745475,0.22029485572545235,0.76969,0.17453,0.64941,0.97415,0.13871,0.24109,0.68457,0.14891,0.72257,-0.038000000000000034,0.16177,-0.01286000000000001,0.004450849065490772,0.0046676567463014365,450
-5.2,x1 = -5.2,-5.0,x1 = -5.0,0.8179386857837041,0.18206131421629587,0.8113186351000732,0.18868136489992685,0.8370101131376547,0.16298988686234533,0.5760607509443055,0.42393924905569447,0.7877738313092482,0.21222616869075184,0.6987,0.15308,0.64141,0.98324,0.13642,0.24421,0.68457,0.14891,0.70591,-0.021340000000000026,0.15676,-0.007850000000000024,0.0028235049669517974,0.002934524223172596,480
