z_x1,z_note,x_x1,x_note,"p(y=0|x,D)","p(y=1|x,D)","p(u=0|z,D)","p(u=1|z,D)","p(y=0|x,u=0,z,D)","p(y=1|x,u=0,z,D)","p(y=0|x,u=1,z,D)","p(y=1|x,u=1,z,D)","p(y=0|x,z,D)","p(y=1|x,z,D)","H[p(u|z,D)]","Var[p(u|z,D)]","H[p(y|x,u=0,z,D)]","H[p(y|x,u=1,z,D)]","Var[p(y|x,u=0,z,D)]","Var[p(y|x,u=1,z,D)]","H[p(y|x,D)]","Var[p(y|x,D)]",Va,Ve,Va_variance,Ve_variance,kl_pyx_pyxz,kl_pyxz_pyx,api_calls
-0.7,x1 = -0.7,0.0,x1 = 0.0,0.826930755140511,0.17306924485948905,0.570276658713078,0.4297233412869219,0.8075188264899952,0.19248117351000488,0.7437825742491444,0.25621742575085565,0.7801298712159506,0.21987012878404932,0.9857,0.24506,0.70663,0.82098,0.15543,0.19057,0.66468,0.14312,0.75577,-0.09109,0.17053,-0.02740999999999999,0.006754137938289738,0.007174077899813142,520
0.2,x1 = 0.2,0.0,x1 = 0.0,0.826930755140511,0.17306924485948905,0.8962420798906819,0.10375792010931792,0.8417484425796765,0.1582515574203235,0.6642047079732676,0.3357952920267324,0.8233268739484747,0.1766731260515252,0.4808,0.09299,0.63011,0.92074,0.13321,0.22304,0.66468,0.14312,0.66027,0.004410000000000025,0.14253,0.0005900000000000072,4.488554708400802e-05,4.512921283946793e-05,550
-0.2,x1 = -0.2,0.0,x1 = 0.0,0.826930755140511,0.17306924485948905,0.6285881357788293,0.3714118642211708,0.8176604273867392,0.18233957261326084,0.6973816416668727,0.3026183583331274,0.7729874593562649,0.22701254064373522,0.95175,0.23347,0.68517,0.88447,0.14909,0.21104,0.66468,0.14312,0.75919,-0.09450999999999998,0.1721,-0.028980000000000006,0.008827187149913415,0.009447270744484572,580
0.7,x1 = 0.7,0.0,x1 = 0.0,0.826930755140511,0.17306924485948905,0.8867530560620189,0.11324694393798111,0.8253037617803599,0.17469623821964006,0.7543607188820498,0.24563928111795028,0.8172696789784653,0.1827303210215348,0.50963,0.10042,0.66834,0.80429,0.14418,0.1853,0.66468,0.14312,0.68374,-0.019059999999999966,0.14884,-0.005720000000000003,0.0003168965549024457,0.00032142497903072005,610
-0.4,x1 = -0.4,0.0,x1 = 0.0,0.826930755140511,0.17306924485948905,0.6188933265362225,0.3811066734637776,0.8088605924067119,0.1911394075932881,0.7202665876878351,0.2797334123121648,0.7750968259794666,0.22490317402053345,0.95882,0.23586,0.70385,0.85509,0.15461,0.20148,0.66468,0.14312,0.76149,-0.09680999999999995,0.17247,-0.029350000000000015,0.008189342158374455,0.00874538310158162,640
