z_x1,z_note,x_x1,x_note,"p(y=0|x,D)","p(y=1|x,D)","p(u=0|z,D)","p(u=1|z,D)","p(y=0|x,u=0,z,D)","p(y=1|x,u=0,z,D)","p(y=0|x,u=1,z,D)","p(y=1|x,u=1,z,D)","p(y=0|x,z,D)","p(y=1|x,z,D)","H[p(u|z,D)]","Var[p(u|z,D)]","H[p(y|x,u=0,z,D)]","H[p(y|x,u=1,z,D)]","Var[p(y|x,u=0,z,D)]","Var[p(y|x,u=1,z,D)]","H[p(y|x,D)]","Var[p(y|x,D)]",Va,Ve,Va_variance,Ve_variance,kl_pyx_pyxz,kl_pyxz_pyx,api_calls
-14.5,x1 = -14.5,-15.0,x1 = -15.0,0.7993785509607272,0.20062144903927273,0.8159381574705721,0.1840618425294279,0.8773325028726904,0.12266749712730973,0.4696468292559234,0.5303531707440766,0.8022931266139373,0.1977068733860628,0.68888,0.15018,0.53698,0.99734,0.10762,0.24908,0.72317,0.16037,0.62171,0.10146,0.13366,0.02671000000000001,2.6678867173259013e-05,2.6581269436838206e-05,40
-14.9,x1 = -14.9,-15.0,x1 = -15.0,0.7993785509607272,0.20062144903927273,0.8199489185113158,0.18005108148868415,0.8709669907543363,0.1290330092456637,0.4570623442522459,0.5429376557477541,0.7964430115184433,0.20355698848155657,0.68019,0.14763,0.55478,0.99467,0.11238,0.24816,0.72317,0.16037,0.63398,0.08918999999999999,0.13683,0.023540000000000005,2.6672805986182897e-05,2.6769421840063586e-05,70
-14.7,x1 = -14.7,-15.0,x1 = -15.0,0.7993785509607272,0.20062144903927273,0.8152567691823123,0.1847432308176878,0.8781332418258625,0.12186675817413764,0.4692363479115248,0.5307636520884752,0.8025923085728105,0.1974076914271897,0.69034,0.15061,0.5347,0.99727,0.10702,0.24905,0.72317,0.16037,0.62016,0.10300999999999993,0.13326,0.027110000000000023,3.246175540258349e-05,3.2330697676281016e-05,100
-14.4,x1 = -14.4,-15.0,x1 = -15.0,0.7993785509607272,0.20062144903927273,0.8168049516416394,0.1831950483583606,0.8753205923984204,0.1246794076015795,0.4785052012861553,0.5214947987138447,0.8026259776342672,0.1973740223657327,0.68702,0.14963,0.54266,0.99867,0.10913,0.24954,0.72317,0.16037,0.6262,0.09697,0.13485,0.025520000000000015,3.314832103051184e-05,3.301307602664302e-05,130
-15.3,x1 = -15.3,-15.0,x1 = -15.0,0.7993785509607272,0.20062144903927273,0.8127941908977896,0.18720580910221038,0.868183834764876,0.13181616523512402,0.4639848899766891,0.536015110023311,0.7925154442675438,0.20748455573245622,0.69559,0.15216,0.5624,0.99625,0.11444,0.2487,0.72317,0.16037,0.64362,0.07955000000000001,0.13957,0.020800000000000013,0.00014441195579142658,0.00014562110307587885,160
