z_x1,z_note,x_x1,x_note,"p(y=0|x,D)","p(y=1|x,D)","p(u=0|z,D)","p(u=1|z,D)","p(y=0|x,u=0,z,D)","p(y=1|x,u=0,z,D)","p(y=0|x,u=1,z,D)","p(y=1|x,u=1,z,D)","p(y=0|x,z,D)","p(y=1|x,z,D)","H[p(u|z,D)]","Var[p(u|z,D)]","H[p(y|x,u=0,z,D)]","H[p(y|x,u=1,z,D)]","Var[p(y|x,u=0,z,D)]","Var[p(y|x,u=1,z,D)]","H[p(y|x,D)]","Var[p(y|x,D)]",Va,Ve,Va_variance,Ve_variance,kl_pyx_pyxz,kl_pyxz_pyx,api_calls
9.4,x1 = 9.4,10.0,x1 = 10.0,0.13501893333938858,0.8649810666606115,0.11228981382434275,0.8877101861756573,0.34124683148123164,0.6587531685187684,0.10725768575847228,0.8927423142415278,0.13353228336859793,0.8664677166314023,0.50678,0.09968,0.92601,0.49159,0.2248,0.09575,0.57104,0.11679,0.54037,0.030669999999999975,0.11024,0.00655,9.52118718807295e-06,9.491544781528409e-06,840
9.9,x1 = 9.9,10.0,x1 = 10.0,0.13501893333938858,0.8649810666606115,0.11430999016966763,0.8856900098303326,0.377232740307203,0.6227672596927969,0.11037292282380955,0.8896270771761905,0.1408776659370156,0.8591223340629848,0.51278,0.10124,0.95606,0.50104,0.23493,0.09819,0.57104,0.11679,0.55305,0.01798999999999995,0.11382,0.0029700000000000004,0.0001434808473046393,0.00014519749656955513,870
10.0,x1 = 10.0,10.0,x1 = 10.0,0.13501893333938858,0.8649810666606115,0.13501893304934787,0.8649810669506521,0.5316851405002379,0.4683148594997622,0.1449728445892972,0.855027155410703,0.1971863261802561,0.802813673819744,0.57104,0.11679,0.9971,0.59712,0.249,0.12396,0.57104,0.11679,0.65112,-0.08008000000000004,0.14084,-0.024049999999999988,0.013378313955974316,0.014803349715468914,900
10.4,x1 = 10.4,10.0,x1 = 10.0,0.13501893333938858,0.8649810666606115,0.1284415059680754,0.8715584940319246,0.4607289935508551,0.5392710064491448,0.11728648089478758,0.8827135191052123,0.1613987544337927,0.8386012455662073,0.55315,0.11194,0.99555,0.52151,0.24846,0.10353,0.57104,0.11679,0.5824,-0.011360000000000037,0.12215,-0.00535999999999999,0.002694564712934829,0.0028303015961728545,930
10.3,x1 = 10.3,10.0,x1 = 10.0,0.13501893333938858,0.8649810666606115,0.12662019008083342,0.8733798099191666,0.45760805759828854,0.5423919424017115,0.1188317858350737,0.8811682141649264,0.16172770176060805,0.8382722982393922,0.5481,0.11059,0.99481,0.52599,0.2482,0.10471,0.57104,0.11679,0.58535,-0.014310000000000045,0.12288,-0.006089999999999998,0.0027590237929881155,0.0028995942964979635,960
