z_x1,z_x2,z_note,x_x1,x_x2,x_note,"p(y=0|x,D)","p(y=1|x,D)","p(u=0|z,D)","p(u=1|z,D)","p(y=0|x,u=0,z,D)","p(y=1|x,u=0,z,D)","p(y=0|x,u=1,z,D)","p(y=1|x,u=1,z,D)","p(y=0|x,z,D)","p(y=1|x,z,D)","H[p(u|z,D)]","H[p(y|x,u=0,z,D)]","H[p(y|x,u=1,z,D)]","H[p(y|x,D)]",Va,Ve,kl_pyx_pyxz,kl_pyxz_pyx
-1.1,-1.0,x1 = -1.1; x2 = -1.0,-1.1,-1.0,x1 = -1.1; x2 = -1.0,0.4396524789431534,0.5603475210568466,0.44254203298993894,0.557457967010061,0.959011848443177,0.04098815155682295,0.04128871654327415,0.958711283456726,0.447419777056151,0.5525802229438489,0.99045,0.2468,0.24817,0.98947,0.24756,0.74191,0.0001221506978363266,0.00012229549499723734
