z_x1,z_x2,z_note,x_x1,x_x2,x_note,"p(y=0|x,D)","p(y=1|x,D)","p(u=0|z,D)","p(u=1|z,D)","p(y=0|x,u=0,z,D)","p(y=1|x,u=0,z,D)","p(y=0|x,u=1,z,D)","p(y=1|x,u=1,z,D)","p(y=0|x,z,D)","p(y=1|x,z,D)","H[p(u|z,D)]","H[p(y|x,u=0,z,D)]","H[p(y|x,u=1,z,D)]","H[p(y|x,D)]",Va,Ve,kl_pyx_pyxz,kl_pyxz_pyx
-1.3,-1.0,x1 = -1.3; x2 = -1.0,-1.3,-1.0,x1 = -1.3; x2 = -1.0,0.4513726144028876,0.5486273855971123,0.4512828946207005,0.5487171053792995,0.962370940294613,0.03762905970538702,0.03751175525060531,0.9624882447493948,0.45488488539380717,0.5451151146061929,0.99314,0.23131,0.23076,0.99317,0.23101,0.76216,2.4885421941039064e-05,2.4896446025218875e-05
