z_x1,z_x2,z_note,x_x1,x_x2,x_note,"p(y=0|x,D)","p(y=1|x,D)","p(u=0|z,D)","p(u=1|z,D)","p(y=0|x,u=0,z,D)","p(y=1|x,u=0,z,D)","p(y=0|x,u=1,z,D)","p(y=1|x,u=1,z,D)","p(y=0|x,z,D)","p(y=1|x,z,D)","H[p(u|z,D)]","H[p(y|x,u=0,z,D)]","H[p(y|x,u=1,z,D)]","H[p(y|x,D)]",Va,Ve,kl_pyx_pyxz,kl_pyxz_pyx
0.3,1.8,x1 = 0.3; x2 = 1.8,0.3,1.8,x1 = 0.3; x2 = 1.8,0.6658335542154601,0.3341664457845399,0.661506372756565,0.338493627243435,0.9802632890350603,0.019736710964939664,0.042978418410818855,0.9570215815891812,0.6629983334170672,0.3370016665829329,0.92337,0.13996,0.25579,0.91913,0.17917,0.73996,1.8013644305728445e-05,1.8038769327231863e-05
