z_x1,z_x2,z_note,x_x1,x_x2,x_note,"p(y=0|x,D)","p(y=1|x,D)","p(u=0|z,D)","p(u=1|z,D)","p(y=0|x,u=0,z,D)","p(y=1|x,u=0,z,D)","p(y=0|x,u=1,z,D)","p(y=1|x,u=1,z,D)","p(y=0|x,z,D)","p(y=1|x,z,D)","H[p(u|z,D)]","H[p(y|x,u=0,z,D)]","H[p(y|x,u=1,z,D)]","H[p(y|x,D)]",Va,Ve,kl_pyx_pyxz,kl_pyxz_pyx
-1.1,-0.8,x1 = -1.1; x2 = -0.8,-1.1,-0.8,x1 = -1.1; x2 = -0.8,0.4579590691060377,0.5420409308939623,0.4520799716561322,0.5479200283438679,0.9642560674500519,0.035743932549948274,0.035418768146033064,0.964581231853967,0.45532750808855227,0.544672491911448,0.99336,0.22243,0.22088,0.99489,0.22158,0.77331,1.3957331164095917e-05,1.3953053025628302e-05
