z_x1,z_x2,z_note,x_x1,x_x2,x_note,"p(y=0|x,D)","p(y=1|x,D)","p(u=0|z,D)","p(u=1|z,D)","p(y=0|x,u=0,z,D)","p(y=1|x,u=0,z,D)","p(y=0|x,u=1,z,D)","p(y=1|x,u=1,z,D)","p(y=0|x,z,D)","p(y=1|x,z,D)","H[p(u|z,D)]","H[p(y|x,u=0,z,D)]","H[p(y|x,u=1,z,D)]","H[p(y|x,D)]",Va,Ve,kl_pyx_pyxz,kl_pyxz_pyx
0.5,-0.8,x1 = 0.5; x2 = -0.8,0.5,-0.8,x1 = 0.5; x2 = -0.8,0.4184254059677427,0.5815745940322572,0.4182285169432758,0.5817714830567242,0.9697232763541667,0.030276723645833316,0.026698232869469957,0.97330176713053,0.42109819824644285,0.5789018017535572,0.98062,0.19578,0.17755,0.98071,0.18517,0.7955399999999999,1.4661043271335748e-05,1.4669652041385869e-05
