z_x1,z_x2,z_note,x_x1,x_x2,x_note,"p(y=0|x,D)","p(y=1|x,D)","p(u=0|z,D)","p(u=1|z,D)","p(y=0|x,u=0,z,D)","p(y=1|x,u=0,z,D)","p(y=0|x,u=1,z,D)","p(y=1|x,u=1,z,D)","p(y=0|x,z,D)","p(y=1|x,z,D)","H[p(u|z,D)]","H[p(y|x,u=0,z,D)]","H[p(y|x,u=1,z,D)]","H[p(y|x,D)]",Va,Ve,kl_pyx_pyxz,kl_pyxz_pyx
1.9,0.8,x1 = 1.9; x2 = 0.8,1.9,0.8,x1 = 1.9; x2 = 0.8,0.6072096684843077,0.3927903315156924,0.6011094576020151,0.3988905423979851,0.9686922989137345,0.03130770108626542,0.048935311097103654,0.9510646889028964,0.6018099351692219,0.39819006483077835,0.9703,0.20091,0.28186,0.96658,0.2332,0.73338,6.0931086867305195e-05,6.10270472348063e-05
