z_x1,z_x2,z_note,x_x1,x_x2,x_note,"p(y=0|x,D)","p(y=1|x,D)","p(u=0|z,D)","p(u=1|z,D)","p(y=0|x,u=0,z,D)","p(y=1|x,u=0,z,D)","p(y=0|x,u=1,z,D)","p(y=1|x,u=1,z,D)","p(y=0|x,z,D)","p(y=1|x,z,D)","H[p(u|z,D)]","H[p(y|x,u=0,z,D)]","H[p(y|x,u=1,z,D)]","H[p(y|x,D)]",Va,Ve,kl_pyx_pyxz,kl_pyxz_pyx
2.1,1.2,x1 = 2.1; x2 = 1.2,2.1,1.2,x1 = 2.1; x2 = 1.2,0.5051119716299783,0.4948880283700216,0.49637103957153894,0.503628960428461,0.9667774784054386,0.033222521594561384,0.043490730874632025,0.956509269125368,0.5017835335691235,0.4982164664308764,0.99996,0.2103,0.25807,0.99992,0.23436,0.76556,2.2157796209301694e-05,2.2158474324282963e-05
