z_x1,z_x2,z_note,x_x1,x_x2,x_note,"p(y=0|x,D)","p(y=1|x,D)","p(u=0|z,D)","p(u=1|z,D)","p(y=0|x,u=0,z,D)","p(y=1|x,u=0,z,D)","p(y=0|x,u=1,z,D)","p(y=1|x,u=1,z,D)","p(y=0|x,z,D)","p(y=1|x,z,D)","H[p(u|z,D)]","H[p(y|x,u=0,z,D)]","H[p(y|x,u=1,z,D)]","H[p(y|x,D)]",Va,Ve,kl_pyx_pyxz,kl_pyxz_pyx
0.3,-0.6,x1 = 0.3; x2 = -0.6,0.3,-0.6,x1 = 0.3; x2 = -0.6,0.26150906680881136,0.7384909331911886,0.2610571452358136,0.7389428547641864,0.9429698091424867,0.05703019085751326,0.025465741067465415,0.9745342589325345,0.26498673382137605,0.735013266178624,0.82834,0.31554,0.17112,0.82902,0.20882,0.6202,3.1135049839433205e-05,3.122329213478287e-05
