z_x1,z_x2,z_note,x_x1,x_x2,x_note,"p(y=0|x,D)","p(y=1|x,D)","p(u=0|z,D)","p(u=1|z,D)","p(y=0|x,u=0,z,D)","p(y=1|x,u=0,z,D)","p(y=0|x,u=1,z,D)","p(y=1|x,u=1,z,D)","p(y=0|x,z,D)","p(y=1|x,z,D)","H[p(u|z,D)]","H[p(y|x,u=0,z,D)]","H[p(y|x,u=1,z,D)]","H[p(y|x,D)]",Va,Ve,kl_pyx_pyxz,kl_pyxz_pyx
0.5,-0.6,x1 = 0.5; x2 = -0.6,0.5,-0.6,x1 = 0.5; x2 = -0.6,0.37371919096908074,0.6262808090309192,0.37411588251800976,0.6258841174819902,0.9671171208697288,0.03288287913027118,0.02808646704925196,0.971913532950748,0.37939274881476337,0.6206072511852366,0.95378,0.20865,0.1847,0.95349,0.19366,0.75983,6.849014952420903e-05,6.862650778929197e-05
