z_x1,z_x2,z_note,x_x1,x_x2,x_note,"p(y=0|x,D)","p(y=1|x,D)","p(u=0|z,D)","p(u=1|z,D)","p(y=0|x,u=0,z,D)","p(y=1|x,u=0,z,D)","p(y=0|x,u=1,z,D)","p(y=1|x,u=1,z,D)","p(y=0|x,z,D)","p(y=1|x,z,D)","H[p(u|z,D)]","H[p(y|x,u=0,z,D)]","H[p(y|x,u=1,z,D)]","H[p(y|x,D)]",Va,Ve,kl_pyx_pyxz,kl_pyxz_pyx
0.1,0.8,x1 = 0.1; x2 = 0.8,0.1,0.8,x1 = 0.1; x2 = 0.8,0.7421547436476043,0.2578452563523959,0.7446621340107475,0.2553378659892526,0.9700125228116608,0.0299874771883392,0.05462421654162373,0.9453757834583764,0.7362792261371534,0.26372077386284687,0.81963,0.19433,0.30572,0.82348,0.22277,0.60071,8.932404293125664e-05,8.975929800179947e-05
