z_x1,z_x2,z_note,x_x1,x_x2,x_note,"p(y=0|x,D)","p(y=1|x,D)","p(u=0|z,D)","p(u=1|z,D)","p(y=0|x,u=0,z,D)","p(y=1|x,u=0,z,D)","p(y=0|x,u=1,z,D)","p(y=1|x,u=1,z,D)","p(y=0|x,z,D)","p(y=1|x,z,D)","H[p(u|z,D)]","H[p(y|x,u=0,z,D)]","H[p(y|x,u=1,z,D)]","H[p(y|x,D)]",Va,Ve,kl_pyx_pyxz,kl_pyxz_pyx
1.7,-0.8,x1 = 1.7; x2 = -0.8,1.7,-0.8,x1 = 1.7; x2 = -0.8,0.25988937493085473,0.7401106250691453,0.25795893180789964,0.7420410681921005,0.9171038426511784,0.0828961573488216,0.028470125476963933,0.9715298745230362,0.2577011299277075,0.7422988700722928,0.82365,0.4123,0.18666,0.82658,0.24487,0.58171,1.2493023429257372e-05,1.2470126952848944e-05
