z_x1,z_x2,z_note,x_x1,x_x2,x_note,"p(y=0|x,D)","p(y=1|x,D)","p(u=0|z,D)","p(u=1|z,D)","p(y=0|x,u=0,z,D)","p(y=1|x,u=0,z,D)","p(y=0|x,u=1,z,D)","p(y=1|x,u=1,z,D)","p(y=0|x,z,D)","p(y=1|x,z,D)","H[p(u|z,D)]","H[p(y|x,u=0,z,D)]","H[p(y|x,u=1,z,D)]","H[p(y|x,D)]",Va,Ve,kl_pyx_pyxz,kl_pyxz_pyx
1.3,-0.8,x1 = 1.3; x2 = -0.8,1.3,-0.8,x1 = 1.3; x2 = -0.8,0.3139098165273258,0.6860901834726743,0.31331508027039034,0.6866849197296095,0.9205097490144016,0.07949025098559834,0.03501841501152822,0.9649815849884718,0.31245620340337354,0.6875437965966262,0.89696,0.40038,0.21897,0.89764,0.27581,0.62183,4.9137353610496665e-06,4.909601413814789e-06
