z_x1,z_x2,z_note,x_x1,x_x2,x_note,"p(y=0|x,D)","p(y=1|x,D)","p(u=0|z,D)","p(u=1|z,D)","p(y=0|x,u=0,z,D)","p(y=1|x,u=0,z,D)","p(y=0|x,u=1,z,D)","p(y=1|x,u=1,z,D)","p(y=0|x,z,D)","p(y=1|x,z,D)","H[p(u|z,D)]","H[p(y|x,u=0,z,D)]","H[p(y|x,u=1,z,D)]","H[p(y|x,D)]",Va,Ve,kl_pyx_pyxz,kl_pyxz_pyx
0.9,0.2,x1 = 0.9; x2 = 0.2,0.9,0.2,x1 = 0.9; x2 = 0.2,0.8081267260677574,0.1918732739322426,0.8118882020301145,0.18811179796988547,0.9709614889559532,0.02903851104404683,0.10272543313324412,0.897274566866756,0.8076360434328614,0.1923639565671385,0.6975,0.18955,0.47758,0.70537,0.24373,0.46164000000000005,7.753782187387226e-07,7.75881522951374e-07
