z_x1,z_x2,z_note,x_x1,x_x2,x_note,"p(y=0|x,D)","p(y=1|x,D)","p(u=0|z,D)","p(u=1|z,D)","p(y=0|x,u=0,z,D)","p(y=1|x,u=0,z,D)","p(y=0|x,u=1,z,D)","p(y=1|x,u=1,z,D)","p(y=0|x,z,D)","p(y=1|x,z,D)","H[p(u|z,D)]","H[p(y|x,u=0,z,D)]","H[p(y|x,u=1,z,D)]","H[p(y|x,D)]",Va,Ve,kl_pyx_pyxz,kl_pyxz_pyx
-0.3,0.6,x1 = -0.3; x2 = 0.6,-0.3,0.6,x1 = -0.3; x2 = 0.6,0.47360337195332597,0.5263966280466741,0.47094273980140794,0.5290572601985921,0.9621860497631346,0.037813950236865616,0.03235882377097233,0.9676411762290277,0.4702542051216641,0.529745794878336,0.99756,0.23218,0.20609,0.99799,0.21838,0.77961,2.2507686824432133e-05,2.2502026801221164e-05
