z_x1,z_x2,z_note,x_x1,x_x2,x_note,"p(y=0|x,D)","p(y=1|x,D)","p(u=0|z,D)","p(u=1|z,D)","p(y=0|x,u=0,z,D)","p(y=1|x,u=0,z,D)","p(y=0|x,u=1,z,D)","p(y=1|x,u=1,z,D)","p(y=0|x,z,D)","p(y=1|x,z,D)","H[p(u|z,D)]","H[p(y|x,u=0,z,D)]","H[p(y|x,u=1,z,D)]","H[p(y|x,D)]",Va,Ve,kl_pyx_pyxz,kl_pyxz_pyx
1.9,1.2,x1 = 1.9; x2 = 1.2,1.9,1.2,x1 = 1.9; x2 = 1.2,0.5046489739954343,0.49535102600456565,0.4910506845143757,0.5089493154856243,0.9536362790131786,0.04636372098682145,0.0466210983519813,0.9533789016480186,0.4920115236805924,0.5079884763194076,0.99977,0.27074,0.27187,0.99994,0.27132,0.72862,0.00031943985829671617,0.0003194218811074217
