z_x1,z_x2,z_note,x_x1,x_x2,x_note,"p(y=0|x,D)","p(y=1|x,D)","p(u=0|z,D)","p(u=1|z,D)","p(y=0|x,u=0,z,D)","p(y=1|x,u=0,z,D)","p(y=0|x,u=1,z,D)","p(y=1|x,u=1,z,D)","p(y=0|x,z,D)","p(y=1|x,z,D)","H[p(u|z,D)]","H[p(y|x,u=0,z,D)]","H[p(y|x,u=1,z,D)]","H[p(y|x,D)]",Va,Ve,kl_pyx_pyxz,kl_pyxz_pyx
1.9,1.6,x1 = 1.9; x2 = 1.6,1.9,1.6,x1 = 1.9; x2 = 1.6,0.4010162521011866,0.5989837478988134,0.39922534618652117,0.6007746538134788,0.9593506647802916,0.040649335219708406,0.03600893906919974,0.9639910609308002,0.4046303591646703,0.5953696408353297,0.9705,0.24526,0.22368,0.97154,0.2323,0.7392399999999999,2.713597678611528e-05,2.716240188737869e-05
