z_x1,z_x2,z_note,x_x1,x_x2,x_note,"p(y=0|x,D)","p(y=1|x,D)","p(u=0|z,D)","p(u=1|z,D)","p(y=0|x,u=0,z,D)","p(y=1|x,u=0,z,D)","p(y=0|x,u=1,z,D)","p(y=1|x,u=1,z,D)","p(y=0|x,z,D)","p(y=1|x,z,D)","H[p(u|z,D)]","H[p(y|x,u=0,z,D)]","H[p(y|x,u=1,z,D)]","H[p(y|x,D)]",Va,Ve,kl_pyx_pyxz,kl_pyxz_pyx
2.3,-0.0,x1 = 2.3; x2 = -0.0,2.3,-0.0,x1 = 2.3; x2 = -0.0,0.3503841963286581,0.649615803671342,0.3422889113452012,0.6577110886547988,0.9443137932798047,0.05568620672019533,0.02706429953978674,0.9729357004602134,0.3410286301839944,0.6589713698160056,0.92699,0.31008,0.17945,0.93441,0.22416,0.7102499999999999,0.00019389781198056108,0.0001930745507311444
