z_x1,z_x2,z_note,x_x1,x_x2,x_note,"p(y=0|x,D)","p(y=1|x,D)","p(u=0|z,D)","p(u=1|z,D)","p(y=0|x,u=0,z,D)","p(y=1|x,u=0,z,D)","p(y=0|x,u=1,z,D)","p(y=1|x,u=1,z,D)","p(y=0|x,z,D)","p(y=1|x,z,D)","H[p(u|z,D)]","H[p(y|x,u=0,z,D)]","H[p(y|x,u=1,z,D)]","H[p(y|x,D)]",Va,Ve,kl_pyx_pyxz,kl_pyxz_pyx
-0.9,1.6,x1 = -0.9; x2 = 1.6,-0.9,1.6,x1 = -0.9; x2 = 1.6,0.4519681495801068,0.5480318504198932,0.4524200676584894,0.5475799323415105,0.9662505191843078,0.03374948081569208,0.038435844487124005,0.9615641555128759,0.45819782238816326,0.5418021776118365,0.99346,0.21286,0.23507,0.99333,0.22502,0.76831,7.822074975358771e-05,7.827961569838258e-05
