z_x1,z_x2,z_note,x_x1,x_x2,x_note,"p(y=0|x,D)","p(y=1|x,D)","p(u=0|z,D)","p(u=1|z,D)","p(y=0|x,u=0,z,D)","p(y=1|x,u=0,z,D)","p(y=0|x,u=1,z,D)","p(y=1|x,u=1,z,D)","p(y=0|x,z,D)","p(y=1|x,z,D)","H[p(u|z,D)]","H[p(y|x,u=0,z,D)]","H[p(y|x,u=1,z,D)]","H[p(y|x,D)]",Va,Ve,kl_pyx_pyxz,kl_pyxz_pyx
-1.3,1.2,x1 = -1.3; x2 = 1.2,-1.3,1.2,x1 = -1.3; x2 = 1.2,0.530138205030592,0.46986179496940794,0.5301139785878624,0.46988602141213764,0.9610308784761837,0.03896912152381609,0.04767699416238831,0.9523230058376116,0.5318586556346526,0.46814134436534727,0.99738,0.23755,0.27645,0.99738,0.25583,0.74155,5.94317233703354e-06,5.942323915775162e-06
