z_x1,z_x2,z_note,x_x1,x_x2,x_note,"p(y=0|x,D)","p(y=1|x,D)","p(u=0|z,D)","p(u=1|z,D)","p(y=0|x,u=0,z,D)","p(y=1|x,u=0,z,D)","p(y=0|x,u=1,z,D)","p(y=1|x,u=1,z,D)","p(y=0|x,z,D)","p(y=1|x,z,D)","H[p(u|z,D)]","H[p(y|x,u=0,z,D)]","H[p(y|x,u=1,z,D)]","H[p(y|x,D)]",Va,Ve,kl_pyx_pyxz,kl_pyxz_pyx
1.5,1.8,x1 = 1.5; x2 = 1.8,1.5,1.8,x1 = 1.5; x2 = 1.8,0.4290089877782046,0.5709910122217953,0.4376081815324683,0.5623918184675316,0.9665777133260851,0.03342228667391477,0.04272343799367222,0.9572765620063277,0.4470096274228857,0.5529903725771141,0.98874,0.21127,0.25464,0.98541,0.23566,0.74975,0.0006572447254176994,0.0006592345784803694
