z_x1,z_x2,z_note,x_x1,x_x2,x_note,"p(y=0|x,D)","p(y=1|x,D)","p(u=0|z,D)","p(u=1|z,D)","p(y=0|x,u=0,z,D)","p(y=1|x,u=0,z,D)","p(y=0|x,u=1,z,D)","p(y=1|x,u=1,z,D)","p(y=0|x,z,D)","p(y=1|x,z,D)","H[p(u|z,D)]","Var[p(u|z,D)]","H[p(y|x,u=0,z,D)]","H[p(y|x,u=1,z,D)]","Var[p(y|x,u=0,z,D)]","Var[p(y|x,u=1,z,D)]","H[p(y|x,D)]","Var[p(y|x,D)]",Va,Ve,Va_variance,Ve_variance,kl_pyx_pyxz,kl_pyxz_pyx,api_calls
-0.19,-2.1,x1 = -0.19; x2 = -2.1,-0.2,-2.1,x1 = -0.2; x2 = -2.1,0.8102496101556118,0.18975038984438833,0.7777805446507742,0.22221945534922596,0.918787846103824,0.08121215389617588,0.2883508269857187,0.7116491730142813,0.7786924750834092,0.22130752491659084,0.7642,0.17284,0.40644,0.86658,0.07462,0.2052,0.70095,0.15375,0.50869,0.19226,0.10364,0.05011,0.0029961900678655146,0.0031123226969057734,39440
-0.22,-2.11,x1 = -0.22; x2 = -2.11,-0.2,-2.1,x1 = -0.2; x2 = -2.1,0.8102496101556118,0.18975038984438833,0.8104562993036574,0.1895437006963426,0.9497076676807372,0.05029233231926282,0.28226103855729046,0.7177389614427094,0.8231973635793798,0.17680263642062016,0.70052,0.15362,0.28764,0.85851,0.04776,0.20259,0.70095,0.15375,0.39584,0.30510999999999994,0.07711,0.07664,0.0005652961524910266,0.0005550603893635878,39470
-0.22,-2.1,x1 = -0.22; x2 = -2.1,-0.2,-2.1,x1 = -0.2; x2 = -2.1,0.8102496101556118,0.18975038984438833,0.8113774842355712,0.18862251576442884,0.950443641377392,0.04955635862260816,0.18575402986039213,0.8142459701396078,0.8062059630741317,0.19379403692586838,0.69858,0.15304,0.28451,0.6925,0.0471,0.15125,0.70095,0.15375,0.36147,0.33947999999999995,0.06675,0.087,5.260711790199685e-05,5.2889906533129354e-05,39500
