z_x1,z_x2,z_note,x_x1,x_x2,x_note,"p(y=0|x,D)","p(y=1|x,D)","p(u=0|z,D)","p(u=1|z,D)","p(y=0|x,u=0,z,D)","p(y=1|x,u=0,z,D)","p(y=0|x,u=1,z,D)","p(y=1|x,u=1,z,D)","p(y=0|x,z,D)","p(y=1|x,z,D)","H[p(u|z,D)]","Var[p(u|z,D)]","H[p(y|x,u=0,z,D)]","H[p(y|x,u=1,z,D)]","Var[p(y|x,u=0,z,D)]","Var[p(y|x,u=1,z,D)]","H[p(y|x,D)]","Var[p(y|x,D)]",Va,Ve,Va_variance,Ve_variance,kl_pyx_pyxz,kl_pyxz_pyx,api_calls
1.99,-1.91,x1 = 1.99; x2 = -1.91,2.0,-1.9,x1 = 2.0; x2 = -1.9,0.25840903400849785,0.7415909659915021,0.17949037914780486,0.8205096208521951,0.719084409192543,0.28091559080745687,0.07255804139105884,0.927441958608941,0.18860330427680036,0.8113966957231995,0.67896,0.14727,0.8567,0.3754,0.202,0.06729,0.82434,0.19163,0.46179,0.36255,0.09147,0.10016,0.014659483127662118,0.013601861379763026,70340
2.0,-1.91,x1 = 2.0; x2 = -1.91,2.0,-1.9,x1 = 2.0; x2 = -1.9,0.25840903400849785,0.7415909659915021,0.23807960126017208,0.761920398739828,0.9018832918736134,0.09811670812638673,0.04281204001749482,0.957187959982505,0.2473393811134764,0.7526606188865236,0.79183,0.1814,0.463,0.25504,0.08849,0.04098,0.82434,0.19163,0.30455,0.51979,0.05229,0.13934,0.00032590053484465864,0.0003227691138273387,70370
2.01,-1.89,x1 = 2.01; x2 = -1.89,2.0,-1.9,x1 = 2.0; x2 = -1.9,0.25840903400849785,0.7415909659915021,0.22367503341194678,0.7763249665880532,0.7804388953515236,0.2195611046484763,0.0889364090485129,0.911063590951487,0.24360825077678305,0.7563917492232168,0.76682,0.17364,0.75937,0.43291,0.17135,0.08103,0.82434,0.19163,0.50593,0.31840999999999997,0.10123,0.0904,0.0005865448471842599,0.0005789268962082747,70400
