z_x1,z_x2,z_note,x_x1,x_x2,x_note,"p(y=0|x,D)","p(y=1|x,D)","p(u=0|z,D)","p(u=1|z,D)","p(y=0|x,u=0,z,D)","p(y=1|x,u=0,z,D)","p(y=0|x,u=1,z,D)","p(y=1|x,u=1,z,D)","p(y=0|x,z,D)","p(y=1|x,z,D)","H[p(u|z,D)]","Var[p(u|z,D)]","H[p(y|x,u=0,z,D)]","H[p(y|x,u=1,z,D)]","Var[p(y|x,u=0,z,D)]","Var[p(y|x,u=1,z,D)]","H[p(y|x,D)]","Var[p(y|x,D)]",Va,Ve,Va_variance,Ve_variance,kl_pyx_pyxz,kl_pyxz_pyx,api_calls
-2.59,0.11,x1 = -2.59; x2 = 0.11,-2.6,0.1,x1 = -2.6; x2 = 0.1,0.8980484166371794,0.10195158336282066,0.9066391134367171,0.09336088656328279,0.9709475857010886,0.029052414298911346,0.3228229416109552,0.6771770583890447,0.9104380943253215,0.08956190567467831,0.44759,0.08464,0.18962,0.90742,0.02821,0.21861,0.47515,0.09156,0.25663,0.21852,0.04599,0.04557,0.0009046681480105769,0.0008703995006991167,6940
-2.61,0.1,x1 = -2.61; x2 = 0.1,-2.6,0.1,x1 = -2.6; x2 = 0.1,0.8980484166371794,0.10195158336282066,0.9068803422635765,0.09311965773642336,0.9706778257582694,0.029322174241730576,0.1845947481440639,0.815405251855936,0.8974780386184402,0.10252196138155971,0.4468,0.08445,0.19098,0.69003,0.02846,0.15052,0.47515,0.09156,0.23745,0.23770000000000002,0.03983,0.051730000000000005,1.770800567251602e-06,1.7737210580941448e-06,6970
-2.59,0.08,x1 = -2.59; x2 = 0.08,-2.6,0.1,x1 = -2.6; x2 = 0.1,0.8980484166371794,0.10195158336282066,0.9070584049755857,0.09294159502441432,0.9687799458469616,0.031220054153038322,0.32873207202218896,0.6712679279778111,0.909292875561702,0.09070712443829779,0.44621,0.0843,0.20047,0.91363,0.03025,0.22067,0.47515,0.09156,0.26675,0.20840000000000003,0.04795,0.04361,0.0007396334159733755,0.000714335605232411,7000
