z_x1,z_x2,z_note,x_x1,x_x2,x_note,"p(y=0|x,D)","p(y=1|x,D)","p(u=0|z,D)","p(u=1|z,D)","p(y=0|x,u=0,z,D)","p(y=1|x,u=0,z,D)","p(y=0|x,u=1,z,D)","p(y=1|x,u=1,z,D)","p(y=0|x,z,D)","p(y=1|x,z,D)","H[p(u|z,D)]","Var[p(u|z,D)]","H[p(y|x,u=0,z,D)]","H[p(y|x,u=1,z,D)]","Var[p(y|x,u=0,z,D)]","Var[p(y|x,u=1,z,D)]","H[p(y|x,D)]","Var[p(y|x,D)]",Va,Ve,Va_variance,Ve_variance,kl_pyx_pyxz,kl_pyxz_pyx,api_calls
0.4,1.9,x1 = 0.4; x2 = 1.9,0.4,1.9,x1 = 0.4; x2 = 1.9,0.8288261797918816,0.17117382020811847,0.8288261797918816,0.17117382020811847,0.9548201571285361,0.04517984287146397,0.16307156171658996,0.8369284382834099,0.8192935254074613,0.18070647459253875,0.66038,0.14187,0.26556,0.64161,0.04314,0.13648,0.66038,0.14187,0.32993,0.33044999999999997,0.05912,0.08274999999999999,0.00031121904485273064,0.0003156725106020254,49840
0.41,1.9,x1 = 0.41; x2 = 1.9,0.4,1.9,x1 = 0.4; x2 = 1.9,0.8288261797918816,0.17117382020811847,0.8556810804383407,0.14431891956165946,0.9339522100458689,0.06604778995413119,0.34592924682611137,0.6540707531738886,0.8490893713165483,0.150910628683452,0.59544,0.12349,0.351,0.93038,0.06169,0.22626,0.66038,0.14187,0.43462,0.22575999999999996,0.08544,0.056429999999999994,0.0015470282206521725,0.0014954033179354828,49870
0.38,1.91,x1 = 0.38; x2 = 1.91,0.4,1.9,x1 = 0.4; x2 = 1.9,0.8288261797918816,0.17117382020811847,0.9010671924414438,0.09893280755855612,0.934830893685529,0.065169106314471,0.5033229003113541,0.49667709968864593,0.892140596417063,0.10785940358293694,0.4656,0.08915,0.34763,0.99997,0.06092,0.24999,0.66038,0.14187,0.41217,0.24821,0.07963,0.06223999999999999,0.018044180935586705,0.01585842587864899,49900
