z_x1,z_x2,z_note,x_x1,x_x2,x_note,"p(y=0|x,D)","p(y=1|x,D)","p(u=0|z,D)","p(u=1|z,D)","p(y=0|x,u=0,z,D)","p(y=1|x,u=0,z,D)","p(y=0|x,u=1,z,D)","p(y=1|x,u=1,z,D)","p(y=0|x,z,D)","p(y=1|x,z,D)","H[p(u|z,D)]","Var[p(u|z,D)]","H[p(y|x,u=0,z,D)]","H[p(y|x,u=1,z,D)]","Var[p(y|x,u=0,z,D)]","Var[p(y|x,u=1,z,D)]","H[p(y|x,D)]","Var[p(y|x,D)]",Va,Ve,Va_variance,Ve_variance,kl_pyx_pyxz,kl_pyxz_pyx,api_calls
-2.82,1.9,x1 = -2.82; x2 = 1.9,-2.8,1.9,x1 = -2.8; x2 = 1.9,0.7169865169365734,0.28301348306342655,0.7730831711309983,0.22691682886900164,0.96292137425764,0.03707862574236001,0.10118461749642145,0.8988153825035787,0.7673788020935262,0.23262119790647395,0.7726,0.17543,0.22873,0.47274,0.0357,0.09095,0.85952,0.20292,0.2841,0.5754199999999999,0.04824,0.15467999999999998,0.006793933543085703,0.0065099667686662754,5040
-2.8,1.9,x1 = -2.8; x2 = 1.9,-2.8,1.9,x1 = -2.8; x2 = 1.9,0.7169865169365734,0.28301348306342655,0.7169865169365734,0.28301348306342655,0.9707088093658364,0.029291190634163744,0.0666280640508068,0.9333719359491932,0.7148417686636512,0.2851582313363489,0.85952,0.20292,0.19082,0.35321,0.02843,0.06219,0.85952,0.20292,0.23678,0.62274,0.03798,0.16493999999999998,1.1300142678021853e-05,1.1317308792754225e-05,5070
-2.79,1.9,x1 = -2.79; x2 = 1.9,-2.8,1.9,x1 = -2.8; x2 = 1.9,0.7169865169365734,0.28301348306342655,0.7669349392883315,0.23306506071166866,0.957895789457044,0.04210421054295595,0.12633900775418835,0.8736609922458115,0.7640889576442683,0.2359110423557318,0.78332,0.17875,0.25186,0.54731,0.04033,0.11038,0.85952,0.20292,0.32072,0.5388,0.05666,0.14626,0.005899869619189674,0.005671642316618389,5100
