z_x1,z_x2,z_note,x_x1,x_x2,x_note,"p(y=0|x,D)","p(y=1|x,D)","p(u=0|z,D)","p(u=1|z,D)","p(y=0|x,u=0,z,D)","p(y=1|x,u=0,z,D)","p(y=0|x,u=1,z,D)","p(y=1|x,u=1,z,D)","p(y=0|x,z,D)","p(y=1|x,z,D)","H[p(u|z,D)]","Var[p(u|z,D)]","H[p(y|x,u=0,z,D)]","H[p(y|x,u=1,z,D)]","Var[p(y|x,u=0,z,D)]","Var[p(y|x,u=1,z,D)]","H[p(y|x,D)]","Var[p(y|x,D)]",Va,Ve,Va_variance,Ve_variance,kl_pyx_pyxz,kl_pyxz_pyx,api_calls
-2.01,0.3,x1 = -2.01; x2 = 0.3,-2.0,0.3,x1 = -2.0; x2 = 0.3,0.8668959421884799,0.13310405781152027,0.9091711684983382,0.09082883150166184,0.9620165766481966,0.037983423351803526,0.21008945696203982,0.7899105430379603,0.8937199149926928,0.10628008500730737,0.43923,0.08258,0.23297,0.74165,0.03654,0.16595,0.56589,0.11539,0.27917,0.28672000000000003,0.04829,0.0671,0.0035381676377602006,0.0033160755987667913,15440
-2.0,0.3,x1 = -2.0; x2 = 0.3,-2.0,0.3,x1 = -2.0; x2 = 0.3,0.8668959421884799,0.13310405781152027,0.8668959421884799,0.13310405781152027,0.9678582415482315,0.032141758451768504,0.10344300231518577,0.8965569976848142,0.8528010655721973,0.14719893442780296,0.56589,0.11539,0.20502,0.47982,0.03111,0.09274,0.56589,0.11539,0.2416,0.32428999999999997,0.03931,0.07608000000000001,0.0008132951224032181,0.0008364594661886861,15470
-1.99,0.29,x1 = -1.99; x2 = 0.29,-2.0,0.3,x1 = -2.0; x2 = 0.3,0.8668959421884799,0.13310405781152027,0.9294946742912703,0.07050532570872958,0.9262185639758161,0.07378143602418383,0.5210461137972091,0.478953886202791,0.8976517484077693,0.10234825159223053,0.36781,0.06553,0.37988,0.99872,0.06834,0.24956,0.56589,0.11539,0.42351,0.14238,0.08112,0.03427000000000001,0.0047502910104468485,0.0044030434687870774,15500
