z_x1,z_x2,z_note,x_x1,x_x2,x_note,"p(y=0|x,D)","p(y=1|x,D)","p(u=0|z,D)","p(u=1|z,D)","p(y=0|x,u=0,z,D)","p(y=1|x,u=0,z,D)","p(y=0|x,u=1,z,D)","p(y=1|x,u=1,z,D)","p(y=0|x,z,D)","p(y=1|x,z,D)","H[p(u|z,D)]","Var[p(u|z,D)]","H[p(y|x,u=0,z,D)]","H[p(y|x,u=1,z,D)]","Var[p(y|x,u=0,z,D)]","Var[p(y|x,u=1,z,D)]","H[p(y|x,D)]","Var[p(y|x,D)]",Va,Ve,Va_variance,Ve_variance,kl_pyx_pyxz,kl_pyxz_pyx,api_calls
2.62,2.7,x1 = 2.62; x2 = 2.7,2.6,2.7,x1 = 2.6; x2 = 2.7,0.21597113146483907,0.7840288685351608,0.16207138265728155,0.8379286173427186,0.8773753552150818,0.12262464478491811,0.046934544577463815,0.9530654554225363,0.18152523497253628,0.818474765027464,0.63924,0.1358,0.53686,0.27323,0.10759,0.04473,0.75274,0.16933,0.31596,0.43677999999999995,0.05492,0.11441000000000001,0.0038143261598664324,0.0036517114100347303,81040
2.61,2.7,x1 = 2.61; x2 = 2.7,2.6,2.7,x1 = 2.6; x2 = 2.7,0.21597113146483907,0.7840288685351608,0.16085793461956005,0.8391420653804399,0.8790596424859961,0.12094035751400405,0.04551858540764937,0.9544814145923507,0.17960027826987704,0.820399721730123,0.63636,0.13498,0.53206,0.26705,0.10631,0.04345,0.75274,0.16933,0.30968,0.44305999999999995,0.05356,0.11577000000000001,0.004275009858129598,0.004081444189417527,81070
2.61,2.69,x1 = 2.61; x2 = 2.69,2.6,2.7,x1 = 2.6; x2 = 2.7,0.21597113146483907,0.7840288685351608,0.2040153383934226,0.7959846616065773,0.7937579180859775,0.2062420819140225,0.05070532065902268,0.9492946793409771,0.2022994477671945,0.7977005522328052,0.72989,0.16239,0.73424,0.28939,0.16371,0.04813,0.75274,0.16933,0.38015,0.37259,0.07171,0.09762000000000001,0.0005697406102613753,0.0005606775527132457,81100
