z_x1,z_x2,z_note,x_x1,x_x2,x_note,"p(y=0|x,D)","p(y=1|x,D)","p(u=0|z,D)","p(u=1|z,D)","p(y=0|x,u=0,z,D)","p(y=1|x,u=0,z,D)","p(y=0|x,u=1,z,D)","p(y=1|x,u=1,z,D)","p(y=0|x,z,D)","p(y=1|x,z,D)","H[p(u|z,D)]","Var[p(u|z,D)]","H[p(y|x,u=0,z,D)]","H[p(y|x,u=1,z,D)]","Var[p(y|x,u=0,z,D)]","Var[p(y|x,u=1,z,D)]","H[p(y|x,D)]","Var[p(y|x,D)]",Va,Ve,Va_variance,Ve_variance,kl_pyx_pyxz,kl_pyxz_pyx,api_calls
-2.0,-1.69,x1 = -2.0; x2 = -1.69,-2.0,-1.7,x1 = -2.0; x2 = -1.7,0.8682055519278931,0.131794448072107,0.8939980725823908,0.10600192741760928,0.9705152817042382,0.029484718295761842,0.1826811441093779,0.817318855890622,0.8870033446337932,0.11299665536620702,0.48774,0.09477,0.1918,0.68591,0.02862,0.14931,0.56234,0.11442,0.24418,0.31815999999999994,0.04141,0.07300999999999999,0.001684040536493063,0.001611316532610721,14440
-2.01,-1.71,x1 = -2.01; x2 = -1.71,-2.0,-1.7,x1 = -2.0; x2 = -1.7,0.8682055519278931,0.131794448072107,0.9028419281339073,0.0971580718660928,0.9708910044053181,0.029108995594682073,0.23530330148968712,0.7646966985103129,0.8994227215016272,0.10057727849837306,0.45992,0.08772,0.1899,0.78714,0.02826,0.17994,0.56234,0.11442,0.24793,0.31440999999999997,0.043,0.07142,0.004957248272318627,0.004584022514743807,14470
-2.0,-1.71,x1 = -2.0; x2 = -1.71,-2.0,-1.7,x1 = -2.0; x2 = -1.7,0.8682055519278931,0.131794448072107,0.886503027249096,0.11349697275090384,0.9744635332691892,0.025536466730810743,0.14056778303813489,0.8594322169618651,0.8798188900281206,0.12018110997187922,0.51037,0.10062,0.17149,0.58572,0.02488,0.12081,0.56234,0.11442,0.2185,0.3438399999999999,0.03577,0.07865,0.0006208475745036104,0.0006047222148708419,14500
