z_x1,z_x2,z_note,x_x1,x_x2,x_note,"p(y=0|x,D)","p(y=1|x,D)","p(u=0|z,D)","p(u=1|z,D)","p(y=0|x,u=0,z,D)","p(y=1|x,u=0,z,D)","p(y=0|x,u=1,z,D)","p(y=1|x,u=1,z,D)","p(y=0|x,z,D)","p(y=1|x,z,D)","H[p(u|z,D)]","Var[p(u|z,D)]","H[p(y|x,u=0,z,D)]","H[p(y|x,u=1,z,D)]","Var[p(y|x,u=0,z,D)]","Var[p(y|x,u=1,z,D)]","H[p(y|x,D)]","Var[p(y|x,D)]",Va,Ve,Va_variance,Ve_variance,kl_pyx_pyxz,kl_pyxz_pyx,api_calls
3.19,2.11,x1 = 3.19; x2 = 2.11,3.2,2.1,x1 = 3.2; x2 = 2.1,0.18152498511174409,0.8184750148882559,0.20170932530916738,0.7982906746908326,0.803079510758631,0.19692048924136887,0.04191561625832312,0.9580843837416768,0.1954494718676785,0.8045505281323214,0.72533,0.16102,0.71573,0.25101,0.15814,0.04016,0.6834,0.14857,0.34475,0.33865,0.06396,0.08461,0.0006280391077545192,0.0006400316850215804,89140
3.22,2.09,x1 = 3.22; x2 = 2.09,3.2,2.1,x1 = 3.2; x2 = 2.1,0.18152498511174409,0.8184750148882559,0.19228055981369407,0.8077194401863059,0.8051369474008535,0.19486305259914644,0.03790219171600319,0.9620978082839967,0.185426520047609,0.8145734799523909,0.70622,0.15531,0.71153,0.23259,0.15689,0.03647,0.6834,0.14857,0.32468,0.35872,0.05962,0.08895,5.0665431139680465e-05,5.094463900522962e-05,89170
3.22,2.1,x1 = 3.22; x2 = 2.1,3.2,2.1,x1 = 3.2; x2 = 2.1,0.18152498511174409,0.8184750148882559,0.15974563277450138,0.8402543672254985,0.8877953601100408,0.11220463988995913,0.045762104229681154,0.9542378957703189,0.18027323950746282,0.8197267604925371,0.6337,0.13423,0.50653,0.26811,0.09961,0.04367,0.6834,0.14857,0.3062,0.3772,0.05261,0.09596000000000002,5.291999864983276e-06,5.282497961945449e-06,89200
