z_x1,z_x2,z_note,x_x1,x_x2,x_note,"p(y=0|x,D)","p(y=1|x,D)","p(u=0|z,D)","p(u=1|z,D)","p(y=0|x,u=0,z,D)","p(y=1|x,u=0,z,D)","p(y=0|x,u=1,z,D)","p(y=1|x,u=1,z,D)","p(y=0|x,z,D)","p(y=1|x,z,D)","H[p(u|z,D)]","Var[p(u|z,D)]","H[p(y|x,u=0,z,D)]","H[p(y|x,u=1,z,D)]","Var[p(y|x,u=0,z,D)]","Var[p(y|x,u=1,z,D)]","H[p(y|x,D)]","Var[p(y|x,D)]",Va,Ve,Va_variance,Ve_variance,kl_pyx_pyxz,kl_pyxz_pyx,api_calls
-0.8,-1.9,x1 = -0.8; x2 = -1.9,-0.8,-1.9,x1 = -0.8; x2 = -1.9,0.9154941366410283,0.08450586335897184,0.9154941366410283,0.08450586335897184,0.9723218170364991,0.027678182963500796,0.2467235030812564,0.7532764969187437,0.9110045050638972,0.0889954949361029,0.41786,0.07736,0.18261,0.80604,0.02691,0.18585,0.41786,0.07736,0.23529,0.18257,0.04034,0.03702,0.000126244835772899,0.00012823172945089934,31140
-0.8,-1.89,x1 = -0.8; x2 = -1.89,-0.8,-1.9,x1 = -0.8; x2 = -1.9,0.9154941366410283,0.08450586335897184,0.9203634076645264,0.0796365923354735,0.9733153054035709,0.026684694596429227,0.4333472786246283,0.5666527213753716,0.9303140917807862,0.0696859082192139,0.4009,0.07329,0.17748,0.98714,0.02597,0.24556,0.41786,0.07736,0.24196,0.1759,0.04346,0.0339,0.0015933753410782882,0.0015022332467127947,31170
-0.81,-1.9,x1 = -0.81; x2 = -1.9,-0.8,-1.9,x1 = -0.8; x2 = -1.9,0.9154941366410283,0.08450586335897184,0.9219931815390467,0.07800681846095332,0.9702549970154873,0.02974500298451253,0.4344956232578093,0.5655043767421907,0.9284621128080182,0.07153788719198177,0.39512,0.07192,0.19311,0.98758,0.02886,0.24571,0.41786,0.07736,0.25508,0.16278000000000004,0.04578,0.03158,0.0012011575127626462,0.001141628455260852,31200
