z_x1,z_x2,z_note,x_x1,x_x2,x_note,"p(y=0|x,D)","p(y=1|x,D)","p(u=0|z,D)","p(u=1|z,D)","p(y=0|x,u=0,z,D)","p(y=1|x,u=0,z,D)","p(y=0|x,u=1,z,D)","p(y=1|x,u=1,z,D)","p(y=0|x,z,D)","p(y=1|x,z,D)","H[p(u|z,D)]","Var[p(u|z,D)]","H[p(y|x,u=0,z,D)]","H[p(y|x,u=1,z,D)]","Var[p(y|x,u=0,z,D)]","Var[p(y|x,u=1,z,D)]","H[p(y|x,D)]","Var[p(y|x,D)]",Va,Ve,Va_variance,Ve_variance,kl_pyx_pyxz,kl_pyxz_pyx,api_calls
3.0,-1.7,x1 = 3.0; x2 = -1.7,3.0,-1.7,x1 = 3.0; x2 = -1.7,0.19469855240886133,0.8053014475911388,0.19469855240886133,0.8053014475911388,0.9298398491377631,0.07016015086223695,0.03304683643666566,0.9669531635633344,0.20765113781995093,0.7923488621800492,0.7112,0.15679,0.36652,0.20945,0.06524,0.03195,0.7112,0.15679,0.24003,0.4711700000000001,0.03843,0.11836000000000002,0.0005179373834117845,0.0005263242893209022,84440
3.01,-1.71,x1 = 3.01; x2 = -1.71,3.0,-1.7,x1 = 3.0; x2 = -1.7,0.19469855240886133,0.8053014475911388,0.19241696132101643,0.8075830386789835,0.845075308922058,0.15492469107794193,0.04786602678127209,0.952133973218728,0.20126261438771095,0.798737385612289,0.7065,0.15539,0.62203,0.27726,0.13092,0.04557,0.7112,0.15679,0.3436,0.36760000000000004,0.06199,0.09480000000000001,0.0001351228724641015,0.00013625238913876105,84470
2.98,-1.71,x1 = 2.98; x2 = -1.71,3.0,-1.7,x1 = 3.0; x2 = -1.7,0.19469855240886133,0.8053014475911388,0.1878525998763699,0.8121474001236301,0.7040152345756732,0.29598476542432695,0.07258000764243858,0.9274199923575613,0.19119675667537234,0.8088032433246276,0.69696,0.15256,0.87633,0.37548,0.20838,0.06731,0.7112,0.15679,0.46957,0.24163000000000007,0.09381,0.06298000000000001,3.9465594209722905e-05,3.928433342226907e-05,84500
