z_x1,z_x2,z_note,x_x1,x_x2,x_note,"p(y=0|x,D)","p(y=1|x,D)","p(u=0|z,D)","p(u=1|z,D)","p(y=0|x,u=0,z,D)","p(y=1|x,u=0,z,D)","p(y=0|x,u=1,z,D)","p(y=1|x,u=1,z,D)","p(y=0|x,z,D)","p(y=1|x,z,D)","H[p(u|z,D)]","Var[p(u|z,D)]","H[p(y|x,u=0,z,D)]","H[p(y|x,u=1,z,D)]","Var[p(y|x,u=0,z,D)]","Var[p(y|x,u=1,z,D)]","H[p(y|x,D)]","Var[p(y|x,D)]",Va,Ve,Va_variance,Ve_variance,kl_pyx_pyxz,kl_pyxz_pyx,api_calls
-1.8,0.7,x1 = -1.8; x2 = 0.7,-1.8,0.7,x1 = -1.8; x2 = 0.7,0.8820403003962168,0.1179596996037832,0.8820403003962168,0.1179596996037832,0.965134935286432,0.034865064713567755,0.17826588340368163,0.8217341165963183,0.8723160982988291,0.12768390170117072,0.52347,0.10405,0.21823,0.67627,0.03365,0.14649,0.52347,0.10405,0.27226,0.25121,0.04696,0.05709,0.000434065579867823,0.000444035169907717,18440
-1.81,0.69,x1 = -1.81; x2 = 0.69,-1.8,0.7,x1 = -1.8; x2 = 0.7,0.8820403003962168,0.1179596996037832,0.9232849736540855,0.0767150263459144,0.9417420006863116,0.058257999313688455,0.49360952060789154,0.5063904793921086,0.9073635056706356,0.09263649432936441,0.3905,0.07083,0.32049,0.99988,0.05486,0.24996,0.52347,0.10405,0.37261,0.15086,0.06983,0.03422,0.0035396209614769643,0.003296764910127852,18470
-1.81,0.7,x1 = -1.81; x2 = 0.7,-1.8,0.7,x1 = -1.8; x2 = 0.7,0.8820403003962168,0.1179596996037832,0.8970537073693585,0.1029462926306415,0.9660574178484108,0.033942582151589386,0.3800404628880921,0.6199595371119079,0.9057291449165484,0.0942708550834518,0.47827,0.09235,0.21379,0.95807,0.03279,0.23561,0.52347,0.10405,0.29041,0.23306,0.05367,0.05038,0.0030668156839075665,0.0028713503254836903,18500
