z_x1,z_x2,z_note,x_x1,x_x2,x_note,"p(y=0|x,D)","p(y=1|x,D)","p(u=0|z,D)","p(u=1|z,D)","p(y=0|x,u=0,z,D)","p(y=1|x,u=0,z,D)","p(y=0|x,u=1,z,D)","p(y=1|x,u=1,z,D)","p(y=0|x,z,D)","p(y=1|x,z,D)","H[p(u|z,D)]","Var[p(u|z,D)]","H[p(y|x,u=0,z,D)]","H[p(y|x,u=1,z,D)]","Var[p(y|x,u=0,z,D)]","Var[p(y|x,u=1,z,D)]","H[p(y|x,D)]","Var[p(y|x,D)]",Va,Ve,Va_variance,Ve_variance,kl_pyx_pyxz,kl_pyxz_pyx,api_calls
1.19,1.3,x1 = 1.19; x2 = 1.3,1.2,1.3,x1 = 1.2; x2 = 1.3,0.5421485784205377,0.45785142157946235,0.5064710583647896,0.49352894163521055,0.7569273349696375,0.2430726650303626,0.1805387954281989,0.819461204571801,0.47246290907908667,0.5275370909209134,0.99988,0.24996,0.80011,0.68125,0.18399,0.14794,0.99487,0.24822,0.74145,0.25342,0.1662,0.08202000000000001,0.009723412145892063,0.00973668050643517,60740
1.21,1.3,x1 = 1.21; x2 = 1.3,1.2,1.3,x1 = 1.2; x2 = 1.3,0.5421485784205377,0.45785142157946235,0.5213050535763014,0.4786949464236986,0.7726426308676185,0.2273573691323815,0.13812375143882102,0.8618762485611787,0.468901649874625,0.5310983501253749,0.99869,0.24955,0.77338,0.5793,0.17567,0.11905,0.99487,0.24822,0.68047,0.3144,0.14857,0.09964999999999999,0.010744972368649158,0.01075663021912103,60770
1.2,1.29,x1 = 1.2; x2 = 1.29,1.2,1.3,x1 = 1.2; x2 = 1.3,0.5421485784205377,0.45785142157946235,0.5175935274297317,0.48240647257026825,0.7717174585745825,0.22828254142541735,0.21078240949418786,0.7892175905058122,0.501118760206679,0.4988812397933209,0.99911,0.24969,0.77501,0.74298,0.17617,0.16635,0.99487,0.24822,0.75956,0.23531000000000002,0.17143,0.07679,0.0033711116121881643,0.003379127253136209,60800
