z_x1,z_x2,z_note,x_x1,x_x2,x_note,"p(y=0|x,D)","p(y=1|x,D)","p(u=0|z,D)","p(u=1|z,D)","p(y=0|x,u=0,z,D)","p(y=1|x,u=0,z,D)","p(y=0|x,u=1,z,D)","p(y=1|x,u=1,z,D)","p(y=0|x,z,D)","p(y=1|x,z,D)","H[p(u|z,D)]","Var[p(u|z,D)]","H[p(y|x,u=0,z,D)]","H[p(y|x,u=1,z,D)]","Var[p(y|x,u=0,z,D)]","Var[p(y|x,u=1,z,D)]","H[p(y|x,D)]","Var[p(y|x,D)]",Va,Ve,Va_variance,Ve_variance,kl_pyx_pyxz,kl_pyxz_pyx,api_calls
3.19,-0.51,x1 = 3.19; x2 = -0.51,3.2,-0.5,x1 = 3.2; x2 = -0.5,0.145157274655715,0.854842725344285,0.1468572729820415,0.8531427270179585,0.7331377473220532,0.26686225267794683,0.052363680345468976,0.9476363196545309,0.1523403033385438,0.847659696661456,0.60192,0.12529,0.83693,0.29635,0.19565,0.04962,0.59759,0.12409,0.37574,0.22184999999999994,0.07107,0.05302000000000001,0.00020241912167950557,0.00020512652900134612,87840
3.2,-0.51,x1 = 3.2; x2 = -0.51,3.2,-0.5,x1 = 3.2; x2 = -0.5,0.145157274655715,0.854842725344285,0.14751987713254694,0.8524801228674532,0.8723621922153368,0.12763780778466313,0.045461679060299756,0.9545383209397003,0.16744594116177083,0.8325540588382293,0.6036,0.12576,0.55092,0.2668,0.11135,0.04339,0.59759,0.12409,0.30871,0.28887999999999997,0.05342,0.07067000000000001,0.0018497243056218755,0.0019229022423173543,87870
3.2,-0.5,x1 = 3.2; x2 = -0.5,3.2,-0.5,x1 = 3.2; x2 = -0.5,0.145157274655715,0.854842725344285,0.145157274655715,0.854842725344285,0.9083266565614707,0.09167334343852933,0.035454743459364065,0.9645452565406358,0.16215845148878597,0.837841548511214,0.59759,0.12409,0.44203,0.22105,0.08327,0.0342,0.59759,0.12409,0.25313,0.34445999999999993,0.04132,0.08277000000000001,0.0010954524587402162,0.001129060586815677,87900
