z_x1,z_x2,z_note,x_x1,x_x2,x_note,"p(y=0|x,D)","p(y=1|x,D)","p(u=0|z,D)","p(u=1|z,D)","p(y=0|x,u=0,z,D)","p(y=1|x,u=0,z,D)","p(y=0|x,u=1,z,D)","p(y=1|x,u=1,z,D)","p(y=0|x,z,D)","p(y=1|x,z,D)","H[p(u|z,D)]","Var[p(u|z,D)]","H[p(y|x,u=0,z,D)]","H[p(y|x,u=1,z,D)]","Var[p(y|x,u=0,z,D)]","Var[p(y|x,u=1,z,D)]","H[p(y|x,D)]","Var[p(y|x,D)]",Va,Ve,Va_variance,Ve_variance,kl_pyx_pyxz,kl_pyxz_pyx,api_calls
-2.8,-2.1,x1 = -2.8; x2 = -2.1,-2.8,-2.1,x1 = -2.8; x2 = -2.1,0.8372189615263919,0.16278103847360825,0.8372189615263919,0.16278103847360825,0.9704978898524308,0.029502110147569316,0.09531125694763062,0.9046887430523693,0.828034100889967,0.17196589911003324,0.64092,0.13628,0.19189,0.45395,0.02863,0.08623,0.64092,0.13628,0.23455,0.40637,0.03801,0.09827000000000001,0.00030052713492094603,0.00030495285341818924,3040
-2.79,-2.1,x1 = -2.79; x2 = -2.1,-2.8,-2.1,x1 = -2.8; x2 = -2.1,0.8372189615263919,0.16278103847360825,0.8410985589968691,0.15890144100313086,0.9680046865365304,0.03199531346346961,0.1901730226038289,0.8098269773961713,0.8444061142797611,0.1555938857202389,0.63167,0.13365,0.2043,0.70183,0.03097,0.15401,0.64092,0.13628,0.28336,0.35756000000000004,0.05052,0.08576,0.00019416898797669502,0.00019181401223095692,3070
-2.81,-2.1,x1 = -2.81; x2 = -2.1,-2.8,-2.1,x1 = -2.8; x2 = -2.1,0.8372189615263919,0.16278103847360825,0.8385266133207263,0.1614733866792737,0.9717826828217564,0.028217317178243585,0.17099864992267522,0.8290013500773249,0.8424773730308548,0.15752262696914518,0.63782,0.1354,0.18537,0.65998,0.02742,0.14176,0.64092,0.13628,0.26201,0.37891,0.04588,0.09040000000000001,0.00010325207319035901,0.00010234145820311145,3100
