z_x1,z_x2,z_note,x_x1,x_x2,x_note,"p(y=0|x,D)","p(y=1|x,D)","p(u=0|z,D)","p(u=1|z,D)","p(y=0|x,u=0,z,D)","p(y=1|x,u=0,z,D)","p(y=0|x,u=1,z,D)","p(y=1|x,u=1,z,D)","p(y=0|x,z,D)","p(y=1|x,z,D)","H[p(u|z,D)]","Var[p(u|z,D)]","H[p(y|x,u=0,z,D)]","H[p(y|x,u=1,z,D)]","Var[p(y|x,u=0,z,D)]","Var[p(y|x,u=1,z,D)]","H[p(y|x,D)]","Var[p(y|x,D)]",Va,Ve,Va_variance,Ve_variance,kl_pyx_pyxz,kl_pyxz_pyx,api_calls
0.8,-0.5,x1 = 0.8; x2 = -0.5,0.8,-0.5,x1 = 0.8; x2 = -0.5,0.40928151861563195,0.590718481384368,0.40928151861563195,0.590718481384368,0.7892883519933883,0.21071164800661174,0.13008437890739108,0.8699156210926088,0.3998843820894862,0.6001156179105137,0.97612,0.24177,0.74284,0.55767,0.16631,0.11316,0.97612,0.24177,0.63346,0.34265999999999996,0.13491,0.10686000000000001,0.00018352112074866353,0.0001830662531262829,54240
0.79,-0.5,x1 = 0.79; x2 = -0.5,0.8,-0.5,x1 = 0.8; x2 = -0.5,0.40928151861563195,0.590718481384368,0.34938314854092545,0.6506168514590746,0.5916702451084789,0.4083297548915209,0.33477259875152965,0.6652274012484704,0.4245283072884738,0.5754716927115262,0.93352,0.22731,0.97562,0.91973,0.2416,0.2227,0.97612,0.24177,0.93926,0.036860000000000004,0.2293,0.012470000000000009,0.0004773463772367748,0.00047900813658194666,54270
0.82,-0.51,x1 = 0.82; x2 = -0.51,0.8,-0.5,x1 = 0.8; x2 = -0.5,0.40928151861563195,0.590718481384368,0.39349636123657467,0.6065036387634253,0.5853449483770945,0.41465505162290556,0.2656849136299052,0.7343150863700948,0.3914699741356812,0.6085300258643188,0.96702,0.23866,0.97888,0.8352,0.24272,0.1951,0.97612,0.24177,0.89174,0.08438000000000001,0.21384,0.02793000000000001,0.0006624467282698374,0.0006591895531919724,54300
