z_x1,z_x2,z_note,x_x1,x_x2,x_note,"p(y=0|x,D)","p(y=1|x,D)","p(u=0|z,D)","p(u=1|z,D)","p(y=0|x,u=0,z,D)","p(y=1|x,u=0,z,D)","p(y=0|x,u=1,z,D)","p(y=1|x,u=1,z,D)","p(y=0|x,z,D)","p(y=1|x,z,D)","H[p(u|z,D)]","Var[p(u|z,D)]","H[p(y|x,u=0,z,D)]","H[p(y|x,u=1,z,D)]","Var[p(y|x,u=0,z,D)]","Var[p(y|x,u=1,z,D)]","H[p(y|x,D)]","Var[p(y|x,D)]",Va,Ve,Va_variance,Ve_variance,kl_pyx_pyxz,kl_pyxz_pyx,api_calls
2.0,2.71,x1 = 2.0; x2 = 2.71,2.0,2.7,x1 = 2.0; x2 = 2.7,0.1933518565872719,0.8066481434127282,0.1949550141062201,0.8050449858937799,0.8757894880000514,0.12421051199994868,0.0356264213337268,0.9643735786662733,0.19942042384718528,0.8005795761528149,0.71172,0.15695,0.54134,0.22187,0.10878,0.03436,0.70843,0.15597,0.28415,0.42428,0.04887,0.1071,0.00011623013055161134,0.00011713838653618427,72640
2.0,2.7,x1 = 2.0; x2 = 2.7,2.0,2.7,x1 = 2.0; x2 = 2.7,0.1933518565872719,0.8066481434127282,0.1933518565872719,0.8066481434127282,0.9150652199701975,0.08493478002980251,0.03799799860591691,0.9620020013940831,0.20758057420854034,0.7924194257914597,0.70843,0.15597,0.41933,0.23304,0.07772,0.03655,0.70843,0.15597,0.26906,0.43937,0.04451,0.11146,0.0006261859003681494,0.0006373909765790744,72670
2.01,2.71,x1 = 2.01; x2 = 2.71,2.0,2.7,x1 = 2.0; x2 = 2.7,0.1933518565872719,0.8066481434127282,0.17574215195242512,0.824257848047575,0.7971647274009983,0.20283527259900164,0.039356928868091834,0.9606430711319082,0.17253570214859465,0.8274642978514054,0.67067,0.14486,0.72756,0.23934,0.16169,0.03781,0.70843,0.15597,0.32514,0.38329,0.05958,0.09639,0.0014721148684019407,0.0014293621038774518,72700
