z_x1,z_x2,z_note,x_x1,x_x2,x_note,"p(y=0|x,D)","p(y=1|x,D)","p(u=0|z,D)","p(u=1|z,D)","p(y=0|x,u=0,z,D)","p(y=1|x,u=0,z,D)","p(y=0|x,u=1,z,D)","p(y=1|x,u=1,z,D)","p(y=0|x,z,D)","p(y=1|x,z,D)","H[p(u|z,D)]","Var[p(u|z,D)]","H[p(y|x,u=0,z,D)]","H[p(y|x,u=1,z,D)]","Var[p(y|x,u=0,z,D)]","Var[p(y|x,u=1,z,D)]","H[p(y|x,D)]","Var[p(y|x,D)]",Va,Ve,Va_variance,Ve_variance,kl_pyx_pyxz,kl_pyxz_pyx,api_calls
3.4,-1.9,x1 = 3.4; x2 = -1.9,3.4,-1.9,x1 = 3.4; x2 = -1.9,0.21317359062007105,0.786826409379929,0.21317359062007105,0.786826409379929,0.943400848844092,0.05659915115590802,0.035492659386249,0.964507340613751,0.22903470808634513,0.7709652919136549,0.74751,0.16773,0.31379,0.22123,0.0534,0.03423,0.74751,0.16773,0.24096,0.5065500000000001,0.03832,0.12941,0.0007243916540382849,0.000736909569352906,89940
3.4,-1.89,x1 = 3.4; x2 = -1.89,3.4,-1.9,x1 = 3.4; x2 = -1.9,0.21317359062007105,0.786826409379929,0.21593216553712108,0.7840678344628789,0.9044489076770287,0.09555109232297135,0.04988891271868627,0.9501110872813137,0.2344159030114324,0.7655840969885674,0.75267,0.16931,0.45473,0.28592,0.08642,0.0474,0.74751,0.16773,0.32237,0.42514,0.05583,0.1119,0.0012849462336018101,0.00131423488648914,89970
3.39,-1.9,x1 = 3.39; x2 = -1.9,3.4,-1.9,x1 = 3.4; x2 = -1.9,0.21317359062007105,0.786826409379929,0.19271475378499586,0.8072852462150042,0.8675692014214949,0.13243079857850507,0.057793955132090694,0.9422060448679094,0.21384959234193762,0.7861504076580624,0.70712,0.15558,0.56407,0.31862,0.11489,0.05445,0.74751,0.16773,0.36592,0.38159,0.0661,0.10162999999999998,1.3601447408545563e-06,1.361190911162275e-06,90000
