z_x1,z_x2,z_note,x_x1,x_x2,x_note,"p(y=0|x,D)","p(y=1|x,D)","p(u=0|z,D)","p(u=1|z,D)","p(y=0|x,u=0,z,D)","p(y=1|x,u=0,z,D)","p(y=0|x,u=1,z,D)","p(y=1|x,u=1,z,D)","p(y=0|x,z,D)","p(y=1|x,z,D)","H[p(u|z,D)]","Var[p(u|z,D)]","H[p(y|x,u=0,z,D)]","H[p(y|x,u=1,z,D)]","Var[p(y|x,u=0,z,D)]","Var[p(y|x,u=1,z,D)]","H[p(y|x,D)]","Var[p(y|x,D)]",Va,Ve,Va_variance,Ve_variance,kl_pyx_pyxz,kl_pyxz_pyx,api_calls
3.41,-0.91,x1 = 3.41; x2 = -0.91,3.4,-0.9,x1 = 3.4; x2 = -0.9,0.1527637942353232,0.8472362057646767,0.1604431610813707,0.8395568389186293,0.8114144594793743,0.18858554052062565,0.047990607324252844,0.9520093926757471,0.17047674340893754,0.8295232565910625,0.63537,0.1347,0.6985,0.2778,0.15302,0.04569,0.61671,0.12943,0.3453,0.27141,0.06291,0.06652,0.0011416285423104487,0.0011758339725456528,90440
3.4,-0.89,x1 = 3.4; x2 = -0.89,3.4,-0.9,x1 = 3.4; x2 = -0.9,0.1527637942353232,0.8472362057646767,0.16780192408962014,0.8321980759103799,0.8252157265737315,0.17478427342626843,0.057348365317605586,0.9426516346823943,0.18619798598200293,0.8138020140179969,0.65265,0.13964,0.66853,0.31683,0.14423,0.05406,0.61671,0.12943,0.37585,0.24085999999999996,0.06919,0.06023999999999999,0.0038771279952741627,0.004086230041660879,90470
3.38,-0.9,x1 = 3.38; x2 = -0.9,3.4,-0.9,x1 = 3.4; x2 = -0.9,0.1527637942353232,0.8472362057646767,0.14284254226412846,0.8571574577358716,0.7873769835188928,0.21262301648110724,0.052830060080622174,0.9471699399193779,0.15775461003683888,0.8422453899631613,0.59164,0.12244,0.74647,0.2983,0.16741,0.05004,0.61671,0.12943,0.36232,0.25439,0.06681,0.06262,9.454980414006983e-05,9.538040812087905e-05,90500
