z_x1,z_x2,z_note,x_x1,x_x2,x_note,"p(y=0|x,D)","p(y=1|x,D)","p(u=0|z,D)","p(u=1|z,D)","p(y=0|x,u=0,z,D)","p(y=1|x,u=0,z,D)","p(y=0|x,u=1,z,D)","p(y=1|x,u=1,z,D)","p(y=0|x,z,D)","p(y=1|x,z,D)","H[p(u|z,D)]","Var[p(u|z,D)]","H[p(y|x,u=0,z,D)]","H[p(y|x,u=1,z,D)]","Var[p(y|x,u=0,z,D)]","Var[p(y|x,u=1,z,D)]","H[p(y|x,D)]","Var[p(y|x,D)]",Va,Ve,Va_variance,Ve_variance,kl_pyx_pyxz,kl_pyxz_pyx,api_calls
-0.99,1.7,x1 = -0.99; x2 = 1.7,-1.0,1.7,x1 = -1.0; x2 = 1.7,0.7881035309176884,0.21189646908231158,0.8059192855612979,0.19408071443870206,0.9080076631927895,0.09199233680721042,0.4139238669448585,0.5860761330551416,0.8121155270244049,0.18788447297559502,0.70993,0.15641,0.44309,0.97851,0.08353,0.24259,0.74509,0.167,0.547,0.19809,0.1144,0.05260000000000001,0.0018314405169862283,0.001777170443637715,30140
-1.0,1.7,x1 = -1.0; x2 = 1.7,-1.0,1.7,x1 = -1.0; x2 = 1.7,0.7881035309176884,0.21189646908231158,0.7881035309176884,0.21189646908231158,0.9540276070361813,0.04597239296381868,0.12158651814304919,0.8784134818569509,0.7776362795806918,0.22236372041930805,0.74509,0.167,0.26904,0.5339,0.04386,0.1068,0.74509,0.167,0.32516,0.41993,0.0572,0.10980000000000001,0.0003204523545348361,0.0003241961083415082,30170
-0.98,1.7,x1 = -0.98; x2 = 1.7,-1.0,1.7,x1 = -1.0; x2 = 1.7,0.7881035309176884,0.21189646908231158,0.8275038334706851,0.17249616652931493,0.9091120346341413,0.09088796536585884,0.4220195072016037,0.5779804927983963,0.8250904409069534,0.17490955909304673,0.66338,0.14274,0.43943,0.98238,0.08263,0.24392,0.74509,0.167,0.53309,0.21200000000000008,0.11045,0.05655,0.004502620528711351,0.0042888834309332755,30200
