z_x1,z_x2,z_note,x_x1,x_x2,x_note,"p(y=0|x,D)","p(y=1|x,D)","p(u=0|z,D)","p(u=1|z,D)","p(y=0|x,u=0,z,D)","p(y=1|x,u=0,z,D)","p(y=0|x,u=1,z,D)","p(y=1|x,u=1,z,D)","p(y=0|x,z,D)","p(y=1|x,z,D)","H[p(u|z,D)]","Var[p(u|z,D)]","H[p(y|x,u=0,z,D)]","H[p(y|x,u=1,z,D)]","Var[p(y|x,u=0,z,D)]","Var[p(y|x,u=1,z,D)]","H[p(y|x,D)]","Var[p(y|x,D)]",Va,Ve,Va_variance,Ve_variance,kl_pyx_pyxz,kl_pyxz_pyx,api_calls
-3.0,-1.5,x1 = -3.0; x2 = -1.5,-3.0,-1.5,x1 = -3.0; x2 = -1.5,0.8347011470929662,0.1652988529070339,0.8347011470929662,0.1652988529070339,0.973285059151449,0.026714940848551076,0.0919491628652923,0.9080508371347078,0.8276012464695548,0.17239875353044537,0.64684,0.13798,0.17764,0.44294,0.026,0.08349,0.64684,0.13798,0.22149,0.42535,0.0355,0.10247999999999999,0.00017861490854360375,0.00018062134679330735,540
-2.99,-1.49,x1 = -2.99; x2 = -1.49,-3.0,-1.5,x1 = -3.0; x2 = -1.5,0.8347011470929662,0.1652988529070339,0.8862520089077026,0.11374799109229743,0.9545107621687814,0.045489237831218596,0.27072618257837994,0.72927381742162,0.8767316399004821,0.12326836009951792,0.51112,0.10081,0.26692,0.8425,0.04342,0.19743,0.64684,0.13798,0.33239,0.31444999999999995,0.06094,0.07704,0.007490719193027934,0.006905501812386458,570
-3.01,-1.51,x1 = -3.01; x2 = -1.51,-3.0,-1.5,x1 = -3.0; x2 = -1.5,0.8347011470929662,0.1652988529070339,0.8828737887876217,0.11712621121237836,0.9679868120836244,0.03201318791637574,0.21815973062576693,0.7818402693742329,0.8801624069680302,0.11983759303196995,0.52104,0.10341,0.20439,0.75679,0.03099,0.17057,0.64684,0.13798,0.26909,0.37775,0.04734,0.09064,0.008896577652543598,0.008135497967364867,600
