z_x1,z_x2,z_note,x_x1,x_x2,x_note,"p(y=0|x,D)","p(y=1|x,D)","p(u=0|z,D)","p(u=1|z,D)","p(y=0|x,u=0,z,D)","p(y=1|x,u=0,z,D)","p(y=0|x,u=1,z,D)","p(y=1|x,u=1,z,D)","p(y=0|x,z,D)","p(y=1|x,z,D)","H[p(u|z,D)]","Var[p(u|z,D)]","H[p(y|x,u=0,z,D)]","H[p(y|x,u=1,z,D)]","Var[p(y|x,u=0,z,D)]","Var[p(y|x,u=1,z,D)]","H[p(y|x,D)]","Var[p(y|x,D)]",Va,Ve,Va_variance,Ve_variance,kl_pyx_pyxz,kl_pyxz_pyx,api_calls
-2.98,-2.5,x1 = -2.98; x2 = -2.5,-3.0,-2.5,x1 = -3.0; x2 = -2.5,0.8110107934927576,0.18898920650724224,0.8370026188466836,0.16299738115331655,0.9589528369402485,0.04104716305975164,0.1877821693753178,0.8122178306246823,0.83325403770491,0.16674596229509023,0.64143,0.13643,0.24707,0.69681,0.03936,0.15252,0.69935,0.15327,0.32038,0.37897000000000003,0.0578,0.09547,0.0017212513487854866,0.0016658527798816582,40
-2.99,-2.49,x1 = -2.99; x2 = -2.49,-3.0,-2.5,x1 = -3.0; x2 = -2.5,0.8110107934927576,0.18898920650724224,0.8230985289926261,0.1769014710073738,0.9563738231402927,0.04362617685970727,0.21790769122514903,0.7820923087748508,0.8257380781153785,0.1742619218846215,0.67325,0.14561,0.25868,0.75633,0.04172,0.17042,0.69935,0.15327,0.34672,0.35263000000000005,0.06449,0.08877999999999998,0.0007376133267444924,0.0007222538427966753,70
-2.98,-2.51,x1 = -2.98; x2 = -2.51,-3.0,-2.5,x1 = -3.0; x2 = -2.5,0.8110107934927576,0.18898920650724224,0.8351719921000751,0.16482800789992494,0.9576442300374286,0.04235576996257131,0.22464190019173422,0.7753580998082658,0.8368249162229591,0.16317508377704082,0.64574,0.13766,0.25299,0.76855,0.04056,0.17418,0.69935,0.15327,0.33797,0.36138000000000003,0.06258,0.09068999999999999,0.0023443053787052665,0.002255762324862798,100
