z_x1,z_x2,z_note,x_x1,x_x2,x_note,"p(y=0|x,D)","p(y=1|x,D)","p(u=0|z,D)","p(u=1|z,D)","p(y=0|x,u=0,z,D)","p(y=1|x,u=0,z,D)","p(y=0|x,u=1,z,D)","p(y=1|x,u=1,z,D)","p(y=0|x,z,D)","p(y=1|x,z,D)","H[p(u|z,D)]","Var[p(u|z,D)]","H[p(y|x,u=0,z,D)]","H[p(y|x,u=1,z,D)]","Var[p(y|x,u=0,z,D)]","Var[p(y|x,u=1,z,D)]","H[p(y|x,D)]","Var[p(y|x,D)]",Va,Ve,Va_variance,Ve_variance,kl_pyx_pyxz,kl_pyxz_pyx,api_calls
-1.61,1.5,x1 = -1.61; x2 = 1.5,-1.6,1.5,x1 = -1.6; x2 = 1.5,0.8166488744882396,0.1833511255117605,0.8353131292178426,0.16468687078215727,0.945827121040848,0.05417287895915189,0.2801931994419332,0.7198068005580667,0.8362059534062668,0.16379404659373298,0.64541,0.13757,0.30387,0.85571,0.05124,0.20168,0.68735,0.14973,0.39475,0.2926,0.07602,0.07371,0.0013541860224920085,0.0013145518082258965,21640
-1.62,1.51,x1 = -1.62; x2 = 1.51,-1.6,1.5,x1 = -1.6; x2 = 1.5,0.8166488744882396,0.1833511255117605,0.861661753700645,0.13833824629935493,0.9380147585674422,0.06198524143255776,0.32497496083664335,0.6750250391633565,0.8532079080376522,0.14679209196234771,0.57987,0.1192,0.33528,0.90971,0.05814,0.21937,0.68735,0.14973,0.41475,0.2726,0.08044,0.06929,0.005010341685621519,0.004720935092828955,21670
-1.6,1.5,x1 = -1.6; x2 = 1.5,-1.6,1.5,x1 = -1.6; x2 = 1.5,0.8166488744882396,0.1833511255117605,0.8166488744882396,0.1833511255117605,0.9591120606487697,0.04088793935123024,0.1814779598220692,0.8185220401779307,0.8165319730258686,0.18346802697413161,0.68735,0.14973,0.24635,0.6833,0.03922,0.14854,0.68735,0.14973,0.32647,0.36088000000000003,0.05926,0.09047,4.561921833949004e-08,4.562673436395463e-08,21700
