z_x1,z_x2,z_note,x_x1,x_x2,x_note,"p(y=0|x,D)","p(y=1|x,D)","p(u=0|z,D)","p(u=1|z,D)","p(y=0|x,u=0,z,D)","p(y=1|x,u=0,z,D)","p(y=0|x,u=1,z,D)","p(y=1|x,u=1,z,D)","p(y=0|x,z,D)","p(y=1|x,z,D)","H[p(u|z,D)]","Var[p(u|z,D)]","H[p(y|x,u=0,z,D)]","H[p(y|x,u=1,z,D)]","Var[p(y|x,u=0,z,D)]","Var[p(y|x,u=1,z,D)]","H[p(y|x,D)]","Var[p(y|x,D)]",Va,Ve,Va_variance,Ve_variance,kl_pyx_pyxz,kl_pyxz_pyx,api_calls
-0.8,-1.11,x1 = -0.8; x2 = -1.11,-0.8,-1.1,x1 = -0.8; x2 = -1.1,0.9305688668463095,0.06943113315369054,0.9266192141458569,0.07338078585414301,0.9710206250290371,0.028979374970963024,0.4874064450288538,0.5125935549711463,0.9355326364504165,0.06446736354958345,0.37842,0.068,0.18925,0.99954,0.02814,0.24984,0.3638,0.06461,0.24871,0.11509000000000003,0.04441,0.020200000000000003,0.00019956446957505435,0.00019503642604415394,31540
-0.8,-1.09,x1 = -0.8; x2 = -1.09,-0.8,-1.1,x1 = -0.8; x2 = -1.1,0.9305688668463095,0.06943113315369054,0.924359640017904,0.0756403599820961,0.9671494995802495,0.03285050041975045,0.5398493948301184,0.46015060516988154,0.9348283658365624,0.06517163416343774,0.38663,0.06992,0.20849,0.99541,0.03177,0.24841,0.3638,0.06461,0.26801,0.09578999999999999,0.04816,0.01645,0.00014597824022656233,0.00014314768541540037,31570
-0.79,-1.09,x1 = -0.79; x2 = -1.09,-0.8,-1.1,x1 = -0.8; x2 = -1.1,0.9305688668463095,0.06943113315369054,0.9150834982950073,0.08491650170499279,0.9661630598476254,0.0338369401523747,0.6066387154679871,0.393361284532013,0.9356335102451255,0.06436648975487468,0.41927,0.07771,0.21328,0.96693,0.03269,0.23863,0.3638,0.06461,0.27728,0.08651999999999999,0.05018,0.014429999999999998,0.0002079571244119503,0.0002031399102248319,31600
