z_x1,z_x2,z_note,x_x1,x_x2,x_note,"p(y=0|x,D)","p(y=1|x,D)","p(u=0|z,D)","p(u=1|z,D)","p(y=0|x,u=0,z,D)","p(y=1|x,u=0,z,D)","p(y=0|x,u=1,z,D)","p(y=1|x,u=1,z,D)","p(y=0|x,z,D)","p(y=1|x,z,D)","H[p(u|z,D)]","Var[p(u|z,D)]","H[p(y|x,u=0,z,D)]","H[p(y|x,u=1,z,D)]","Var[p(y|x,u=0,z,D)]","Var[p(y|x,u=1,z,D)]","H[p(y|x,D)]","Var[p(y|x,D)]",Va,Ve,Va_variance,Ve_variance,kl_pyx_pyxz,kl_pyxz_pyx,api_calls
1.19,-0.3,x1 = 1.19; x2 = -0.3,1.2,-0.3,x1 = 1.2; x2 = -0.3,0.20674359083814697,0.793256409161853,0.1901939838178071,0.8098060161821928,0.3468714979163566,0.6531285020836435,0.13752934500267838,0.8624706549973217,0.17734496304632738,0.8226550369536726,0.70188,0.15402,0.93124,0.57773,0.22655,0.11862,0.73521,0.164,0.64497,0.09023999999999999,0.13915,0.02485000000000001,0.0028439026589674975,0.0027351632457312015,59940
1.2,-0.3,x1 = 1.2; x2 = -0.3,1.2,-0.3,x1 = 1.2; x2 = -0.3,0.20674359083814697,0.793256409161853,0.20674359083814697,0.793256409161853,0.7010305748531209,0.29896942514687913,0.06507135510513162,0.9349286448948684,0.1965518478224571,0.803448152177543,0.73521,0.164,0.88003,0.34726,0.20959,0.06084,0.73521,0.164,0.45741,0.27780000000000005,0.09159,0.07241,0.00032469864643442335,0.0003206346360861718,59970
1.19,-0.29,x1 = 1.19; x2 = -0.29,1.2,-0.3,x1 = 1.2; x2 = -0.3,0.20674359083814697,0.793256409161853,0.22506189604812246,0.7749381039518775,0.2843361710329869,0.7156638289670132,0.1530152549798794,0.8469847450201206,0.1825705893375681,0.8174294106624318,0.7693,0.17441,0.86129,0.61733,0.20349,0.1296,0.73521,0.164,0.67224,0.06297000000000008,0.14623,0.017770000000000008,0.0018949999626769742,0.0018363562944887675,60000
