z_x1,z_x2,z_note,x_x1,x_x2,x_note,"p(y=0|x,D)","p(y=1|x,D)","p(u=0|z,D)","p(u=1|z,D)","p(y=0|x,u=0,z,D)","p(y=1|x,u=0,z,D)","p(y=0|x,u=1,z,D)","p(y=1|x,u=1,z,D)","p(y=0|x,z,D)","p(y=1|x,z,D)","H[p(u|z,D)]","Var[p(u|z,D)]","H[p(y|x,u=0,z,D)]","H[p(y|x,u=1,z,D)]","Var[p(y|x,u=0,z,D)]","Var[p(y|x,u=1,z,D)]","H[p(y|x,D)]","Var[p(y|x,D)]",Va,Ve,Va_variance,Ve_variance,kl_pyx_pyxz,kl_pyxz_pyx,api_calls
1.78,2.3,x1 = 1.78; x2 = 2.3,1.8,2.3,x1 = 1.8; x2 = 2.3,0.1495506695512401,0.8504493304487599,0.1337707436789149,0.8662292563210852,0.6981333431099613,0.30186665689003866,0.052451640120969936,0.9475483598790302,0.13882496170967557,0.8611750382903246,0.56769,0.11588,0.88356,0.29672,0.21074,0.0497,0.60871,0.12719,0.37522,0.23348999999999998,0.07124,0.05595,0.0004711329570380677,0.0004615138599934152,69640
1.81,2.29,x1 = 1.81; x2 = 2.29,1.8,2.3,x1 = 1.8; x2 = 2.3,0.1495506695512401,0.8504493304487599,0.17734196126759336,0.8226580387324066,0.7112450648471605,0.2887549351528395,0.04784416613931218,0.9521558338606877,0.16549298262284604,0.8345070173771538,0.67423,0.14589,0.86711,0.27717,0.20538,0.04556,0.60871,0.12719,0.38179,0.22691999999999996,0.0739,0.053290000000000004,0.0009451171170734955,0.0009714233195670247,69670
1.8,2.31,x1 = 1.8; x2 = 2.31,1.8,2.3,x1 = 1.8; x2 = 2.3,0.1495506695512401,0.8504493304487599,0.17815790466167927,0.8218420953383208,0.8122468954301313,0.1877531045698687,0.038011795904079985,0.9619882040959199,0.175947898951168,0.824052101048832,0.67603,0.14642,0.69675,0.2331,0.1525,0.03657,0.60871,0.12719,0.3157,0.29301,0.05722,0.06997,0.0025057237303452197,0.002617549194969513,69700
