z_x1,z_x2,z_note,x_x1,x_x2,x_note,"p(y=0|x,D)","p(y=1|x,D)","p(u=0|z,D)","p(u=1|z,D)","p(y=0|x,u=0,z,D)","p(y=1|x,u=0,z,D)","p(y=0|x,u=1,z,D)","p(y=1|x,u=1,z,D)","p(y=0|x,z,D)","p(y=1|x,z,D)","H[p(u|z,D)]","Var[p(u|z,D)]","H[p(y|x,u=0,z,D)]","H[p(y|x,u=1,z,D)]","Var[p(y|x,u=0,z,D)]","Var[p(y|x,u=1,z,D)]","H[p(y|x,D)]","Var[p(y|x,D)]",Va,Ve,Va_variance,Ve_variance,kl_pyx_pyxz,kl_pyxz_pyx,api_calls
1.19,0.11,x1 = 1.19; x2 = 0.11,1.2,0.1,x1 = 1.2; x2 = 0.1,0.6354499562599119,0.3645500437400881,0.5931342490431982,0.4068657509568018,0.6781842882758493,0.3218157117241506,0.4843069193723409,0.5156930806276592,0.5993022269833945,0.4006977730166055,0.97483,0.24133,0.90635,0.99929,0.21825,0.24975,0.9464,0.23165,0.94416,0.0022400000000000198,0.23107,0.0005799999999999972,0.0027507169262624906,0.0027838959081909753,60140
1.2,0.11,x1 = 1.2; x2 = 0.11,1.2,0.1,x1 = 1.2; x2 = 0.1,0.6354499562599119,0.3645500437400881,0.6364321373819957,0.3635678626180042,0.7483042788884264,0.25169572111157346,0.2810703990564652,0.7189296009435348,0.5784330558552028,0.421566944144797,0.9456,0.23139,0.81395,0.85691,0.18834,0.20207,0.9464,0.23165,0.82957,0.11682999999999999,0.19333,0.03831999999999999,0.006764482046754006,0.006881103205980843,60170
1.2,0.1,x1 = 1.2; x2 = 0.1,1.2,0.1,x1 = 1.2; x2 = 0.1,0.6354499562599119,0.3645500437400881,0.6354499562599119,0.3645500437400881,0.823083181118655,0.1769168188813451,0.13212512719709696,0.867874872802903,0.5711943923389847,0.42880560766101516,0.9464,0.23165,0.67329,0.56324,0.14562,0.11467,0.9464,0.23165,0.63317,0.31323,0.13434,0.09731000000000001,0.008560346490084678,0.008720776052902043,60200
