z_x1,z_x2,z_note,x_x1,x_x2,x_note,"p(y=0|x,D)","p(y=1|x,D)","p(u=0|z,D)","p(u=1|z,D)","p(y=0|x,u=0,z,D)","p(y=1|x,u=0,z,D)","p(y=0|x,u=1,z,D)","p(y=1|x,u=1,z,D)","p(y=0|x,z,D)","p(y=1|x,z,D)","H[p(u|z,D)]","Var[p(u|z,D)]","H[p(y|x,u=0,z,D)]","H[p(y|x,u=1,z,D)]","Var[p(y|x,u=0,z,D)]","Var[p(y|x,u=1,z,D)]","H[p(y|x,D)]","Var[p(y|x,D)]",Va,Ve,Va_variance,Ve_variance,kl_pyx_pyxz,kl_pyxz_pyx,api_calls
2.6,0.9,x1 = 2.6; x2 = 0.9,2.6,0.9,x1 = 2.6; x2 = 0.9,0.11303990763758875,0.8869600923624112,0.11303990763758875,0.8869600923624112,0.8669788088894365,0.13302119111056357,0.037522787225802975,0.962477212774197,0.13128441930410192,0.868715580695898,0.50902,0.10026,0.56567,0.23082,0.11533,0.03611,0.50902,0.10026,0.26867,0.24035,0.04507,0.05519,0.0015211499017243162,0.0015878864020960684,80140
2.59,0.9,x1 = 2.59; x2 = 0.9,2.6,0.9,x1 = 2.6; x2 = 0.9,0.11303990763758875,0.8869600923624112,0.11015548076405476,0.8898445192359452,0.6690687496739178,0.3309312503260821,0.051137572870470785,0.9488624271295292,0.1192060787303526,0.8807939212696473,0.50038,0.09802,0.91587,0.29121,0.22142,0.04852,0.50902,0.10026,0.36002,0.14900000000000002,0.06757,0.03269,0.0001838354661066405,0.00018668441297468343,80170
2.61,0.9,x1 = 2.61; x2 = 0.9,2.6,0.9,x1 = 2.6; x2 = 0.9,0.11303990763758875,0.8869600923624112,0.10710333274890627,0.8928966672510938,0.7244076676676442,0.2755923323323558,0.04291591691331818,0.9570840830866818,0.11590595465999345,0.8840940453400067,0.49112,0.09563,0.84938,0.25551,0.19964,0.04107,0.50902,0.10026,0.31912,0.1899,0.05805,0.042210000000000004,4.037115764243208e-05,4.0665610509648537e-05,80200
