z_x1,z_x2,z_note,x_x1,x_x2,x_note,"p(y=0|x,D)","p(y=1|x,D)","p(u=0|z,D)","p(u=1|z,D)","p(y=0|x,u=0,z,D)","p(y=1|x,u=0,z,D)","p(y=0|x,u=1,z,D)","p(y=1|x,u=1,z,D)","p(y=0|x,z,D)","p(y=1|x,z,D)","H[p(u|z,D)]","Var[p(u|z,D)]","H[p(y|x,u=0,z,D)]","H[p(y|x,u=1,z,D)]","Var[p(y|x,u=0,z,D)]","Var[p(y|x,u=1,z,D)]","H[p(y|x,D)]","Var[p(y|x,D)]",Va,Ve,Va_variance,Ve_variance,kl_pyx_pyxz,kl_pyxz_pyx,api_calls
1.8,-2.1,x1 = 1.8; x2 = -2.1,1.8,-2.1,x1 = 1.8; x2 = -2.1,0.15573208342552364,0.8442679165744764,0.15573208342552364,0.8442679165744764,0.9080896550428716,0.0919103449571284,0.046491428968087625,0.9535085710319123,0.18066991579044905,0.819330084209551,0.624,0.13148,0.44281,0.2713,0.08346,0.04433,0.624,0.13148,0.29801,0.32599,0.05042,0.08106000000000002,0.0021819545407661435,0.0022698830748005654,67440
1.8,-2.12,x1 = 1.8; x2 = -2.12,1.8,-2.1,x1 = 1.8; x2 = -2.1,0.15573208342552364,0.8442679165744764,0.16770127998874299,0.8322987200112572,0.8588850089357732,0.14111499106422665,0.042914360303397306,0.9570856396966025,0.17975368251229162,0.8202463174877084,0.65242,0.13958,0.58715,0.2555,0.1212,0.04107,0.624,0.13148,0.31112,0.31288,0.05451,0.07697000000000001,0.0020301366518684846,0.002109158766332147,67470
1.81,-2.1,x1 = 1.81; x2 = -2.1,1.8,-2.1,x1 = 1.8; x2 = -2.1,0.15573208342552364,0.8442679165744764,0.15320180162259017,0.8467981983774099,0.8097612915193876,0.19023870848061236,0.06138006445888361,0.9386199355411163,0.17603341674507755,0.8239665832549224,0.6178,0.12973,0.70197,0.3329,0.15405,0.05761,0.624,0.13148,0.38944,0.23456,0.07238,0.059100000000000014,0.0014665018942315658,0.00151528961267023,67500
