z_x1,z_x2,z_note,x_x1,x_x2,x_note,"p(y=0|x,D)","p(y=1|x,D)","p(u=0|z,D)","p(u=1|z,D)","p(y=0|x,u=0,z,D)","p(y=1|x,u=0,z,D)","p(y=0|x,u=1,z,D)","p(y=1|x,u=1,z,D)","p(y=0|x,z,D)","p(y=1|x,z,D)","H[p(u|z,D)]","Var[p(u|z,D)]","H[p(y|x,u=0,z,D)]","H[p(y|x,u=1,z,D)]","Var[p(y|x,u=0,z,D)]","Var[p(y|x,u=1,z,D)]","H[p(y|x,D)]","Var[p(y|x,D)]",Va,Ve,Va_variance,Ve_variance,kl_pyx_pyxz,kl_pyxz_pyx,api_calls
3.21,-0.1,x1 = 3.21; x2 = -0.1,3.2,-0.1,x1 = 3.2; x2 = -0.1,0.14224855731346692,0.8577514426865331,0.13205931326474873,0.8679406867352514,0.8224713679172495,0.17752863208275044,0.047901337482059145,0.952098662517941,0.1501905237767859,0.8498094762232142,0.56306,0.11462,0.67464,0.27741,0.14601,0.04561,0.5901,0.12201,0.32987,0.26022999999999996,0.05887,0.06314,0.00025078113846359676,0.00025457333959643703,88040
3.2,-0.1,x1 = 3.2; x2 = -0.1,3.2,-0.1,x1 = 3.2; x2 = -0.1,0.14224855731346692,0.8577514426865331,0.14224855731346692,0.8577514426865331,0.9153582629439831,0.08464173705601707,0.03603655704506331,0.9639634429549367,0.1611188011236013,0.8388811988763989,0.5901,0.12201,0.41833,0.22382,0.07748,0.03474,0.5901,0.12201,0.25149,0.33860999999999997,0.04082,0.08118999999999998,0.0013615668629379518,0.0014087985909112602,88070
3.17,-0.1,x1 = 3.17; x2 = -0.1,3.2,-0.1,x1 = 3.2; x2 = -0.1,0.14224855731346692,0.8577514426865331,0.1290465351304313,0.8709534648695687,0.7719836384058092,0.22801636159419073,0.04743981123842966,0.9525601887615703,0.14093968168452206,0.8590603183154779,0.55482,0.11239,0.77454,0.27542,0.17602,0.04519,0.5901,0.12201,0.33983,0.25026999999999994,0.06207,0.05993999999999999,7.05650904810084e-06,7.038375660920132e-06,88100
