z_x1,z_x2,z_note,x_x1,x_x2,x_note,"p(y=0|x,D)","p(y=1|x,D)","p(u=0|z,D)","p(u=1|z,D)","p(y=0|x,u=0,z,D)","p(y=1|x,u=0,z,D)","p(y=0|x,u=1,z,D)","p(y=1|x,u=1,z,D)","p(y=0|x,z,D)","p(y=1|x,z,D)","H[p(u|z,D)]","Var[p(u|z,D)]","H[p(y|x,u=0,z,D)]","H[p(y|x,u=1,z,D)]","Var[p(y|x,u=0,z,D)]","Var[p(y|x,u=1,z,D)]","H[p(y|x,D)]","Var[p(y|x,D)]",Va,Ve,Va_variance,Ve_variance,kl_pyx_pyxz,kl_pyxz_pyx,api_calls
-1.8,1.1,x1 = -1.8; x2 = 1.1,-1.8,1.1,x1 = -1.8; x2 = 1.1,0.7688100272547204,0.2311899727452797,0.7688100272547204,0.2311899727452797,0.9528968621318828,0.047103137868117276,0.1468387433586771,0.8531612566413228,0.766544307621594,0.2334556923784061,0.78008,0.17774,0.27396,0.60187,0.04488,0.12528,0.78008,0.17774,0.34977,0.43030999999999997,0.06347,0.11427000000000001,1.4375467484650881e-05,1.4408094271434017e-05,18640
-1.8,1.11,x1 = -1.8; x2 = 1.11,-1.8,1.1,x1 = -1.8; x2 = 1.1,0.7688100272547204,0.2311899727452797,0.8199513086638006,0.18004869133619933,0.9453144089075094,0.05468559109249064,0.18605863906007916,0.8139413609399208,0.808611401157021,0.19138859884297896,0.68018,0.14763,0.30598,0.69315,0.0517,0.15144,0.78008,0.17774,0.37569,0.40438999999999997,0.06966,0.10808000000000001,0.004874267567161868,0.0046545161534326945,18670
-1.8,1.09,x1 = -1.8; x2 = 1.09,-1.8,1.1,x1 = -1.8; x2 = 1.1,0.7688100272547204,0.2311899727452797,0.8213072597674967,0.17869274023250334,0.8772472979910948,0.12275270200890524,0.24736824338326796,0.7526317566167321,0.7646924837081637,0.23530751629183644,0.67721,0.14676,0.53722,0.80708,0.10768,0.18618,0.78008,0.17774,0.58544,0.19464000000000004,0.12171,0.05603000000000001,4.730330471239795e-05,4.749738185036694e-05,18700
