z_x1,z_x2,z_note,x_x1,x_x2,x_note,"p(y=0|x,D)","p(y=1|x,D)","p(u=0|z,D)","p(u=1|z,D)","p(y=0|x,u=0,z,D)","p(y=1|x,u=0,z,D)","p(y=0|x,u=1,z,D)","p(y=1|x,u=1,z,D)","p(y=0|x,z,D)","p(y=1|x,z,D)","H[p(u|z,D)]","Var[p(u|z,D)]","H[p(y|x,u=0,z,D)]","H[p(y|x,u=1,z,D)]","Var[p(y|x,u=0,z,D)]","Var[p(y|x,u=1,z,D)]","H[p(y|x,D)]","Var[p(y|x,D)]",Va,Ve,Va_variance,Ve_variance,kl_pyx_pyxz,kl_pyxz_pyx,api_calls
2.22,-1.31,x1 = 2.22; x2 = -1.31,2.2,-1.3,x1 = 2.2; x2 = -1.3,0.13743117710055358,0.8625688228994465,0.15058982845805172,0.8494101715419482,0.7364134572769103,0.2635865427230896,0.04769299735098886,0.9523070026490112,0.15140729326678384,0.8485927067332162,0.61131,0.12791,0.83211,0.27651,0.19411,0.04542,0.57747,0.11854,0.36018,0.21729000000000004,0.06781,0.05073000000000001,0.000780337183431689,0.0008015614397411368,73440
2.19,-1.31,x1 = 2.19; x2 = -1.31,2.2,-1.3,x1 = 2.2; x2 = -1.3,0.13743117710055358,0.8625688228994465,0.13856915715701315,0.8614308428429869,0.6630465810667895,0.3369534189332105,0.057248500317414686,0.9427514996825854,0.14119342977419175,0.8588065702258084,0.58048,0.11937,0.92187,0.31642,0.22342,0.05397,0.57747,0.11854,0.40032,0.17715000000000003,0.07745,0.04109,5.880471139777443e-05,5.92500933102166e-05,73470
2.21,-1.3,x1 = 2.21; x2 = -1.3,2.2,-1.3,x1 = 2.2; x2 = -1.3,0.13743117710055358,0.8625688228994465,0.12770016182494112,0.8722998381750589,0.7710803200559703,0.22891967994402979,0.05268673901832507,0.9473132609816748,0.1444257155708313,0.8555742844291686,0.5511,0.11139,0.77612,0.2977,0.17652,0.04991,0.57747,0.11854,0.35879,0.21868000000000004,0.06608,0.05246000000000001,0.00020068868813186667,0.00020348409971932078,73500
