z_x1,z_x2,z_note,x_x1,x_x2,x_note,"p(y=0|x,D)","p(y=1|x,D)","p(u=0|z,D)","p(u=1|z,D)","p(y=0|x,u=0,z,D)","p(y=1|x,u=0,z,D)","p(y=0|x,u=1,z,D)","p(y=1|x,u=1,z,D)","p(y=0|x,z,D)","p(y=1|x,z,D)","H[p(u|z,D)]","Var[p(u|z,D)]","H[p(y|x,u=0,z,D)]","H[p(y|x,u=1,z,D)]","Var[p(y|x,u=0,z,D)]","Var[p(y|x,u=1,z,D)]","H[p(y|x,D)]","Var[p(y|x,D)]",Va,Ve,Va_variance,Ve_variance,kl_pyx_pyxz,kl_pyxz_pyx,api_calls
-0.01,0.3,x1 = -0.01; x2 = 0.3,0.0,0.3,x1 = 0.0; x2 = 0.3,0.5017418733094543,0.49825812669054576,0.39312431631417954,0.6068756836858203,0.6564454086448861,0.34355459135511385,0.3577381536878462,0.6422618463121538,0.4751672390709178,0.524832760929082,0.96679,0.23858,0.92818,0.94079,0.22552,0.22976,0.99999,0.25,0.93583,0.06416,0.22809,0.021910000000000013,0.0014140884693856284,0.0014129306435132737,43440
-0.0,0.3,x1 = -0.0; x2 = 0.3,0.0,0.3,x1 = 0.0; x2 = 0.3,0.5017418733094543,0.49825812669054576,0.41347396552441645,0.5865260344755836,0.8529193871576624,0.1470806128423376,0.1313832839089096,0.8686167160910905,0.4297196777882062,0.5702803222117939,0.97829,0.24251,0.60249,0.56122,0.12545,0.11412,0.99999,0.25,0.57828,0.42171000000000003,0.1188,0.13119999999999998,0.010476549392635884,0.010407184368554881,43470
0.0,0.31,x1 = 0.0; x2 = 0.31,0.0,0.3,x1 = 0.0; x2 = 0.3,0.5017418733094543,0.49825812669054576,0.48728486735990745,0.5127151326400926,0.8644287043923715,0.13557129560762854,0.13759103453084298,0.862408965469157,0.4917680320815021,0.508231967918498,0.99953,0.24984,0.57252,0.5779,0.11719,0.11866,0.99999,0.25,0.57528,0.42471000000000003,0.11794,0.13206,0.00019897858500395743,0.00019896141005134628,43500
