z_x1,z_x2,z_note,x_x1,x_x2,x_note,"p(y=0|x,D)","p(y=1|x,D)","p(u=0|z,D)","p(u=1|z,D)","p(y=0|x,u=0,z,D)","p(y=1|x,u=0,z,D)","p(y=0|x,u=1,z,D)","p(y=1|x,u=1,z,D)","p(y=0|x,z,D)","p(y=1|x,z,D)","H[p(u|z,D)]","Var[p(u|z,D)]","H[p(y|x,u=0,z,D)]","H[p(y|x,u=1,z,D)]","Var[p(y|x,u=0,z,D)]","Var[p(y|x,u=1,z,D)]","H[p(y|x,D)]","Var[p(y|x,D)]",Va,Ve,Va_variance,Ve_variance,kl_pyx_pyxz,kl_pyxz_pyx,api_calls
1.61,0.51,x1 = 1.61; x2 = 0.51,1.6,0.5,x1 = 1.6; x2 = 0.5,0.23965462324524234,0.7603453767547576,0.3093209276276587,0.6906790723723415,0.47881910113125514,0.521180898868745,0.11996936321012672,0.8800306367898735,0.23096909702283241,0.7690309029771679,0.89239,0.21364,0.99871,0.52927,0.24955,0.10558,0.79447,0.18222,0.67448,0.11999000000000004,0.15011,0.03211,0.0002105323225198505,0.00020874648286940863,65940
1.63,0.5,x1 = 1.63; x2 = 0.5,1.6,0.5,x1 = 1.6; x2 = 0.5,0.23965462324524234,0.7603453767547576,0.23406608601308335,0.7659339139869167,0.5158291784652583,0.4841708215347418,0.09943442112465198,0.9005655788753479,0.19689831221173532,0.8031016877882646,0.78503,0.17928,0.99928,0.4672,0.24975,0.08955,0.79447,0.18222,0.59174,0.20272999999999997,0.12705,0.05517,0.005497459845568042,0.005243779368196012,65970
1.59,0.5,x1 = 1.59; x2 = 0.5,1.6,0.5,x1 = 1.6; x2 = 0.5,0.23965462324524234,0.7603453767547576,0.3024118377589092,0.6975881622410907,0.40333581595792223,0.5966641840420779,0.12909989356502138,0.8709001064349786,0.2120320828353681,0.7879679171646318,0.88422,0.21096,0.97287,0.55496,0.24066,0.11243,0.79447,0.18222,0.68134,0.11313000000000006,0.15121,0.031009999999999982,0.0022157756118006793,0.0021526137289107697,66000
