z_x1,z_x2,z_note,x_x1,x_x2,x_note,"p(y=0|x,D)","p(y=1|x,D)","p(u=0|z,D)","p(u=1|z,D)","p(y=0|x,u=0,z,D)","p(y=1|x,u=0,z,D)","p(y=0|x,u=1,z,D)","p(y=1|x,u=1,z,D)","p(y=0|x,z,D)","p(y=1|x,z,D)","H[p(u|z,D)]","Var[p(u|z,D)]","H[p(y|x,u=0,z,D)]","H[p(y|x,u=1,z,D)]","Var[p(y|x,u=0,z,D)]","Var[p(y|x,u=1,z,D)]","H[p(y|x,D)]","Var[p(y|x,D)]",Va,Ve,Va_variance,Ve_variance,kl_pyx_pyxz,kl_pyxz_pyx,api_calls
-0.4,0.11,x1 = -0.4; x2 = 0.11,-0.4,0.1,x1 = -0.4; x2 = 0.1,0.397055567142013,0.602944432857987,0.4031530079244517,0.5968469920755484,0.656670041801277,0.343329958198723,0.2698043857050937,0.7301956142949064,0.4257704386229365,0.5742295613770636,0.97277,0.24062,0.92797,0.84118,0.22545,0.19701,0.9692,0.2394,0.87617,0.09302999999999995,0.20848,0.030920000000000003,0.0016971092004281346,0.0017090453600164361,37740
-0.4,0.1,x1 = -0.4; x2 = 0.1,-0.4,0.1,x1 = -0.4; x2 = 0.1,0.397055567142013,0.602944432857987,0.397055567142013,0.602944432857987,0.8252545199248941,0.17474548007510596,0.11910204552493191,0.8808979544750681,0.39948381673654476,0.6005161832634553,0.9692,0.2394,0.66845,0.52677,0.14421,0.10492,0.9692,0.2394,0.58302,0.38617999999999997,0.12052,0.11888,1.2297853266627148e-05,1.2306307111538146e-05,37770
-0.41,0.11,x1 = -0.41; x2 = 0.11,-0.4,0.1,x1 = -0.4; x2 = 0.1,0.397055567142013,0.602944432857987,0.4261214425787675,0.5738785574212326,0.5478349607765736,0.4521650392234265,0.3543593432255548,0.6456406567744452,0.43680345248021285,0.5631965475197873,0.98419,0.24454,0.99339,0.9379,0.24771,0.22879,0.9692,0.2394,0.96155,0.007649999999999935,0.23685,0.0025499999999999967,0.0032367033967514586,0.0032661880349921096,37800
