z_x1,z_x2,z_note,x_x1,x_x2,x_note,"p(y=0|x,D)","p(y=1|x,D)","p(u=0|z,D)","p(u=1|z,D)","p(y=0|x,u=0,z,D)","p(y=1|x,u=0,z,D)","p(y=0|x,u=1,z,D)","p(y=1|x,u=1,z,D)","p(y=0|x,z,D)","p(y=1|x,z,D)","H[p(u|z,D)]","Var[p(u|z,D)]","H[p(y|x,u=0,z,D)]","H[p(y|x,u=1,z,D)]","Var[p(y|x,u=0,z,D)]","Var[p(y|x,u=1,z,D)]","H[p(y|x,D)]","Var[p(y|x,D)]",Va,Ve,Va_variance,Ve_variance,kl_pyx_pyxz,kl_pyxz_pyx,api_calls
-2.59,1.11,x1 = -2.59; x2 = 1.11,-2.6,1.1,x1 = -2.6; x2 = 1.1,0.7869106306012827,0.21308936939871725,0.8140042427592687,0.18599575724073117,0.9414018006477862,0.058598199352213755,0.21998882455361582,0.7800111754463842,0.8072220478758614,0.19277795212413848,0.69302,0.1514,0.32185,0.76015,0.05516,0.17159,0.74735,0.16768,0.40337,0.34397999999999995,0.07682,0.09086,0.0012920157363837496,0.001260250553927842,7440
-2.61,1.09,x1 = -2.61; x2 = 1.09,-2.6,1.1,x1 = -2.6; x2 = 1.1,0.7869106306012827,0.21308936939871725,0.8276357002755214,0.17236429972447875,0.929339744209142,0.07066025579085786,0.1844654799662208,0.8155345200337789,0.8009500132701247,0.19904998672987528,0.66308,0.14265,0.36838,0.68975,0.06567,0.15044,0.74735,0.16768,0.42377,0.32358,0.08028,0.08739999999999999,0.000607635321298353,0.0005974986094674246,7470
-2.61,1.1,x1 = -2.61; x2 = 1.1,-2.6,1.1,x1 = -2.6; x2 = 1.1,0.7869106306012827,0.21308936939871725,0.8111053720647339,0.18889462793526615,0.9574230060267735,0.04257699397322634,0.1373645782135571,0.8626354217864429,0.8025183744198168,0.1974816255801832,0.69915,0.15321,0.25399,0.5773,0.04076,0.1185,0.74735,0.16768,0.31506,0.43228999999999995,0.05544,0.11223999999999999,0.0007539018994402735,0.0007398555411228525,7500
