z_x1,z_x2,z_note,x_x1,x_x2,x_note,"p(y=0|x,D)","p(y=1|x,D)","p(u=0|z,D)","p(u=1|z,D)","p(y=0|x,u=0,z,D)","p(y=1|x,u=0,z,D)","p(y=0|x,u=1,z,D)","p(y=1|x,u=1,z,D)","p(y=0|x,z,D)","p(y=1|x,z,D)","H[p(u|z,D)]","Var[p(u|z,D)]","H[p(y|x,u=0,z,D)]","H[p(y|x,u=1,z,D)]","Var[p(y|x,u=0,z,D)]","Var[p(y|x,u=1,z,D)]","H[p(y|x,D)]","Var[p(y|x,D)]",Va,Ve,Va_variance,Ve_variance,kl_pyx_pyxz,kl_pyxz_pyx,api_calls
-1.8,-2.5,x1 = -1.8; x2 = -2.5,-1.8,-2.5,x1 = -1.8; x2 = -2.5,0.9048846621653279,0.09511533783467198,0.9048846621653279,0.09511533783467198,0.9741711895601286,0.02582881043987123,0.13313624268698834,0.8668637573130118,0.8941758664575243,0.10582413354247538,0.45332,0.08607,0.17302,0.56598,0.02516,0.11541,0.45332,0.08607,0.2104,0.24292,0.03374,0.052329999999999995,0.0006249668736363224,0.0006450253735574597,16840
-1.8,-2.51,x1 = -1.8; x2 = -2.51,-1.8,-2.5,x1 = -1.8; x2 = -2.5,0.9048846621653279,0.09511533783467198,0.9148197321483599,0.08518026785164026,0.9802714343934502,0.019728565606549744,0.19730021601979053,0.8026997839802095,0.9135777362922569,0.0864222637077432,0.42017,0.07792,0.13991,0.7165,0.01934,0.15837,0.45332,0.08607,0.18902,0.2643,0.03118,0.054889999999999994,0.0004647381048597382,0.0004515631293617612,16870
-1.79,-2.5,x1 = -1.79; x2 = -2.5,-1.8,-2.5,x1 = -1.8; x2 = -2.5,0.9048846621653279,0.09511533783467198,0.9229697132005228,0.07703028679947721,0.9765454367074154,0.02345456329258446,0.2615348275730697,0.7384651724269303,0.9214679644211279,0.07853203557887202,0.39163,0.0711,0.16042,0.82905,0.0229,0.19313,0.45332,0.08607,0.21192,0.2414,0.03601,0.05005999999999999,0.001789361482049185,0.0016888886733569981,16900
