z_x1,z_x2,z_note,x_x1,x_x2,x_note,"p(y=0|x,D)","p(y=1|x,D)","p(u=0|z,D)","p(u=1|z,D)","p(y=0|x,u=0,z,D)","p(y=1|x,u=0,z,D)","p(y=0|x,u=1,z,D)","p(y=1|x,u=1,z,D)","p(y=0|x,z,D)","p(y=1|x,z,D)","H[p(u|z,D)]","Var[p(u|z,D)]","H[p(y|x,u=0,z,D)]","H[p(y|x,u=1,z,D)]","Var[p(y|x,u=0,z,D)]","Var[p(y|x,u=1,z,D)]","H[p(y|x,D)]","Var[p(y|x,D)]",Va,Ve,Va_variance,Ve_variance,kl_pyx_pyxz,kl_pyxz_pyx,api_calls
-0.01,1.9,x1 = -0.01; x2 = 1.9,0.0,1.9,x1 = 0.0; x2 = 1.9,0.575686776796832,0.424313223203168,0.710756392516569,0.289243607483431,0.872097504762533,0.12790249523746697,0.21203222145548978,0.7879677785445102,0.6811778410442308,0.31882215895576904,0.86774,0.20558,0.55166,0.74535,0.11154,0.16707,0.98341,0.24427,0.60768,0.37573,0.1276,0.11667,0.024420157902685202,0.023483140378249057,44240
0.01,1.9,x1 = 0.01; x2 = 1.9,0.0,1.9,x1 = 0.0; x2 = 1.9,0.575686776796832,0.424313223203168,0.697622308357209,0.30237769164279094,0.899288217041002,0.10071178295899812,0.15315854468656082,0.8468414553134392,0.673675249048274,0.3263247509517259,0.88418,0.21095,0.47125,0.61769,0.09057,0.1297,0.98341,0.24427,0.51553,0.46787999999999996,0.1024,0.14187,0.02092667639127664,0.020205288900290663,44270
-0.01,1.89,x1 = -0.01; x2 = 1.89,0.0,1.9,x1 = 0.0; x2 = 1.9,0.575686776796832,0.424313223203168,0.7884685736120739,0.2115314263879262,0.8227801003040499,0.1772198996959501,0.23991815570214894,0.7600818442978511,0.6994864817751695,0.30051351822483063,0.7444,0.16679,0.67396,0.7949,0.14581,0.18236,0.98341,0.24427,0.69954,0.28386999999999996,0.15354,0.09072999999999998,0.03424537570304775,0.03257699119645664,44300
