z_x1,z_x2,z_note,x_x1,x_x2,x_note,"p(y=0|x,D)","p(y=1|x,D)","p(u=0|z,D)","p(u=1|z,D)","p(y=0|x,u=0,z,D)","p(y=1|x,u=0,z,D)","p(y=0|x,u=1,z,D)","p(y=1|x,u=1,z,D)","p(y=0|x,z,D)","p(y=1|x,z,D)","H[p(u|z,D)]","Var[p(u|z,D)]","H[p(y|x,u=0,z,D)]","H[p(y|x,u=1,z,D)]","Var[p(y|x,u=0,z,D)]","Var[p(y|x,u=1,z,D)]","H[p(y|x,D)]","Var[p(y|x,D)]",Va,Ve,Va_variance,Ve_variance,kl_pyx_pyxz,kl_pyxz_pyx,api_calls
-2.4,-0.69,x1 = -2.4; x2 = -0.69,-2.4,-0.7,x1 = -2.4; x2 = -0.7,0.9101605834697966,0.08983941653020354,0.9196064075520786,0.0803935924479214,0.9701312193332454,0.02986878066675485,0.24546397911160095,0.7545360208883991,0.9118726165625065,0.08812738343749367,0.40356,0.07393,0.19373,0.80401,0.02898,0.18521,0.43593,0.08177,0.24279,0.19313999999999998,0.04154,0.040229999999999995,1.813118011004147e-05,1.8026556826582435e-05,9340
-2.39,-0.71,x1 = -2.39; x2 = -0.71,-2.4,-0.7,x1 = -2.4; x2 = -0.7,0.9101605834697966,0.08983941653020354,0.9195926698437498,0.08040733015625014,0.9723612811970861,0.027638718802913943,0.34552310787745805,0.6544768921225419,0.9219588972404339,0.07804110275956601,0.40361,0.07394,0.18241,0.93001,0.02687,0.22614,0.43593,0.08177,0.24252,0.19340999999999997,0.04289,0.03888,0.0009258288787105211,0.000887191603015109,9370
-2.41,-0.7,x1 = -2.41; x2 = -0.7,-2.4,-0.7,x1 = -2.4; x2 = -0.7,0.9101605834697966,0.08983941653020354,0.9162193021462125,0.08378069785378765,0.9735314245085439,0.026468575491456082,0.23195656361750872,0.7680434363824913,0.9114017651522677,0.08859823484773251,0.41536,0.07676,0.17636,0.78141,0.02577,0.17815,0.43593,0.08177,0.22705,0.20887999999999998,0.03854,0.04323,9.499132394448322e-06,9.45948022236737e-06,9400
