z_x1,z_x2,z_note,x_x1,x_x2,x_note,"p(y=0|x,D)","p(y=1|x,D)","p(u=0|z,D)","p(u=1|z,D)","p(y=0|x,u=0,z,D)","p(y=1|x,u=0,z,D)","p(y=0|x,u=1,z,D)","p(y=1|x,u=1,z,D)","p(y=0|x,z,D)","p(y=1|x,z,D)","H[p(u|z,D)]","Var[p(u|z,D)]","H[p(y|x,u=0,z,D)]","H[p(y|x,u=1,z,D)]","Var[p(y|x,u=0,z,D)]","Var[p(y|x,u=1,z,D)]","H[p(y|x,D)]","Var[p(y|x,D)]",Va,Ve,Va_variance,Ve_variance,kl_pyx_pyxz,kl_pyxz_pyx,api_calls
-0.81,-0.71,x1 = -0.81; x2 = -0.71,-0.8,-0.7,x1 = -0.8; x2 = -0.7,0.8843718358662759,0.11562816413372416,0.8988848688377654,0.10111513116223465,0.9433649443308794,0.05663505566912067,0.5083257921990694,0.4916742078009307,0.8993759034023642,0.10062409659763599,0.47252,0.09089,0.31394,0.9998,0.05343,0.24993,0.51666,0.10226,0.38329,0.13337,0.0733,0.02896,0.0011926934067023089,0.0011451095952699445,31740
-0.81,-0.69,x1 = -0.81; x2 = -0.69,-0.8,-0.7,x1 = -0.8; x2 = -0.7,0.8843718358662759,0.11562816413372416,0.8838206687034816,0.11617933129651839,0.9464954555683152,0.0535045444316849,0.5635627001840235,0.4364372998159764,0.9020065841162349,0.09799341588376514,0.51828,0.10268,0.3011,0.98831,0.05064,0.24596,0.51666,0.10226,0.38094,0.13572,0.07333,0.028929999999999997,0.0016728351330570802,0.001593534410362231,31770
-0.8,-0.71,x1 = -0.8; x2 = -0.71,-0.8,-0.7,x1 = -0.8; x2 = -0.7,0.8843718358662759,0.11562816413372416,0.8976524948271065,0.10234750517289364,0.952479382699214,0.04752061730078612,0.39727535786136264,0.6027246421386373,0.8956556358951108,0.10434436410488947,0.47639,0.09187,0.27577,0.96933,0.04526,0.23945,0.51666,0.10226,0.34675,0.16991,0.06513,0.03713000000000001,0.0006606187512556271,0.0006410955354474567,31800
