z_x1,z_x2,z_note,x_x1,x_x2,x_note,"p(y=0|x,D)","p(y=1|x,D)","p(u=0|z,D)","p(u=1|z,D)","p(y=0|x,u=0,z,D)","p(y=1|x,u=0,z,D)","p(y=0|x,u=1,z,D)","p(y=1|x,u=1,z,D)","p(y=0|x,z,D)","p(y=1|x,z,D)","H[p(u|z,D)]","Var[p(u|z,D)]","H[p(y|x,u=0,z,D)]","H[p(y|x,u=1,z,D)]","Var[p(y|x,u=0,z,D)]","Var[p(y|x,u=1,z,D)]","H[p(y|x,D)]","Var[p(y|x,D)]",Va,Ve,Va_variance,Ve_variance,kl_pyx_pyxz,kl_pyxz_pyx,api_calls
2.39,-0.7,x1 = 2.39; x2 = -0.7,2.4,-0.7,x1 = 2.4; x2 = -0.7,0.11549915831609672,0.8845008416839033,0.11186743184718147,0.8881325681528185,0.6366803589415065,0.36331964105849346,0.050506902817888374,0.9494930971821116,0.11608062197142405,0.8839193780285759,0.50552,0.09935,0.9454,0.28855,0.23132,0.04796,0.51628,0.10216,0.36203,0.15424999999999994,0.06847,0.03369,1.6499616241168668e-06,1.6523635779735991e-06,76540
2.41,-0.7,x1 = 2.41; x2 = -0.7,2.4,-0.7,x1 = 2.4; x2 = -0.7,0.11549915831609672,0.8845008416839033,0.10609015501670722,0.893909844983293,0.7389743664616074,0.26102563353839264,0.04439450158452647,0.9556054984154734,0.11808258712081955,0.8819174128791805,0.48801,0.09484,0.82829,0.26209,0.19289,0.04242,0.51628,0.10216,0.32216,0.19411999999999996,0.05838,0.04378,3.2248874145470764e-05,3.245588428211132e-05,76570
2.39,-0.69,x1 = 2.39; x2 = -0.69,2.4,-0.7,x1 = 2.4; x2 = -0.7,0.11549915831609672,0.8845008416839033,0.1263134774965121,0.873686522503488,0.5838616583830061,0.4161383416169939,0.0524712843680788,0.9475287156319212,0.11959305041807647,0.8804069495819236,0.54724,0.11036,0.97961,0.2968,0.24297,0.04972,0.51628,0.10216,0.38305,0.13322999999999996,0.07413,0.02803,8.038786577485926e-05,8.120097129891979e-05,76600
