z_x1,z_x2,z_note,x_x1,x_x2,x_note,"p(y=0|x,D)","p(y=1|x,D)","p(u=0|z,D)","p(u=1|z,D)","p(y=0|x,u=0,z,D)","p(y=1|x,u=0,z,D)","p(y=0|x,u=1,z,D)","p(y=1|x,u=1,z,D)","p(y=0|x,z,D)","p(y=1|x,z,D)","H[p(u|z,D)]","Var[p(u|z,D)]","H[p(y|x,u=0,z,D)]","H[p(y|x,u=1,z,D)]","Var[p(y|x,u=0,z,D)]","Var[p(y|x,u=1,z,D)]","H[p(y|x,D)]","Var[p(y|x,D)]",Va,Ve,Va_variance,Ve_variance,kl_pyx_pyxz,kl_pyxz_pyx,api_calls
-0.19,-2.5,x1 = -0.19; x2 = -2.5,-0.2,-2.5,x1 = -0.2; x2 = -2.5,0.7860925084963594,0.21390749150364066,0.752043027746268,0.24795697225373195,0.9190919231844819,0.08090807681551808,0.2778966625718353,0.7221033374281647,0.7601030877395273,0.23989691226047252,0.80802,0.18647,0.40537,0.85257,0.07436,0.20067,0.74889,0.16815,0.51626,0.2326299999999999,0.10568,0.06247,0.0019009126408197734,0.0019529565520775422,39240
-0.21,-2.5,x1 = -0.21; x2 = -2.5,-0.2,-2.5,x1 = -0.2; x2 = -2.5,0.7860925084963594,0.21390749150364066,0.7942487910040235,0.2057512089959766,0.9427541256902175,0.05724587430978243,0.19801857436276776,0.8019814256372321,0.7895238856223096,0.21047611437769037,0.73328,0.16342,0.31641,0.71795,0.05397,0.15881,0.74889,0.16815,0.39903,0.34985999999999995,0.07554,0.09261,3.5287413530447464e-05,3.5148703669749676e-05,39270
-0.2,-2.5,x1 = -0.2; x2 = -2.5,-0.2,-2.5,x1 = -0.2; x2 = -2.5,0.7860925084963594,0.21390749150364066,0.7860925084963594,0.21390749150364066,0.9616706700426609,0.03832932995733908,0.10506712547651506,0.8949328745234849,0.7784367546113896,0.2215632453886104,0.74889,0.16815,0.23458,0.48486,0.03686,0.09403,0.74889,0.16815,0.28812,0.46076999999999996,0.04909,0.11906,0.00017133980225402488,0.00017279533015376533,39300
