z_x1,z_x2,z_note,x_x1,x_x2,x_note,"p(y=0|x,D)","p(y=1|x,D)","p(u=0|z,D)","p(u=1|z,D)","p(y=0|x,u=0,z,D)","p(y=1|x,u=0,z,D)","p(y=0|x,u=1,z,D)","p(y=1|x,u=1,z,D)","p(y=0|x,z,D)","p(y=1|x,z,D)","H[p(u|z,D)]","Var[p(u|z,D)]","H[p(y|x,u=0,z,D)]","H[p(y|x,u=1,z,D)]","Var[p(y|x,u=0,z,D)]","Var[p(y|x,u=1,z,D)]","H[p(y|x,D)]","Var[p(y|x,D)]",Va,Ve,Va_variance,Ve_variance,kl_pyx_pyxz,kl_pyxz_pyx,api_calls
-2.42,-2.3,x1 = -2.42; x2 = -2.3,-2.4,-2.3,x1 = -2.4; x2 = -2.3,0.8162620701457943,0.1837379298542057,0.8353366089076234,0.16466339109237657,0.9693759650546883,0.030624034945311834,0.14715949775410622,0.8528405022458937,0.8339870133369802,0.1660129866630198,0.64535,0.13755,0.19751,0.60269,0.02969,0.1255,0.68819,0.14998,0.26423,0.42395999999999995,0.04547,0.10451,0.0011039515231281022,0.0010749188952735717,8540
-2.41,-2.29,x1 = -2.41; x2 = -2.29,-2.4,-2.3,x1 = -2.4; x2 = -2.3,0.8162620701457943,0.1837379298542057,0.8495829534073831,0.15041704659261695,0.9692151289352464,0.030784871064753354,0.2260186280674691,0.7739813719325309,0.8574257062367481,0.14257429376325173,0.61088,0.12779,0.19831,0.77101,0.02984,0.17493,0.68819,0.14998,0.28445,0.40374,0.05166,0.09832,0.006445283224695356,0.0060209713310466345,8570
-2.41,-2.3,x1 = -2.41; x2 = -2.3,-2.4,-2.3,x1 = -2.4; x2 = -2.3,0.8162620701457943,0.1837379298542057,0.8272610500539986,0.17273894994600122,0.9689020692028241,0.031097930797175904,0.14580260550515495,0.8541973944948451,0.8267207321425718,0.17327926785742803,0.66393,0.1429,0.19987,0.59924,0.03013,0.12454,0.68819,0.14998,0.26886,0.41933,0.04644,0.10354,0.00037589877799915766,0.00037019468729436456,8600
