z_x1,z_x2,z_note,x_x1,x_x2,x_note,"p(y=0|x,D)","p(y=1|x,D)","p(u=0|z,D)","p(u=1|z,D)","p(y=0|x,u=0,z,D)","p(y=1|x,u=0,z,D)","p(y=0|x,u=1,z,D)","p(y=1|x,u=1,z,D)","p(y=0|x,z,D)","p(y=1|x,z,D)","H[p(u|z,D)]","Var[p(u|z,D)]","H[p(y|x,u=0,z,D)]","H[p(y|x,u=1,z,D)]","Var[p(y|x,u=0,z,D)]","Var[p(y|x,u=1,z,D)]","H[p(y|x,D)]","Var[p(y|x,D)]",Va,Ve,Va_variance,Ve_variance,kl_pyx_pyxz,kl_pyxz_pyx,api_calls
-3.01,2.1,x1 = -3.01; x2 = 2.1,-3.0,2.1,x1 = -3.0; x2 = 2.1,0.6512188001027146,0.34878119989728523,0.678409662614844,0.32159033738515586,0.9596501895223524,0.04034981047764768,0.1054725172118722,0.8945274827881278,0.684954903697158,0.3150450963028421,0.9061,0.21817,0.24389,0.48611,0.03872,0.09435,0.93297,0.22713,0.32179,0.61118,0.05661,0.17052,0.002589847662215157,0.0025460125201167833,2340
-3.0,2.11,x1 = -3.0; x2 = 2.11,-3.0,2.1,x1 = -3.0; x2 = 2.1,0.6512188001027146,0.34878119989728523,0.7123510822609862,0.28764891773901385,0.9641877155384246,0.035812284461575236,0.08136462358304873,0.9186353764169514,0.7102446085824509,0.2897553914175491,0.86566,0.20491,0.22275,0.40697,0.03453,0.07474,0.93297,0.22713,0.27574,0.65723,0.0461,0.18103,0.00816453846381595,0.007900601278609504,2370
-2.99,2.1,x1 = -2.99; x2 = 2.1,-3.0,2.1,x1 = -3.0; x2 = 2.1,0.6512188001027146,0.34878119989728523,0.6427437995005882,0.35725620049941176,0.937799925548277,0.06220007445172303,0.13226768639413564,0.8677323136058643,0.6500185384082849,0.349981461591715,0.94038,0.22962,0.33612,0.56362,0.05833,0.11477,0.93297,0.22713,0.4174,0.51557,0.07849,0.14864,3.167968506260317e-06,3.169648601781573e-06,2400
