z_x1,z_x2,z_note,x_x1,x_x2,x_note,"p(y=0|x,D)","p(y=1|x,D)","p(u=0|z,D)","p(u=1|z,D)","p(y=0|x,u=0,z,D)","p(y=1|x,u=0,z,D)","p(y=0|x,u=1,z,D)","p(y=1|x,u=1,z,D)","p(y=0|x,z,D)","p(y=1|x,z,D)","H[p(u|z,D)]","Var[p(u|z,D)]","H[p(y|x,u=0,z,D)]","H[p(y|x,u=1,z,D)]","Var[p(y|x,u=0,z,D)]","Var[p(y|x,u=1,z,D)]","H[p(y|x,D)]","Var[p(y|x,D)]",Va,Ve,Va_variance,Ve_variance,kl_pyx_pyxz,kl_pyxz_pyx,api_calls
-1.2,-0.7,x1 = -1.2; x2 = -0.7,-1.2,-0.7,x1 = -1.2; x2 = -0.7,0.9479498655388653,0.05205013446113462,0.9479498655388653,0.05205013446113462,0.9713591764244061,0.028640823575593923,0.3216583570725064,0.6783416429274934,0.9375421614176302,0.062457838582369626,0.29504,0.04934,0.18753,0.90618,0.02782,0.21819,0.29504,0.04934,0.22494,0.07010000000000002,0.03773,0.011610000000000002,0.0009773339007667723,0.0010347277494232327,26140
-1.22,-0.7,x1 = -1.22; x2 = -0.7,-1.2,-0.7,x1 = -1.2; x2 = -0.7,0.9479498655388653,0.05205013446113462,0.9496572392117791,0.05034276078822081,0.9716709587488463,0.02832904125115381,0.5353528199012703,0.4646471800987297,0.9497054990572811,0.050294500942719034,0.28785,0.04781,0.18594,0.99639,0.02753,0.24875,0.29504,0.04934,0.22674,0.06830000000000003,0.03867,0.010669999999999999,3.191530339807531e-05,3.157183086489987e-05,26170
-1.21,-0.7,x1 = -1.21; x2 = -0.7,-1.2,-0.7,x1 = -1.2; x2 = -0.7,0.9479498655388653,0.05205013446113462,0.9495654248413017,0.05043457515869835,0.9726336907279874,0.027366309272012657,0.5311119645663209,0.46888803543367913,0.9503657300456887,0.04963426995431146,0.28824,0.04789,0.18101,0.99721,0.02662,0.24903,0.29504,0.04934,0.22217,0.07287000000000002,0.03784,0.011500000000000003,6.0935938820794785e-05,6.002912651643976e-05,26200
