z_x1,z_x2,z_note,x_x1,x_x2,x_note,"p(y=0|x,D)","p(y=1|x,D)","p(u=0|z,D)","p(u=1|z,D)","p(y=0|x,u=0,z,D)","p(y=1|x,u=0,z,D)","p(y=0|x,u=1,z,D)","p(y=1|x,u=1,z,D)","p(y=0|x,z,D)","p(y=1|x,z,D)","H[p(u|z,D)]","Var[p(u|z,D)]","H[p(y|x,u=0,z,D)]","H[p(y|x,u=1,z,D)]","Var[p(y|x,u=0,z,D)]","Var[p(y|x,u=1,z,D)]","H[p(y|x,D)]","Var[p(y|x,D)]",Va,Ve,Va_variance,Ve_variance,kl_pyx_pyxz,kl_pyxz_pyx,api_calls
2.19,-1.1,x1 = 2.19; x2 = -1.1,2.2,-1.1,x1 = 2.2; x2 = -1.1,0.11038230205533743,0.8896176979446626,0.09831383450609504,0.9016861654939049,0.6598989465208631,0.34010105347913683,0.0460483678978724,0.9539516321021277,0.1063983720960838,0.8936016279039163,0.46363,0.08865,0.92492,0.26937,0.22443,0.04393,0.50107,0.0982,0.33382,0.16725,0.06168,0.03652,8.25662840285334e-05,8.168233772990006e-05,73540
2.2,-1.1,x1 = 2.2; x2 = -1.1,2.2,-1.1,x1 = 2.2; x2 = -1.1,0.11038230205533743,0.8896176979446626,0.11038230205533743,0.8896176979446626,0.8502702089913781,0.149729791008622,0.031988884642701096,0.9680111153572989,0.12231266095319829,0.8776873390468017,0.50107,0.0982,0.60916,0.20427,0.12731,0.03097,0.50107,0.0982,0.24896,0.25211000000000006,0.0416,0.0566,0.000682460184133345,0.0007030379348938239,73570
2.21,-1.09,x1 = 2.21; x2 = -1.09,2.2,-1.1,x1 = 2.2; x2 = -1.1,0.11038230205533743,0.8896176979446626,0.12746675871585822,0.8725332412841418,0.6444276069102126,0.3555723930897874,0.045587453797804565,0.9544125462021953,0.12191966710395147,0.8780803328960484,0.55045,0.11122,0.93895,0.26735,0.22914,0.04351,0.50107,0.0982,0.35296,0.14811000000000002,0.06717,0.031030000000000002,0.0006394458213149039,0.0006581187154710792,73600
