z_x1,z_x2,z_note,x_x1,x_x2,x_note,"p(y=0|x,D)","p(y=1|x,D)","p(u=0|z,D)","p(u=1|z,D)","p(y=0|x,u=0,z,D)","p(y=1|x,u=0,z,D)","p(y=0|x,u=1,z,D)","p(y=1|x,u=1,z,D)","p(y=0|x,z,D)","p(y=1|x,z,D)","H[p(u|z,D)]","Var[p(u|z,D)]","H[p(y|x,u=0,z,D)]","H[p(y|x,u=1,z,D)]","Var[p(y|x,u=0,z,D)]","Var[p(y|x,u=1,z,D)]","H[p(y|x,D)]","Var[p(y|x,D)]",Va,Ve,Va_variance,Ve_variance,kl_pyx_pyxz,kl_pyxz_pyx,api_calls
-1.21,-0.1,x1 = -1.21; x2 = -0.1,-1.2,-0.1,x1 = -1.2; x2 = -0.1,0.922554910358586,0.07744508964141392,0.9222470910437423,0.07775290895625789,0.9588339072264498,0.04116609277355026,0.4749494189066585,0.5250505810933415,0.9212104806607757,0.07878951933922443,0.39421,0.07171,0.24761,0.99819,0.03947,0.24937,0.39311,0.07145,0.30597,0.08714,0.05579,0.01566,1.251674717633205e-05,1.2582643071722957e-05,26440
-1.19,-0.1,x1 = -1.19; x2 = -0.1,-1.2,-0.1,x1 = -1.2; x2 = -0.1,0.922554910358586,0.07744508964141392,0.9307562003346519,0.06924379966534812,0.9583364760657839,0.04166352393421601,0.5769701311661122,0.42302986883388777,0.931929221280445,0.06807077871955494,0.3631,0.06445,0.24987,0.98284,0.03993,0.24408,0.39311,0.07145,0.30062,0.09249000000000002,0.05407,0.01738,0.0006650497680031446,0.0006392085020579513,26470
-1.21,-0.11,x1 = -1.21; x2 = -0.11,-1.2,-0.1,x1 = -1.2; x2 = -0.1,0.922554910358586,0.07744508964141392,0.9159855716250629,0.08401442837493714,0.9600519340846538,0.03994806591534618,0.5546259570721858,0.44537404292781435,0.9259903023776009,0.07400969762239909,0.41617,0.07696,0.24205,0.99137,0.03835,0.24702,0.39311,0.07145,0.305,0.08811000000000002,0.05588,0.01557,8.490691564568735e-05,8.373611903244585e-05,26500
