z_x1,z_x2,z_note,x_x1,x_x2,x_note,"p(y=0|x,D)","p(y=1|x,D)","p(u=0|z,D)","p(u=1|z,D)","p(y=0|x,u=0,z,D)","p(y=1|x,u=0,z,D)","p(y=0|x,u=1,z,D)","p(y=1|x,u=1,z,D)","p(y=0|x,z,D)","p(y=1|x,z,D)","H[p(u|z,D)]","Var[p(u|z,D)]","H[p(y|x,u=0,z,D)]","H[p(y|x,u=1,z,D)]","Var[p(y|x,u=0,z,D)]","Var[p(y|x,u=1,z,D)]","H[p(y|x,D)]","Var[p(y|x,D)]",Va,Ve,Va_variance,Ve_variance,kl_pyx_pyxz,kl_pyxz_pyx,api_calls
2.37,0.11,x1 = 2.37; x2 = 0.11,2.4,0.1,x1 = 2.4; x2 = 0.1,0.1143845960499966,0.8856154039500034,0.11423291761096568,0.8857670823890341,0.5876797847767758,0.4123202152232242,0.05219168106554898,0.9478083189344509,0.11336204949844579,0.8866379505015539,0.51255,0.10118,0.9777,0.29564,0.24231,0.04947,0.513,0.1013,0.37355,0.13945000000000002,0.0715,0.029800000000000007,5.18784566913154e-06,5.174330310823549e-06,76940
2.39,0.1,x1 = 2.39; x2 = 0.1,2.4,0.1,x1 = 2.4; x2 = 0.1,0.1143845960499966,0.8856154039500034,0.10745843333980272,0.8925415666601971,0.6291081746018736,0.37089182539812643,0.05011468345170017,0.9498853165482999,0.11233241692464074,0.8876675830753591,0.4922,0.09591,0.95135,0.28688,0.23333,0.0476,0.513,0.1013,0.35828,0.15472000000000002,0.06756,0.033740000000000006,2.100633434173882e-05,2.089606612067866e-05,76970
2.4,0.09,x1 = 2.4; x2 = 0.09,2.4,0.1,x1 = 2.4; x2 = 0.1,0.1143845960499966,0.8856154039500034,0.11898280945901707,0.8810171905409829,0.6945718567377654,0.3054281432622346,0.051680058368279845,0.9483199416317202,0.12817313071644118,0.8718268692835589,0.52643,0.10483,0.88783,0.29349,0.21214,0.04901,0.513,0.1013,0.36421,0.14879000000000003,0.06842,0.032880000000000006,0.0008782602949571946,0.0009074573794219352,77000
