z_x1,z_x2,z_note,x_x1,x_x2,x_note,"p(y=0|x,D)","p(y=1|x,D)","p(u=0|z,D)","p(u=1|z,D)","p(y=0|x,u=0,z,D)","p(y=1|x,u=0,z,D)","p(y=0|x,u=1,z,D)","p(y=1|x,u=1,z,D)","p(y=0|x,z,D)","p(y=1|x,z,D)","H[p(u|z,D)]","Var[p(u|z,D)]","H[p(y|x,u=0,z,D)]","H[p(y|x,u=1,z,D)]","Var[p(y|x,u=0,z,D)]","Var[p(y|x,u=1,z,D)]","H[p(y|x,D)]","Var[p(y|x,D)]",Va,Ve,Va_variance,Ve_variance,kl_pyx_pyxz,kl_pyxz_pyx,api_calls
2.59,0.49,x1 = 2.59; x2 = 0.49,2.6,0.5,x1 = 2.6; x2 = 0.5,0.10820035632937677,0.8917996436706233,0.12175623837748914,0.8782437616225109,0.6143439726980222,0.3856560273019777,0.05352291954763738,0.9464770804523628,0.12180638138213015,0.87819361861787,0.53439,0.10693,0.96194,0.30118,0.23693,0.05066,0.49446,0.09649,0.38163,0.11282999999999999,0.07334,0.023150000000000004,0.0008947601300929465,0.0009260319876125099,79940
2.62,0.5,x1 = 2.62; x2 = 0.5,2.6,0.5,x1 = 2.6; x2 = 0.5,0.10820035632937677,0.8917996436706233,0.10344130337471125,0.8965586966252888,0.7150766469683474,0.28492335303165267,0.04401156641770991,0.9559884335822902,0.11342741299912344,0.8865725870008767,0.47981,0.09274,0.86207,0.26039,0.20374,0.04207,0.49446,0.09649,0.32263,0.17183000000000004,0.05879,0.037700000000000004,0.00013771134332723946,0.00013962023478144084,79970
2.59,0.5,x1 = 2.59; x2 = 0.5,2.6,0.5,x1 = 2.6; x2 = 0.5,0.10820035632937677,0.8917996436706233,0.10633535117167445,0.8936646488283257,0.656890322810828,0.34310967718917196,0.049861441684884655,0.9501385583151155,0.11441007093076047,0.88558992906924,0.48876,0.09503,0.92776,0.28581,0.22539,0.04738,0.49446,0.09649,0.35407,0.14039000000000001,0.06631,0.030180000000000012,0.00019337384383319531,0.0001965461282024076,80000
