z_x1,z_x2,z_note,x_x1,x_x2,x_note,"p(y=0|x,D)","p(y=1|x,D)","p(u=0|z,D)","p(u=1|z,D)","p(y=0|x,u=0,z,D)","p(y=1|x,u=0,z,D)","p(y=0|x,u=1,z,D)","p(y=1|x,u=1,z,D)","p(y=0|x,z,D)","p(y=1|x,z,D)","H[p(u|z,D)]","Var[p(u|z,D)]","H[p(y|x,u=0,z,D)]","H[p(y|x,u=1,z,D)]","Var[p(y|x,u=0,z,D)]","Var[p(y|x,u=1,z,D)]","H[p(y|x,D)]","Var[p(y|x,D)]",Va,Ve,Va_variance,Ve_variance,kl_pyx_pyxz,kl_pyxz_pyx,api_calls
1.78,-1.51,x1 = 1.78; x2 = -1.51,1.8,-1.5,x1 = 1.8; x2 = -1.5,0.12283167195302794,0.8771683280469722,0.13492861324664246,0.8650713867533575,0.4759532140898757,0.5240467859101244,0.06827539337296255,0.9317246066270375,0.12328279637370895,0.876717203626291,0.5708,0.11672,0.99833,0.35945,0.24942,0.06361,0.53745,0.10774,0.44565,0.09179999999999999,0.08868,0.019060000000000007,9.424461201301823e-07,9.43436694512685e-07,67740
1.81,-1.49,x1 = 1.81; x2 = -1.49,1.8,-1.5,x1 = 1.8; x2 = -1.5,0.12283167195302794,0.8771683280469722,0.13218062110222917,0.8678193788977708,0.5461161071900938,0.45388389280990615,0.07133792979874566,0.9286620702012544,0.1340944041721184,0.8659055958278815,0.56339,0.11471,0.99385,0.3709,0.24787,0.06625,0.53745,0.10774,0.45324,0.08421000000000001,0.09026,0.017479999999999996,0.0005597434127144751,0.0005738751665242316,67770
1.8,-1.5,x1 = 1.8; x2 = -1.5,1.8,-1.5,x1 = 1.8; x2 = -1.5,0.12283167195302794,0.8771683280469722,0.12283167195302794,0.8771683280469722,0.8158037886704121,0.18419621132958783,0.04436198175172928,0.9556380182482707,0.13911946871001607,0.860880531289984,0.53745,0.10774,0.68917,0.26195,0.15027,0.04239,0.53745,0.10774,0.31443,0.22302,0.05564,0.0521,0.001146143059140273,0.0011872682828885477,67800
