z_x1,z_x2,z_note,x_x1,x_x2,x_note,"p(y=0|x,D)","p(y=1|x,D)","p(u=0|z,D)","p(u=1|z,D)","p(y=0|x,u=0,z,D)","p(y=1|x,u=0,z,D)","p(y=0|x,u=1,z,D)","p(y=1|x,u=1,z,D)","p(y=0|x,z,D)","p(y=1|x,z,D)","H[p(u|z,D)]","Var[p(u|z,D)]","H[p(y|x,u=0,z,D)]","H[p(y|x,u=1,z,D)]","Var[p(y|x,u=0,z,D)]","Var[p(y|x,u=1,z,D)]","H[p(y|x,D)]","Var[p(y|x,D)]",Va,Ve,Va_variance,Ve_variance,kl_pyx_pyxz,kl_pyxz_pyx,api_calls
-1.81,-0.7,x1 = -1.81; x2 = -0.7,-1.8,-0.7,x1 = -1.8; x2 = -0.7,0.9503529238432191,0.04964707615678071,0.9499116169578959,0.0500883830421041,0.9737323640091077,0.02626763599089224,0.40183819336785626,0.5981618066321437,0.9450871097304823,0.05491289026951769,0.28677,0.04758,0.17531,0.97202,0.02558,0.24036,0.2849,0.04718,0.21522,0.06967999999999999,0.03634,0.010840000000000002,0.00027560384027639287,0.0002844941000324109,17740
-1.79,-0.7,x1 = -1.79; x2 = -0.7,-1.8,-0.7,x1 = -1.8; x2 = -0.7,0.9503529238432191,0.04964707615678071,0.9510212525833003,0.0489787474166996,0.9731036790427204,0.026896320957279573,0.513605633956203,0.48639436604379716,0.9505980403539606,0.049401959646039356,0.28204,0.04658,0.17858,0.99947,0.02617,0.24981,0.2849,0.04718,0.21879,0.06610999999999997,0.03712,0.01006,6.386960850397229e-07,6.376980477169609e-07,17770
-1.81,-0.69,x1 = -1.81; x2 = -0.69,-1.8,-0.7,x1 = -1.8; x2 = -0.7,0.9503529238432191,0.04964707615678071,0.9468730266049263,0.05312697339507346,0.9734624738819461,0.026537526118053895,0.4865374993504269,0.5134625006495731,0.9475936237146131,0.05240637628538673,0.29953,0.0503,0.17672,0.99948,0.02583,0.24982,0.2849,0.04718,0.22043,0.06447,0.03773,0.00945,7.796440288563699e-05,7.93058815968719e-05,17800
