z_x1,z_x2,z_note,x_x1,x_x2,x_note,"p(y=0|x,D)","p(y=1|x,D)","p(u=0|z,D)","p(u=1|z,D)","p(y=0|x,u=0,z,D)","p(y=1|x,u=0,z,D)","p(y=0|x,u=1,z,D)","p(y=1|x,u=1,z,D)","p(y=0|x,z,D)","p(y=1|x,z,D)","H[p(u|z,D)]","Var[p(u|z,D)]","H[p(y|x,u=0,z,D)]","H[p(y|x,u=1,z,D)]","Var[p(y|x,u=0,z,D)]","Var[p(y|x,u=1,z,D)]","H[p(y|x,D)]","Var[p(y|x,D)]",Va,Ve,Va_variance,Ve_variance,kl_pyx_pyxz,kl_pyxz_pyx,api_calls
-2.2,-0.1,x1 = -2.2; x2 = -0.1,-2.2,-0.1,x1 = -2.2; x2 = -0.1,0.9080284052958267,0.09197159470417335,0.9080284052958267,0.09197159470417335,0.9689925146397382,0.031007485360261898,0.1048108708294486,0.8951891291705515,0.889512350744432,0.11048764925556814,0.44302,0.08351,0.19942,0.48406,0.03005,0.09383,0.44302,0.08351,0.2256,0.21742000000000003,0.03592,0.04759,0.0018376510907771072,0.0019401098347876684,12440
-2.2,-0.11,x1 = -2.2; x2 = -0.11,-2.2,-0.1,x1 = -2.2; x2 = -0.1,0.9080284052958267,0.09197159470417335,0.9127701972340188,0.08722980276598145,0.9686569677427241,0.03134303225727576,0.17428638950858094,0.825713610491419,0.8993641788802613,0.10063582111973872,0.42716,0.07962,0.20108,0.66742,0.03036,0.14391,0.44302,0.08351,0.24176,0.20126000000000002,0.04026,0.043250000000000004,0.0004257633633094893,0.00043733315627794526,12470
-2.21,-0.09,x1 = -2.21; x2 = -0.09,-2.2,-0.1,x1 = -2.2; x2 = -0.1,0.9080284052958267,0.09197159470417335,0.9117054359393377,0.08829456406066233,0.9713526828407215,0.028647317159278617,0.3181911321646579,0.6818088678353421,0.9136820684625924,0.08631793153740785,0.43075,0.0805,0.18756,0.9024,0.02783,0.21695,0.44302,0.08351,0.25068,0.19234,0.04453,0.03898,0.00019876521018123705,0.00019500915798266114,12500
