z_x1,z_x2,z_note,x_x1,x_x2,x_note,"p(y=0|x,D)","p(y=1|x,D)","p(u=0|z,D)","p(u=1|z,D)","p(y=0|x,u=0,z,D)","p(y=1|x,u=0,z,D)","p(y=0|x,u=1,z,D)","p(y=1|x,u=1,z,D)","p(y=0|x,z,D)","p(y=1|x,z,D)","H[p(u|z,D)]","Var[p(u|z,D)]","H[p(y|x,u=0,z,D)]","H[p(y|x,u=1,z,D)]","Var[p(y|x,u=0,z,D)]","Var[p(y|x,u=1,z,D)]","H[p(y|x,D)]","Var[p(y|x,D)]",Va,Ve,Va_variance,Ve_variance,kl_pyx_pyxz,kl_pyxz_pyx,api_calls
-0.6,0.1,x1 = -0.6; x2 = 0.1,-0.6,0.1,x1 = -0.6; x2 = 0.1,0.5771980216015087,0.42280197839849143,0.5771980216015087,0.42280197839849143,0.9149828355166321,0.08501716448336802,0.1535107737634107,0.8464892262365892,0.5930309413121919,0.40696905868780814,0.98274,0.24404,0.41962,0.61856,0.07779,0.12995,0.98274,0.24404,0.50373,0.47900999999999994,0.09984,0.1442,0.0005173301832924471,0.0005154187040890476,34940
-0.61,0.1,x1 = -0.61; x2 = 0.1,-0.6,0.1,x1 = -0.6; x2 = 0.1,0.5771980216015087,0.42280197839849143,0.6076824335277546,0.39231756647224547,0.7678944189244855,0.23210558107551452,0.4012998699251281,0.598700130074872,0.6240729375790673,0.3759270624209328,0.96628,0.2384,0.78166,0.97171,0.17823,0.24026,0.98274,0.24404,0.85622,0.12651999999999997,0.20257,0.04147000000000001,0.004614260594006117,0.004554034268020729,34970
-0.6,0.11,x1 = -0.6; x2 = 0.11,-0.6,0.1,x1 = -0.6; x2 = 0.1,0.5771980216015087,0.42280197839849143,0.5828398316374338,0.4171601683625662,0.7882737977725506,0.21172620222744937,0.31258278238397996,0.68741721761602,0.5898344537044944,0.41016554629550556,0.98011,0.24314,0.74477,0.89613,0.1669,0.21487,0.98274,0.24404,0.80791,0.17482999999999993,0.18691,0.057130000000000014,0.0003290203185186899,0.00032806903152366243,35000
