z_x1,z_x2,z_note,x_x1,x_x2,x_note,"p(y=0|x,D)","p(y=1|x,D)","p(u=0|z,D)","p(u=1|z,D)","p(y=0|x,u=0,z,D)","p(y=1|x,u=0,z,D)","p(y=0|x,u=1,z,D)","p(y=1|x,u=1,z,D)","p(y=0|x,z,D)","p(y=1|x,z,D)","H[p(u|z,D)]","Var[p(u|z,D)]","H[p(y|x,u=0,z,D)]","H[p(y|x,u=1,z,D)]","Var[p(y|x,u=0,z,D)]","Var[p(y|x,u=1,z,D)]","H[p(y|x,D)]","Var[p(y|x,D)]",Va,Ve,Va_variance,Ve_variance,kl_pyx_pyxz,kl_pyxz_pyx,api_calls
2.59,-0.71,x1 = 2.59; x2 = -0.71,2.6,-0.7,x1 = 2.6; x2 = -0.7,0.11565294715130918,0.884347052848691,0.13169403967509224,0.8683059603249077,0.6389921634225224,0.3610078365774777,0.04690409292978418,0.953095907070216,0.12487856277640366,0.8751214372235964,0.56207,0.11435,0.94352,0.2731,0.23068,0.0447,0.51673,0.10228,0.36139,0.15534000000000003,0.06919,0.033089999999999994,0.00039795399569320447,0.0004068408560586219,79340
2.61,-0.7,x1 = 2.61; x2 = -0.7,2.6,-0.7,x1 = 2.6; x2 = -0.7,0.11565294715130918,0.884347052848691,0.11392108877424419,0.8860789112257559,0.7317125933186055,0.26828740668139445,0.04136404068818179,0.9586359593118183,0.12000929943756328,0.8799907005624369,0.51163,0.10094,0.839,0.24851,0.19631,0.03965,0.51673,0.10228,0.31578,0.20095000000000002,0.0575,0.04477999999999999,9.080774836610437e-05,9.178267107138888e-05,79370
2.6,-0.7,x1 = 2.6; x2 = -0.7,2.6,-0.7,x1 = 2.6; x2 = -0.7,0.11565294715130918,0.884347052848691,0.11565294715130918,0.884347052848691,0.8724973194465815,0.1275026805534184,0.033244892035887,0.966755107964113,0.130306908669824,0.8696930913301761,0.51673,0.10228,0.55055,0.21041,0.11125,0.03214,0.51673,0.10228,0.24975,0.26698,0.04129,0.060989999999999996,0.000979492025911492,0.0010135614921226131,79400
