z_x1,z_note,x_x1,x_note,"p(y=0|x,D)","p(y=1|x,D)","p(u=0|z,D)","p(u=1|z,D)","p(y=0|x,u=0,z,D)","p(y=1|x,u=0,z,D)","p(y=0|x,u=1,z,D)","p(y=1|x,u=1,z,D)","p(y=0|x,z,D)","p(y=1|x,z,D)","H[p(u|z,D)]","Var[p(u|z,D)]","H[p(y|x,u=0,z,D)]","H[p(y|x,u=1,z,D)]","Var[p(y|x,u=0,z,D)]","Var[p(y|x,u=1,z,D)]","H[p(y|x,D)]","Var[p(y|x,D)]",Va,Ve,Va_variance,Ve_variance,kl_pyx_pyxz,kl_pyxz_pyx,api_calls
0.6,x1 = 0.6,0.0,x1 = 0.0,0.7197795279893154,0.28022047201068456,0.4234430171010525,0.5765569828989474,0.767231200613802,0.232768799386198,0.6691670288084822,0.3308329711915178,0.7106916175872428,0.2893083824127572,0.98302,0.24414,0.78281,0.91578,0.17859,0.22138,0.85575,0.2017,0.85947,-0.0037199999999999456,0.20326,-0.0015600000000000058,0.00020211501869653661,0.00020341336962843674,520
-0.1,x1 = -0.1,0.0,x1 = 0.0,0.7197795279893154,0.28022047201068456,0.7122729818141507,0.2877270181858492,0.7789132500888283,0.2210867499111718,0.5968464124903585,0.4031535875096416,0.7265277017960933,0.2734722982039067,0.86577,0.20494,0.76215,0.97277,0.17221,0.24062,0.85575,0.2017,0.82275,0.03300000000000003,0.19189,0.009809999999999985,0.00011401897315849174,0.00011344861587183567,550
0.1,x1 = 0.1,0.0,x1 = 0.0,0.7197795279893154,0.28022047201068456,0.6168714558419643,0.38312854415803577,0.8021333455193412,0.19786665448065885,0.5703168853392515,0.42968311466074843,0.7133178426186743,0.28668215738132585,0.96022,0.23634,0.71764,0.98569,0.15872,0.24506,0.85575,0.2017,0.82034,0.03541000000000005,0.1918,0.009899999999999992,0.00010255414427471406,0.00010302627527287653,580
-0.3,x1 = -0.3,0.0,x1 = 0.0,0.7197795279893154,0.28022047201068456,0.7140103522583277,0.28598964774167224,0.7651644708996417,0.23483552910035832,0.6334603870230556,0.36653961297694443,0.7274984663456371,0.2725015336543628,0.86348,0.2042,0.78635,0.94798,0.17969,0.23219,0.85575,0.2017,0.83257,0.02317999999999998,0.1947,0.0069999999999999785,0.0001494018253972362,0.0001485444721635032,610
-1.0,x1 = -1.0,0.0,x1 = 0.0,0.7197795279893154,0.28022047201068456,0.6845250899556058,0.3154749100443942,0.7481083611023411,0.251891638897659,0.6686367184113657,0.3313632815886344,0.7230370517733253,0.27696294822667467,0.89939,0.21595,0.81426,0.91631,0.18844,0.22156,0.85575,0.2017,0.84645,0.009299999999999975,0.19889,0.002809999999999979,2.6431320515386304e-05,2.636815980473989e-05,640
