z_x1,z_note,x_x1,x_note,"p(y=0|x,D)","p(y=1|x,D)","p(u=0|z,D)","p(u=1|z,D)","p(y=0|x,u=0,z,D)","p(y=1|x,u=0,z,D)","p(y=0|x,u=1,z,D)","p(y=1|x,u=1,z,D)","p(y=0|x,z,D)","p(y=1|x,z,D)","H[p(u|z,D)]","Var[p(u|z,D)]","H[p(y|x,u=0,z,D)]","H[p(y|x,u=1,z,D)]","Var[p(y|x,u=0,z,D)]","Var[p(y|x,u=1,z,D)]","H[p(y|x,D)]","Var[p(y|x,D)]",Va,Ve,Va_variance,Ve_variance,kl_pyx_pyxz,kl_pyxz_pyx,api_calls
-5.0,x1 = -5.0,-5.0,x1 = -5.0,0.8142040499178058,0.18579595008219418,0.8142040499178058,0.18579595008219418,0.8158017065407475,0.1841982934592525,0.6420257994451811,0.3579742005548189,0.7835148467805315,0.21648515321946837,0.69259,0.15128,0.68918,0.94099,0.15027,0.22983,0.69259,0.15128,0.73597,-0.043379999999999974,0.16505,-0.013770000000000004,0.0028793600953155134,0.0029912984583774054,360
-4.9,x1 = -4.9,-5.0,x1 = -5.0,0.8142040499178058,0.18579595008219418,0.8048617263207145,0.19513827367928563,0.8274829347364155,0.17251706526358448,0.71679790342527,0.28320209657472983,0.805884048804221,0.1941159511957791,0.7121,0.15706,0.66343,0.85978,0.14275,0.203,0.69259,0.15128,0.70175,-0.009159999999999946,0.15451,-0.0032300000000000106,0.00022370624380976117,0.00022622091433676002,390
-4.5,x1 = -4.5,-5.0,x1 = -5.0,0.8142040499178058,0.18579595008219418,0.8033534365527084,0.19664656344729156,0.8276485566825607,0.1723514433174393,0.7407293503099732,0.25927064969002667,0.8105561934518255,0.18944380654817453,0.71517,0.15798,0.66306,0.82564,0.14265,0.19205,0.69259,0.15128,0.69503,-0.0024399999999999977,0.15236,-0.0010799999999999976,4.354466138184335e-05,4.376224441389161e-05,420
-5.1,x1 = -5.1,-5.0,x1 = -5.0,0.8142040499178058,0.18579595008219418,0.8120813874349138,0.18791861256508635,0.8381573038139424,0.16184269618605757,0.6745276700718539,0.3254723299281462,0.807408250066596,0.1925917499334041,0.6971,0.15261,0.6387,0.91023,0.13565,0.21954,0.69259,0.15128,0.68973,0.0028600000000000847,0.15141,-0.00012999999999999123,0.0001498536609676679,0.00015123573283985173,450
-5.3,x1 = -5.3,-5.0,x1 = -5.0,0.8142040499178058,0.18579595008219418,0.8124210218177623,0.1875789781822376,0.8306651510093573,0.1693348489906426,0.6746173944634832,0.32538260553651677,0.8013938722888516,0.19860612771114822,0.69638,0.15239,0.65618,0.91014,0.14066,0.21951,0.69259,0.15128,0.70382,-0.011229999999999962,0.15545,-0.004170000000000007,0.0005241546034117622,0.0005331082347858236,480
