z_x1,z_note,x_x1,x_note,"p(y=0|x,D)","p(y=1|x,D)","p(u=0|z,D)","p(u=1|z,D)","p(y=0|x,u=0,z,D)","p(y=1|x,u=0,z,D)","p(y=0|x,u=1,z,D)","p(y=1|x,u=1,z,D)","p(y=0|x,z,D)","p(y=1|x,z,D)","H[p(u|z,D)]","Var[p(u|z,D)]","H[p(y|x,u=0,z,D)]","H[p(y|x,u=1,z,D)]","Var[p(y|x,u=0,z,D)]","Var[p(y|x,u=1,z,D)]","H[p(y|x,D)]","Var[p(y|x,D)]",Va,Ve,Va_variance,Ve_variance,kl_pyx_pyxz,kl_pyxz_pyx,api_calls
-14.4,x1 = -14.4,-15.0,x1 = -15.0,0.8168097458608525,0.18319025413914738,0.7986434139233942,0.20135658607660564,0.9068017821851626,0.09319821781483724,0.3172868212559222,0.6827131787440779,0.788099062211367,0.21190093778863267,0.72463,0.16081,0.44706,0.90141,0.08451,0.21662,0.68701,0.14963,0.53855,0.14846000000000004,0.11111,0.03852000000000001,0.002556080050923948,0.002651350086796355,40
-14.9,x1 = -14.9,-15.0,x1 = -15.0,0.8168097458608525,0.18319025413914738,0.8111801872038866,0.18881981279611337,0.9076249101764928,0.09237508982350714,0.30757843225374587,0.6924215677462542,0.7943242465461525,0.20567575345384742,0.699,0.15317,0.44435,0.89036,0.08384,0.21297,0.68701,0.14963,0.52857,0.15844000000000003,0.10822,0.041410000000000016,0.001591821339395512,0.0016391226016518705,70
-14.7,x1 = -14.7,-15.0,x1 = -15.0,0.8168097458608525,0.18319025413914738,0.8017270093986584,0.19827299060134154,0.9087357660740414,0.09126423392595855,0.31032878162797156,0.6896712183720285,0.7900878236711886,0.2099121763288113,0.71846,0.15896,0.44068,0.89355,0.08294,0.21402,0.68701,0.14963,0.53047,0.15654,0.10893,0.040700000000000014,0.0022248847833687135,0.0023025055413517237,100
-14.3,x1 = -14.3,-15.0,x1 = -15.0,0.8168097458608525,0.18319025413914738,0.7988998080761556,0.20110019192384443,0.9059762382316474,0.09402376176835255,0.31494482565913506,0.6850551743408649,0.7871197077302944,0.21288029226970567,0.72412,0.16066,0.44976,0.8988,0.08518,0.21575,0.68701,0.14963,0.54006,0.14695000000000003,0.11144,0.038190000000000016,0.0027270337328939923,0.0028318499797266895,130
-15.3,x1 = -15.3,-15.0,x1 = -15.0,0.8168097458608525,0.18319025413914738,0.8000747710058791,0.19992522899412074,0.9121149436103388,0.08788505638966108,0.3192499315252014,0.6807500684747987,0.7935862703066154,0.20641372969338437,0.72178,0.15996,0.42937,0.90356,0.08016,0.21733,0.68701,0.14963,0.52417,0.16283999999999998,0.10758,0.04205000000000002,0.0016949201311358617,0.001746827779582738,160
