z_x1,z_note,x_x1,x_note,"p(y=0|x,D)","p(y=1|x,D)","p(u=0|z,D)","p(u=1|z,D)","p(y=0|x,u=0,z,D)","p(y=1|x,u=0,z,D)","p(y=0|x,u=1,z,D)","p(y=1|x,u=1,z,D)","p(y=0|x,z,D)","p(y=1|x,z,D)","H[p(u|z,D)]","Var[p(u|z,D)]","H[p(y|x,u=0,z,D)]","H[p(y|x,u=1,z,D)]","Var[p(y|x,u=0,z,D)]","Var[p(y|x,u=1,z,D)]","H[p(y|x,D)]","Var[p(y|x,D)]",Va,Ve,Va_variance,Ve_variance,kl_pyx_pyxz,kl_pyxz_pyx,api_calls
4.5,x1 = 4.5,5.0,x1 = 5.0,0.37065179780628016,0.6293482021937198,0.448038086122732,0.5519619138772679,0.3934586538258546,0.6065413461741453,0.37316536283048596,0.6268346371695139,0.38225753008918256,0.6177424699108172,0.9922,0.2473,0.967,0.95307,0.23865,0.23391,0.95117,0.23327,0.95931,-0.008140000000000036,0.23603,-0.0027599999999999847,0.00028633554986674976,0.00028750409583211574,680
5.0,x1 = 5.0,5.0,x1 = 5.0,0.37065179780628016,0.6293482021937198,0.37065179780628016,0.6293482021937198,0.42640805203097065,0.5735919479690295,0.37038297688149,0.6296170231185101,0.391148771707877,0.608851228292123,0.95117,0.23327,0.98432,0.95097,0.24458,0.2332,0.95117,0.23327,0.96333,-0.01216000000000006,0.23742,-0.004149999999999987,0.0008878830768093947,0.0008940344917841431,710
4.9,x1 = 4.9,5.0,x1 = 5.0,0.37065179780628016,0.6293482021937198,0.43611079129256725,0.5638892087074329,0.40265557571999455,0.5973444242800054,0.37316536138607714,0.6268346386139229,0.3860263620946293,0.6139736379053709,0.98819,0.24592,0.97248,0.95307,0.24052,0.23391,0.95117,0.23327,0.96153,-0.010360000000000036,0.23679,-0.0035199999999999954,0.0005012256883246968,0.0005038908048149143,740
5.5,x1 = 5.5,5.0,x1 = 5.0,0.37065179780628016,0.6293482021937198,0.35431978842345274,0.6456802115765473,0.42042178460718277,0.5795782153928173,0.37316536537953604,0.626834634620464,0.3899092498419259,0.6100907501580742,0.93787,0.22878,0.98165,0.95307,0.24367,0.23391,0.95117,0.23327,0.9632,-0.012029999999999985,0.23737,-0.0040999999999999925,0.0007843686095657422,0.0007895027954427369,770
5.1,x1 = 5.1,5.0,x1 = 5.0,0.37065179780628016,0.6293482021937198,0.35126246121852606,0.648737538781474,0.41127256689052893,0.5887274331094711,0.36201107198116844,0.6379889280188316,0.37931478592633433,0.6206852140736657,0.93519,0.22788,0.97716,0.94434,0.24213,0.23096,0.95117,0.23327,0.95587,-0.0047000000000000375,0.23488,-0.0016100000000000003,0.00015986266906541265,0.0001603559452611151,800
