z_x1,z_note,x_x1,x_note,"p(y=0|x,D)","p(y=1|x,D)","p(u=0|z,D)","p(u=1|z,D)","p(y=0|x,u=0,z,D)","p(y=1|x,u=0,z,D)","p(y=0|x,u=1,z,D)","p(y=1|x,u=1,z,D)","p(y=0|x,z,D)","p(y=1|x,z,D)","H[p(u|z,D)]","Var[p(u|z,D)]","H[p(y|x,u=0,z,D)]","H[p(y|x,u=1,z,D)]","Var[p(y|x,u=0,z,D)]","Var[p(y|x,u=1,z,D)]","H[p(y|x,D)]","Var[p(y|x,D)]",Va,Ve,Va_variance,Ve_variance,kl_pyx_pyxz,kl_pyxz_pyx,api_calls
-14.4,x1 = -14.4,-15.0,x1 = -15.0,0.8064936777088846,0.19350632229111525,0.7901163558430319,0.20988364415696809,0.8805047154701862,0.11949528452981364,0.2960210984666781,0.703978901533322,0.7578311639834442,0.24216883601655562,0.74126,0.16583,0.52791,0.87637,0.10522,0.20839,0.70875,0.15606,0.60105,0.10770000000000002,0.12687,0.029189999999999994,0.006784186553187806,0.007160563012948269,40
-14.9,x1 = -14.9,-15.0,x1 = -15.0,0.8064936777088846,0.19350632229111525,0.8071714545870696,0.1928285454129304,0.8875294361850395,0.1124705638149605,0.2907360885304118,0.7092639114695883,0.7724506430446845,0.22754935695531567,0.70735,0.15565,0.50732,0.86967,0.09982,0.20621,0.70875,0.15606,0.57719,0.13156,0.12034,0.03572,0.0034233634477244743,0.0035617541471578973,70
-14.7,x1 = -14.7,-15.0,x1 = -15.0,0.8064936777088846,0.19350632229111525,0.8034825686605366,0.19651743133946348,0.883858811401286,0.11614118859871406,0.2873996646528367,0.7126003353471634,0.7666441919833528,0.23335580801664743,0.71491,0.1579,0.51817,0.86534,0.10265,0.2048,0.70875,0.15606,0.58639,0.12236000000000002,0.12272,0.03334000000000001,0.004632797065621599,0.004848488934073275,100
-14.3,x1 = -14.3,-15.0,x1 = -15.0,0.8064936777088846,0.19350632229111525,0.7959175179862712,0.20408248201372875,0.8793588693622791,0.12064113063772089,0.2867035170120013,0.7132964829879986,0.7584082940759135,0.24159170592408652,0.73002,0.16243,0.5312,0.86442,0.10609,0.2045,0.70875,0.15606,0.5992,0.10955000000000004,0.12617,0.02989,0.006631940348929458,0.006996088330403993,130
-15.3,x1 = -15.3,-15.0,x1 = -15.0,0.8064936777088846,0.19350632229111525,0.7948052232591527,0.2051947767408473,0.8849569158769297,0.11504308412307027,0.29820766305083374,0.7017923369491663,0.7645590339404199,0.23544096605958,0.7322,0.16309,0.51494,0.87909,0.10181,0.20928,0.70875,0.15606,0.58966,0.11909000000000003,0.12386,0.032200000000000006,0.005107925939500928,0.005356731849390735,160
