z_x1,z_note,x_x1,x_note,"p(y=0|x,D)","p(y=1|x,D)","p(u=0|z,D)","p(u=1|z,D)","p(y=0|x,u=0,z,D)","p(y=1|x,u=0,z,D)","p(y=0|x,u=1,z,D)","p(y=1|x,u=1,z,D)","p(y=0|x,z,D)","p(y=1|x,z,D)","H[p(u|z,D)]","Var[p(u|z,D)]","H[p(y|x,u=0,z,D)]","H[p(y|x,u=1,z,D)]","Var[p(y|x,u=0,z,D)]","Var[p(y|x,u=1,z,D)]","H[p(y|x,D)]","Var[p(y|x,D)]",Va,Ve,Va_variance,Ve_variance,kl_pyx_pyxz,kl_pyxz_pyx,api_calls
10.1,x1 = 10.1,10.0,x1 = 10.0,0.09370074190859357,0.9062992580914064,0.08402764055004897,0.915972359449951,0.5038083135424433,0.49619168645755674,0.10215180462053561,0.8978481953794644,0.13590205337681321,0.8640979466231868,0.41621,0.07697,0.99996,0.47578,0.24999,0.09172,0.4487,0.08492,0.51983,-0.07113000000000003,0.10502,-0.020100000000000007,0.008374869210166128,0.009329077039938405,840
9.7,x1 = 9.7,10.0,x1 = 10.0,0.09370074190859357,0.9062992580914064,0.06796282624069501,0.932037173759305,0.41449305256572533,0.5855069474342747,0.09647186915779057,0.9035281308422094,0.11808548758660424,0.8819145124133958,0.35827,0.06334,0.9788,0.45771,0.24269,0.08717,0.4487,0.08492,0.49312,-0.044420000000000015,0.09774,-0.012819999999999998,0.003045560299478379,0.003259777935181545,870
9.4,x1 = 9.4,10.0,x1 = 10.0,0.09370074190859357,0.9062992580914064,0.06869410709968113,0.9313058929003188,0.39320369399258726,0.6067963060074129,0.09780798887019347,0.9021920111298065,0.11809993307465702,0.881900066925343,0.36103,0.06398,0.96684,0.46201,0.23859,0.08824,0.4487,0.08492,0.49669,-0.04799000000000003,0.09857,-0.01365000000000001,0.0030489435413275368,0.003263514210262039,900
9.9,x1 = 9.9,10.0,x1 = 10.0,0.09370074190859357,0.9062992580914064,0.07834101828974223,0.9216589817102576,0.4499232051025258,0.5500767948974742,0.08884644521019158,0.9111535547898082,0.1171335662609178,0.8828664337390818,0.39631,0.0722,0.99275,0.43261,0.24749,0.08095,0.4487,0.08492,0.47649,-0.027790000000000037,0.094,-0.009080000000000005,0.002826255953511634,0.0030179935906678307,930
10.4,x1 = 10.4,10.0,x1 = 10.0,0.09370074190859357,0.9062992580914064,0.08039228686898181,0.9196077131310183,0.4913730159627945,0.5086269840372055,0.11009465750000165,0.8899053424999984,0.14074649667047698,0.8592535033295232,0.40356,0.07393,0.99979,0.5002,0.24993,0.09797,0.4487,0.08492,0.54036,-0.09165999999999996,0.11019,-0.02527,0.010188247626005523,0.011460319107132057,960
