x1,label,note,p(u=0|z),p(u=1|z),H[p(u|z)],"p(u=0|z,x)","p(u=1|z,x)","p(y=0|x,u=0,z)","p(y=1|x,u=0,z)","p(y=0|x,u=1,z)","p(y=1|x,u=1,z)","p(y=0|x,z)","p(y=1|x,z)",p(y=0|x),p(y=1|x),"H[p(y|x,u=0,z)]","H[p(y|x,u=1,z)]",H[p(y|x)],"H[p(y|x,z)]","Va = E[H[p(y|x,u,z)]]",true_x,within_threshold,min_Va,max_Ve
1.5,1,x1 = 1.5,0.0022740000000000004,0.9977260000000001,0.02324,0.0015860000000000002,0.998414,0.9968299999999999,0.00317,0.41234000000000004,0.58766,0.41366913026000013,0.58633086974,0.45626999999999995,0.54373,0.03088,0.97771,0.99448,0.97839,0.97621,-2.7,True,0.6049,0.38958
3.4,1,x1 = 3.4,4.8e-05,0.9999520000000001,0.00076,8e-05,0.99992,0.994624,0.005376000000000001,0.14805,0.8519500000000001,0.148090635552,0.8519093644480001,0.45626999999999995,0.54373,0.04827,0.60494,0.99448,0.60504,0.6049,-2.7,True,0.6049,0.38958
2.6,1,x1 = 2.6,0.0,1.0,0.0,0.0,1.0,0.9930959999999999,0.006904,0.6978580000000001,0.302142,0.6978580000000001,0.302142,0.45626999999999995,0.54373,0.05949,0.88389,0.99448,0.88389,0.88389,-2.7,True,0.6049,0.38958
2.3,1,x1 = 2.3,0.00012800000000000002,0.9998720000000001,0.00184,0.00012800000000000002,0.9998720000000001,0.9988300000000001,0.00117,0.5496219999999999,0.45037800000000006,0.5496794986239999,0.4503205013760001,0.45626999999999995,0.54373,0.01308,0.99288,0.99448,0.99287,0.99275,-2.7,True,0.6049,0.38958
0.9,1,x1 = 0.9,0.01099,0.9890100000000001,0.08729,0.01406,0.98594,0.97005,0.029949999999999997,0.410556,0.5894440000000001,0.41670483906,0.5832951609400001,0.45626999999999995,0.54373,0.19414,0.97679,0.99448,0.97989,0.96579,-2.7,True,0.6049,0.38958
