z_x1,z_x2,z_note,x_x1,x_x2,x_note,"p(y=0|x,D)","p(y=1|x,D)","p(u=0|z,D)","p(u=1|z,D)","p(y=0|x,u=0,z,D)","p(y=1|x,u=0,z,D)","p(y=0|x,u=1,z,D)","p(y=1|x,u=1,z,D)","p(y=0|x,z,D)","p(y=1|x,z,D)","H[p(u|z,D)]","H[p(y|x,u=0,z,D)]","H[p(y|x,u=1,z,D)]","H[p(y|x,D)]",Va,Ve,kl_pyx_pyxz,kl_pyxz_pyx
-0.7,-1.0,x1 = -0.7; x2 = -1.0,-0.7,-1.0,x1 = -0.7; x2 = -1.0,0.9022319579887261,0.09776804201127394,0.9022319579887261,0.09776804201127394,0.9786538632505035,0.02134613674949639,0.1452701187607402,0.8547298812392597,0.8971755663077157,0.10282443369228436,0.46188,0.14893,0.59788,0.46188,0.19282,0.26906,0.00014063551323722535,0.0001427516241202251
