z_x1,z_x2,z_note,x_x1,x_x2,x_note,"p(y=0|x,D)","p(y=1|x,D)","p(u=0|z,D)","p(u=1|z,D)","p(y=0|x,u=0,z,D)","p(y=1|x,u=0,z,D)","p(y=0|x,u=1,z,D)","p(y=1|x,u=1,z,D)","p(y=0|x,z,D)","p(y=1|x,z,D)","H[p(u|z,D)]","H[p(y|x,u=0,z,D)]","H[p(y|x,u=1,z,D)]","H[p(y|x,D)]",Va,Ve,kl_pyx_pyxz,kl_pyxz_pyx
1.5,-0.6,x1 = 1.5; x2 = -0.6,1.5,-0.6,x1 = 1.5; x2 = -0.6,0.04988789374585954,0.9501121062541404,0.05044650229211876,0.9495534977078812,0.768191600878301,0.23180839912169904,0.018022691116077082,0.9819773088839229,0.05586608874187334,0.9441339112581266,0.28829,0.78115,0.13019,0.28592,0.16303,0.12289,0.00035081046241844816,0.00036353101970126606
