z_x1,z_x2,z_note,x_x1,x_x2,x_note,"p(y=0|x,D)","p(y=1|x,D)","p(u=0|z,D)","p(u=1|z,D)","p(y=0|x,u=0,z,D)","p(y=1|x,u=0,z,D)","p(y=0|x,u=1,z,D)","p(y=1|x,u=1,z,D)","p(y=0|x,z,D)","p(y=1|x,z,D)","H[p(u|z,D)]","H[p(y|x,u=0,z,D)]","H[p(y|x,u=1,z,D)]","H[p(y|x,D)]",Va,Ve,kl_pyx_pyxz,kl_pyxz_pyx
2.3,-0.6,x1 = 2.3; x2 = -0.6,2.3,-0.6,x1 = 2.3; x2 = -0.6,0.06659223295924785,0.9334077670407522,0.06718997927630163,0.9328100207236985,0.8677515669987044,0.1322484330012957,0.018021841436648804,0.9819781585633512,0.07511516408762078,0.9248848359123794,0.35535,0.56357,0.13018,0.35308,0.1593,0.19378,0.0005420781558032987,0.0005625570877457915
