z_x1,z_x2,z_note,x_x1,x_x2,x_note,"p(y=0|x,D)","p(y=1|x,D)","p(u=0|z,D)","p(u=1|z,D)","p(y=0|x,u=0,z,D)","p(y=1|x,u=0,z,D)","p(y=0|x,u=1,z,D)","p(y=1|x,u=1,z,D)","p(y=0|x,z,D)","p(y=1|x,z,D)","H[p(u|z,D)]","H[p(y|x,u=0,z,D)]","H[p(y|x,u=1,z,D)]","H[p(y|x,D)]",Va,Ve,kl_pyx_pyxz,kl_pyxz_pyx
-1.3,1.0,x1 = -1.3; x2 = 1.0,-1.3,1.0,x1 = -1.3; x2 = 1.0,0.36368110470971793,0.636318895290282,0.36294031724799,0.63705968275201,0.9557722847892276,0.04422771521077258,0.03858869068482535,0.9614113093151747,0.37147159530372875,0.6285284046962712,0.9451,0.26135,0.23578,0.9457,0.24506,0.7006399999999999,0.00013035067772360943,0.00013073692599170367
