z_x1,z_x2,z_note,x_x1,x_x2,x_note,"p(y=0|x,D)","p(y=1|x,D)","p(u=0|z,D)","p(u=1|z,D)","p(y=0|x,u=0,z,D)","p(y=1|x,u=0,z,D)","p(y=0|x,u=1,z,D)","p(y=1|x,u=1,z,D)","p(y=0|x,z,D)","p(y=1|x,z,D)","H[p(u|z,D)]","H[p(y|x,u=0,z,D)]","H[p(y|x,u=1,z,D)]","H[p(y|x,D)]",Va,Ve,kl_pyx_pyxz,kl_pyxz_pyx
-0.3,0.4,x1 = -0.3; x2 = 0.4,-0.3,0.4,x1 = -0.3; x2 = 0.4,0.26871396244394496,0.7312860375560553,0.26871396244394496,0.7312860375560553,0.88117658651485,0.11882341348515002,0.04066808365305304,0.959331916346947,0.2665244539248744,0.7334755460751259,0.83961,0.52597,0.24535,0.83961,0.32076,0.51885,1.2240144814618364e-05,1.2218979955702994e-05
