z_x1,z_x2,z_note,x_x1,x_x2,x_note,"p(y=0|x,D)","p(y=1|x,D)","p(u=0|z,D)","p(u=1|z,D)","p(y=0|x,u=0,z,D)","p(y=1|x,u=0,z,D)","p(y=0|x,u=1,z,D)","p(y=1|x,u=1,z,D)","p(y=0|x,z,D)","p(y=1|x,z,D)","H[p(u|z,D)]","H[p(y|x,u=0,z,D)]","H[p(y|x,u=1,z,D)]","H[p(y|x,D)]",Va,Ve,kl_pyx_pyxz,kl_pyxz_pyx
1.7,-1.0,x1 = 1.7; x2 = -1.0,1.7,-1.0,x1 = 1.7; x2 = -1.0,0.0955881612406839,0.9044118387593162,0.09558815850143179,0.9044118414985685,0.8206448145170991,0.17935518548290086,0.024237194364452895,0.9757628056355472,0.10036433219135213,0.8996356678086481,0.45485,0.67866,0.16461,0.45485,0.21375,0.24109999999999998,0.0001281478664434182,0.00013001789903378975
