z_x1,z_x2,z_note,x_x1,x_x2,x_note,"p(y=0|x,D)","p(y=1|x,D)","p(u=0|z,D)","p(u=1|z,D)","p(y=0|x,u=0,z,D)","p(y=1|x,u=0,z,D)","p(y=0|x,u=1,z,D)","p(y=1|x,u=1,z,D)","p(y=0|x,z,D)","p(y=1|x,z,D)","H[p(u|z,D)]","H[p(y|x,u=0,z,D)]","H[p(y|x,u=1,z,D)]","H[p(y|x,D)]",Va,Ve,kl_pyx_pyxz,kl_pyxz_pyx
-0.9,-1.0,x1 = -0.9; x2 = -1.0,-0.9,-1.0,x1 = -0.9; x2 = -1.0,0.8964431807757087,0.10355681922429141,0.8956120318671429,0.10438796813285718,0.9794708350397301,0.02052916496026988,0.1328333286265222,0.8671666713734778,0.8910920660001865,0.1089079339998135,0.48275,0.1444,0.56516,0.48017,0.18832,0.29185,0.00014970420846530282,0.000151936013159412
