z_x1,z_x2,z_note,x_x1,x_x2,x_note,"p(y=0|x,D)","p(y=1|x,D)","p(u=0|z,D)","p(u=1|z,D)","p(y=0|x,u=0,z,D)","p(y=1|x,u=0,z,D)","p(y=0|x,u=1,z,D)","p(y=1|x,u=1,z,D)","p(y=0|x,z,D)","p(y=1|x,z,D)","H[p(u|z,D)]","H[p(y|x,u=0,z,D)]","H[p(y|x,u=1,z,D)]","H[p(y|x,D)]",Va,Ve,kl_pyx_pyxz,kl_pyxz_pyx
-1.1,-0.2,x1 = -1.1; x2 = -0.2,-1.1,-0.2,x1 = -1.1; x2 = -0.2,0.9018148939606666,0.0981851060393332,0.9018148945390714,0.09818510546092861,0.9702540083631142,0.029745991636885887,0.09962321115902625,0.9003767888409737,0.8847710317220984,0.1152289682779016,0.46322,0.19312,0.4678,0.46322,0.22009,0.24313,0.0014908207645680446,0.0015625366126893678
