z_x1,z_x2,z_note,x_x1,x_x2,x_note,"p(y=0|x,D)","p(y=1|x,D)","p(u=0|z,D)","p(u=1|z,D)","p(y=0|x,u=0,z,D)","p(y=1|x,u=0,z,D)","p(y=0|x,u=1,z,D)","p(y=1|x,u=1,z,D)","p(y=0|x,z,D)","p(y=1|x,z,D)","H[p(u|z,D)]","H[p(y|x,u=0,z,D)]","H[p(y|x,u=1,z,D)]","H[p(y|x,D)]",Va,Ve,kl_pyx_pyxz,kl_pyxz_pyx
-0.9,-0.0,x1 = -0.9; x2 = -0.0,-0.9,-0.0,x1 = -0.9; x2 = -0.0,0.9367255473462173,0.06327445265378273,0.9360572143430683,0.06394278565693161,0.9855864104883221,0.01441358951167791,0.16183956821459616,0.8381604317854038,0.9329137427172388,0.06708625728276102,0.3429,0.1088,0.63869,0.34031,0.14268,0.19763,0.00011818047074868684,0.00012034376030906112
