z_x1,z_x2,z_note,x_x1,x_x2,x_note,"p(y=0|x,D)","p(y=1|x,D)","p(u=0|z,D)","p(u=1|z,D)","p(y=0|x,u=0,z,D)","p(y=1|x,u=0,z,D)","p(y=0|x,u=1,z,D)","p(y=1|x,u=1,z,D)","p(y=0|x,z,D)","p(y=1|x,z,D)","H[p(u|z,D)]","H[p(y|x,u=0,z,D)]","H[p(y|x,u=1,z,D)]","H[p(y|x,D)]",Va,Ve,kl_pyx_pyxz,kl_pyxz_pyx
-0.1,1.2,x1 = -0.1; x2 = 1.2,-0.1,1.2,x1 = -0.1; x2 = 1.2,0.7391116065749713,0.26088839342502873,0.7391116072417079,0.2608883927582921,0.9696016543099428,0.03039834569005711,0.0656808185529031,0.934319181447097,0.7337792002885566,0.2662207997114434,0.82808,0.19639,0.34959,0.82808,0.23636,0.59172,7.309291502877267e-05,7.341015441296797e-05
