z_x1,z_x2,z_note,x_x1,x_x2,x_note,"p(y=0|x,D)","p(y=1|x,D)","p(u=0|z,D)","p(u=1|z,D)","p(y=0|x,u=0,z,D)","p(y=1|x,u=0,z,D)","p(y=0|x,u=1,z,D)","p(y=1|x,u=1,z,D)","p(y=0|x,z,D)","p(y=1|x,z,D)","H[p(u|z,D)]","H[p(y|x,u=0,z,D)]","H[p(y|x,u=1,z,D)]","H[p(y|x,D)]",Va,Ve,kl_pyx_pyxz,kl_pyxz_pyx
0.7,1.0,x1 = 0.7; x2 = 1.0,0.7,1.0,x1 = 0.7; x2 = 1.0,0.8782700904792673,0.12172990952073263,0.874638364102027,0.12536163589797303,0.9731322868262196,0.026867713173780606,0.1857782566316185,0.8142217433683815,0.8744282975701623,0.1255717024298378,0.54458,0.17843,0.69256,0.53431,0.24288,0.29142999999999997,6.780448558684968e-05,6.841036674261423e-05
