z_x1,z_x2,z_note,x_x1,x_x2,x_note,"p(y=0|x,D)","p(y=1|x,D)","p(u=0|z,D)","p(u=1|z,D)","p(y=0|x,u=0,z,D)","p(y=1|x,u=0,z,D)","p(y=0|x,u=1,z,D)","p(y=1|x,u=1,z,D)","p(y=0|x,z,D)","p(y=1|x,z,D)","H[p(u|z,D)]","H[p(y|x,u=0,z,D)]","H[p(y|x,u=1,z,D)]","H[p(y|x,D)]",Va,Ve,kl_pyx_pyxz,kl_pyxz_pyx
0.1,1.6,x1 = 0.1; x2 = 1.6,0.1,1.6,x1 = 0.1; x2 = 1.6,0.8253833306585253,0.1746166693414747,0.8253833299067365,0.17461667009326348,0.9759767717612174,0.024023228238782744,0.053702518785614994,0.946297481214385,0.8149323127938656,0.18506768720613448,0.66816,0.16347,0.30192,0.66816,0.18765,0.48051,0.0003675378898516553,0.00037314025370287045
