z_x1,z_x2,z_note,x_x1,x_x2,x_note,"p(y=0|x,D)","p(y=1|x,D)","p(u=0|z,D)","p(u=1|z,D)","p(y=0|x,u=0,z,D)","p(y=1|x,u=0,z,D)","p(y=0|x,u=1,z,D)","p(y=1|x,u=1,z,D)","p(y=0|x,z,D)","p(y=1|x,z,D)","H[p(u|z,D)]","H[p(y|x,u=0,z,D)]","H[p(y|x,u=1,z,D)]","H[p(y|x,D)]",Va,Ve,kl_pyx_pyxz,kl_pyxz_pyx
1.9,-0.2,x1 = 1.9; x2 = -0.2,1.9,-0.2,x1 = 1.9; x2 = -0.2,0.039722843356647004,0.960277156643353,0.040256657737921406,0.9597433422620787,0.637850484222137,0.3621495157778631,0.015130817666504263,0.9848691823334959,0.040199430149706915,0.9598005698502933,0.24347,0.94445,0.11315,0.24102,0.14662,0.09440000000000001,2.95463738787875e-06,2.9659159899729547e-06
