z_x1,z_x2,z_note,x_x1,x_x2,x_note,"p(y=0|x,D)","p(y=1|x,D)","p(u=0|z,D)","p(u=1|z,D)","p(y=0|x,u=0,z,D)","p(y=1|x,u=0,z,D)","p(y=0|x,u=1,z,D)","p(y=1|x,u=1,z,D)","p(y=0|x,z,D)","p(y=1|x,z,D)","H[p(u|z,D)]","H[p(y|x,u=0,z,D)]","H[p(y|x,u=1,z,D)]","H[p(y|x,D)]",Va,Ve,kl_pyx_pyxz,kl_pyxz_pyx
1.5,1.6,x1 = 1.5; x2 = 1.6,1.5,1.6,x1 = 1.5; x2 = 1.6,0.21877189920509293,0.781228100794907,0.21877189920509293,0.781228100794907,0.9313030808604035,0.06869691913959655,0.030766191110620143,0.9692338088893797,0.22777835678542763,0.7722216432145722,0.75792,0.36104,0.19822,0.75792,0.23384,0.5240800000000001,0.0002327724180083389,0.00023501365933670942
