z_x1,z_x2,z_note,x_x1,x_x2,x_note,"p(y=0|x,D)","p(y=1|x,D)","p(u=0|z,D)","p(u=1|z,D)","p(y=0|x,u=0,z,D)","p(y=1|x,u=0,z,D)","p(y=0|x,u=1,z,D)","p(y=1|x,u=1,z,D)","p(y=0|x,z,D)","p(y=1|x,z,D)","H[p(u|z,D)]","H[p(y|x,u=0,z,D)]","H[p(y|x,u=1,z,D)]","H[p(y|x,D)]",Va,Ve,kl_pyx_pyxz,kl_pyxz_pyx
-0.1,-1.0,x1 = -0.1; x2 = -1.0,-0.1,-1.0,x1 = -0.1; x2 = -1.0,0.8262934740751742,0.17370652592482577,0.8262934725368835,0.1737065274631166,0.9714333041460984,0.02856669585390164,0.0742897254433812,0.9257102745566188,0.8155936084538162,0.1844063915461839,0.66611,0.18715,0.38173,0.66611,0.22095,0.44516,0.0003864865224005587,0.0003925549974346156
