z_x1,z_x2,z_note,x_x1,x_x2,x_note,"p(y=0|x,D)","p(y=1|x,D)","p(u=0|z,D)","p(u=1|z,D)","p(y=0|x,u=0,z,D)","p(y=1|x,u=0,z,D)","p(y=0|x,u=1,z,D)","p(y=1|x,u=1,z,D)","p(y=0|x,z,D)","p(y=1|x,z,D)","H[p(u|z,D)]","H[p(y|x,u=0,z,D)]","H[p(y|x,u=1,z,D)]","H[p(y|x,D)]",Va,Ve,kl_pyx_pyxz,kl_pyxz_pyx
1.9,1.8,x1 = 1.9; x2 = 1.8,1.9,1.8,x1 = 1.9; x2 = 1.8,0.14933747148562654,0.8506625285143734,0.14671010582262073,0.8532898941773794,0.93514358417424,0.06485641582576011,0.021736450169566744,0.9782635498304332,0.15574250745852908,0.8442574925414711,0.60155,0.34643,0.15108,0.60818,0.17974,0.42844000000000004,0.00015778468831381936,0.0001596063219585775
