z_x1,z_x2,z_note,x_x1,x_x2,x_note,"p(y=0|x,D)","p(y=1|x,D)","p(u=0|z,D)","p(u=1|z,D)","p(y=0|x,u=0,z,D)","p(y=1|x,u=0,z,D)","p(y=0|x,u=1,z,D)","p(y=1|x,u=1,z,D)","p(y=0|x,z,D)","p(y=1|x,z,D)","H[p(u|z,D)]","H[p(y|x,u=0,z,D)]","H[p(y|x,u=1,z,D)]","H[p(y|x,D)]",Va,Ve,kl_pyx_pyxz,kl_pyxz_pyx
2.3,1.2,x1 = 2.3; x2 = 1.2,2.3,1.2,x1 = 2.3; x2 = 1.2,0.20176948121715146,0.7982305187828486,0.20176948010592383,0.7982305198940762,0.9256700186728721,0.0743299813271279,0.02995852416096708,0.9700414758390329,0.2106857667335342,0.7893142332664659,0.72545,0.38188,0.19418,0.72545,0.23205,0.49340000000000006,0.00024156096732172276,0.00024415207809572355
