z_x1,z_x2,z_note,x_x1,x_x2,x_note,"p(y=0|x,D)","p(y=1|x,D)","p(u=0|z,D)","p(u=1|z,D)","p(y=0|x,u=0,z,D)","p(y=1|x,u=0,z,D)","p(y=0|x,u=1,z,D)","p(y=1|x,u=1,z,D)","p(y=0|x,z,D)","p(y=1|x,z,D)","H[p(u|z,D)]","Var[p(u|z,D)]","H[p(y|x,u=0,z,D)]","H[p(y|x,u=1,z,D)]","Var[p(y|x,u=0,z,D)]","Var[p(y|x,u=1,z,D)]","H[p(y|x,D)]","Var[p(y|x,D)]",Va,Ve,Va_variance,Ve_variance,kl_pyx_pyxz,kl_pyxz_pyx,api_calls
-2.55,1.91,x1 = -2.55; x2 = 1.91,-2.6,1.9,x1 = -2.6; x2 = 1.9,0.7319037374599751,0.268096262540025,0.7851783476353003,0.21482165236469974,0.9538177177997241,0.0461822822002758,0.1833073397141149,0.816692660285885,0.788295405215224,0.2117045947847759,0.7506,0.16867,0.26995,0.68726,0.04405,0.14971,0.83872,0.19622,0.3596,0.47912000000000005,0.06675,0.12947,0.008987314453203617,0.008515425519389157,12520
-2.55,1.93,x1 = -2.55; x2 = 1.93,-2.6,1.9,x1 = -2.6; x2 = 1.9,0.7319037374599751,0.268096262540025,0.7949060226908846,0.20509397730911552,0.9554178077701204,0.0445821922298796,0.18187779024083237,0.8181222097591675,0.7967694089672759,0.2032305910327242,0.732,0.16303,0.26292,0.68417,0.04259,0.1488,0.83872,0.19622,0.34932,0.4894,0.06437,0.13185000000000002,0.012113398377753819,0.0113628612086046,12550
-2.73,1.9,x1 = -2.73; x2 = 1.9,-2.6,1.9,x1 = -2.6; x2 = 1.9,0.7319037374599751,0.268096262540025,0.7720466908016196,0.22795330919838044,0.9552399505756354,0.04476004942436462,0.14702897077626007,0.8529710292237398,0.7710055831999023,0.2289944168000976,0.77443,0.17599,0.26371,0.60236,0.04276,0.12541,0.83872,0.19622,0.34091,0.49781000000000003,0.0616,0.13462000000000002,0.004171856132429597,0.004027609244263562,12580
-2.67,1.9,x1 = -2.67; x2 = 1.9,-2.6,1.9,x1 = -2.6; x2 = 1.9,0.7319037374599751,0.268096262540025,0.7700800065395453,0.2299199934604547,0.9549262233429012,0.04507377665709875,0.11688703809474754,0.8831129619052523,0.762244259351041,0.23775574064895902,0.77787,0.17706,0.26509,0.52035,0.04304,0.10322,0.83872,0.19622,0.32378,0.51494,0.05688,0.13934000000000002,0.002470459762180882,0.0024058784208723337,12610
-2.69,1.99,x1 = -2.69; x2 = 1.99,-2.6,1.9,x1 = -2.6; x2 = 1.9,0.7319037374599751,0.268096262540025,0.7844396347393789,0.215560365260621,0.9533533136467268,0.046646686353273195,0.14172371137217493,0.858276288627825,0.7783981401240918,0.22160185987590814,0.75198,0.16909,0.27198,0.58874,0.04447,0.12164,0.83872,0.19622,0.34026,0.49846,0.0611,0.13512000000000002,0.005985297843374281,0.0057337511456034135,12640
