z_x1,z_x2,z_note,x_x1,x_x2,x_note,"p(y=0|x,D)","p(y=1|x,D)","p(u=0|z,D)","p(u=1|z,D)","p(y=0|x,u=0,z,D)","p(y=1|x,u=0,z,D)","p(y=0|x,u=1,z,D)","p(y=1|x,u=1,z,D)","p(y=0|x,z,D)","p(y=1|x,z,D)","H[p(u|z,D)]","Var[p(u|z,D)]","H[p(y|x,u=0,z,D)]","H[p(y|x,u=1,z,D)]","Var[p(y|x,u=0,z,D)]","Var[p(y|x,u=1,z,D)]","H[p(y|x,D)]","Var[p(y|x,D)]",Va,Ve,Va_variance,Ve_variance,kl_pyx_pyxz,kl_pyxz_pyx,api_calls
0.95,-1.43,x1 = 0.95; x2 = -1.43,1.0,-1.5,x1 = 1.0; x2 = -1.5,0.2109590626701924,0.7890409373298077,0.59564885989929,0.40435114010071016,0.3776259909625452,0.6223740090374548,0.22825830893073026,0.7717416910692699,0.3172289984387805,0.6827710015612196,0.97344,0.24085,0.95635,0.77496,0.23502,0.17616,0.74331,0.16646,0.883,-0.13968999999999998,0.21122,-0.044759999999999994,0.028078805531032647,0.030647926033960604,90440
0.9,-1.46,x1 = 0.9; x2 = -1.46,1.0,-1.5,x1 = 1.0; x2 = -1.5,0.2109590626701924,0.7890409373298077,0.6079259687695628,0.39207403123043705,0.40922562291735176,0.5907743770826481,0.22258392143859435,0.7774160785614057,0.33604825862286747,0.6639517413771323,0.96612,0.23835,0.97609,0.76486,0.24176,0.17304,0.74331,0.16646,0.89327,-0.14995999999999998,0.21482,-0.048360000000000014,0.03797478621562303,0.041857065342338434,90470
0.96,-1.58,x1 = 0.96; x2 = -1.58,1.0,-1.5,x1 = 1.0; x2 = -1.5,0.2109590626701924,0.7890409373298077,0.5976282423305028,0.4023717576694971,0.4530575157336617,0.5469424842663384,0.2076858531359104,0.7923141468640896,0.3543268885719177,0.6456731114280824,0.97232,0.24047,0.99363,0.73704,0.2478,0.16455,0.74331,0.16646,0.89039,-0.14708,0.2143,-0.047839999999999994,0.04882826830628262,0.054264761211389484,90500
0.81,-1.52,x1 = 0.81; x2 = -1.52,1.0,-1.5,x1 = 1.0; x2 = -1.5,0.2109590626701924,0.7890409373298077,0.6159599032621262,0.38404009673787387,0.3555600789075192,0.6444399210924808,0.23375625319217952,0.7662437468078205,0.30878252589675703,0.6912174741032431,0.96085,0.23655,0.93894,0.7845,0.22914,0.17911,0.74331,0.16646,0.87963,-0.13632,0.20993,-0.04347000000000001,0.0240706485923477,0.026145738618997036,90530
1.09,-1.5,x1 = 1.09; x2 = -1.5,1.0,-1.5,x1 = 1.0; x2 = -1.5,0.2109590626701924,0.7890409373298077,0.18549353393467277,0.8145064660653272,0.6354685602471419,0.36453143975285796,0.18503896985752996,0.8149610301424701,0.2685907463676462,0.7314092536323538,0.69195,0.15109,0.94638,0.69098,0.23165,0.1508,0.74331,0.16646,0.73836,0.00495000000000001,0.1658,0.0006599999999999939,0.008893015634925693,0.009397539157077146,90560
