z_x1,z_x2,z_note,x_x1,x_x2,x_note,"p(y=0|x,D)","p(y=1|x,D)","p(u=0|z,D)","p(u=1|z,D)","p(y=0|x,u=0,z,D)","p(y=1|x,u=0,z,D)","p(y=0|x,u=1,z,D)","p(y=1|x,u=1,z,D)","p(y=0|x,z,D)","p(y=1|x,z,D)","H[p(u|z,D)]","Var[p(u|z,D)]","H[p(y|x,u=0,z,D)]","H[p(y|x,u=1,z,D)]","Var[p(y|x,u=0,z,D)]","Var[p(y|x,u=1,z,D)]","H[p(y|x,D)]","Var[p(y|x,D)]",Va,Ve,Va_variance,Ve_variance,kl_pyx_pyxz,kl_pyxz_pyx,api_calls
1.31,2.6,x1 = 1.31; x2 = 2.6,1.4,2.5,x1 = 1.4; x2 = 2.5,0.2442081616943189,0.755791838305681,0.24986100097822156,0.7501389990217785,0.7233063376233083,0.2766936623766917,0.08503680887214203,0.914963191127858,0.24451547221980618,0.7554845277801939,0.81106,0.18743,0.85091,0.41968,0.20013,0.07781,0.80197,0.18457,0.52743,0.27454,0.10837,0.07620000000000002,2.556913774099702e-07,2.5576391206192034e-07,102600
1.43,2.48,x1 = 1.43; x2 = 2.48,1.4,2.5,x1 = 1.4; x2 = 2.5,0.2442081616943189,0.755791838305681,0.2950823973497249,0.704917602650275,0.7268879305586147,0.2731120694413852,0.08113881238637487,0.9188611876136253,0.2716880102631102,0.7283119897368898,0.8752,0.20801,0.84589,0.40618,0.19852,0.07456,0.80197,0.18457,0.53593,0.26603999999999994,0.11114,0.07343000000000001,0.0019511206190017012,0.001996905981356302,102630
1.45,2.4,x1 = 1.45; x2 = 2.4,1.4,2.5,x1 = 1.4; x2 = 2.5,0.2442081616943189,0.755791838305681,0.22809028576919438,0.7719097142308056,0.7302443953170429,0.2697556046829571,0.07367088960964233,0.9263291103903578,0.2234289281549251,0.776571071845075,0.77467,0.17607,0.84111,0.37948,0.19699,0.06824,0.80197,0.18457,0.48477,0.3172,0.09761,0.08696000000000001,0.0012181309844090348,0.0011932946914400763,102660
1.28,2.52,x1 = 1.28; x2 = 2.52,1.4,2.5,x1 = 1.4; x2 = 2.5,0.2442081616943189,0.755791838305681,0.2955433692462851,0.7044566307537148,0.7007818183734862,0.2992181816265139,0.09721696045503303,0.902783039544967,0.275596552122908,0.7244034478770919,0.87577,0.2082,0.88033,0.46011,0.20969,0.08777,0.80197,0.18457,0.5843,0.21766999999999992,0.1238,0.06077000000000002,0.002529875839909771,0.002596932842794622,102690
1.52,2.48,x1 = 1.52; x2 = 2.48,1.4,2.5,x1 = 1.4; x2 = 2.5,0.2442081616943189,0.755791838305681,0.2403611156730477,0.7596388843269523,0.6869636674743727,0.3130363325256273,0.09245089819264715,0.9075491018073528,0.23534865069907587,0.764651349300924,0.79564,0.18259,0.89665,0.4446,0.21504,0.0839,0.80197,0.18457,0.55326,0.24871,0.11542,0.06915000000000002,0.00021622469210257587,0.00021440897331653427,102720
