z_x1,z_x2,z_note,x_x1,x_x2,x_note,"p(y=0|x,D)","p(y=1|x,D)","p(u=0|z,D)","p(u=1|z,D)","p(y=0|x,u=0,z,D)","p(y=1|x,u=0,z,D)","p(y=0|x,u=1,z,D)","p(y=1|x,u=1,z,D)","p(y=0|x,z,D)","p(y=1|x,z,D)","H[p(u|z,D)]","Var[p(u|z,D)]","H[p(y|x,u=0,z,D)]","H[p(y|x,u=1,z,D)]","Var[p(y|x,u=0,z,D)]","Var[p(y|x,u=1,z,D)]","H[p(y|x,D)]","Var[p(y|x,D)]",Va,Ve,Va_variance,Ve_variance,kl_pyx_pyxz,kl_pyxz_pyx,api_calls
1.7,-0.68,x1 = 1.7; x2 = -0.68,1.8,-0.7,x1 = 1.8; x2 = -0.7,0.0860129880542181,0.9139870119457818,0.0712388647041221,0.9287611352958779,0.27657903603846035,0.7234209639615397,0.062354805114434975,0.9376451948855651,0.07761589611757623,0.9223841038824238,0.37053,0.06616,0.85075,0.33672,0.20008,0.05847,0.42302,0.07861,0.37334,0.04968,0.06856,0.010050000000000003,0.0004770218084178754,0.0004623728726533098,109000
2.08,-0.83,x1 = 2.08; x2 = -0.83,1.8,-0.7,x1 = 1.8; x2 = -0.7,0.0860129880542181,0.9139870119457818,0.11961282688330759,0.8803871731166923,0.1935669738922328,0.8064330261077673,0.06215634877196592,0.9378436512280341,0.07787474512510363,0.9221252548748964,0.52825,0.10531,0.70887,0.33595,0.1561,0.05829,0.42302,0.07861,0.38056,0.04246,0.06999,0.008620000000000003,0.00044717429189082905,0.0004338825396058305,109030
1.79,-0.78,x1 = 1.79; x2 = -0.78,1.8,-0.7,x1 = 1.8; x2 = -0.7,0.0860129880542181,0.9139870119457818,0.08177695965998165,0.9182230403400183,0.28038857062548034,0.7196114293745197,0.05390302032409268,0.9460969796759073,0.072424320034658,0.927575679965342,0.40841,0.07509,0.85598,0.30275,0.20177,0.051,0.42302,0.07861,0.34799,0.07502999999999999,0.06333,0.015280000000000002,0.0013018188943164817,0.001235378101953788,109060
1.82,-0.64,x1 = 1.82; x2 = -0.64,1.8,-0.7,x1 = 1.8; x2 = -0.7,0.0860129880542181,0.9139870119457818,0.0947261936783799,0.90527380632162,0.36691484973542565,0.6330851502645742,0.05344188787445897,0.9465581121255411,0.08313598837263629,0.9168640116273638,0.45205,0.08575,0.94827,0.30084,0.23229,0.05059,0.42302,0.07861,0.36217,0.060850000000000015,0.0678,0.01081,5.373470288289788e-05,5.3184474985162704e-05,109090
1.83,-0.61,x1 = 1.83; x2 = -0.61,1.8,-0.7,x1 = 1.8; x2 = -0.7,0.0860129880542181,0.9139870119457818,0.09415737366350521,0.9058426263364948,0.35926964242469245,0.6407303575753076,0.05462876521708204,0.945371234782918,0.08331295012549703,0.916687049874503,0.4502,0.08529,0.94208,0.30574,0.23019,0.05164,0.42302,0.07861,0.36566,0.05736000000000002,0.06845,0.010160000000000002,4.726709722903313e-05,4.681325305040847e-05,109120
