z_x1,z_x2,z_note,x_x1,x_x2,x_note,"p(y=0|x,D)","p(y=1|x,D)","p(u=0|z,D)","p(u=1|z,D)","p(y=0|x,u=0,z,D)","p(y=1|x,u=0,z,D)","p(y=0|x,u=1,z,D)","p(y=1|x,u=1,z,D)","p(y=0|x,z,D)","p(y=1|x,z,D)","H[p(u|z,D)]","Var[p(u|z,D)]","H[p(y|x,u=0,z,D)]","H[p(y|x,u=1,z,D)]","Var[p(y|x,u=0,z,D)]","Var[p(y|x,u=1,z,D)]","H[p(y|x,D)]","Var[p(y|x,D)]",Va,Ve,Va_variance,Ve_variance,kl_pyx_pyxz,kl_pyxz_pyx,api_calls
1.23,0.84,x1 = 1.23; x2 = 0.84,1.2,0.9,x1 = 1.2; x2 = 0.9,0.6093416200645484,0.3906583799354516,0.7024779926759009,0.29752200732409895,0.7324871811945118,0.2675128188054882,0.442686163447786,0.5573138365522139,0.6462650006699391,0.3537349993300608,0.87824,0.209,0.83787,0.9905,0.19595,0.24672,0.96522,0.23804,0.88328,0.08194000000000001,0.21106,0.026980000000000004,0.0029387661507834922,0.002899411120514492,96840
1.06,0.95,x1 = 1.06; x2 = 0.95,1.2,0.9,x1 = 1.2; x2 = 0.9,0.6093416200645484,0.3906583799354516,0.67837011931406,0.32162988068594006,0.7540709627453857,0.2459290372546143,0.4634768839598536,0.5365231160401464,0.6606072238575544,0.3393927761424457,0.90615,0.21818,0.80476,0.99615,0.18545,0.24867,0.96522,0.23804,0.86632,0.09889999999999999,0.20578,0.03226000000000001,0.005733173459471164,0.005619891142409773,96870
1.06,1.03,x1 = 1.06; x2 = 1.03,1.2,0.9,x1 = 1.2; x2 = 0.9,0.6093416200645484,0.3906583799354516,0.6166548116409836,0.38334518835901643,0.7139299214838448,0.28607007851615524,0.49621159759990874,0.5037884024000913,0.630468649605348,0.369531350394652,0.96037,0.23639,0.86359,0.99996,0.20423,0.24999,0.96522,0.23804,0.91587,0.049350000000000005,0.22177,0.016270000000000007,0.0009507564295530326,0.0009439632298088828,96900
1.23,0.91,x1 = 1.23; x2 = 0.91,1.2,0.9,x1 = 1.2; x2 = 0.9,0.6093416200645484,0.3906583799354516,0.6452867371444985,0.35471326285550153,0.8160871433189136,0.18391285668108642,0.3677926512886268,0.6322073487113732,0.657071141330701,0.34292885866929906,0.93821,0.22889,0.68856,0.94896,0.15009,0.23252,0.96522,0.23804,0.78093,0.18428999999999995,0.17933,0.05871000000000001,0.004954449606005426,0.004864643379496353,96930
1.24,0.87,x1 = 1.24; x2 = 0.87,1.2,0.9,x1 = 1.2; x2 = 0.9,0.6093416200645484,0.3906583799354516,0.6935757207163059,0.3064242792836941,0.7302633415179728,0.26973665848202727,0.436924504735911,0.5630754952640891,0.6403771998711123,0.3596228001288877,0.889,0.21253,0.84109,0.98849,0.19698,0.24602,0.96522,0.23804,0.88626,0.07895999999999992,0.21201,0.026029999999999998,0.002066762759549711,0.0020440884624086664,96960
