z_x1,z_x2,z_note,x_x1,x_x2,x_note,"p(y=0|x,D)","p(y=1|x,D)","p(u=0|z,D)","p(u=1|z,D)","p(y=0|x,u=0,z,D)","p(y=1|x,u=0,z,D)","p(y=0|x,u=1,z,D)","p(y=1|x,u=1,z,D)","p(y=0|x,z,D)","p(y=1|x,z,D)","H[p(u|z,D)]","Var[p(u|z,D)]","H[p(y|x,u=0,z,D)]","H[p(y|x,u=1,z,D)]","Var[p(y|x,u=0,z,D)]","Var[p(y|x,u=1,z,D)]","H[p(y|x,D)]","Var[p(y|x,D)]",Va,Ve,Va_variance,Ve_variance,kl_pyx_pyxz,kl_pyxz_pyx,api_calls
-0.25,2.81,x1 = -0.25; x2 = 2.81,-0.2,2.9,x1 = -0.2; x2 = 2.9,0.6936212525260955,0.3063787474739045,0.7320518534927553,0.2679481465072448,0.9103153831468367,0.08968461685316328,0.19836599213960998,0.80163400786039,0.7195498634194887,0.2804501365805114,0.8385,0.19615,0.43542,0.71865,0.08164,0.15902,0.88895,0.21251,0.51131,0.37764,0.10237,0.11014,0.0016361529689717588,0.0016081875812979513,67080
-0.17,2.91,x1 = -0.17; x2 = 2.91,-0.2,2.9,x1 = -0.2; x2 = 2.9,0.6936212525260955,0.3063787474739045,0.7129958545270976,0.2870041454729025,0.8867615678335625,0.1132384321664375,0.30661000241045455,0.6933899975895453,0.7202556635545369,0.27974433644546326,0.86482,0.20463,0.50961,0.88922,0.10042,0.2126,0.88895,0.21251,0.61856,0.27039,0.13262,0.07989000000000002,0.0017281451834683104,0.0016977363743870232,67110
-0.18,2.97,x1 = -0.18; x2 = 2.97,-0.2,2.9,x1 = -0.2; x2 = 2.9,0.6936212525260955,0.3063787474739045,0.713632195590659,0.2863678044093409,0.8922975991342191,0.10770240086578094,0.29754195486100316,0.7024580451389968,0.7219787311236352,0.27802126887636475,0.86398,0.20436,0.49295,0.87827,0.0961,0.20901,0.88895,0.21251,0.60329,0.28566,0.12843,0.08408000000000002,0.0019637331024659962,0.00192674480705287,67140
-0.29,2.74,x1 = -0.29; x2 = 2.74,-0.2,2.9,x1 = -0.2; x2 = 2.9,0.6936212525260955,0.3063787474739045,0.7470952230529887,0.2529047769470113,0.8940818781000829,0.10591812189991726,0.2519293506128374,0.7480706493871627,0.7316784363699615,0.2683215636300386,0.81585,0.18894,0.48748,0.81432,0.0947,0.18846,0.88895,0.21251,0.57014,0.31881000000000004,0.11841,0.0941,0.00358701686339135,0.003493560432998255,67170
-0.15,2.93,x1 = -0.15; x2 = 2.93,-0.2,2.9,x1 = -0.2; x2 = 2.9,0.6936212525260955,0.3063787474739045,0.7002752677701857,0.29972473222981444,0.8888390310606414,0.11116096893935853,0.3013322620065359,0.698667737993464,0.7127487220226963,0.28725127797730376,0.88095,0.20989,0.50341,0.88291,0.0988,0.21053,0.88895,0.21251,0.61716,0.27179,0.13229,0.08022000000000001,0.000882128421941443,0.0008712403528853725,67200
