z_x1,z_x2,z_note,x_x1,x_x2,x_note,"p(y=0|x,D)","p(y=1|x,D)","p(u=0|z,D)","p(u=1|z,D)","p(y=0|x,u=0,z,D)","p(y=1|x,u=0,z,D)","p(y=0|x,u=1,z,D)","p(y=1|x,u=1,z,D)","p(y=0|x,z,D)","p(y=1|x,z,D)","H[p(u|z,D)]","Var[p(u|z,D)]","H[p(y|x,u=0,z,D)]","H[p(y|x,u=1,z,D)]","Var[p(y|x,u=0,z,D)]","Var[p(y|x,u=1,z,D)]","H[p(y|x,D)]","Var[p(y|x,D)]",Va,Ve,Va_variance,Ve_variance,kl_pyx_pyxz,kl_pyxz_pyx,api_calls
1.55,-2.4,x1 = 1.55; x2 = -2.4,1.4,-2.5,x1 = 1.4; x2 = -2.5,0.19183830414896663,0.8081616958510335,0.1847741753580749,0.8152258246419251,0.6415312918995391,0.35846870810046105,0.10926209426047798,0.8907379057395219,0.20761169632273968,0.7923883036772602,0.69041,0.15063,0.9414,0.49769,0.22997,0.09732,0.7053,0.15504,0.57968,0.12562000000000006,0.12183,0.03321000000000002,0.0007709363440340407,0.0007863271638123542,98600
1.26,-2.57,x1 = 1.26; x2 = -2.57,1.4,-2.5,x1 = 1.4; x2 = -2.5,0.19183830414896663,0.8081616958510335,0.1969697322854816,0.8030302677145184,0.45702277975745,0.54297722024255,0.09106687359196865,0.9089331264080315,0.16314911045767433,0.8368508895423257,0.71583,0.15817,0.99466,0.44002,0.24815,0.08277,0.7053,0.15504,0.54927,0.15603,0.11534,0.03970000000000001,0.0028838474550818595,0.002764252328332946,98630
1.34,-2.4,x1 = 1.34; x2 = -2.4,1.4,-2.5,x1 = 1.4; x2 = -2.5,0.19183830414896663,0.8081616958510335,0.17553740522981678,0.8244625947701831,0.6500258302373556,0.3499741697626445,0.10482348100245882,0.8951765189975411,0.20052688671235297,0.7994731132876469,0.67022,0.14472,0.93404,0.4841,0.22749,0.09384,0.7053,0.15504,0.56308,0.14222,0.1173,0.03774000000000001,0.00023805503547772756,0.0002407270440297274,98660
1.38,-2.54,x1 = 1.38; x2 = -2.54,1.4,-2.5,x1 = 1.4; x2 = -2.5,0.19183830414896663,0.8081616958510335,0.2181562344465824,0.7818437655534177,0.57597607453178,0.42402392546822,0.08601293470413973,0.9139870652958603,0.19290144830656206,0.8070985516934381,0.75679,0.17056,0.98328,0.42302,0.24423,0.07861,0.7053,0.15504,0.54524,0.1600600000000001,0.11474,0.040300000000000016,3.634969713985298e-06,3.640074611658715e-06,98690
1.4,-2.51,x1 = 1.4; x2 = -2.51,1.4,-2.5,x1 = 1.4; x2 = -2.5,0.19183830414896663,0.8081616958510335,0.20558835965728045,0.7944116403427196,0.7514044753188692,0.24859552468113094,0.056052065554330045,0.94394793444567,0.19900842686155878,0.8009915731384414,0.73296,0.16332,0.80904,0.31157,0.1868,0.05291,0.7053,0.15504,0.41384,0.29146000000000005,0.08044,0.07460000000000001,0.0001627434244339124,0.0001642575439821407,98720
