z_x1,z_x2,z_note,x_x1,x_x2,x_note,"p(y=0|x,D)","p(y=1|x,D)","p(u=0|z,D)","p(u=1|z,D)","p(y=0|x,u=0,z,D)","p(y=1|x,u=0,z,D)","p(y=0|x,u=1,z,D)","p(y=1|x,u=1,z,D)","p(y=0|x,z,D)","p(y=1|x,z,D)","H[p(u|z,D)]","Var[p(u|z,D)]","H[p(y|x,u=0,z,D)]","H[p(y|x,u=1,z,D)]","Var[p(y|x,u=0,z,D)]","Var[p(y|x,u=1,z,D)]","H[p(y|x,D)]","Var[p(y|x,D)]",Va,Ve,Va_variance,Ve_variance,kl_pyx_pyxz,kl_pyxz_pyx,api_calls
0.31,-2.6,x1 = 0.31; x2 = -2.6,0.2,-2.5,x1 = 0.2; x2 = -2.5,0.6195398355188362,0.3804601644811638,0.6876548201077064,0.3123451798922936,0.8985400814213451,0.10145991857865495,0.24427931339725867,0.7557206866027413,0.6941848841363917,0.3058151158636084,0.89586,0.21479,0.47361,0.80208,0.09117,0.18461,0.95837,0.23571,0.57621,0.38216000000000006,0.12036,0.11535000000000001,0.01261311390584094,0.012181140959927395,71720
0.2,-2.51,x1 = 0.2; x2 = -2.51,0.2,-2.5,x1 = 0.2; x2 = -2.5,0.6195398355188362,0.3804601644811638,0.6201709195056699,0.3798290804943301,0.9557261551896363,0.04427384481036352,0.08272713724764463,0.9172728627523554,0.6241357409322764,0.3758642590677235,0.95792,0.23556,0.26156,0.41172,0.04231,0.07588,0.95837,0.23571,0.3186,0.6397700000000001,0.05506,0.18065,4.494750473661626e-05,4.487620684279735e-05,71750
0.28,-2.53,x1 = 0.28; x2 = -2.53,0.2,-2.5,x1 = 0.2; x2 = -2.5,0.6195398355188362,0.3804601644811638,0.6358144294541164,0.36418557054588374,0.9008133945165705,0.0991866054834295,0.1719019476690646,0.8280980523309355,0.635354363368986,0.3646456366310141,0.9461,0.23155,0.46641,0.66204,0.08935,0.14235,0.95837,0.23571,0.53766,0.42071000000000003,0.10865,0.12706,0.0005365542210941342,0.0005334780813700691,71780
0.3,-2.52,x1 = 0.3; x2 = -2.52,0.2,-2.5,x1 = 0.2; x2 = -2.5,0.6195398355188362,0.3804601644811638,0.6837242901112714,0.3162757098887286,0.9070180978608002,0.09298190213919985,0.19404659585765802,0.8059534041423418,0.6815225299343234,0.31847747006567667,0.90029,0.21625,0.44635,0.70986,0.08434,0.15639,0.95837,0.23571,0.52969,0.42868000000000006,0.10713,0.12858,0.008582580441481122,0.008349979244871845,71810
0.19,-2.51,x1 = 0.19; x2 = -2.51,0.2,-2.5,x1 = 0.2; x2 = -2.5,0.6195398355188362,0.3804601644811638,0.5244263703713978,0.4755736296286022,0.8667761870399291,0.1332238129600709,0.20992901188471902,0.790070988115281,0.5543969918400716,0.44560300815992837,0.99828,0.2494,0.56621,0.74135,0.11548,0.16586,0.95837,0.23571,0.6495,0.3088700000000001,0.13944,0.09627,0.008697812608225337,0.008834923855812887,71840
