z_x1,z_x2,z_note,x_x1,x_x2,x_note,"p(y=0|x,D)","p(y=1|x,D)","p(u=0|z,D)","p(u=1|z,D)","p(y=0|x,u=0,z,D)","p(y=1|x,u=0,z,D)","p(y=0|x,u=1,z,D)","p(y=1|x,u=1,z,D)","p(y=0|x,z,D)","p(y=1|x,z,D)","H[p(u|z,D)]","Var[p(u|z,D)]","H[p(y|x,u=0,z,D)]","H[p(y|x,u=1,z,D)]","Var[p(y|x,u=0,z,D)]","Var[p(y|x,u=1,z,D)]","H[p(y|x,D)]","Var[p(y|x,D)]",Va,Ve,Va_variance,Ve_variance,kl_pyx_pyxz,kl_pyxz_pyx,api_calls
-1.27,1.69,x1 = -1.27; x2 = 1.69,-1.0,1.7,x1 = -1.0; x2 = 1.7,0.7881035309176884,0.21189646908231158,0.8475649526134514,0.1524350473865485,0.8813048397516763,0.11869516024832386,0.5111563219037623,0.48884367809623785,0.8248812328934688,0.17511876710653132,0.6159,0.1292,0.5256,0.99964,0.10461,0.24988,0.74509,0.167,0.59786,0.14723000000000008,0.12675,0.04025000000000001,0.004449179239035324,0.004239307887196772,48200
-1.05,1.68,x1 = -1.05; x2 = 1.68,-1.0,1.7,x1 = -1.0; x2 = 1.7,0.7881035309176884,0.21189646908231158,0.8660509866777355,0.13394901332226442,0.8959467115930609,0.10405328840693909,0.37679659649447317,0.6232034035055268,0.8264070659094651,0.17359293409053492,0.56817,0.11601,0.48171,0.95575,0.09323,0.23482,0.74509,0.167,0.54521,0.19988000000000006,0.1122,0.054800000000000015,0.004847095294734802,0.004607852901547367,48230
-0.91,1.6,x1 = -0.91; x2 = 1.6,-1.0,1.7,x1 = -1.0; x2 = 1.7,0.7881035309176884,0.21189646908231158,0.8617332311950824,0.13826676880491753,0.8686641485532371,0.13133585144676302,0.5241944375941602,0.47580556240583993,0.8210354346677616,0.17896456533223848,0.57968,0.11915,0.56109,0.99831,0.11409,0.24941,0.74509,0.167,0.62154,0.12355000000000005,0.1328,0.03420000000000001,0.0035289880625501147,0.003381665834482104,48260
-0.98,1.8,x1 = -0.98; x2 = 1.8,-1.0,1.7,x1 = -1.0; x2 = 1.7,0.7881035309176884,0.21189646908231158,0.8123239086152771,0.1876760913847228,0.885140040637825,0.1148599593621749,0.42248764683641743,0.5775123531635826,0.7983112476993913,0.20168875230060865,0.69658,0.15245,0.5144,0.98259,0.10167,0.24399,0.74509,0.167,0.60227,0.14282000000000006,0.12838,0.038620000000000015,0.0003196029114334621,0.0003157377688649144,48290
-1.06,1.73,x1 = -1.06; x2 = 1.73,-1.0,1.7,x1 = -1.0; x2 = 1.7,0.7881035309176884,0.21189646908231158,0.8458304446748753,0.1541695553251247,0.9223474062332399,0.07765259376676019,0.33814320500311634,0.6618567949968835,0.832280904310522,0.16771909568947796,0.62018,0.1304,0.39385,0.92303,0.07162,0.2238,0.74509,0.167,0.47543,0.26966,0.09508,0.07192000000000001,0.006559340310770316,0.006179108782666039,48320
