z_x1,z_x2,z_note,x_x1,x_x2,x_note,"p(y=0|x,D)","p(y=1|x,D)","p(u=0|z,D)","p(u=1|z,D)","p(y=0|x,u=0,z,D)","p(y=1|x,u=0,z,D)","p(y=0|x,u=1,z,D)","p(y=1|x,u=1,z,D)","p(y=0|x,z,D)","p(y=1|x,z,D)","H[p(u|z,D)]","Var[p(u|z,D)]","H[p(y|x,u=0,z,D)]","H[p(y|x,u=1,z,D)]","Var[p(y|x,u=0,z,D)]","Var[p(y|x,u=1,z,D)]","H[p(y|x,D)]","Var[p(y|x,D)]",Va,Ve,Va_variance,Ve_variance,kl_pyx_pyxz,kl_pyxz_pyx,api_calls
2.07,1.25,x1 = 2.07; x2 = 1.25,2.0,1.3,x1 = 2.0; x2 = 1.3,0.10733099778599116,0.8926690022140089,0.12044114136416914,0.8795588586358308,0.6163824902986218,0.3836175097013781,0.0523378843011727,0.9476621156988273,0.12027206042780855,0.8797279395721914,0.53063,0.10594,0.96056,0.29625,0.23646,0.0496,0.49181,0.09581,0.37626,0.11555000000000004,0.07211,0.023700000000000013,0.0008173454260212917,0.0008448305914317712,115080
1.94,1.24,x1 = 1.94; x2 = 1.24,2.0,1.3,x1 = 2.0; x2 = 1.3,0.10733099778599116,0.8926690022140089,0.14099365874986297,0.8590063412501369,0.4134814895328168,0.5865185104671832,0.05303211441382387,0.9469678855861761,0.10385319060595251,0.8961468093940473,0.58684,0.12111,0.97829,0.29914,0.24251,0.05022,0.49181,0.09581,0.3949,0.09691000000000005,0.07733,0.01848000000000001,6.43497411553411e-05,6.372961728004327e-05,115110
2.13,1.2,x1 = 2.13; x2 = 1.2,2.0,1.3,x1 = 2.0; x2 = 1.3,0.10733099778599116,0.8926690022140089,0.09825484204904615,0.9017451579509539,0.5598490833333533,0.4401509166666468,0.05287754557601974,0.9471224544239802,0.10268995394172858,0.8973100460582714,0.46344,0.0886,0.98964,0.2985,0.24642,0.05008,0.49181,0.09581,0.36641,0.1254,0.06937,0.026440000000000005,0.00011535305632240367,0.00011386253153571144,115140
1.88,1.23,x1 = 1.88; x2 = 1.23,2.0,1.3,x1 = 2.0; x2 = 1.3,0.10733099778599116,0.8926690022140089,0.2127492447887444,0.7872507552112556,0.35989349203002535,0.6401065079699746,0.05510462301633312,0.9448953769836669,0.11994822471901169,0.8800517752809884,0.74671,0.16749,0.94259,0.3077,0.23037,0.05207,0.49181,0.09581,0.44277,0.04904000000000003,0.09,0.00581000000000001,0.0007781877751862516,0.0008037324401018904,115170
1.83,1.17,x1 = 1.83; x2 = 1.17,2.0,1.3,x1 = 2.0; x2 = 1.3,0.10733099778599116,0.8926690022140089,0.20532367009926658,0.7946763299007333,0.3483062832318373,0.6516937167681627,0.05562390046671909,0.9443760995332809,0.11571852146945148,0.8842814785305485,0.73245,0.16317,0.93255,0.30982,0.22699,0.05253,0.49181,0.09581,0.43768,0.05413000000000001,0.08835,0.007460000000000008,0.0003512484656668369,0.0003590375177558152,115200
