z_x1,z_x2,z_note,x_x1,x_x2,x_note,"p(y=0|x,D)","p(y=1|x,D)","p(u=0|z,D)","p(u=1|z,D)","p(y=0|x,u=0,z,D)","p(y=1|x,u=0,z,D)","p(y=0|x,u=1,z,D)","p(y=1|x,u=1,z,D)","p(y=0|x,z,D)","p(y=1|x,z,D)","H[p(u|z,D)]","Var[p(u|z,D)]","H[p(y|x,u=0,z,D)]","H[p(y|x,u=1,z,D)]","Var[p(y|x,u=0,z,D)]","Var[p(y|x,u=1,z,D)]","H[p(y|x,D)]","Var[p(y|x,D)]",Va,Ve,Va_variance,Ve_variance,kl_pyx_pyxz,kl_pyxz_pyx,api_calls
1.03,0.92,x1 = 1.03; x2 = 0.92,1.0,0.9,x1 = 1.0; x2 = 0.9,0.687422430387557,0.3125775696124429,0.7084698878894591,0.29153011211054075,0.856162071766249,0.14383792823375102,0.49466661511354654,0.5053333848864534,0.7507752607608353,0.24922473923916444,0.87069,0.20654,0.5942,0.99992,0.12315,0.24997,0.89613,0.21487,0.71248,0.18364999999999998,0.16012,0.05474999999999999,0.010196724749893832,0.009737557780625697,92360
0.95,0.89,x1 = 0.95; x2 = 0.89,1.0,0.9,x1 = 1.0; x2 = 0.9,0.687422430387557,0.3125775696124429,0.8423023225581074,0.15769767744189256,0.7774166453986181,0.22258335460138193,0.5613115225041577,0.4386884774958423,0.743337369434867,0.2566626305651331,0.62877,0.13283,0.76486,0.98913,0.17304,0.24624,0.89613,0.21487,0.80023,0.09589999999999999,0.18458,0.03029000000000001,0.007848834312217966,0.0075440547347681505,92390
1.08,0.92,x1 = 1.08; x2 = 0.92,1.0,0.9,x1 = 1.0; x2 = 0.9,0.687422430387557,0.3125775696124429,0.6703673443831513,0.32963265561684874,0.849864453622704,0.15013554637729595,0.4994720804101561,0.500527919589844,0.7343636851327618,0.26563631486723815,0.91455,0.22097,0.61018,1.0,0.12759,0.25,0.89613,0.21487,0.73868,0.15744999999999998,0.16794,0.04693,0.005456076377157969,0.005283140142319301,92420
0.91,1.0,x1 = 0.91; x2 = 1.0,1.0,0.9,x1 = 1.0; x2 = 0.9,0.687422430387557,0.3125775696124429,0.8360378247280149,0.16396217527198492,0.8267855516141116,0.1732144483858884,0.49085508926320137,0.5091449107367987,0.7717056622669325,0.22829433773306723,0.6437,0.13708,0.66501,0.99976,0.14321,0.24992,0.89613,0.21487,0.7199,0.17623,0.16071,0.054160000000000014,0.018713855615967376,0.01751707217134263,92450
1.11,0.85,x1 = 1.11; x2 = 0.85,1.0,0.9,x1 = 1.0; x2 = 0.9,0.687422430387557,0.3125775696124429,0.6854888913163492,0.31451110868365084,0.7559517784355332,0.24404822156446687,0.5997402767646,0.40025972323540004,0.70682152585587,0.29317847414413,0.89831,0.21559,0.80171,0.9711,0.18449,0.24005,0.89613,0.21487,0.85499,0.041139999999999954,0.20196,0.012910000000000005,0.0008967753084375557,0.0008860076077592781,92480
