z_x1,z_x2,z_note,x_x1,x_x2,x_note,"p(y=0|x,D)","p(y=1|x,D)","p(u=0|z,D)","p(u=1|z,D)","p(y=0|x,u=0,z,D)","p(y=1|x,u=0,z,D)","p(y=0|x,u=1,z,D)","p(y=1|x,u=1,z,D)","p(y=0|x,z,D)","p(y=1|x,z,D)","H[p(u|z,D)]","Var[p(u|z,D)]","H[p(y|x,u=0,z,D)]","H[p(y|x,u=1,z,D)]","Var[p(y|x,u=0,z,D)]","Var[p(y|x,u=1,z,D)]","H[p(y|x,D)]","Var[p(y|x,D)]",Va,Ve,Va_variance,Ve_variance,kl_pyx_pyxz,kl_pyxz_pyx,api_calls
3.42,-1.74,x1 = 3.42; x2 = -1.74,3.4,-1.7,x1 = 3.4; x2 = -1.7,0.19180343739520617,0.8081965626047938,0.1906260630893078,0.8093739369106923,0.8443006071666768,0.15569939283332346,0.04477081592775099,0.9552291840722491,0.19718203235424356,0.8028179676457566,0.70278,0.15429,0.62392,0.26375,0.13146,0.04277,0.70523,0.15501,0.33241,0.37282000000000004,0.05968,0.09533000000000001,9.201026982651184e-05,9.265594464376737e-05,144040
3.38,-1.76,x1 = 3.38; x2 = -1.76,3.4,-1.7,x1 = 3.4; x2 = -1.7,0.19180343739520617,0.8081965626047938,0.19902041746764537,0.8009795825323547,0.8047511291395566,0.19524887086044354,0.05157991417139686,0.9484200858286032,0.2014763637989737,0.7985236362010264,0.71996,0.15941,0.71232,0.29307,0.15713,0.04892,0.70523,0.15501,0.37651,0.32872,0.07046,0.08455000000000001,0.00029435897038281207,0.0002980276869770145,144070
3.28,-1.71,x1 = 3.28; x2 = -1.71,3.4,-1.7,x1 = 3.4; x2 = -1.7,0.19180343739520617,0.8081965626047938,0.1950942437341576,0.8049057562658424,0.7589364681923473,0.24106353180765266,0.06142149029694177,0.9385785097030583,0.19750264740269358,0.8024973525973065,0.71201,0.15703,0.7968,0.33306,0.18295,0.05765,0.70523,0.15501,0.42353,0.2817,0.0821,0.07291,0.00010322153190253473,0.00010398834054497694,144100
3.34,-1.62,x1 = 3.34; x2 = -1.62,3.4,-1.7,x1 = 3.4; x2 = -1.7,0.19180343739520617,0.8081965626047938,0.19648414577196013,0.80351585422804,0.7862668716728501,0.21373312832714997,0.057106351298067515,0.9428936487019325,0.20037483327454464,0.7996251667254555,0.71484,0.15788,0.74856,0.31585,0.16805,0.05385,0.70523,0.15501,0.40087,0.30436,0.07629,0.07872000000000001,0.0002317762070498785,0.00023434416954678204,144130
3.25,-1.75,x1 = 3.25; x2 = -1.75,3.4,-1.7,x1 = 3.4; x2 = -1.7,0.19180343739520617,0.8081965626047938,0.19732996176819992,0.8026700382318002,0.758574165184463,0.24142583481553714,0.0590023524958294,0.9409976475041704,0.1970488315477878,0.8029511684522121,0.71656,0.15839,0.7974,0.32347,0.18314,0.05552,0.70523,0.15501,0.41699,0.28824,0.0807,0.07431000000000001,8.753941786663645e-05,8.813873886981752e-05,144160
