z_x1,z_x2,z_note,x_x1,x_x2,x_note,"p(y=0|x,D)","p(y=1|x,D)","p(u=0|z,D)","p(u=1|z,D)","p(y=0|x,u=0,z,D)","p(y=1|x,u=0,z,D)","p(y=0|x,u=1,z,D)","p(y=1|x,u=1,z,D)","p(y=0|x,z,D)","p(y=1|x,z,D)","H[p(u|z,D)]","Var[p(u|z,D)]","H[p(y|x,u=0,z,D)]","H[p(y|x,u=1,z,D)]","Var[p(y|x,u=0,z,D)]","Var[p(y|x,u=1,z,D)]","H[p(y|x,D)]","Var[p(y|x,D)]",Va,Ve,Va_variance,Ve_variance,kl_pyx_pyxz,kl_pyxz_pyx,api_calls
2.13,-1.96,x1 = 2.13; x2 = -1.96,2.0,-1.9,x1 = 2.0; x2 = -1.9,0.25840903400849785,0.7415909659915021,0.22725312379023807,0.7727468762097619,0.752885765081631,0.24711423491836895,0.07026397098909583,0.9297360290109042,0.22539190606392112,0.7746080939360789,0.77319,0.17561,0.80667,0.36691,0.18605,0.06533,0.82434,0.19163,0.46685,0.35749,0.09276,0.09887,0.0030220552216019894,0.002929692318001803,112520
1.96,-1.87,x1 = 1.96; x2 = -1.87,2.0,-1.9,x1 = 2.0; x2 = -1.9,0.25840903400849785,0.7415909659915021,0.17637677600735385,0.823623223992646,0.6789645406969124,0.3210354593030877,0.09773601047846443,0.9022639895215354,0.20025122476188711,0.7997487752381126,0.67209,0.14527,0.9055,0.46178,0.21797,0.08818,0.82434,0.19163,0.54004,0.2843,0.11107,0.08055999999999999,0.009896836962517405,0.009322623433729998,112550
1.9,-1.87,x1 = 1.9; x2 = -1.87,2.0,-1.9,x1 = 2.0; x2 = -1.9,0.25840903400849785,0.7415909659915021,0.1699066462328867,0.8300933537671134,0.6972504597685634,0.3027495402314366,0.0857323825655658,0.9142676174344342,0.1896333681739106,0.8103666318260894,0.65749,0.14104,0.88463,0.42206,0.21109,0.07838,0.82434,0.19163,0.50065,0.3236899999999999,0.10093,0.09069999999999999,0.014194056623720919,0.013188294575588164,112580
1.99,-1.97,x1 = 1.99; x2 = -1.97,2.0,-1.9,x1 = 2.0; x2 = -1.9,0.25840903400849785,0.7415909659915021,0.186568472001851,0.813431527998149,0.725646597137979,0.27435340286202103,0.07431394176741202,0.925686058232588,0.1958320800448069,0.8041679199551931,0.69424,0.15176,0.84764,0.38182,0.19908,0.06879,0.82434,0.19163,0.46873,0.35561,0.0931,0.09852999999999999,0.011576767784709521,0.01084433240390946,112610
2.03,-1.84,x1 = 2.03; x2 = -1.84,2.0,-1.9,x1 = 2.0; x2 = -1.9,0.25840903400849785,0.7415909659915021,0.24459282202254654,0.7554071779774535,0.7810910680631347,0.21890893193686528,0.08861723562321526,0.9113827643767849,0.2579913644764632,0.742008635523537,0.80259,0.18477,0.75817,0.43184,0.17099,0.08076,0.82434,0.19163,0.51166,0.31267999999999996,0.10283,0.08879999999999999,4.5547936754691343e-07,4.5531928454049233e-07,112640
