z_x1,z_x2,z_note,x_x1,x_x2,x_note,"p(y=0|x,D)","p(y=1|x,D)","p(u=0|z,D)","p(u=1|z,D)","p(y=0|x,u=0,z,D)","p(y=1|x,u=0,z,D)","p(y=0|x,u=1,z,D)","p(y=1|x,u=1,z,D)","p(y=0|x,z,D)","p(y=1|x,z,D)","H[p(u|z,D)]","Var[p(u|z,D)]","H[p(y|x,u=0,z,D)]","H[p(y|x,u=1,z,D)]","Var[p(y|x,u=0,z,D)]","Var[p(y|x,u=1,z,D)]","H[p(y|x,D)]","Var[p(y|x,D)]",Va,Ve,Va_variance,Ve_variance,kl_pyx_pyxz,kl_pyxz_pyx,api_calls
2.23,-1.29,x1 = 2.23; x2 = -1.29,2.4,-1.3,x1 = 2.4; x2 = -1.3,0.1488487252889509,0.851151274711049,0.13572039897056612,0.864279601029434,0.6280212001661641,0.3719787998338358,0.06839519747510853,0.9316048025248914,0.1443478618346417,0.8556521381653583,0.57292,0.1173,0.95218,0.35991,0.23361,0.06372,0.60695,0.12669,0.44029,0.16665999999999997,0.08678,0.03991,8.131025352584986e-05,8.062392305557223e-05,121960
2.42,-1.29,x1 = 2.42; x2 = -1.29,2.4,-1.3,x1 = 2.4; x2 = -1.3,0.1488487252889509,0.851151274711049,0.15182537474934038,0.8481746252506597,0.7289899928876172,0.27101000711238277,0.05460004298081493,0.9453999570191851,0.15698954985260408,0.8430104501473961,0.61439,0.12877,0.84291,0.30563,0.19756,0.05162,0.60695,0.12669,0.3872,0.21975,0.07378,0.05291,0.0002540022033089822,0.0002577238220140988,121990
2.39,-1.27,x1 = 2.39; x2 = -1.27,2.4,-1.3,x1 = 2.4; x2 = -1.3,0.1488487252889509,0.851151274711049,0.15182537538185453,0.8481746246181453,0.6596637123963127,0.34033628760368717,0.05872694108343279,0.9412730589165672,0.14996439196877046,0.8500356080312294,0.61439,0.12877,0.92514,0.32237,0.22451,0.05528,0.60695,0.12669,0.41389,0.19306,0.08097,0.04572,4.892188351493087e-06,4.902236967920101e-06,122020
2.29,-1.28,x1 = 2.29; x2 = -1.28,2.4,-1.3,x1 = 2.4; x2 = -1.3,0.1488487252889509,0.851151274711049,0.14149417696441174,0.8585058230355882,0.6280211979451031,0.37197880205489675,0.06791977879533442,0.9320802212046655,0.14717086811452995,0.8528291318854699,0.58814,0.12147,0.95218,0.35811,0.23361,0.06331,0.60695,0.12669,0.44217,0.16477999999999998,0.08741,0.039279999999999995,1.1179860178513537e-05,1.1145007770593145e-05,122050
2.43,-1.29,x1 = 2.43; x2 = -1.29,2.4,-1.3,x1 = 2.4; x2 = -1.3,0.1488487252889509,0.851151274711049,0.15601844308138307,0.843981556918617,0.7156987649422131,0.28430123505778687,0.05365817785902789,0.946341822140972,0.15694871951243125,0.8430512804875686,0.6247,0.13168,0.86125,0.30174,0.20347,0.05078,0.60695,0.12669,0.38903,0.21792,0.0746,0.05209,0.00025149665288661666,0.000255163556834824,122080
