z_x1,z_x2,z_note,x_x1,x_x2,x_note,"p(y=0|x,D)","p(y=1|x,D)","p(u=0|z,D)","p(u=1|z,D)","p(y=0|x,u=0,z,D)","p(y=1|x,u=0,z,D)","p(y=0|x,u=1,z,D)","p(y=1|x,u=1,z,D)","p(y=0|x,z,D)","p(y=1|x,z,D)","H[p(u|z,D)]","Var[p(u|z,D)]","H[p(y|x,u=0,z,D)]","H[p(y|x,u=1,z,D)]","Var[p(y|x,u=0,z,D)]","Var[p(y|x,u=1,z,D)]","H[p(y|x,D)]","Var[p(y|x,D)]",Va,Ve,Va_variance,Ve_variance,kl_pyx_pyxz,kl_pyxz_pyx,api_calls
2.98,0.27,x1 = 2.98; x2 = 0.27,3.0,0.3,x1 = 3.0; x2 = 0.3,0.17783208282242535,0.8221679171775745,0.11578283666023112,0.8842171633397689,0.6035617273607794,0.3964382726392207,0.08082269033241059,0.9191773096675895,0.14134689887259272,0.8586531011274073,0.51712,0.10238,0.96883,0.40507,0.23927,0.07429,0.67531,0.14621,0.47034,0.20496999999999999,0.09339,0.052820000000000006,0.005135449910503756,0.004826572442411199,136680
2.99,0.31,x1 = 2.99; x2 = 0.31,3.0,0.3,x1 = 3.0; x2 = 0.3,0.17783208282242535,0.8221679171775745,0.12254710706637292,0.877452892933627,0.6169527889091586,0.38304721109084144,0.07837330420628263,0.9216266957937174,0.14437466198191795,0.855625338018082,0.53664,0.10753,0.96017,0.39642,0.23632,0.07223,0.67531,0.14621,0.46551,0.2098,0.09234,0.05387,0.004270604168310939,0.004037407011905941,136710
2.95,0.39,x1 = 2.95; x2 = 0.39,3.0,0.3,x1 = 3.0; x2 = 0.3,0.17783208282242535,0.8221679171775745,0.12133468848058052,0.8786653115194195,0.6173832627062964,0.3826167372937037,0.07788207672113598,0.9221179232788639,0.14334228505754915,0.8566577149424507,0.53319,0.10661,0.95987,0.39467,0.23622,0.07182,0.67531,0.14621,0.46325,0.21205999999999997,0.09177,0.05444,0.004555382627397714,0.004298085164758315,136740
3.1,0.27,x1 = 3.1; x2 = 0.27,3.0,0.3,x1 = 3.0; x2 = 0.3,0.17783208282242535,0.8221679171775745,0.15313183163210342,0.8468681683678966,0.7327875686066443,0.26721243139335576,0.07612686939548603,0.9238731306045137,0.17668252502650844,0.8233174749734913,0.61762,0.12968,0.83744,0.38838,0.19581,0.07033,0.67531,0.14621,0.45715,0.21815999999999997,0.08954,0.05667000000000001,4.534535904541712e-06,4.526851784519793e-06,136770
3.03,0.3,x1 = 3.03; x2 = 0.3,3.0,0.3,x1 = 3.0; x2 = 0.3,0.17783208282242535,0.8221679171775745,0.13371025422016716,0.8662897457798329,0.78964280867153,0.21035719132846994,0.0639995610427975,0.9360004389572024,0.16102550415638306,0.8389744958436169,0.56753,0.11583,0.74216,0.34312,0.16611,0.0599,0.67531,0.14621,0.39648,0.27882999999999997,0.0741,0.07211000000000001,0.0010175272349430518,0.000991071376027653,136800
