z_x1,z_x2,z_note,x_x1,x_x2,x_note,"p(y=0|x,D)","p(y=1|x,D)","p(u=0|z,D)","p(u=1|z,D)","p(y=0|x,u=0,z,D)","p(y=1|x,u=0,z,D)","p(y=0|x,u=1,z,D)","p(y=1|x,u=1,z,D)","p(y=0|x,z,D)","p(y=1|x,z,D)","H[p(u|z,D)]","Var[p(u|z,D)]","H[p(y|x,u=0,z,D)]","H[p(y|x,u=1,z,D)]","Var[p(y|x,u=0,z,D)]","Var[p(y|x,u=1,z,D)]","H[p(y|x,D)]","Var[p(y|x,D)]",Va,Ve,Va_variance,Ve_variance,kl_pyx_pyxz,kl_pyxz_pyx,api_calls
2.37,1.74,x1 = 2.37; x2 = 1.74,2.6,1.7,x1 = 2.6; x2 = 1.7,0.14121319274807542,0.8587868072519246,0.15741912408238548,0.8425808759176145,0.6588136472971399,0.3411863527028602,0.05913356576730648,0.9408664342326934,0.15353467893138636,0.8464653210686136,0.6281,0.13264,0.92595,0.324,0.22478,0.05564,0.58741,0.12127,0.41876,0.16864999999999997,0.08227,0.03900000000000001,0.0005974426428577099,0.0006113836184903979,128840
2.54,1.69,x1 = 2.54; x2 = 1.69,2.6,1.7,x1 = 2.6; x2 = 1.7,0.14121319274807542,0.8587868072519246,0.15580516242742948,0.8441948375725705,0.6931517242067012,0.30684827579329876,0.04799245202632714,0.9520075479736729,0.1485115972199525,0.8514884027800476,0.62418,0.13153,0.8895,0.27781,0.21269,0.04569,0.58741,0.12127,0.37311,0.2143,0.07171,0.04956000000000001,0.00021353689617707727,0.00021653706714098216,128870
2.49,1.68,x1 = 2.49; x2 = 1.68,2.6,1.7,x1 = 2.6; x2 = 1.7,0.14121319274807542,0.8587868072519246,0.16449454213674097,0.835505457863259,0.655297655495498,0.344702344504502,0.0628337242577913,0.9371662757422085,0.16029080735927145,0.8397091926407284,0.64495,0.13744,0.92925,0.33859,0.22588,0.05889,0.58741,0.12127,0.43575,0.15165999999999996,0.08636,0.03491,0.0013983183277844306,0.001447757085973802,128900
2.63,1.76,x1 = 2.63; x2 = 1.76,2.6,1.7,x1 = 2.6; x2 = 1.7,0.14121319274807542,0.8587868072519246,0.1601295766261923,0.8398704233738077,0.7589006907735906,0.2410993092264095,0.03929967125337482,0.9607003287466253,0.1545290778489233,0.8454709221510768,0.63462,0.13449,0.79686,0.23907,0.18297,0.03776,0.58741,0.12127,0.32839,0.25902,0.06101,0.06026,0.0006952622669311112,0.0007127388988084644,128930
2.39,1.67,x1 = 2.39; x2 = 1.67,2.6,1.7,x1 = 2.6; x2 = 1.7,0.14121319274807542,0.8587868072519246,0.16213505298131337,0.8378649470186866,0.6506714571595044,0.34932854284049564,0.06412806164391494,0.935871938356085,0.15922730615167446,0.8407726938483254,0.63939,0.13585,0.93347,0.34362,0.2273,0.06002,0.58741,0.12127,0.43926,0.14815,0.08714,0.03413000000000001,0.0012513898773147437,0.0012933087749483728,128960
