z_x1,z_x2,z_note,x_x1,x_x2,x_note,"p(y=0|x,D)","p(y=1|x,D)","p(u=0|z,D)","p(u=1|z,D)","p(y=0|x,u=0,z,D)","p(y=1|x,u=0,z,D)","p(y=0|x,u=1,z,D)","p(y=1|x,u=1,z,D)","p(y=0|x,z,D)","p(y=1|x,z,D)","H[p(u|z,D)]","Var[p(u|z,D)]","H[p(y|x,u=0,z,D)]","H[p(y|x,u=1,z,D)]","Var[p(y|x,u=0,z,D)]","Var[p(y|x,u=1,z,D)]","H[p(y|x,D)]","Var[p(y|x,D)]",Va,Ve,Va_variance,Ve_variance,kl_pyx_pyxz,kl_pyxz_pyx,api_calls
0.37,-2.17,x1 = 0.37; x2 = -2.17,0.4,-2.3,x1 = 0.4; x2 = -2.3,0.6341997794183396,0.36580022058166034,0.7025546637799946,0.29744533622000524,0.8113341072720583,0.1886658927279416,0.32150182437486174,0.6784981756251381,0.6656357791942888,0.33436422080571093,0.87815,0.20897,0.69867,0.90601,0.15307,0.21814,0.94739,0.23199,0.76034,0.18704999999999994,0.17242,0.05957000000000001,0.002187796839509301,0.0021577613322486464,76360
0.35,-2.28,x1 = 0.35; x2 = -2.28,0.4,-2.3,x1 = 0.4; x2 = -2.3,0.6341997794183396,0.36580022058166034,0.6981312354227367,0.3018687645772632,0.8317956512502718,0.16820434874972806,0.2943479996780695,0.7056520003219305,0.6695569926452196,0.3304430073547802,0.88356,0.21074,0.65358,0.87427,0.13991,0.20771,0.94739,0.23199,0.7202,0.22719,0.16038,0.07161000000000001,0.002777959943610915,0.0027344209745223114,76390
0.43,-2.4,x1 = 0.43; x2 = -2.4,0.4,-2.3,x1 = 0.4; x2 = -2.3,0.6341997794183396,0.36580022058166034,0.6190159428456627,0.3809840571543372,0.8820133229782101,0.11798667702178989,0.22076317841123688,0.7792368215887632,0.6300875601071927,0.36991243989280737,0.95873,0.23584,0.52355,0.76156,0.10407,0.17203,0.94739,0.23199,0.61423,0.3331599999999999,0.12996,0.10203000000000001,3.6332351429766395e-05,3.6388998409450646e-05,76420
0.33,-2.43,x1 = 0.33; x2 = -2.43,0.4,-2.3,x1 = 0.4; x2 = -2.3,0.6341997794183396,0.36580022058166034,0.7052110261995341,0.2947889738004659,0.838640504056736,0.1613594959432642,0.29397730451606696,0.7060226954839331,0.6780797983972638,0.32192020160273643,0.87483,0.20789,0.63755,0.8738,0.13532,0.20755,0.94739,0.23199,0.70719,0.24019999999999997,0.15661,0.07538,0.004314709340595198,0.004228054984858717,76450
0.43,-2.29,x1 = 0.43; x2 = -2.29,0.4,-2.3,x1 = 0.4; x2 = -2.3,0.6341997794183396,0.36580022058166034,0.6423168736503002,0.3576831263496998,0.8652203308103863,0.13477966918961376,0.2165842670426043,0.7834157329573957,0.6332141556587627,0.36678584434123723,0.94074,0.22975,0.5704,0.75388,0.11661,0.16968,0.94739,0.23199,0.63603,0.31135999999999997,0.13559,0.09640000000000001,2.092151809776968e-06,2.092943823488744e-06,76480
