z_x1,z_x2,z_note,x_x1,x_x2,x_note,"p(y=0|x,D)","p(y=1|x,D)","p(u=0|z,D)","p(u=1|z,D)","p(y=0|x,u=0,z,D)","p(y=1|x,u=0,z,D)","p(y=0|x,u=1,z,D)","p(y=1|x,u=1,z,D)","p(y=0|x,z,D)","p(y=1|x,z,D)","H[p(u|z,D)]","Var[p(u|z,D)]","H[p(y|x,u=0,z,D)]","H[p(y|x,u=1,z,D)]","Var[p(y|x,u=0,z,D)]","Var[p(y|x,u=1,z,D)]","H[p(y|x,D)]","Var[p(y|x,D)]",Va,Ve,Va_variance,Ve_variance,kl_pyx_pyxz,kl_pyxz_pyx,api_calls
-1.53,2.24,x1 = -1.53; x2 = 2.24,-1.6,2.3,x1 = -1.6; x2 = 2.3,0.748398705316006,0.25160129468399395,0.8320074840600418,0.16799251593995826,0.8956410089703638,0.10435899102963628,0.26132249806800256,0.7386775019319974,0.7890802464165884,0.21091975358341178,0.65309,0.13977,0.48266,0.82874,0.09347,0.19303,0.81381,0.1883,0.5408,0.2730100000000001,0.1102,0.07809999999999999,0.004760039792004872,0.004568240915966235,35240
-1.62,2.33,x1 = -1.62; x2 = 2.33,-1.6,2.3,x1 = -1.6; x2 = 2.3,0.748398705316006,0.25160129468399395,0.8191637866050991,0.1808362133949009,0.9481141950397944,0.05188580496020552,0.17903416402680786,0.8209658359731922,0.809036674433773,0.190963325566227,0.6819,0.14813,0.29435,0.67796,0.04919,0.14698,0.81381,0.1883,0.36372,0.45009000000000005,0.06687,0.12143,0.011076114124357384,0.010369877611124373,35270
-1.68,2.41,x1 = -1.68; x2 = 2.41,-1.6,2.3,x1 = -1.6; x2 = 2.3,0.748398705316006,0.25160129468399395,0.8338643309058623,0.16613566909413763,0.9264889105839231,0.07351108941607681,0.19663619419839418,0.8033638058016057,0.8052343412070394,0.1947656587929605,0.64879,0.13853,0.37889,0.71515,0.06811,0.15797,0.81381,0.1883,0.43475,0.37906,0.08304,0.10525999999999999,0.00964125783559653,0.009071651473756062,35300
-1.67,2.28,x1 = -1.67; x2 = 2.28,-1.6,2.3,x1 = -1.6; x2 = 2.3,0.748398705316006,0.25160129468399395,0.8089452010634878,0.19105479893651217,0.9302233301394667,0.06977666986053334,0.2007981705785483,0.7992018294214516,0.7908631529403221,0.20913684705967786,0.70367,0.15455,0.36509,0.72352,0.06491,0.16048,0.81381,0.1883,0.43357,0.38024,0.08317,0.10513,0.005206787467056599,0.004986631013231768,35330
-1.7,2.16,x1 = -1.7; x2 = 2.16,-1.6,2.3,x1 = -1.6; x2 = 2.3,0.748398705316006,0.25160129468399395,0.7963638646099443,0.2036361353900556,0.8648805601285341,0.1351194398714658,0.21673175294429153,0.7832682470557085,0.7328940418758606,0.2671059581241393,0.72914,0.16217,0.57131,0.75415,0.11686,0.16976,0.81381,0.1883,0.60854,0.20527000000000006,0.12763,0.06067,0.0006218266211609723,0.0006299343665504362,35360
