z_x1,z_x2,z_note,x_x1,x_x2,x_note,"p(y=0|x,D)","p(y=1|x,D)","p(u=0|z,D)","p(u=1|z,D)","p(y=0|x,u=0,z,D)","p(y=1|x,u=0,z,D)","p(y=0|x,u=1,z,D)","p(y=1|x,u=1,z,D)","p(y=0|x,z,D)","p(y=1|x,z,D)","H[p(u|z,D)]","Var[p(u|z,D)]","H[p(y|x,u=0,z,D)]","H[p(y|x,u=1,z,D)]","Var[p(y|x,u=0,z,D)]","Var[p(y|x,u=1,z,D)]","H[p(y|x,D)]","Var[p(y|x,D)]",Va,Ve,Va_variance,Ve_variance,kl_pyx_pyxz,kl_pyxz_pyx,api_calls
-0.03,2.24,x1 = -0.03; x2 = 2.24,-0.2,2.3,x1 = -0.2; x2 = 2.3,0.7091583573800275,0.2908416426199727,0.6979554089138249,0.3020445910861751,0.8749044465107744,0.12509555348922577,0.38655715896640064,0.6134428410335994,0.7274017897363912,0.27259821026360886,0.88378,0.21081,0.54383,0.96254,0.10945,0.23713,0.86981,0.20625,0.6703,0.19950999999999997,0.14802,0.058229999999999976,0.000827995984472505,0.0008171989359478833,66600
-0.14,2.36,x1 = -0.14; x2 = 2.36,-0.2,2.3,x1 = -0.2; x2 = 2.3,0.7091583573800275,0.2908416426199727,0.7242482407428449,0.27575175925715506,0.8842625417486587,0.11573745825134114,0.3271837185721117,0.6728162814278882,0.7306470762128201,0.26935292378717957,0.8496,0.19971,0.51698,0.91202,0.10234,0.22013,0.86981,0.20625,0.62591,0.2439,0.13482,0.07143,0.0011543893862965456,0.001136482618246587,66630
-0.13,2.31,x1 = -0.13; x2 = 2.31,-0.2,2.3,x1 = -0.2; x2 = 2.3,0.7091583573800275,0.2908416426199727,0.7222961548505296,0.2777038451494705,0.8858487266605772,0.11415127333942274,0.34066431653894674,0.6593356834610533,0.7344489196542546,0.2655510803457455,0.8523,0.20058,0.51231,0.92545,0.10112,0.22461,0.86981,0.20625,0.62704,0.24276999999999993,0.13541,0.07083999999999999,0.0016083253016033992,0.00157862227613699,66660
-0.2,2.19,x1 = -0.2; x2 = 2.19,-0.2,2.3,x1 = -0.2; x2 = 2.3,0.7091583573800275,0.2908416426199727,0.7663637601689381,0.23363623983106185,0.9145788222361231,0.08542117776387706,0.19760765867405486,0.8023923413259452,0.7470683755141803,0.25293162448581985,0.7843,0.17905,0.421,0.71712,0.07812,0.15856,0.86981,0.20625,0.49018,0.37962999999999997,0.09691,0.10933999999999999,0.0036874194411592592,0.0035813565296843736,66690
-0.27,2.35,x1 = -0.27; x2 = 2.35,-0.2,2.3,x1 = -0.2; x2 = 2.3,0.7091583573800275,0.2908416426199727,0.7505124573461186,0.2494875426538814,0.9082966501059371,0.09170334989406279,0.21232597642779777,0.7876740235722022,0.7346606369708116,0.26533936302918815,0.81046,0.18724,0.44213,0.74591,0.08329,0.16724,0.86981,0.20625,0.51792,0.3518899999999999,0.10423,0.10201999999999999,0.0016359012189531563,0.0016054164104807936,66720
