z_x1,z_x2,z_note,x_x1,x_x2,x_note,"p(y=0|x,D)","p(y=1|x,D)","p(u=0|z,D)","p(u=1|z,D)","p(y=0|x,u=0,z,D)","p(y=1|x,u=0,z,D)","p(y=0|x,u=1,z,D)","p(y=1|x,u=1,z,D)","p(y=0|x,z,D)","p(y=1|x,z,D)","H[p(u|z,D)]","Var[p(u|z,D)]","H[p(y|x,u=0,z,D)]","H[p(y|x,u=1,z,D)]","Var[p(y|x,u=0,z,D)]","Var[p(y|x,u=1,z,D)]","H[p(y|x,D)]","Var[p(y|x,D)]",Va,Ve,Va_variance,Ve_variance,kl_pyx_pyxz,kl_pyxz_pyx,api_calls
-3.08,-1.47,x1 = -3.08; x2 = -1.47,-3.0,-1.5,x1 = -3.0; x2 = -1.5,0.8347011470929662,0.1652988529070339,0.8894243578501551,0.11057564214984497,0.9602995060930132,0.039700493906986795,0.2838554927367848,0.7161445072632151,0.8855012749377299,0.11449872506227005,0.50165,0.09835,0.24092,0.86065,0.03812,0.20328,0.64684,0.13798,0.30945,0.33738999999999997,0.05638,0.08159999999999999,0.01138204956865245,0.010272598201653091,840
-3.05,-1.58,x1 = -3.05; x2 = -1.58,-3.0,-1.5,x1 = -3.0; x2 = -1.5,0.8347011470929662,0.1652988529070339,0.8907441388326813,0.10925586116731874,0.9637978880164628,0.036202111983537316,0.24788869705252595,0.7521113029474741,0.8855806128400996,0.11441938715990066,0.49767,0.09732,0.2246,0.80791,0.03489,0.18644,0.64684,0.13798,0.28833,0.35851,0.05145,0.08653,0.011421844317051115,0.010306448737645711,870
-3.0,-1.47,x1 = -3.0; x2 = -1.47,-3.0,-1.5,x1 = -3.0; x2 = -1.5,0.8347011470929662,0.1652988529070339,0.8675922605687706,0.13240773943122947,0.971674500560986,0.028325499439013958,0.1982568253815717,0.8017431746184285,0.8692680145543229,0.13073198544567716,0.564,0.11488,0.18592,0.71843,0.02752,0.15895,0.64684,0.13798,0.25643,0.39041,0.04492,0.09305999999999999,0.004909773809155825,0.004602457497251775,900
-2.99,-1.48,x1 = -2.99; x2 = -1.48,-3.0,-1.5,x1 = -3.0; x2 = -1.5,0.8347011470929662,0.1652988529070339,0.8897190953675045,0.11028090463249551,0.9558214542559146,0.04417854574408546,0.2783329425159469,0.7216670574840531,0.8811074083031079,0.11889259169689215,0.50076,0.09812,0.26113,0.85317,0.04223,0.20086,0.64684,0.13798,0.32642,0.32042,0.05972,0.07826,0.009309528429346549,0.008493785971647336,930
-3.06,-1.52,x1 = -3.06; x2 = -1.52,-3.0,-1.5,x1 = -3.0; x2 = -1.5,0.8347011470929662,0.1652988529070339,0.891769174093664,0.108230825906336,0.9644335616329061,0.035566438367093986,0.24580594965659675,0.7541940503434034,0.8866559016696121,0.1133440983303879,0.49456,0.09652,0.22158,0.80456,0.0343,0.18539,0.64684,0.13798,0.28468,0.36216,0.05065,0.08732999999999999,0.011969737759058359,0.010771376546284038,960
