z_x1,z_x2,z_note,x_x1,x_x2,x_note,"p(y=0|x,D)","p(y=1|x,D)","p(u=0|z,D)","p(u=1|z,D)","p(y=0|x,u=0,z,D)","p(y=1|x,u=0,z,D)","p(y=0|x,u=1,z,D)","p(y=1|x,u=1,z,D)","p(y=0|x,z,D)","p(y=1|x,z,D)","H[p(u|z,D)]","Var[p(u|z,D)]","H[p(y|x,u=0,z,D)]","H[p(y|x,u=1,z,D)]","Var[p(y|x,u=0,z,D)]","Var[p(y|x,u=1,z,D)]","H[p(y|x,D)]","Var[p(y|x,D)]",Va,Ve,Va_variance,Ve_variance,kl_pyx_pyxz,kl_pyxz_pyx,api_calls
0.19,-1.23,x1 = 0.19; x2 = -1.23,0.2,-1.3,x1 = 0.2; x2 = -1.3,0.6783183516097961,0.32168164839020374,0.6135556314522423,0.38644436854775766,0.8258851892869463,0.17411481071305357,0.34336924465368934,0.6566307553463108,0.6394196197489226,0.3605803802510774,0.96247,0.23711,0.66703,0.92801,0.1438,0.22547,0.9062,0.2182,0.76788,0.13832,0.17536,0.04284000000000002,0.0033378655387144088,0.00339971829680262,72680
0.15,-1.22,x1 = 0.15; x2 = -1.22,0.2,-1.3,x1 = 0.2; x2 = -1.3,0.6783183516097961,0.32168164839020374,0.5907927366352446,0.4092072633647552,0.8298303210886633,0.17016967891133686,0.3448458187745948,0.6551541812254053,0.6313711401224054,0.36862885987759453,0.97608,0.24176,0.65809,0.92938,0.14121,0.22593,0.9062,0.2182,0.7691,0.1371,0.17588,0.042319999999999997,0.004828897258848171,0.004933813245316325,72710
0.04,-1.13,x1 = 0.04; x2 = -1.13,0.2,-1.3,x1 = 0.2; x2 = -1.3,0.6783183516097961,0.32168164839020374,0.6507273231741573,0.34927267682584257,0.8060517207771888,0.19394827922281116,0.421252717254763,0.578747282745237,0.6716519427769941,0.32834805722300564,0.93342,0.22728,0.70966,0.98203,0.15633,0.2438,0.9062,0.2182,0.80479,0.10141,0.18688,0.031320000000000014,0.00010111076693025082,0.00010146984979211068,72740
0.05,-1.29,x1 = 0.05; x2 = -1.29,0.2,-1.3,x1 = 0.2; x2 = -1.3,0.6783183516097961,0.32168164839020374,0.6585841975273218,0.3414158024726782,0.8288034226460924,0.17119657735390756,0.3943224441727534,0.6056775558272467,0.6804647507215029,0.3195352492784971,0.92617,0.22485,0.66043,0.96753,0.14189,0.23883,0.9062,0.2182,0.76528,0.14092000000000005,0.17499,0.04321,1.0581638224988442e-05,1.0569175141088034e-05,72770
0.18,-1.35,x1 = 0.18; x2 = -1.35,0.2,-1.3,x1 = 0.2; x2 = -1.3,0.6783183516097961,0.32168164839020374,0.6012212202116503,0.3987787797883499,0.8564260380716627,0.14357396192833724,0.2751163929532045,0.7248836070467956,0.6246120871121253,0.37538791288787476,0.97023,0.23975,0.59352,0.84871,0.12296,0.19943,0.9062,0.2182,0.69528,0.21092,0.15345,0.06475,0.006284862882631685,0.00643726315698611,72800
