z_x1,z_x2,z_note,x_x1,x_x2,x_note,"p(y=0|x,D)","p(y=1|x,D)","p(u=0|z,D)","p(u=1|z,D)","p(y=0|x,u=0,z,D)","p(y=1|x,u=0,z,D)","p(y=0|x,u=1,z,D)","p(y=1|x,u=1,z,D)","p(y=0|x,z,D)","p(y=1|x,z,D)","H[p(u|z,D)]","Var[p(u|z,D)]","H[p(y|x,u=0,z,D)]","H[p(y|x,u=1,z,D)]","Var[p(y|x,u=0,z,D)]","Var[p(y|x,u=1,z,D)]","H[p(y|x,D)]","Var[p(y|x,D)]",Va,Ve,Va_variance,Ve_variance,kl_pyx_pyxz,kl_pyxz_pyx,api_calls
-2.26,1.65,x1 = -2.26; x2 = 1.65,-2.2,1.7,x1 = -2.2; x2 = 1.7,0.7196302589182493,0.2803697410817507,0.7965379962064655,0.20346200379353455,0.8927750421023226,0.1072249578976772,0.16598333617016722,0.8340166638298327,0.744900545272845,0.2550994547271549,0.7288,0.16207,0.49149,0.64843,0.09573,0.13843,0.85595,0.20176,0.52342,0.33253,0.10442,0.09734,0.0016458177213439194,0.0016132635812799515,21320
-2.34,1.8,x1 = -2.34; x2 = 1.8,-2.2,1.7,x1 = -2.2; x2 = 1.7,0.7196302589182493,0.2803697410817507,0.7593486439368642,0.24065135606313567,0.9243942923348323,0.07560570766516785,0.1588941487943036,0.8411058512056965,0.7401756447252789,0.25982435527472103,0.79612,0.18274,0.3865,0.63166,0.06989,0.13365,0.85595,0.20176,0.4455,0.41045,0.08523,0.11653,0.001079521146965138,0.001062404248807932,21350
-2.29,1.79,x1 = -2.29; x2 = 1.79,-2.2,1.7,x1 = -2.2; x2 = 1.7,0.7196302589182493,0.2803697410817507,0.7712205217295961,0.22877947827040393,0.9255192308566939,0.0744807691433059,0.15330558359945556,0.8466944164005445,0.7488525955238972,0.25114740447610273,0.77588,0.17644,0.38243,0.61805,0.06893,0.1298,0.85595,0.20176,0.43634,0.41961,0.08286,0.11889999999999999,0.002215470238668287,0.0021641927429331236,21380
-2.24,1.64,x1 = -2.24; x2 = 1.64,-2.2,1.7,x1 = -2.2; x2 = 1.7,0.7196302589182493,0.2803697410817507,0.8032418944400069,0.19675810555999323,0.8762798549085089,0.12372014509149136,0.1580434261755261,0.8419565738244739,0.7349610158468323,0.2650389841531681,0.7154,0.15804,0.53996,0.62961,0.10841,0.13307,0.85595,0.20176,0.5576,0.29835,0.11326,0.0885,0.0005960992490413042,0.0005891555737815926,21410
-2.14,1.66,x1 = -2.14; x2 = 1.66,-2.2,1.7,x1 = -2.2; x2 = 1.7,0.7196302589182493,0.2803697410817507,0.7869359407294504,0.21306405927054956,0.8853974500842237,0.11460254991577631,0.1906657788656731,0.809334221134327,0.7373751001105864,0.2626248998894135,0.7473,0.16767,0.51364,0.70286,0.10147,0.15431,0.85595,0.20176,0.55396,0.30199,0.11273,0.08903,0.000801668966930829,0.0007907819209723825,21440
