z_x1,z_x2,z_note,x_x1,x_x2,x_note,"p(y=0|x,D)","p(y=1|x,D)","p(u=0|z,D)","p(u=1|z,D)","p(y=0|x,u=0,z,D)","p(y=1|x,u=0,z,D)","p(y=0|x,u=1,z,D)","p(y=1|x,u=1,z,D)","p(y=0|x,z,D)","p(y=1|x,z,D)","H[p(u|z,D)]","Var[p(u|z,D)]","H[p(y|x,u=0,z,D)]","H[p(y|x,u=1,z,D)]","Var[p(y|x,u=0,z,D)]","Var[p(y|x,u=1,z,D)]","H[p(y|x,D)]","Var[p(y|x,D)]",Va,Ve,Va_variance,Ve_variance,kl_pyx_pyxz,kl_pyxz_pyx,api_calls
-0.6,-2.03,x1 = -0.6; x2 = -2.03,-0.6,-2.1,x1 = -0.6; x2 = -2.1,0.8861394370064414,0.11386056299355873,0.8960419203814336,0.10395807961856654,0.9707716352039206,0.02922836479607941,0.37008608565904827,0.6299139143409518,0.9083255190186125,0.09167448098138764,0.48142,0.09315,0.19051,0.95074,0.02837,0.23312,0.51145,0.1009,0.26954,0.24190999999999996,0.04966,0.05124,0.002764160225182704,0.0025928692804014185,54120
-0.74,-2.03,x1 = -0.74; x2 = -2.03,-0.6,-2.1,x1 = -0.6; x2 = -2.1,0.8861394370064414,0.11386056299355873,0.9028717340034135,0.09712826599658642,0.9612733429536917,0.038726657046308385,0.48280298082074663,0.5171970191792534,0.9148003463489599,0.0851996536510401,0.45983,0.08769,0.23642,0.99915,0.03723,0.2497,0.51145,0.1009,0.3105,0.20094999999999996,0.05787,0.043030000000000006,0.004809798052072205,0.00441353260762024,54150
-0.67,-2.13,x1 = -0.67; x2 = -2.13,-0.6,-2.1,x1 = -0.6; x2 = -2.1,0.8861394370064414,0.11386056299355873,0.8971670343078063,0.10283296569219362,0.9665540368928796,0.03344596310712045,0.4123641778653324,0.5876358221346676,0.9095650501325382,0.09043494986746181,0.47791,0.09226,0.21139,0.97773,0.03233,0.24232,0.51145,0.1009,0.2902,0.22124999999999995,0.05392,0.04698,0.0031057411928427127,0.0029014284888080853,54180
-0.68,-2.09,x1 = -0.68; x2 = -2.09,-0.6,-2.1,x1 = -0.6; x2 = -2.1,0.8861394370064414,0.11386056299355873,0.9013644247342342,0.09863557526576588,0.965049339514479,0.03495066048552094,0.4252459503066618,0.5747540496933381,0.911805521689556,0.08819447831044411,0.46466,0.08891,0.21864,0.98382,0.03373,0.24441,0.51145,0.1009,0.29411,0.21733999999999998,0.05451,0.04639,0.003782013583073656,0.0035067083518040346,54210
-0.78,-2.14,x1 = -0.78; x2 = -2.14,-0.6,-2.1,x1 = -0.6; x2 = -2.1,0.8861394370064414,0.11386056299355873,0.8997564807901185,0.10024351920988137,0.9609070056685743,0.03909299433142574,0.4658168120325989,0.5341831879674012,0.9112774223322023,0.08872257766779752,0.46977,0.09019,0.23812,0.99663,0.03756,0.24883,0.51145,0.1009,0.31416,0.19728999999999997,0.05874,0.04216,0.0036156442630909877,0.003358468230839764,54240
