z_x1,z_x2,z_note,x_x1,x_x2,x_note,"p(y=0|x,D)","p(y=1|x,D)","p(u=0|z,D)","p(u=1|z,D)","p(y=0|x,u=0,z,D)","p(y=1|x,u=0,z,D)","p(y=0|x,u=1,z,D)","p(y=1|x,u=1,z,D)","p(y=0|x,z,D)","p(y=1|x,z,D)","H[p(u|z,D)]","Var[p(u|z,D)]","H[p(y|x,u=0,z,D)]","H[p(y|x,u=1,z,D)]","Var[p(y|x,u=0,z,D)]","Var[p(y|x,u=1,z,D)]","H[p(y|x,D)]","Var[p(y|x,D)]",Va,Ve,Va_variance,Ve_variance,kl_pyx_pyxz,kl_pyxz_pyx,api_calls
-2.81,-2.43,x1 = -2.81; x2 = -2.43,-2.8,-2.5,x1 = -2.8; x2 = -2.5,0.8138815318591671,0.18611846814083283,0.8384711967918831,0.16152880320811708,0.9692524281794836,0.030747571820516295,0.22622733383890736,0.7737726661610927,0.8492324739370523,0.1507675260629479,0.63795,0.13544,0.19813,0.77138,0.0298,0.17505,0.69328,0.15148,0.29073,0.40255,0.05326,0.09822,0.004600056873479252,0.004349474623118597,4520
-2.87,-2.4,x1 = -2.87; x2 = -2.4,-2.8,-2.5,x1 = -2.8; x2 = -2.5,0.8138815318591671,0.18611846814083283,0.8322228827522251,0.1677771172477749,0.9668207266839921,0.0331792733160079,0.19969855794109934,0.8003014420589005,0.8381151806354484,0.16188481936455154,0.65259,0.13963,0.21009,0.72132,0.03208,0.15982,0.69328,0.15148,0.29586,0.39742,0.05351,0.09797,0.0020833400534292154,0.0020082456171772907,4550
-2.77,-2.46,x1 = -2.77; x2 = -2.46,-2.8,-2.5,x1 = -2.8; x2 = -2.5,0.8138815318591671,0.18611846814083283,0.836476660841028,0.16352333915897208,0.9677989814869029,0.03220101851309699,0.22865278064992886,0.7713472193500711,0.8469313265993729,0.1530686734006272,0.64267,0.13678,0.20531,0.77566,0.03116,0.17637,0.69328,0.15148,0.29858,0.3947,0.05491,0.09657,0.003989163720974208,0.0037875034093687796,4580
-2.9,-2.42,x1 = -2.9; x2 = -2.42,-2.8,-2.5,x1 = -2.8; x2 = -2.5,0.8138815318591671,0.18611846814083283,0.8458532770429162,0.15414672295708373,0.9690664214827882,0.03093357851721179,0.22951763461637237,0.7704823653836276,0.8550673995204434,0.14493260047955656,0.62012,0.13039,0.19905,0.77717,0.02998,0.17684,0.69328,0.15148,0.28817,0.40511,0.05262,0.09886,0.006373292393312038,0.005961053926672892,4610
-2.73,-2.41,x1 = -2.73; x2 = -2.41,-2.8,-2.5,x1 = -2.8; x2 = -2.5,0.8138815318591671,0.18611846814083283,0.8414883137116249,0.1585116862883753,0.9657080411685091,0.034291958831490936,0.24174867758367552,0.7582513224163244,0.8509520216424183,0.1490479783575819,0.63074,0.13339,0.21548,0.79794,0.03312,0.18331,0.69328,0.15148,0.30781,0.38547000000000003,0.05693,0.09455,0.0050886884178157135,0.004796382736597521,4640
