z_x1,z_x2,z_note,x_x1,x_x2,x_note,"p(y=0|x,D)","p(y=1|x,D)","p(u=0|z,D)","p(u=1|z,D)","p(y=0|x,u=0,z,D)","p(y=1|x,u=0,z,D)","p(y=0|x,u=1,z,D)","p(y=1|x,u=1,z,D)","p(y=0|x,z,D)","p(y=1|x,z,D)","H[p(u|z,D)]","Var[p(u|z,D)]","H[p(y|x,u=0,z,D)]","H[p(y|x,u=1,z,D)]","Var[p(y|x,u=0,z,D)]","Var[p(y|x,u=1,z,D)]","H[p(y|x,D)]","Var[p(y|x,D)]",Va,Ve,Va_variance,Ve_variance,kl_pyx_pyxz,kl_pyxz_pyx,api_calls
-2.84,2.67,x1 = -2.84; x2 = 2.67,-2.8,2.7,x1 = -2.8; x2 = 2.7,0.6402800569881736,0.3597199430118263,0.7208548048649805,0.2791451951350195,0.9379434674571391,0.062056532542861045,0.13134920663185579,0.8686507933681442,0.7127865551242786,0.28721344487572154,0.85428,0.20122,0.33556,0.56113,0.05821,0.1141,0.94245,0.23032,0.39853,0.54392,0.07381,0.15650999999999998,0.012286106778616815,0.011813348367069598,8680
-2.7,2.53,x1 = -2.7; x2 = 2.53,-2.8,2.7,x1 = -2.8; x2 = 2.7,0.6402800569881736,0.3597199430118263,0.7037898479294575,0.2962101520705424,0.920510872165884,0.07948912783411596,0.14777567709291156,0.8522243229070885,0.6916188625230585,0.3083811374769414,0.87661,0.20847,0.40038,0.60425,0.07317,0.12594,0.94245,0.23032,0.46077,0.48168,0.0888,0.14151999999999998,0.006008638319313239,0.0058567182805658174,8710
-2.69,2.66,x1 = -2.69; x2 = 2.66,-2.8,2.7,x1 = -2.8; x2 = 2.7,0.6402800569881736,0.3597199430118263,0.7045732570716232,0.2954267429283769,0.923273166537147,0.07672683346285304,0.16781341301681704,0.8321865869831828,0.7000901521411615,0.29990984785883845,0.87563,0.20815,0.39054,0.65268,0.07084,0.13965,0.94245,0.23032,0.46798,0.47447,0.09117,0.13915,0.00823365125682294,0.00798369551986993,8740
-2.78,2.71,x1 = -2.78; x2 = 2.71,-2.8,2.7,x1 = -2.8; x2 = 2.7,0.6402800569881736,0.3597199430118263,0.7025836520238837,0.2974163479761164,0.9415234342759542,0.0584765657240459,0.13464087008587527,0.8653591299141248,0.7015433687889367,0.2984566312110635,0.87811,0.20896,0.32137,0.57003,0.05506,0.11651,0.94245,0.23032,0.39533,0.54712,0.07334,0.15698,0.00865322708019503,0.008382765022590465,8770
-2.71,2.68,x1 = -2.71; x2 = 2.68,-2.8,2.7,x1 = -2.8; x2 = 2.7,0.6402800569881736,0.3597199430118263,0.7259828486133971,0.27401715138660293,0.9422872187903628,0.05771278120963712,0.15361897027560548,0.8463810297243946,0.7261785919432877,0.2738214080567124,0.84717,0.19893,0.3183,0.61882,0.05438,0.13002,0.94245,0.23032,0.40065,0.5418000000000001,0.07511,0.15521000000000001,0.01754442201959454,0.01670676010559162,8800
