z_x1,z_x2,z_note,x_x1,x_x2,x_note,"p(y=0|x,D)","p(y=1|x,D)","p(u=0|z,D)","p(u=1|z,D)","p(y=0|x,u=0,z,D)","p(y=1|x,u=0,z,D)","p(y=0|x,u=1,z,D)","p(y=1|x,u=1,z,D)","p(y=0|x,z,D)","p(y=1|x,z,D)","H[p(u|z,D)]","Var[p(u|z,D)]","H[p(y|x,u=0,z,D)]","H[p(y|x,u=1,z,D)]","Var[p(y|x,u=0,z,D)]","Var[p(y|x,u=1,z,D)]","H[p(y|x,D)]","Var[p(y|x,D)]",Va,Ve,Va_variance,Ve_variance,kl_pyx_pyxz,kl_pyxz_pyx,api_calls
-3.06,2.27,x1 = -3.06; x2 = 2.27,-3.0,2.3,x1 = -3.0; x2 = 2.3,0.6569284436504699,0.3430715563495301,0.7120778335131602,0.28792216648683977,0.9400557719092506,0.059944228090749486,0.14868891063566886,0.8513110893643312,0.7122037107254706,0.2877962892745295,0.86602,0.20502,0.32722,0.60655,0.05635,0.12658,0.92773,0.22537,0.40765,0.5200800000000001,0.07657,0.1488,0.007200403995850167,0.0069763215549595095,3880
-3.01,2.28,x1 = -3.01; x2 = 2.28,-3.0,2.3,x1 = -3.0; x2 = 2.3,0.6569284436504699,0.3430715563495301,0.7141884831720942,0.28581151682790573,0.954492963780018,0.04550703621998198,0.12566716828418664,0.8743328317158132,0.7176050059832587,0.2823949940167411,0.86325,0.20412,0.267,0.54543,0.04344,0.10987,0.92773,0.22537,0.34658,0.58115,0.06243,0.16293999999999997,0.008736984383844723,0.008433054039228276,3910
-3.03,2.19,x1 = -3.03; x2 = 2.19,-3.0,2.3,x1 = -3.0; x2 = 2.3,0.6569284436504699,0.3430715563495301,0.7103739630638704,0.28962603693612976,0.9412520767926269,0.05874792320737297,0.14038484774804538,0.8596151522519545,0.7093000751324251,0.29069992486757484,0.86824,0.20574,0.32245,0.58525,0.0553,0.12068,0.92773,0.22537,0.39856,0.52917,0.07424,0.15113,0.006440183669801432,0.006252137296492662,3940
-2.89,2.37,x1 = -2.89; x2 = 2.37,-3.0,2.3,x1 = -3.0; x2 = 2.3,0.6569284436504699,0.3430715563495301,0.7016139454388703,0.29838605456112965,0.9126564337469784,0.08734356625302168,0.2082937727242946,0.7917062272757054,0.7024844383442413,0.29751556165575865,0.87931,0.20935,0.42754,0.73821,0.07971,0.16491,0.92773,0.22537,0.52024,0.40749,0.10513,0.12023999999999999,0.0048324296369650355,0.004712492582114286,3970
-3.08,2.2,x1 = -3.08; x2 = 2.2,-3.0,2.3,x1 = -3.0; x2 = 2.3,0.6569284436504699,0.3430715563495301,0.6876795512304363,0.31232044876956366,0.9360132858338076,0.06398671416619237,0.14467418650899774,0.855325813491002,0.6888619032037807,0.31113809679621923,0.89583,0.21478,0.34307,0.59635,0.05989,0.12374,0.92773,0.22537,0.42217,0.50556,0.07983,0.14554,0.0023372598170643445,0.0022984538010246275,4000
