z_x1,z_x2,z_note,x_x1,x_x2,x_note,"p(y=0|x,D)","p(y=1|x,D)","p(u=0|z,D)","p(u=1|z,D)","p(y=0|x,u=0,z,D)","p(y=1|x,u=0,z,D)","p(y=0|x,u=1,z,D)","p(y=1|x,u=1,z,D)","p(y=0|x,z,D)","p(y=1|x,z,D)","H[p(u|z,D)]","Var[p(u|z,D)]","H[p(y|x,u=0,z,D)]","H[p(y|x,u=1,z,D)]","Var[p(y|x,u=0,z,D)]","Var[p(y|x,u=1,z,D)]","H[p(y|x,D)]","Var[p(y|x,D)]",Va,Ve,Va_variance,Ve_variance,kl_pyx_pyxz,kl_pyxz_pyx,api_calls
1.9,2.11,x1 = 1.9; x2 = 2.11,2.0,2.1,x1 = 2.0; x2 = 2.1,0.2092229426558546,0.7907770573441455,0.16551453188267168,0.8344854681173283,0.668486214706191,0.3315137852938089,0.06218041770295389,0.9378195822970461,0.16253283787169484,0.8374671621283051,0.64734,0.13812,0.91647,0.33604,0.22161,0.05831,0.73999,0.16545,0.43211,0.30788000000000004,0.08534,0.08011000000000001,0.007469350792805106,0.006999273433975474,115720
1.95,2.08,x1 = 1.95; x2 = 2.08,2.0,2.1,x1 = 2.0; x2 = 2.1,0.2092229426558546,0.7907770573441455,0.15909389184172076,0.8409061081582794,0.648941841422902,0.3510581585770981,0.06937617331879839,0.9306238266812018,0.1615815310353273,0.838418468964673,0.63214,0.13378,0.93501,0.36359,0.22782,0.06456,0.73999,0.16545,0.4545,0.28549,0.09053,0.07492000000000001,0.00779977303641706,0.007297399957342375,115750
1.88,2.11,x1 = 1.88; x2 = 2.11,2.0,2.1,x1 = 2.0; x2 = 2.1,0.2092229426558546,0.7907770573441455,0.1772980290348071,0.8227019709651928,0.5960268857583767,0.4039731142416233,0.06542855136669613,0.9345714486333039,0.1595025902634926,0.8404974097365073,0.67413,0.14586,0.97323,0.34863,0.24078,0.06115,0.73999,0.16545,0.45937,0.28062000000000004,0.093,0.07245000000000001,0.008550762939044332,0.007972206361666907,115780
2.04,2.05,x1 = 2.04; x2 = 2.05,2.0,2.1,x1 = 2.0; x2 = 2.1,0.2092229426558546,0.7907770573441455,0.1819011482544554,0.8180988517455446,0.7444220704488045,0.2555779295511954,0.06325518537047999,0.93674481462952,0.1871602239191379,0.8128397760808621,0.68422,0.14881,0.82,0.34023,0.19026,0.05925,0.73999,0.16545,0.4275,0.31249000000000005,0.08308,0.08237000000000001,0.001554277413005633,0.001511409414899096,115810
2.02,2.08,x1 = 2.02; x2 = 2.08,2.0,2.1,x1 = 2.0; x2 = 2.1,0.2092229426558546,0.7907770573441455,0.15990365482671998,0.8400963451732799,0.7348629758866737,0.26513702411332635,0.05873545182997797,0.9412645481700223,0.16685071405558466,0.8331492859444154,0.63408,0.13433,0.8344,0.3224,0.19484,0.05529,0.73999,0.16545,0.40427,0.33572,0.0776,0.08785000000000001,0.006071340427219261,0.005729226591168528,115840
