z_x1,z_x2,z_note,x_x1,x_x2,x_note,"p(y=0|x,D)","p(y=1|x,D)","p(u=0|z,D)","p(u=1|z,D)","p(y=0|x,u=0,z,D)","p(y=1|x,u=0,z,D)","p(y=0|x,u=1,z,D)","p(y=1|x,u=1,z,D)","p(y=0|x,z,D)","p(y=1|x,z,D)","H[p(u|z,D)]","Var[p(u|z,D)]","H[p(y|x,u=0,z,D)]","H[p(y|x,u=1,z,D)]","Var[p(y|x,u=0,z,D)]","Var[p(y|x,u=1,z,D)]","H[p(y|x,D)]","Var[p(y|x,D)]",Va,Ve,Va_variance,Ve_variance,kl_pyx_pyxz,kl_pyxz_pyx,api_calls
-1.49,1.72,x1 = -1.49; x2 = 1.72,-1.4,1.7,x1 = -1.4; x2 = 1.7,0.7770455205831317,0.22295447941686847,0.8178751224909524,0.1821248775090475,0.9122036753767228,0.08779632462327733,0.3075190008285626,0.6924809991714372,0.8020755530930407,0.1979244469069592,0.6847,0.14896,0.42907,0.89029,0.08009,0.21295,0.76553,0.17325,0.51307,0.25246,0.10429,0.06896,0.0019145656267819736,0.0018596158946930716,39240
-1.36,1.62,x1 = -1.36; x2 = 1.62,-1.4,1.7,x1 = -1.4; x2 = 1.7,0.7770455205831317,0.22295447941686847,0.8521195698460288,0.14788043015397118,0.8404828684324679,0.1595171315675321,0.43007112132073616,0.5699288786792638,0.7797910027293421,0.22020899727065782,0.60451,0.12601,0.63315,0.98584,0.13407,0.24511,0.76553,0.17325,0.68531,0.08022000000000007,0.15049,0.022759999999999975,2.188294579793344e-05,2.1818387928742786e-05,39270
-1.28,1.56,x1 = -1.28; x2 = 1.56,-1.4,1.7,x1 = -1.4; x2 = 1.7,0.7770455205831317,0.22295447941686847,0.8723022342210325,0.12769776577896766,0.8264465032712129,0.17355349672878706,0.46229798250273013,0.5377020174972699,0.7799455507573617,0.22005444924263834,0.55109,0.11139,0.66577,0.99589,0.14343,0.24858,0.76553,0.17325,0.70793,0.057600000000000096,0.15686,0.016389999999999988,2.442411718429991e-05,2.434797253601838e-05,39300
-1.46,1.76,x1 = -1.46; x2 = 1.76,-1.4,1.7,x1 = -1.4; x2 = 1.7,0.7770455205831317,0.22295447941686847,0.8377551841939495,0.16224481580605044,0.8831643072267606,0.11683569277323927,0.28791728294971747,0.7120827170502825,0.7865885634138321,0.21341143658616776,0.63965,0.13592,0.5202,0.86602,0.10319,0.20502,0.76553,0.17325,0.57631,0.18922000000000005,0.11971,0.05353999999999999,0.00026837987406450915,0.00026557321889950775,39330
-1.51,1.72,x1 = -1.51; x2 = 1.72,-1.4,1.7,x1 = -1.4; x2 = 1.7,0.7770455205831317,0.22295447941686847,0.8247190267690294,0.17528097323097064,0.8926215333779393,0.10737846662206085,0.38867191022930386,0.6113280897706961,0.8042887529730656,0.19571124702693454,0.66964,0.14456,0.49196,0.96394,0.09585,0.23761,0.76553,0.17325,0.57469,0.19084,0.1207,0.052549999999999986,0.0022805154047573564,0.0022088068336187615,39360
