z_x1,z_x2,z_note,x_x1,x_x2,x_note,"p(y=0|x,D)","p(y=1|x,D)","p(u=0|z,D)","p(u=1|z,D)","p(y=0|x,u=0,z,D)","p(y=1|x,u=0,z,D)","p(y=0|x,u=1,z,D)","p(y=1|x,u=1,z,D)","p(y=0|x,z,D)","p(y=1|x,z,D)","H[p(u|z,D)]","Var[p(u|z,D)]","H[p(y|x,u=0,z,D)]","H[p(y|x,u=1,z,D)]","Var[p(y|x,u=0,z,D)]","Var[p(y|x,u=1,z,D)]","H[p(y|x,D)]","Var[p(y|x,D)]",Va,Ve,Va_variance,Ve_variance,kl_pyx_pyxz,kl_pyxz_pyx,api_calls
3.15,0.54,x1 = 3.15; x2 = 0.54,3.2,0.5,x1 = 3.2; x2 = 0.5,0.14371318030355384,0.8562868196964463,0.14659497033284388,0.853405029667156,0.7058939560034496,0.29410604399655027,0.0514061162388624,0.9485938837611376,0.14735074169235912,0.8526492583076408,0.60125,0.1251,0.87397,0.29234,0.20761,0.04876,0.59388,0.12306,0.3776,0.21627999999999997,0.07205,0.05101,5.3021516828555965e-05,5.338932408676311e-05,141320
3.28,0.46,x1 = 3.28; x2 = 0.46,3.2,0.5,x1 = 3.2; x2 = 0.5,0.14371318030355384,0.8562868196964463,0.15820419020267446,0.8417958097973257,0.7184969041161666,0.28150309588383343,0.05984782228550033,0.9401521777144998,0.16404886690425596,0.8359511330957443,0.63,0.13318,0.85749,0.32684,0.20226,0.05627,0.59388,0.12306,0.41079,0.18308999999999997,0.07937,0.04369000000000001,0.0015613538257930777,0.0016187423523807663,141350
3.08,0.55,x1 = 3.08; x2 = 0.55,3.2,0.5,x1 = 3.2; x2 = 0.5,0.14371318030355384,0.8562868196964463,0.14165758503650605,0.858342414963494,0.6645726688648215,0.3354273311351785,0.060633075292554364,0.9393669247074458,0.1461856996259307,0.8538143003740694,0.58856,0.12159,0.92038,0.32995,0.22292,0.05696,0.59388,0.12306,0.41359,0.18028999999999995,0.08047,0.04259,2.460500666387781e-05,2.4721470436638547e-05,141380
3.31,0.51,x1 = 3.31; x2 = 0.51,3.2,0.5,x1 = 3.2; x2 = 0.5,0.14371318030355384,0.8562868196964463,0.15304863301050328,0.8469513669894967,0.7344511636922949,0.2655488363077051,0.06121548310856244,0.9387845168914376,0.16425328371579853,0.8357467162842015,0.61742,0.12962,0.835,0.33225,0.19503,0.05747,0.59388,0.12306,0.4092,0.18467999999999996,0.07852,0.044539999999999996,0.001591803379990167,0.0016508613700237929,141410
3.22,0.49,x1 = 3.22; x2 = 0.49,3.2,0.5,x1 = 3.2; x2 = 0.5,0.14371318030355384,0.8562868196964463,0.1509061979430783,0.8490938020569218,0.7240701915377993,0.27592980846220083,0.05381441784787366,0.9461855821521263,0.15496016830481668,0.8450398316951834,0.6121,0.12813,0.84985,0.30238,0.19979,0.05092,0.59388,0.12306,0.385,0.20887999999999995,0.07339,0.049670000000000006,0.0004929173022990389,0.0005032309080340736,141440
