z_x1,z_x2,z_note,x_x1,x_x2,x_note,"p(y=0|x,D)","p(y=1|x,D)","p(u=0|z,D)","p(u=1|z,D)","p(y=0|x,u=0,z,D)","p(y=1|x,u=0,z,D)","p(y=0|x,u=1,z,D)","p(y=1|x,u=1,z,D)","p(y=0|x,z,D)","p(y=1|x,z,D)","H[p(u|z,D)]","Var[p(u|z,D)]","H[p(y|x,u=0,z,D)]","H[p(y|x,u=1,z,D)]","Var[p(y|x,u=0,z,D)]","Var[p(y|x,u=1,z,D)]","H[p(y|x,D)]","Var[p(y|x,D)]",Va,Ve,Va_variance,Ve_variance,kl_pyx_pyxz,kl_pyxz_pyx,api_calls
-2.15,1.88,x1 = -2.15; x2 = 1.88,-2.2,1.9,x1 = -2.2; x2 = 1.9,0.7131718910325344,0.2868281089674656,0.7602529816892541,0.2397470183107459,0.9237260870354426,0.07627391296455754,0.1911337916658804,0.8088662083341196,0.7480892685831648,0.2519107314168353,0.79462,0.18227,0.38891,0.70384,0.07046,0.1546,0.86459,0.20456,0.46441,0.40018,0.09063,0.11392999999999999,0.003143174312158499,0.0030584372038930316,21480
-2.15,1.84,x1 = -2.15; x2 = 1.84,-2.2,1.9,x1 = -2.2; x2 = 1.9,0.7131718910325344,0.2868281089674656,0.7591357523606657,0.24086424763933426,0.9080877111488048,0.09191228885119504,0.18140669902531623,0.8185933009746836,0.7330562358898908,0.26694376411010906,0.79647,0.18285,0.44282,0.68314,0.08346,0.1485,0.86459,0.20456,0.5007,0.36388999999999994,0.09913,0.10543,0.0009950048329609024,0.0009804062885414612,21510
-2.12,1.93,x1 = -2.12; x2 = 1.93,-2.2,1.9,x1 = -2.2; x2 = 1.9,0.7131718910325344,0.2868281089674656,0.7697005187477317,0.23029948125226823,0.9442554959542896,0.05574450404571023,0.17636179328956064,0.8236382067104394,0.767409974573719,0.23259002542628088,0.77853,0.17726,0.31032,0.67205,0.05264,0.14526,0.86459,0.20456,0.39363,0.47096,0.07397,0.13058999999999998,0.007846248283221183,0.007497947426147081,21540
-2.29,2.07,x1 = -2.29; x2 = 2.07,-2.2,1.9,x1 = -2.2; x2 = 1.9,0.7131718910325344,0.2868281089674656,0.7077120725407438,0.29228792745925614,0.9070672012615925,0.0929327987384077,0.18136110143496204,0.818638898565038,0.6949520693987266,0.3050479306012735,0.87166,0.20686,0.44618,0.68305,0.0843,0.14847,0.86459,0.20456,0.51541,0.34917999999999993,0.10306,0.10149999999999999,0.0007920605080750966,0.0008015433944426158,21570
-2.15,2.05,x1 = -2.15; x2 = 2.05,-2.2,1.9,x1 = -2.2; x2 = 1.9,0.7131718910325344,0.2868281089674656,0.6987716167958993,0.3012283832041008,0.8666576350748484,0.13334236492515164,0.19125941940612606,0.8087405805938739,0.6632085225500247,0.3367914774499754,0.88279,0.21049,0.56653,0.7041,0.11556,0.15468,0.86459,0.20456,0.60797,0.25661999999999996,0.12734,0.07721999999999998,0.005740721302758656,0.005911429871450401,21600
