z_x1,z_x2,z_note,x_x1,x_x2,x_note,"p(y=0|x,D)","p(y=1|x,D)","p(u=0|z,D)","p(u=1|z,D)","p(y=0|x,u=0,z,D)","p(y=1|x,u=0,z,D)","p(y=0|x,u=1,z,D)","p(y=1|x,u=1,z,D)","p(y=0|x,z,D)","p(y=1|x,z,D)","H[p(u|z,D)]","Var[p(u|z,D)]","H[p(y|x,u=0,z,D)]","H[p(y|x,u=1,z,D)]","Var[p(y|x,u=0,z,D)]","Var[p(y|x,u=1,z,D)]","H[p(y|x,D)]","Var[p(y|x,D)]",Va,Ve,Va_variance,Ve_variance,kl_pyx_pyxz,kl_pyxz_pyx,api_calls
-2.67,1.14,x1 = -2.67; x2 = 1.14,-2.6,1.1,x1 = -2.6; x2 = 1.1,0.7869106306012827,0.21308936939871725,0.8216354412369882,0.178364558763012,0.9449489738301733,0.05505102616982679,0.169766323043416,0.8302336769565839,0.8066838623618515,0.19331613763814873,0.67649,0.14655,0.30748,0.65717,0.05202,0.14095,0.74735,0.16768,0.36985,0.37749999999999995,0.06788,0.0998,0.001222773512047557,0.0011935539076218665,11880
-2.6,1.15,x1 = -2.6; x2 = 1.15,-2.6,1.1,x1 = -2.6; x2 = 1.1,0.7869106306012827,0.21308936939871725,0.8142931166131167,0.1857068833868834,0.9595849446499696,0.040415055350030565,0.11850022374518976,0.8814997762548101,0.8033897224664163,0.19661027753358384,0.6924,0.15122,0.24419,0.52503,0.03878,0.10446,0.74735,0.16768,0.29634,0.45100999999999997,0.05098,0.1167,0.0008422581918099727,0.0008256469557609072,11910
-2.77,1.12,x1 = -2.77; x2 = 1.12,-2.6,1.1,x1 = -2.6; x2 = 1.1,0.7869106306012827,0.21308936939871725,0.8274859025167098,0.17251409748329033,0.9455261182535913,0.05447388174640877,0.22382101662005854,0.7761789833799415,0.8210218139961962,0.178978186003804,0.66342,0.14275,0.30511,0.76708,0.05151,0.17373,0.74735,0.16768,0.38481,0.36254,0.07259,0.09509,0.0037804065585087254,0.0036177194757077077,11940
-2.53,0.99,x1 = -2.53; x2 = 0.99,-2.6,1.1,x1 = -2.6; x2 = 1.1,0.7869106306012827,0.21308936939871725,0.8926070766240972,0.10739292337590287,0.8610728703281445,0.13892712967185564,0.3159098160976522,0.6840901839023477,0.8025262162177962,0.19747378378220404,0.492,0.09586,0.58142,0.89988,0.11963,0.21611,0.74735,0.16768,0.61562,0.13173,0.12999,0.03769,0.000754674383788274,0.0007406062436123451,11970
-2.56,1.21,x1 = -2.56; x2 = 1.21,-2.6,1.1,x1 = -2.6; x2 = 1.1,0.7869106306012827,0.21308936939871725,0.7928280287491212,0.20717197125087883,0.9279328791209958,0.07206712087900427,0.206361778959144,0.793638221040856,0.7784435719027996,0.22155642809720044,0.73604,0.16425,0.37359,0.73447,0.06687,0.16378,0.74735,0.16768,0.44835,0.29899999999999993,0.08695,0.08073,0.0002097726347238052,0.00021175004768574264,12000
