z_x1,z_x2,z_note,x_x1,x_x2,x_note,"p(y=0|x,D)","p(y=1|x,D)","p(u=0|z,D)","p(u=1|z,D)","p(y=0|x,u=0,z,D)","p(y=1|x,u=0,z,D)","p(y=0|x,u=1,z,D)","p(y=1|x,u=1,z,D)","p(y=0|x,z,D)","p(y=1|x,z,D)","H[p(u|z,D)]","Var[p(u|z,D)]","H[p(y|x,u=0,z,D)]","H[p(y|x,u=1,z,D)]","Var[p(y|x,u=0,z,D)]","Var[p(y|x,u=1,z,D)]","H[p(y|x,D)]","Var[p(y|x,D)]",Va,Ve,Va_variance,Ve_variance,kl_pyx_pyxz,kl_pyxz_pyx,api_calls
-0.93,-0.47,x1 = -0.93; x2 = -0.47,-0.8,-0.3,x1 = -0.8; x2 = -0.3,0.808214715533968,0.191785284466032,0.8891191825707985,0.1108808174292015,0.8821212715942011,0.11787872840579885,0.6232383289405291,0.3767616710594708,0.8534161192942848,0.1465838807057151,0.50257,0.09859,0.52323,0.95572,0.10398,0.23481,0.70519,0.155,0.57118,0.13400999999999996,0.11849,0.03651,0.007565142001742055,0.007043866066808423,51080
-0.88,-0.28,x1 = -0.88; x2 = -0.28,-0.8,-0.3,x1 = -0.8; x2 = -0.3,0.808214715533968,0.191785284466032,0.851518741170031,0.14848125882996904,0.90104302062845,0.09895697937154979,0.5513574990139178,0.4486425009860821,0.8491212741845099,0.1508787258154899,0.60603,0.12643,0.46568,0.99238,0.08916,0.24736,0.70519,0.155,0.54389,0.1613,0.11265,0.04235,0.006104298680276919,0.005728918328666413,51110
-0.83,-0.22,x1 = -0.83; x2 = -0.22,-0.8,-0.3,x1 = -0.8; x2 = -0.3,0.808214715533968,0.191785284466032,0.8265055254124622,0.1734944745875378,0.8975342256215699,0.1024657743784299,0.5643250303710269,0.4356749696289731,0.8397242713638406,0.1602757286361592,0.66564,0.14339,0.47676,0.98803,0.09197,0.24586,0.70519,0.155,0.56546,0.13973000000000002,0.11867,0.03633,0.003510934258110214,0.003349535128599153,51140
-0.78,-0.35,x1 = -0.78; x2 = -0.35,-0.8,-0.3,x1 = -0.8; x2 = -0.3,0.808214715533968,0.191785284466032,0.8013903388691406,0.1986096611308596,0.8877759728581122,0.11222402714188798,0.5700230160906506,0.42997698390934935,0.824667165791198,0.1753328342088022,0.71914,0.15916,0.50659,0.98581,0.09963,0.2451,0.70519,0.155,0.60177,0.10341999999999996,0.12852,0.026480000000000004,0.0009140597279727047,0.0008931180144653023,51170
-0.84,-0.39,x1 = -0.84; x2 = -0.39,-0.8,-0.3,x1 = -0.8; x2 = -0.3,0.808214715533968,0.191785284466032,0.8448566276716681,0.15514337232833192,0.8979467711300874,0.10205322886991264,0.5130798941685488,0.4869201058314513,0.8382372259408012,0.16176277405919895,0.62256,0.13107,0.47547,0.99951,0.09164,0.24983,0.70519,0.155,0.55677,0.14842,0.11618,0.03881999999999999,0.0031722604575133533,0.0030339604042651444,51200
