z_x1,z_x2,z_note,x_x1,x_x2,x_note,"p(y=0|x,D)","p(y=1|x,D)","p(u=0|z,D)","p(u=1|z,D)","p(y=0|x,u=0,z,D)","p(y=1|x,u=0,z,D)","p(y=0|x,u=1,z,D)","p(y=1|x,u=1,z,D)","p(y=0|x,z,D)","p(y=1|x,z,D)","H[p(u|z,D)]","Var[p(u|z,D)]","H[p(y|x,u=0,z,D)]","H[p(y|x,u=1,z,D)]","Var[p(y|x,u=0,z,D)]","Var[p(y|x,u=1,z,D)]","H[p(y|x,D)]","Var[p(y|x,D)]",Va,Ve,Va_variance,Ve_variance,kl_pyx_pyxz,kl_pyxz_pyx,api_calls
-2.21,0.08,x1 = -2.21; x2 = 0.08,-2.4,0.1,x1 = -2.4; x2 = 0.1,0.8916213547574288,0.10837864524257124,0.9095996594383816,0.09040034056161847,0.9622379227197181,0.037762077280281955,0.3945660943284276,0.6054339056715725,0.9109201961059089,0.08907980389409126,0.4378,0.08223,0.23194,0.96768,0.03634,0.23888,0.49501,0.09663,0.29845,0.19656,0.05465,0.041979999999999996,0.0021599334723501305,0.002037799385616018,15560
-2.44,0.04,x1 = -2.44; x2 = 0.04,-2.4,0.1,x1 = -2.4; x2 = 0.1,0.8916213547574288,0.10837864524257124,0.8985168081686765,0.10148319183132348,0.9661629842997078,0.033837015700292225,0.29015195092495893,0.709848049075041,0.897559226919647,0.10244077308035307,0.47368,0.09118,0.21328,0.86892,0.03269,0.20596,0.49501,0.09663,0.27982,0.21519,0.05027,0.04635999999999999,0.00018854406209544046,0.0001854458029911972,15590
-2.41,0.08,x1 = -2.41; x2 = 0.08,-2.4,0.1,x1 = -2.4; x2 = 0.1,0.8916213547574288,0.10837864524257124,0.9066712867513946,0.09332871324860544,0.9677149039196774,0.03228509608032266,0.29863913986950197,0.701360860130498,0.905270923795047,0.09472907620495306,0.44748,0.08462,0.20573,0.87962,0.03124,0.20945,0.49501,0.09663,0.26862,0.22638999999999998,0.04787,0.04875999999999999,0.0010427137131809611,0.0010020298376657456,15620
-2.37,0.09,x1 = -2.37; x2 = 0.09,-2.4,0.1,x1 = -2.4; x2 = 0.1,0.8916213547574288,0.10837864524257124,0.9036023243876894,0.0963976756123108,0.9652199600206213,0.03478003997937867,0.337193740775774,0.6628062592242259,0.9046796922618306,0.09532030773816944,0.45747,0.08711,0.21782,0.92211,0.03357,0.22349,0.49501,0.09663,0.28571,0.20929999999999999,0.05188,0.04474999999999999,0.0009509006593479384,0.0009154960086014668,15650
-2.43,0.17,x1 = -2.43; x2 = 0.17,-2.4,0.1,x1 = -2.4; x2 = 0.1,0.8916213547574288,0.10837864524257124,0.9066391166029932,0.0933608833970068,0.9672269243629905,0.03277307563700937,0.27484100564991826,0.7251589943500819,0.9025851633402899,0.09741483665970996,0.44759,0.08464,0.20811,0.84833,0.0317,0.1993,0.49501,0.09663,0.26788,0.22713,0.04735,0.04927999999999999,0.0006619102417156977,0.0006414019907192859,15680
