z_x1,z_x2,z_note,x_x1,x_x2,x_note,"p(y=0|x,D)","p(y=1|x,D)","p(u=0|z,D)","p(u=1|z,D)","p(y=0|x,u=0,z,D)","p(y=1|x,u=0,z,D)","p(y=0|x,u=1,z,D)","p(y=1|x,u=1,z,D)","p(y=0|x,z,D)","p(y=1|x,z,D)","H[p(u|z,D)]","Var[p(u|z,D)]","H[p(y|x,u=0,z,D)]","H[p(y|x,u=1,z,D)]","Var[p(y|x,u=0,z,D)]","Var[p(y|x,u=1,z,D)]","H[p(y|x,D)]","Var[p(y|x,D)]",Va,Ve,Va_variance,Ve_variance,kl_pyx_pyxz,kl_pyxz_pyx,api_calls
2.62,2.73,x1 = 2.62; x2 = 2.73,2.6,2.7,x1 = 2.6; x2 = 2.7,0.21597113146483907,0.7840288685351608,0.21742979210425517,0.7825702078957448,0.8376087475395794,0.16239125246042058,0.04283358191413686,0.9571664180858631,0.2156413809457018,0.7843586190542982,0.75545,0.17015,0.64,0.25514,0.13602,0.041,0.75274,0.16933,0.33882,0.41391999999999995,0.06166,0.10767000000000002,3.213170712923572e-07,3.211984739649775e-07,129640
2.59,2.68,x1 = 2.59; x2 = 2.68,2.6,2.7,x1 = 2.6; x2 = 2.7,0.21597113146483907,0.7840288685351608,0.23257485349642054,0.7674251465035795,0.7928105221385251,0.2071894778614749,0.05585782585696011,0.9441421741430398,0.2272544912284372,0.7727455087715629,0.78247,0.17848,0.73608,0.31078,0.16426,0.05274,0.75274,0.16933,0.40969,0.34304999999999997,0.07868,0.09065000000000001,0.0003668481103486776,0.00037132983139668077,129670
2.55,2.72,x1 = 2.55; x2 = 2.72,2.6,2.7,x1 = 2.6; x2 = 2.7,0.21597113146483907,0.7840288685351608,0.2188143029196577,0.7811856970803424,0.7944807546164483,0.2055192453835517,0.05147663194023881,0.9485233680597611,0.21405656111006544,0.7859434388899346,0.758,0.17093,0.73283,0.29264,0.16328,0.04883,0.75274,0.16933,0.38896,0.36378,0.07387,0.09546,1.0870618956891013e-05,1.0847216298338208e-05,129700
2.52,2.64,x1 = 2.52; x2 = 2.64,2.6,2.7,x1 = 2.6; x2 = 2.7,0.21597113146483907,0.7840288685351608,0.22450869444998287,0.7754913055500172,0.7881395409097225,0.21186045909027745,0.0541080001115248,0.945891999888475,0.2189044630212375,0.7810955369787624,0.76832,0.1741,0.74502,0.3036,0.16698,0.05118,0.75274,0.16933,0.4027,0.35003999999999996,0.07718,0.09215000000000001,2.524282348354088e-05,2.5324930681563246e-05,129730
2.58,2.71,x1 = 2.58; x2 = 2.71,2.6,2.7,x1 = 2.6; x2 = 2.7,0.21597113146483907,0.7840288685351608,0.21794457612524082,0.7820554238747591,0.7949283373781453,0.20507166262185464,0.04862383379090547,0.9513761662090946,0.21127685248558473,0.7887231475144152,0.7564,0.17044,0.73196,0.28052,0.16302,0.04626,0.75274,0.16933,0.37891,0.37382999999999994,0.07171,0.09762000000000001,6.576556014505856e-05,6.541561878032828e-05,129760
