z_x1,z_x2,z_note,x_x1,x_x2,x_note,"p(y=0|x,D)","p(y=1|x,D)","p(u=0|z,D)","p(u=1|z,D)","p(y=0|x,u=0,z,D)","p(y=1|x,u=0,z,D)","p(y=0|x,u=1,z,D)","p(y=1|x,u=1,z,D)","p(y=0|x,z,D)","p(y=1|x,z,D)","H[p(u|z,D)]","Var[p(u|z,D)]","H[p(y|x,u=0,z,D)]","H[p(y|x,u=1,z,D)]","Var[p(y|x,u=0,z,D)]","Var[p(y|x,u=1,z,D)]","H[p(y|x,D)]","Var[p(y|x,D)]",Va,Ve,Va_variance,Ve_variance,kl_pyx_pyxz,kl_pyxz_pyx,api_calls
-1.03,1.01,x1 = -1.03; x2 = 1.01,-1.0,1.1,x1 = -1.0; x2 = 1.1,0.812054268314224,0.18794573168577605,0.8645194666317699,0.13548053336823015,0.9027698745593202,0.09723012544067983,0.4895787161132906,0.5104212838867094,0.8467905160300153,0.1532094839699848,0.57228,0.11713,0.46015,0.99969,0.08778,0.24989,0.69715,0.15262,0.53325,0.16390000000000005,0.10974,0.04288,0.004392322994985522,0.00416089677406159,47720
-0.96,1.11,x1 = -0.96; x2 = 1.11,-1.0,1.1,x1 = -1.0; x2 = 1.1,0.812054268314224,0.18794573168577605,0.8749032627798229,0.12509673722017717,0.8918318070529369,0.10816819294706317,0.6558415157082209,0.34415848429177914,0.8623101915900739,0.13768980840992617,0.54384,0.10945,0.49437,0.92874,0.09647,0.22571,0.69715,0.15262,0.54871,0.14844000000000002,0.11264,0.03998,0.009717147724229117,0.008937738224155257,47750
-0.97,1.24,x1 = -0.97; x2 = 1.24,-1.0,1.1,x1 = -1.0; x2 = 1.1,0.812054268314224,0.18794573168577605,0.8664549188447506,0.1335450811552495,0.8765642509795872,0.12343574902041288,0.6608184299602782,0.33918157003972194,0.8477524578026577,0.15224754219734243,0.56708,0.11571,0.53916,0.92403,0.1082,0.22414,0.69715,0.15262,0.59056,0.10659000000000007,0.12368,0.028940000000000007,0.004654121673510772,0.004401331174929843,47780
-1.09,1.09,x1 = -1.09; x2 = 1.09,-1.0,1.1,x1 = -1.0; x2 = 1.1,0.812054268314224,0.18794573168577605,0.8475359242129226,0.15246407578707732,0.8890971223833495,0.1109028776166506,0.46992591806679745,0.5300740819332026,0.8251885721206702,0.17481142787932985,0.61597,0.12922,0.50263,0.99739,0.0986,0.2491,0.69715,0.15262,0.57806,0.11909000000000003,0.12155,0.03107,0.0005865906480810416,0.0005756663072126154,47810
-1.11,1.09,x1 = -1.11; x2 = 1.09,-1.0,1.1,x1 = -1.0; x2 = 1.1,0.812054268314224,0.18794573168577605,0.8714144954377374,0.1285855045622627,0.8921535722292753,0.10784642777072484,0.6268362621117302,0.37316373788826984,0.8580376120387084,0.1419623879612917,0.55355,0.11205,0.49339,0.95307,0.09622,0.23391,0.69715,0.15262,0.5525,0.14465000000000006,0.11392,0.03870000000000001,0.008007331669721618,0.007427983559205868,47840
