z_x1,z_x2,z_note,x_x1,x_x2,x_note,"p(y=0|x,D)","p(y=1|x,D)","p(u=0|z,D)","p(u=1|z,D)","p(y=0|x,u=0,z,D)","p(y=1|x,u=0,z,D)","p(y=0|x,u=1,z,D)","p(y=1|x,u=1,z,D)","p(y=0|x,z,D)","p(y=1|x,z,D)","H[p(u|z,D)]","Var[p(u|z,D)]","H[p(y|x,u=0,z,D)]","H[p(y|x,u=1,z,D)]","Var[p(y|x,u=0,z,D)]","Var[p(y|x,u=1,z,D)]","H[p(y|x,D)]","Var[p(y|x,D)]",Va,Ve,Va_variance,Ve_variance,kl_pyx_pyxz,kl_pyxz_pyx,api_calls
0.83,-1.09,x1 = 0.83; x2 = -1.09,0.8,-1.1,x1 = 0.8; x2 = -1.1,0.4628700894082189,0.5371299105917811,0.5205757789670927,0.4794242210329075,0.7528569864483882,0.2471430135516118,0.2794753443385094,0.7205246556614905,0.525906361428581,0.47409363857141906,0.99878,0.24958,0.80672,0.85473,0.18606,0.20137,0.99602,0.24862,0.82974,0.16627999999999998,0.1934,0.05522000000000002,0.007954936488114968,0.007962471005624458,86280
0.97,-1.12,x1 = 0.97; x2 = -1.12,0.8,-1.1,x1 = 0.8; x2 = -1.1,0.4628700894082189,0.5371299105917811,0.46612966041541426,0.5338703395845859,0.6681614400455246,0.3318385599544755,0.34279343239602955,0.6572065676039706,0.49445711131172865,0.5055428886882716,0.99669,0.24885,0.91679,0.92747,0.22172,0.22529,0.99602,0.24862,0.92249,0.07352999999999998,0.22363,0.024990000000000012,0.0019979897239718915,0.002001593452749882,86310
0.73,-1.0,x1 = 0.73; x2 = -1.0,0.8,-1.1,x1 = 0.8; x2 = -1.1,0.4628700894082189,0.5371299105917811,0.47078291138024203,0.5292170886197579,0.7052349153314019,0.29476508466859797,0.3775176837238039,0.6224823162761962,0.531801356129502,0.46819864387049803,0.99754,0.24915,0.8748,0.95627,0.20788,0.235,0.99602,0.24862,0.91792,0.07810000000000006,0.22223,0.026389999999999997,0.009516065353439782,0.009520746299416946,86340
0.8,-1.03,x1 = 0.8; x2 = -1.03,0.8,-1.1,x1 = 0.8; x2 = -1.1,0.4628700894082189,0.5371299105917811,0.5038851629534336,0.4961148370465664,0.7732706299379875,0.2267293700620125,0.20430885577903038,0.7956911442209696,0.4910002520653911,0.5089997479346088,0.99996,0.24998,0.77227,0.73046,0.17532,0.16257,0.99602,0.24862,0.75153,0.24448999999999999,0.16899,0.07963,0.0015850337402409237,0.0015877862646070037,86370
0.84,-1.21,x1 = 0.84; x2 = -1.21,0.8,-1.1,x1 = 0.8; x2 = -1.1,0.4628700894082189,0.5371299105917811,0.540852415777846,0.45914758422215396,0.7643471500113368,0.23565284998866315,0.26119990238174595,0.738800097618254,0.5333283067541843,0.4666716932458157,0.99518,0.24833,0.78774,0.82855,0.18012,0.19297,0.99602,0.24862,0.80648,0.18954000000000004,0.18602,0.06260000000000002,0.009943561104049398,0.009947128378113082,86400
