z_x1,z_x2,z_note,x_x1,x_x2,x_note,"p(y=0|x,D)","p(y=1|x,D)","p(u=0|z,D)","p(u=1|z,D)","p(y=0|x,u=0,z,D)","p(y=1|x,u=0,z,D)","p(y=0|x,u=1,z,D)","p(y=1|x,u=1,z,D)","p(y=0|x,z,D)","p(y=1|x,z,D)","H[p(u|z,D)]","Var[p(u|z,D)]","H[p(y|x,u=0,z,D)]","H[p(y|x,u=1,z,D)]","Var[p(y|x,u=0,z,D)]","Var[p(y|x,u=1,z,D)]","H[p(y|x,D)]","Var[p(y|x,D)]",Va,Ve,Va_variance,Ve_variance,kl_pyx_pyxz,kl_pyxz_pyx,api_calls
3.44,-2.3,x1 = 3.44; x2 = -2.3,3.4,-2.3,x1 = 3.4; x2 = -2.3,0.27677654901465704,0.723223450985343,0.23883693783291798,0.761163062167082,0.9119110960179645,0.08808890398203544,0.057993952584360284,0.9420060474156399,0.26194090828507494,0.7380590917149251,0.7931,0.18179,0.43006,0.31943,0.08033,0.05463,0.85102,0.20017,0.34585,0.50517,0.06077,0.1394,0.0005625253543795374,0.0005560406717571523,143560
3.42,-2.35,x1 = 3.42; x2 = -2.35,3.4,-2.3,x1 = 3.4; x2 = -2.3,0.27677654901465704,0.723223450985343,0.27627263467994706,0.7237273653200529,0.9175703572563503,0.08242964274364986,0.04549134189074246,0.9545086581092577,0.28642290911489293,0.7135770908851071,0.85032,0.19995,0.41068,0.26693,0.07563,0.04342,0.85102,0.20017,0.30664,0.54438,0.05232,0.14784999999999998,0.0002292029358608571,0.0002307999659066761,143590
3.3,-2.26,x1 = 3.3; x2 = -2.26,3.4,-2.3,x1 = 3.4; x2 = -2.3,0.27677654901465704,0.723223450985343,0.28127173448101017,0.7187282655189898,0.8896552005891533,0.11034479941084681,0.05638240053542618,0.9436175994645737,0.290758486302386,0.7092415136976139,0.85718,0.20216,0.50096,0.31291,0.09817,0.0532,0.85102,0.20017,0.3658,0.48522,0.06585,0.13432,0.0004786251198034448,0.0004833965806504189,143620
3.53,-2.27,x1 = 3.53; x2 = -2.27,3.4,-2.3,x1 = 3.4; x2 = -2.3,0.27677654901465704,0.723223450985343,0.28773432042541586,0.712265679574584,0.8645677997292877,0.1354322002707124,0.06848635021584325,0.9315136497841567,0.2975463050948742,0.7024536949051257,0.86578,0.20494,0.57215,0.36025,0.11709,0.0638,0.85102,0.20017,0.42122,0.4298,0.07913,0.12103999999999998,0.001046453544099938,0.001061637501393653,143650
3.39,-2.37,x1 = 3.39; x2 = -2.37,3.4,-2.3,x1 = 3.4; x2 = -2.3,0.27677654901465704,0.723223450985343,0.2872871786449474,0.7127128213550528,0.8834969659100006,0.1165030340899994,0.059690194844057964,0.9403098051559422,0.29635931785219677,0.7036406821478035,0.86519,0.20475,0.51922,0.32621,0.10293,0.05613,0.85102,0.20017,0.38166,0.46936,0.06958,0.13058999999999998,0.0009317411420350988,0.0009445335917272202,143680
