z_x1,z_x2,z_note,x_x1,x_x2,x_note,"p(y=0|x,D)","p(y=1|x,D)","p(u=0|z,D)","p(u=1|z,D)","p(y=0|x,u=0,z,D)","p(y=1|x,u=0,z,D)","p(y=0|x,u=1,z,D)","p(y=1|x,u=1,z,D)","p(y=0|x,z,D)","p(y=1|x,z,D)","H[p(u|z,D)]","Var[p(u|z,D)]","H[p(y|x,u=0,z,D)]","H[p(y|x,u=1,z,D)]","Var[p(y|x,u=0,z,D)]","Var[p(y|x,u=1,z,D)]","H[p(y|x,D)]","Var[p(y|x,D)]",Va,Ve,Va_variance,Ve_variance,kl_pyx_pyxz,kl_pyxz_pyx,api_calls
-0.2,1.68,x1 = -0.2; x2 = 1.68,-0.2,1.7,x1 = -0.2; x2 = 1.7,0.8186909471883637,0.18130905281163634,0.8460645612312337,0.15393543876876628,0.9157411706745334,0.08425882932546665,0.4204131630327659,0.5795868369672341,0.8394926364837391,0.16050736351626094,0.6196,0.13024,0.41701,0.98165,0.07716,0.24367,0.68293,0.14844,0.50393,0.17900000000000005,0.10279,0.04564999999999998,0.0015530941167078982,0.0015038030639662157,66120
-0.27,1.67,x1 = -0.27; x2 = 1.67,-0.2,1.7,x1 = -0.2; x2 = 1.7,0.8186909471883637,0.18130905281163634,0.8349333829163801,0.16506661708361997,0.9072152807442173,0.09278471925578274,0.5126830535491209,0.48731694645087914,0.8420911806706566,0.15790881932934347,0.64629,0.13782,0.4457,0.99954,0.08418,0.24984,0.68293,0.14844,0.53712,0.14581,0.11152,0.036919999999999994,0.001982187752029258,0.0019108369232553706,66150
-0.11,1.73,x1 = -0.11; x2 = 1.73,-0.2,1.7,x1 = -0.2; x2 = 1.7,0.8186909471883637,0.18130905281163634,0.8134259135407336,0.18657408645926643,0.8921838879761083,0.1078161120238917,0.5347368004782882,0.4652631995217117,0.8254935241686769,0.17450647583132295,0.69425,0.15176,0.49329,0.99652,0.09619,0.24879,0.68293,0.14844,0.58718,0.09575,0.12466,0.02377999999999998,0.0001590043561840596,0.0001574240246093022,66180
-0.33,1.71,x1 = -0.33; x2 = 1.71,-0.2,1.7,x1 = -0.2; x2 = 1.7,0.8186909471883637,0.18130905281163634,0.8276302076484079,0.17236979235159217,0.8914800552723617,0.1085199447276383,0.5508362055894878,0.4491637944105122,0.8327633456366779,0.16723665436332225,0.6631,0.14266,0.49544,0.99253,0.09674,0.24742,0.68293,0.14844,0.58112,0.10181000000000007,0.12271,0.02572999999999999,0.0006957069172020391,0.0006810801469395722,66210
-0.19,1.81,x1 = -0.19; x2 = 1.81,-0.2,1.7,x1 = -0.2; x2 = 1.7,0.8186909471883637,0.18130905281163634,0.8100858197457512,0.18991418025424875,0.8942909728354786,0.10570902716452144,0.5651920599550487,0.43480794004495127,0.8317904225732274,0.16820957742677267,0.70129,0.15385,0.48684,0.9877,0.09453,0.24575,0.68293,0.14844,0.58196,0.10097,0.12325,0.02518999999999999,0.0006010133747069348,0.0005892863985914529,66240
