z_x1,z_x2,z_note,x_x1,x_x2,x_note,"p(y=0|x,D)","p(y=1|x,D)","p(u=0|z,D)","p(u=1|z,D)","p(y=0|x,u=0,z,D)","p(y=1|x,u=0,z,D)","p(y=0|x,u=1,z,D)","p(y=1|x,u=1,z,D)","p(y=0|x,z,D)","p(y=1|x,z,D)","H[p(u|z,D)]","Var[p(u|z,D)]","H[p(y|x,u=0,z,D)]","H[p(y|x,u=1,z,D)]","Var[p(y|x,u=0,z,D)]","Var[p(y|x,u=1,z,D)]","H[p(y|x,D)]","Var[p(y|x,D)]",Va,Ve,Va_variance,Ve_variance,kl_pyx_pyxz,kl_pyxz_pyx,api_calls
2.2,0.88,x1 = 2.2; x2 = 0.88,2.2,0.9,x1 = 2.2; x2 = 0.9,0.09530967192057445,0.9046903280794256,0.10222883542990188,0.8977711645700982,0.6486835515094806,0.35131644849051935,0.04857442604589224,0.9514255739541078,0.10992288307289176,0.8900771169271083,0.47602,0.09178,0.93524,0.28031,0.22789,0.04621,0.45395,0.08623,0.34726,0.10669000000000001,0.06478,0.021449999999999997,0.0011368078101328446,0.0011857043440369405,119240
2.08,0.91,x1 = 2.08; x2 = 0.91,2.2,0.9,x1 = 2.2; x2 = 0.9,0.09530967192057445,0.9046903280794256,0.08560206676749199,0.914397933232508,0.5394830640088256,0.4605169359911743,0.06643860932905807,0.9335613906709419,0.10693219232254736,0.8930678076774525,0.42162,0.07827,0.9955,0.35249,0.24844,0.06202,0.45395,0.08623,0.40753,0.04642000000000002,0.07798,0.008250000000000007,0.0007311469769421142,0.0007564637845488362,119270
2.18,0.96,x1 = 2.18; x2 = 0.96,2.2,0.9,x1 = 2.2; x2 = 0.9,0.09530967192057445,0.9046903280794256,0.0824476525817307,0.9175523474182693,0.5883826662878876,0.4116173337121123,0.053072414729562825,0.9469275852704373,0.09720748837348245,0.9027925116265176,0.41075,0.07565,0.97734,0.29931,0.24219,0.05026,0.45395,0.08623,0.35521,0.09874,0.06608,0.02015,2.0640989762357514e-05,2.076255320966982e-05,119300
2.24,0.82,x1 = 2.24; x2 = 0.82,2.2,0.9,x1 = 2.2; x2 = 0.9,0.09530967192057445,0.9046903280794256,0.09687494076794731,0.9031250592320527,0.6178734718714983,0.3821265281285017,0.054863768803660805,0.9451362311963394,0.10940530044013716,0.8905946995598629,0.45901,0.08749,0.95953,0.30671,0.23611,0.05185,0.45395,0.08623,0.36995,0.08400000000000002,0.0697,0.016530000000000003,0.001060715227807995,0.0011048146341146505,119330
2.08,1.0,x1 = 2.08; x2 = 1.0,2.2,0.9,x1 = 2.2; x2 = 0.9,0.09530967192057445,0.9046903280794256,0.0953005769422716,0.9046994230577283,0.5894608788350391,0.4105391211649609,0.06567844513167578,0.9343215548683241,0.11559521325583343,0.8844047867441664,0.45392,0.08622,0.97678,0.34959,0.242,0.06136,0.45395,0.08623,0.40936,0.04459000000000002,0.07858,0.007650000000000004,0.0021251625637986986,0.0022492338368931483,119360
