z_x1,z_x2,z_note,x_x1,x_x2,x_note,"p(y=0|x,D)","p(y=1|x,D)","p(u=0|z,D)","p(u=1|z,D)","p(y=0|x,u=0,z,D)","p(y=1|x,u=0,z,D)","p(y=0|x,u=1,z,D)","p(y=1|x,u=1,z,D)","p(y=0|x,z,D)","p(y=1|x,z,D)","H[p(u|z,D)]","Var[p(u|z,D)]","H[p(y|x,u=0,z,D)]","H[p(y|x,u=1,z,D)]","Var[p(y|x,u=0,z,D)]","Var[p(y|x,u=1,z,D)]","H[p(y|x,D)]","Var[p(y|x,D)]",Va,Ve,Va_variance,Ve_variance,kl_pyx_pyxz,kl_pyxz_pyx,api_calls
1.3,1.3,x1 = 1.3; x2 = 1.3,1.2,1.3,x1 = 1.2; x2 = 1.3,0.5506922480437884,0.44930775195621175,0.4538574751777517,0.5461425248222483,0.775705627939272,0.22429437206072808,0.17696746868285837,0.8230325313171418,0.4487092579355489,0.5512907420644514,0.99385,0.24787,0.76793,0.6734,0.17399,0.14565,0.99257,0.24743,0.7163,0.2762699999999999,0.15851,0.08892,0.020874492651175372,0.020872778460545693,97160
1.18,1.36,x1 = 1.18; x2 = 1.36,1.2,1.3,x1 = 1.2; x2 = 1.3,0.5506922480437884,0.44930775195621175,0.5018647243161115,0.4981352756838885,0.7600726476209976,0.23992735237900256,0.22565033751120606,0.774349662488794,0.493858042842836,0.506141957157164,0.99999,0.25,0.79492,0.77035,0.18236,0.17473,0.99257,0.24743,0.78268,0.2098899999999999,0.17856,0.06887000000000001,0.006469163006969404,0.006491145165659545,97190
1.13,1.35,x1 = 1.13; x2 = 1.35,1.2,1.3,x1 = 1.2; x2 = 1.3,0.5506922480437884,0.44930775195621175,0.5966327974327374,0.4033672025672626,0.7821680361287326,0.2178319638712675,0.2372349186636064,0.7627650813363935,0.5623598889505672,0.4376401110494329,0.97289,0.24066,0.75619,0.79041,0.17038,0.18095,0.99257,0.24743,0.76999,0.22258,0.17464,0.07279000000000002,0.0002760515730910202,0.0002755601639806062,97220
1.33,1.38,x1 = 1.33; x2 = 1.38,1.2,1.3,x1 = 1.2; x2 = 1.3,0.5506922480437884,0.44930775195621175,0.5364886223450046,0.4635113776549953,0.7572476131095425,0.24275238689045753,0.25021561572396744,0.7497843842760326,0.5222325134861906,0.4777674865138094,0.99615,0.24867,0.79959,0.81162,0.18382,0.18761,0.99257,0.24743,0.80517,0.1873999999999999,0.18558,0.061850000000000016,0.0016267578948449858,0.0016312930991982978,97250
1.29,1.24,x1 = 1.29; x2 = 1.24,1.2,1.3,x1 = 1.2; x2 = 1.3,0.5506922480437884,0.44930775195621175,0.5125013378580767,0.4874986621419232,0.7531607281124795,0.24683927188752047,0.25360410614629514,0.7463958938537049,0.5096275432398261,0.4903724567601738,0.99955,0.24984,0.80623,0.81694,0.18591,0.18929,0.99257,0.24743,0.81145,0.18111999999999995,0.18756,0.05987000000000001,0.0033812539262648295,0.0033924971274687105,97280
