z_x1,z_x2,z_note,x_x1,x_x2,x_note,"p(y=0|x,D)","p(y=1|x,D)","p(u=0|z,D)","p(u=1|z,D)","p(y=0|x,u=0,z,D)","p(y=1|x,u=0,z,D)","p(y=0|x,u=1,z,D)","p(y=1|x,u=1,z,D)","p(y=0|x,z,D)","p(y=1|x,z,D)","H[p(u|z,D)]","Var[p(u|z,D)]","H[p(y|x,u=0,z,D)]","H[p(y|x,u=1,z,D)]","Var[p(y|x,u=0,z,D)]","Var[p(y|x,u=1,z,D)]","H[p(y|x,D)]","Var[p(y|x,D)]",Va,Ve,Va_variance,Ve_variance,kl_pyx_pyxz,kl_pyxz_pyx,api_calls
-2.38,0.71,x1 = -2.38; x2 = 0.71,-2.4,0.7,x1 = -2.4; x2 = 0.7,0.8529477413154123,0.14705225868458777,0.8820554524363663,0.11794454756363364,0.9601257595297905,0.03987424047020957,0.29948275312463474,0.7005172468753653,0.8822065190382555,0.11779348096174438,0.52342,0.10403,0.24172,0.88066,0.03828,0.20979,0.60241,0.12543,0.31708,0.28533000000000003,0.05851,0.06692000000000001,0.0038561600049850306,0.003621885923823058,16040
-2.35,0.58,x1 = -2.35; x2 = 0.58,-2.4,0.7,x1 = -2.4; x2 = 0.7,0.8529477413154123,0.14705225868458777,0.9049140941667412,0.09508590583325867,0.9522217704901145,0.0477782295098854,0.35259232932357837,0.6474076706764216,0.8952054619125035,0.10479453808749617,0.45322,0.08604,0.27688,0.93636,0.0455,0.22827,0.60241,0.12543,0.33959,0.26282,0.06288,0.06255000000000001,0.008575032539990396,0.007784678421298291,16070
-2.4,0.72,x1 = -2.4; x2 = 0.72,-2.4,0.7,x1 = -2.4; x2 = 0.7,0.8529477413154123,0.14705225868458777,0.8685644155617052,0.1314355844382949,0.9575425045784772,0.04245749542152292,0.14705674218363932,0.8529432578163606,0.8510158347191948,0.14898416528080544,0.56136,0.11416,0.25345,0.60243,0.04065,0.12543,0.60241,0.12543,0.29932,0.30309,0.05179,0.07364000000000001,1.4771369603084911e-05,1.4824565461326938e-05,16100
-2.49,0.81,x1 = -2.49; x2 = 0.81,-2.4,0.7,x1 = -2.4; x2 = 0.7,0.8529477413154123,0.14705225868458777,0.8916237640213417,0.10837623597865828,0.9554524602818301,0.04454753971816996,0.32564571904352885,0.6743542809564713,0.8871963762724381,0.11280362372756188,0.495,0.09663,0.26277,0.91042,0.04256,0.2196,0.60241,0.12543,0.33296,0.26945,0.06175,0.06368000000000001,0.005410464477471864,0.005018506238853283,16130
-2.38,0.8,x1 = -2.38; x2 = 0.8,-2.4,0.7,x1 = -2.4; x2 = 0.7,0.8529477413154123,0.14705225868458777,0.8864920517354451,0.11350794826455506,0.9525084645678723,0.047491535432127675,0.3046452757499678,0.6953547242500322,0.8789708432490201,0.12102915675098005,0.51041,0.10062,0.27564,0.8869,0.04524,0.21184,0.60241,0.12543,0.34502,0.25739,0.06415,0.061280000000000015,0.003005370945131005,0.0028448823178549368,16160
