z_x1,z_x2,z_note,x_x1,x_x2,x_note,"p(y=0|x,D)","p(y=1|x,D)","p(u=0|z,D)","p(u=1|z,D)","p(y=0|x,u=0,z,D)","p(y=1|x,u=0,z,D)","p(y=0|x,u=1,z,D)","p(y=1|x,u=1,z,D)","p(y=0|x,z,D)","p(y=1|x,z,D)","H[p(u|z,D)]","Var[p(u|z,D)]","H[p(y|x,u=0,z,D)]","H[p(y|x,u=1,z,D)]","Var[p(y|x,u=0,z,D)]","Var[p(y|x,u=1,z,D)]","H[p(y|x,D)]","Var[p(y|x,D)]",Va,Ve,Va_variance,Ve_variance,kl_pyx_pyxz,kl_pyxz_pyx,api_calls
-0.75,-1.61,x1 = -0.75; x2 = -1.61,-0.8,-1.5,x1 = -0.8; x2 = -1.5,0.9221767244106912,0.07782327558930888,0.913800761377809,0.08619923862219103,0.9651750837043961,0.03482491629560404,0.5660668750116973,0.4339331249883028,0.930772259987219,0.0692277400127812,0.42365,0.07877,0.21804,0.98737,0.03361,0.24564,0.39446,0.07177,0.28436,0.11009999999999998,0.05189,0.019880000000000002,0.0005526276457677049,0.0005331316768122322,50120
-0.84,-1.56,x1 = -0.84; x2 = -1.56,-0.8,-1.5,x1 = -0.8; x2 = -1.5,0.9221767244106912,0.07782327558930888,0.9217496547408424,0.07825034525915767,0.9708284933359173,0.02917150666408284,0.49897630811399435,0.5010236918860056,0.9339058969310138,0.0660941030689863,0.39598,0.07213,0.19022,1.0,0.02832,0.25,0.39446,0.07177,0.25359,0.14087,0.04567,0.026099999999999998,0.0010580829769435522,0.0010062493701177271,50150
-0.81,-1.54,x1 = -0.81; x2 = -1.54,-0.8,-1.5,x1 = -0.8; x2 = -1.5,0.9221767244106912,0.07782327558930888,0.924561261377135,0.07543873862286504,0.9704497525036283,0.029550247496371713,0.5094713301923962,0.4905286698076038,0.9356741217921106,0.06432587820788944,0.3859,0.06975,0.19213,0.99974,0.02868,0.24991,0.39446,0.07177,0.25306,0.14139999999999997,0.04537,0.0264,0.0014240907845661406,0.0013429961147785573,50180
-0.79,-1.56,x1 = -0.79; x2 = -1.56,-0.8,-1.5,x1 = -0.8; x2 = -1.5,0.9221767244106912,0.07782327558930888,0.9106486613122889,0.08935133868771108,0.9665730933589025,0.03342690664109753,0.5599179363466393,0.44008206365336067,0.9302379106955955,0.06976208930440458,0.4343,0.08137,0.2113,0.98962,0.03231,0.24641,0.39446,0.07177,0.28084,0.11362,0.05144,0.02033,0.00048380497665570336,0.00046784483244713144,50210
-0.85,-1.54,x1 = -0.85; x2 = -1.54,-0.8,-1.5,x1 = -0.8; x2 = -1.5,0.9221767244106912,0.07782327558930888,0.9251441615422674,0.07485583845773239,0.971372529671628,0.028627470328372172,0.5182399802345731,0.48176001976542693,0.9374529127510272,0.06254708724897277,0.38379,0.06925,0.18746,0.99904,0.02781,0.24967,0.39446,0.07177,0.24821,0.14625,0.04442,0.02735,0.0018549706486899464,0.001734178041859772,50240
