z_x1,z_x2,z_note,x_x1,x_x2,x_note,"p(y=0|x,D)","p(y=1|x,D)","p(u=0|z,D)","p(u=1|z,D)","p(y=0|x,u=0,z,D)","p(y=1|x,u=0,z,D)","p(y=0|x,u=1,z,D)","p(y=1|x,u=1,z,D)","p(y=0|x,z,D)","p(y=1|x,z,D)","H[p(u|z,D)]","Var[p(u|z,D)]","H[p(y|x,u=0,z,D)]","H[p(y|x,u=1,z,D)]","Var[p(y|x,u=0,z,D)]","Var[p(y|x,u=1,z,D)]","H[p(y|x,D)]","Var[p(y|x,D)]",Va,Ve,Va_variance,Ve_variance,kl_pyx_pyxz,kl_pyxz_pyx,api_calls
3.57,1.55,x1 = 3.57; x2 = 1.55,3.4,1.5,x1 = 3.4; x2 = 1.5,0.17272440409532866,0.8272755959046713,0.182415694908331,0.817584305091669,0.7668676061568026,0.23313239384319756,0.05837259692969673,0.9416274030703032,0.18761320637694365,0.8123867936230563,0.68533,0.14914,0.78343,0.32095,0.17878,0.05497,0.6639,0.14289,0.40531,0.25859000000000004,0.07755,0.06534,0.0007426690122780966,0.0007588139902281032,146600
3.3,1.55,x1 = 3.3; x2 = 1.55,3.4,1.5,x1 = 3.4; x2 = 1.5,0.17272440409532866,0.8272755959046713,0.18303581617129355,0.8169641838287065,0.7887390809752062,0.21126091902479388,0.050545941423990014,0.9494540585760101,0.18566172521379648,0.8143382747862037,0.68667,0.14953,0.74389,0.28871,0.16663,0.04799,0.6639,0.14289,0.37202,0.29188000000000003,0.06971,0.07318,0.0005638282802573214,0.0005745406874692709,146630
3.2,1.52,x1 = 3.2; x2 = 1.52,3.4,1.5,x1 = 3.4; x2 = 1.5,0.17272440409532866,0.8272755959046713,0.18303581841883315,0.8169641815811668,0.7458188505487218,0.25418114945127823,0.052375983641717104,0.947624016358283,0.17930086631274267,0.8206991336872573,0.68667,0.14953,0.81784,0.29641,0.18957,0.04963,0.6639,0.14289,0.39185,0.27205000000000007,0.07524,0.06764999999999999,0.00014838843727612606,0.00014984910058162253,146660
3.4,1.55,x1 = 3.4; x2 = 1.55,3.4,1.5,x1 = 3.4; x2 = 1.5,0.17272440409532866,0.8272755959046713,0.19049817868928845,0.8095018213107116,0.8883744371103877,0.11162556288961223,0.04621447767172095,0.9537855223282788,0.20664441610983197,0.7933555838901678,0.70251,0.15421,0.5048,0.27009,0.09917,0.04408,0.6639,0.14289,0.3148,0.3491,0.05457,0.08831999999999998,0.0036651484599854664,0.003836893041175099,146690
3.51,1.66,x1 = 3.51; x2 = 1.66,3.4,1.5,x1 = 3.4; x2 = 1.5,0.17272440409532866,0.8272755959046713,0.1851815324966786,0.8148184675033214,0.7512235469248141,0.24877645307518578,0.060547264596003667,0.9394527354039962,0.18844775701676145,0.8115522429832385,0.69128,0.15089,0.80933,0.32961,0.18689,0.05688,0.6639,0.14289,0.41845,0.24545000000000006,0.08096,0.061929999999999985,0.0008263337543824682,0.0008452576735989443,146720
