z_x1,z_x2,z_note,x_x1,x_x2,x_note,"p(y=0|x,D)","p(y=1|x,D)","p(u=0|z,D)","p(u=1|z,D)","p(y=0|x,u=0,z,D)","p(y=1|x,u=0,z,D)","p(y=0|x,u=1,z,D)","p(y=1|x,u=1,z,D)","p(y=0|x,z,D)","p(y=1|x,z,D)","H[p(u|z,D)]","Var[p(u|z,D)]","H[p(y|x,u=0,z,D)]","H[p(y|x,u=1,z,D)]","Var[p(y|x,u=0,z,D)]","Var[p(y|x,u=1,z,D)]","H[p(y|x,D)]","Var[p(y|x,D)]",Va,Ve,Va_variance,Ve_variance,kl_pyx_pyxz,kl_pyxz_pyx,api_calls
-0.97,1.48,x1 = -0.97; x2 = 1.48,-1.0,1.5,x1 = -1.0; x2 = 1.5,0.8514298379815101,0.14857016201848994,0.8669331151288905,0.13306688487110968,0.9013628636712057,0.09863713632879437,0.616504738693222,0.383495261306778,0.8634576803501602,0.1365423196498399,0.56579,0.11536,0.46466,0.96047,0.08891,0.23643,0.60625,0.1265,0.53064,0.07560999999999996,0.10854,0.017960000000000004,0.00059901923163822,0.0005851279345718968,48040
-1.0,1.4,x1 = -1.0; x2 = 1.4,-1.0,1.5,x1 = -1.0; x2 = 1.5,0.8514298379815101,0.14857016201848994,0.8176991088875433,0.1823008911124569,0.8930365843131585,0.10696341568684158,0.33151741624242387,0.6684825837575762,0.7906711395971382,0.20932886040286197,0.68508,0.14907,0.49069,0.91647,0.09552,0.22161,0.60625,0.1265,0.56831,0.037939999999999974,0.11851,0.007989999999999997,0.012098422496347586,0.013230916555787918,48070
-1.14,1.51,x1 = -1.14; x2 = 1.51,-1.0,1.5,x1 = -1.0; x2 = 1.5,0.8514298379815101,0.14857016201848994,0.8886499126845958,0.11135008731540423,0.9149192943892908,0.08508070561070927,0.5627999348458286,0.43720006515417154,0.875710772958682,0.124289227041318,0.50397,0.09895,0.41983,0.98859,0.07784,0.24606,0.60625,0.1265,0.48316,0.12308999999999998,0.09657,0.02993,0.0025705902218715188,0.0024449953430374267,48100
-1.06,1.5,x1 = -1.06; x2 = 1.5,-1.0,1.5,x1 = -1.0; x2 = 1.5,0.8514298379815101,0.14857016201848994,0.8644789156112394,0.1355210843887607,0.9400520622747088,0.05994793772529119,0.3476198867468551,0.6523801132531448,0.8597650114203815,0.14023498857961855,0.57239,0.11716,0.32724,0.93192,0.05635,0.22678,0.60625,0.1265,0.40919,0.19705999999999996,0.07945,0.047049999999999995,0.00028347751551028276,0.0002789785178559708,48130
-0.92,1.49,x1 = -0.92; x2 = 1.49,-1.0,1.5,x1 = -1.0; x2 = 1.5,0.8514298379815101,0.14857016201848994,0.8830627946301236,0.11693720536987637,0.8942984540713492,0.10570154592865075,0.640467921178122,0.359532078821878,0.8646162209172688,0.13538377908273122,0.52049,0.10326,0.48681,0.94229,0.09453,0.23027,0.60625,0.1265,0.54007,0.0661799999999999,0.1104,0.016100000000000003,0.0007233560717075267,0.0007048927050459734,48160
