z_x1,z_x2,z_note,x_x1,x_x2,x_note,"p(y=0|x,D)","p(y=1|x,D)","p(u=0|z,D)","p(u=1|z,D)","p(y=0|x,u=0,z,D)","p(y=1|x,u=0,z,D)","p(y=0|x,u=1,z,D)","p(y=1|x,u=1,z,D)","p(y=0|x,z,D)","p(y=1|x,z,D)","H[p(u|z,D)]","Var[p(u|z,D)]","H[p(y|x,u=0,z,D)]","H[p(y|x,u=1,z,D)]","Var[p(y|x,u=0,z,D)]","Var[p(y|x,u=1,z,D)]","H[p(y|x,D)]","Var[p(y|x,D)]",Va,Ve,Va_variance,Ve_variance,kl_pyx_pyxz,kl_pyxz_pyx,api_calls
-1.47,-1.89,x1 = -1.47; x2 = -1.89,-1.6,-1.9,x1 = -1.6; x2 = -1.9,0.923869558643417,0.0761304413565829,0.9355024470041158,0.06449755299588424,0.9726764262879586,0.0273235737120414,0.4319965254601813,0.5680034745398186,0.9378038957305096,0.06219610426949039,0.34505,0.06034,0.18079,0.98662,0.02658,0.24538,0.3884,0.07033,0.23276,0.15564000000000003,0.04069,0.029640000000000007,0.0015599141024250016,0.0014655900774836195,31880
-1.71,-1.99,x1 = -1.71; x2 = -1.99,-1.6,-1.9,x1 = -1.6; x2 = -1.9,0.923869558643417,0.0761304413565829,0.9265106925152853,0.07348930748471474,0.9735221387282167,0.026477861271783486,0.4033326405372632,0.5966673594627369,0.9316193073711065,0.06838069262889367,0.37881,0.06809,0.17641,0.97287,0.02578,0.24066,0.3884,0.07033,0.23494,0.15346,0.04157,0.02876,0.0004557627525031572,0.00044096889377669753,31910
-1.75,-2.01,x1 = -1.75; x2 = -2.01,-1.6,-1.9,x1 = -1.6; x2 = -1.9,0.923869558643417,0.0761304413565829,0.9344796785063558,0.06552032149364419,0.9705609609890244,0.029439039010975627,0.38580453680884114,0.6141954631911588,0.9322475320812651,0.067752467918735,0.34898,0.06123,0.19157,0.96204,0.02857,0.23696,0.3884,0.07033,0.24205,0.14635000000000004,0.04222,0.028110000000000003,0.0005356295426108305,0.0005167678915012543,31940
-1.6,-1.96,x1 = -1.6; x2 = -1.96,-1.6,-1.9,x1 = -1.6; x2 = -1.9,0.923869558643417,0.0761304413565829,0.9335450573054487,0.06645494269455138,0.9757368021098495,0.024263197890150454,0.31114341485764635,0.6888565851423537,0.9315712866448266,0.06842871335517342,0.35255,0.06204,0.16475,0.89449,0.02367,0.21433,0.3884,0.07033,0.21324,0.17516,0.03634,0.033990000000000006,0.0004499409745835339,0.0004354304597108897,31970
-1.61,-1.95,x1 = -1.61; x2 = -1.95,-1.6,-1.9,x1 = -1.6; x2 = -1.9,0.923869558643417,0.0761304413565829,0.9305444484811873,0.06945555151881251,0.9762876987744067,0.023712301225593292,0.36308742710461445,0.6369125728953855,0.9336975357140954,0.06630246428590436,0.36389,0.06463,0.16181,0.94522,0.02315,0.23125,0.3884,0.07033,0.21622,0.17218000000000003,0.0376,0.03273,0.0007467655674329512,0.0007156648832819749,32000
