z_x1,z_x2,z_note,x_x1,x_x2,x_note,"p(y=0|x,D)","p(y=1|x,D)","p(u=0|z,D)","p(u=1|z,D)","p(y=0|x,u=0,z,D)","p(y=1|x,u=0,z,D)","p(y=0|x,u=1,z,D)","p(y=1|x,u=1,z,D)","p(y=0|x,z,D)","p(y=1|x,z,D)","H[p(u|z,D)]","Var[p(u|z,D)]","H[p(y|x,u=0,z,D)]","H[p(y|x,u=1,z,D)]","Var[p(y|x,u=0,z,D)]","Var[p(y|x,u=1,z,D)]","H[p(y|x,D)]","Var[p(y|x,D)]",Va,Ve,Va_variance,Ve_variance,kl_pyx_pyxz,kl_pyxz_pyx,api_calls
2.32,-2.04,x1 = 2.32; x2 = -2.04,2.2,-2.1,x1 = 2.2; x2 = -2.1,0.29571713062747007,0.7042828693725298,0.2836021981767698,0.7163978018232303,0.7986329980190396,0.20136700198096044,0.08224571400598349,0.9177542859940164,0.2854147224979721,0.7145852775020279,0.86031,0.20317,0.72465,0.41004,0.16082,0.07548,0.87599,0.20827,0.49926,0.37673000000000006,0.09968,0.10859,0.00025836764736670084,0.0002565707448160901,116840
2.44,-2.07,x1 = 2.44; x2 = -2.07,2.2,-2.1,x1 = 2.2; x2 = -2.1,0.29571713062747007,0.7042828693725298,0.28626283091889315,0.7137371690811068,0.7713777634825443,0.22862223651745564,0.09748385827850672,0.9025161417214932,0.29039463532120274,0.7096053646787972,0.86384,0.20432,0.7756,0.46097,0.17635,0.08798,0.87599,0.20827,0.55104,0.32495000000000007,0.11328,0.09499,6.849251173289203e-05,6.82501679876088e-05,116870
2.05,-2.23,x1 = 2.05; x2 = -2.23,2.2,-2.1,x1 = 2.2; x2 = -2.1,0.29571713062747007,0.7042828693725298,0.31428097470766375,0.6857190252923364,0.8003502106550433,0.19964978934495653,0.10771738231357822,0.892282617686422,0.3253987027192598,0.6746012972807405,0.89805,0.21551,0.72123,0.49299,0.15979,0.09611,0.87599,0.20827,0.56472,0.31127000000000005,0.11612,0.09215000000000001,0.002040467927944,0.0020765466828937124,116900
2.27,-2.08,x1 = 2.27; x2 = -2.08,2.2,-2.1,x1 = 2.2; x2 = -2.1,0.29571713062747007,0.7042828693725298,0.26580817888074126,0.7341918211192588,0.8233912730361539,0.17660872696384616,0.07307345100643721,0.9269265489935629,0.2725140648619203,0.7274859351380798,0.83539,0.19515,0.6726,0.37729,0.14542,0.06773,0.87599,0.20827,0.45579,0.4202000000000001,0.08838,0.11989000000000001,0.0013349340799790749,0.001313178863332952,116930
2.16,-1.99,x1 = 2.16; x2 = -1.99,2.2,-2.1,x1 = 2.2; x2 = -2.1,0.29571713062747007,0.7042828693725298,0.23478483730244926,0.7652151626975507,0.7373045432752404,0.2626954567247595,0.11185408651392774,0.8881459134860721,0.25870037024537507,0.7412996297546248,0.78626,0.17966,0.83079,0.50548,0.19369,0.09934,0.87599,0.20827,0.58186,0.29413,0.12149,0.08678000000000001,0.0034703251137366276,0.0033762083019168235,116960
