z_x1,z_x2,z_note,x_x1,x_x2,x_note,"p(y=0|x,D)","p(y=1|x,D)","p(u=0|z,D)","p(u=1|z,D)","p(y=0|x,u=0,z,D)","p(y=1|x,u=0,z,D)","p(y=0|x,u=1,z,D)","p(y=1|x,u=1,z,D)","p(y=0|x,z,D)","p(y=1|x,z,D)","H[p(u|z,D)]","Var[p(u|z,D)]","H[p(y|x,u=0,z,D)]","H[p(y|x,u=1,z,D)]","Var[p(y|x,u=0,z,D)]","Var[p(y|x,u=1,z,D)]","H[p(y|x,D)]","Var[p(y|x,D)]",Va,Ve,Va_variance,Ve_variance,kl_pyx_pyxz,kl_pyxz_pyx,api_calls
1.18,2.81,x1 = 1.18; x2 = 2.81,1.2,2.9,x1 = 1.2; x2 = 2.9,0.233022094635231,0.766977905364769,0.2952192682504081,0.7047807317495919,0.751276888488738,0.24872311151126195,0.09093818114187321,0.9090618188581268,0.285882891122235,0.7141171088777649,0.87537,0.20806,0.80925,0.43959,0.18686,0.08267,0.78324,0.17872,0.54872,0.23452000000000006,0.11343,0.06528999999999999,0.007129550805550958,0.007452628882995825,98440
1.31,2.87,x1 = 1.31; x2 = 2.87,1.2,2.9,x1 = 1.2; x2 = 2.9,0.233022094635231,0.766977905364769,0.30468297709318276,0.6953170229068173,0.7555624487592574,0.24443755124074254,0.09505081358715059,0.9049491864128493,0.2962974649960743,0.7037025350039257,0.88694,0.21185,0.80234,0.45311,0.18469,0.08602,0.78324,0.17872,0.55951,0.2237300000000001,0.11608,0.06263999999999999,0.010059490335582351,0.010589343900185497,98470
1.2,2.88,x1 = 1.2; x2 = 2.88,1.2,2.9,x1 = 1.2; x2 = 2.9,0.233022094635231,0.766977905364769,0.30274925778868517,0.6972507422113149,0.8176494395483542,0.18235056045164572,0.061946766067710476,0.9380532339322896,0.29073518957290045,0.7092648104270997,0.88463,0.21109,0.68519,0.33512,0.1491,0.05811,0.78324,0.17872,0.4411,0.34214000000000006,0.08566,0.09305999999999999,0.008436914349555298,0.008848654763624647,98500
1.2,2.97,x1 = 1.2; x2 = 2.97,1.2,2.9,x1 = 1.2; x2 = 2.9,0.233022094635231,0.766977905364769,0.29855613902956957,0.7014438609704304,0.8308120282315844,0.16918797176841555,0.05744749950092178,0.9425525004990781,0.28834022726117103,0.711659772738829,0.87952,0.20942,0.65584,0.31723,0.14056,0.05415,0.78324,0.17872,0.41832,0.36492,0.07995,0.09877,0.007778930355553104,0.008145273467850378,98530
1.26,2.87,x1 = 1.26; x2 = 2.87,1.2,2.9,x1 = 1.2; x2 = 2.9,0.233022094635231,0.766977905364769,0.2802633947312696,0.7197366052687304,0.775466157101991,0.2245338428980091,0.08017735392415819,0.9198226460758419,0.2750413542214191,0.7249586457785809,0.85581,0.20172,0.76836,0.4028,0.17412,0.07375,0.78324,0.17872,0.50525,0.27799000000000007,0.10188,0.07683999999999999,0.004581817510171712,0.0047519866331897295,98560
