z_x1,z_note,x_x1,x_note,"p(y=0|x,D)","p(y=1|x,D)","p(u=0|z,D)","p(u=1|z,D)","p(y=0|x,u=0,z,D)","p(y=1|x,u=0,z,D)","p(y=0|x,u=1,z,D)","p(y=1|x,u=1,z,D)","p(y=0|x,z,D)","p(y=1|x,z,D)","H[p(u|z,D)]","Var[p(u|z,D)]","H[p(y|x,u=0,z,D)]","H[p(y|x,u=1,z,D)]","Var[p(y|x,u=0,z,D)]","Var[p(y|x,u=1,z,D)]","H[p(y|x,D)]","Var[p(y|x,D)]",Va,Ve,Va_variance,Ve_variance,kl_pyx_pyxz,kl_pyxz_pyx,api_calls
-4.8,x1 = -4.8,-5.0,x1 = -5.0,0.7217438190879553,0.27825618091204485,0.7031058598771623,0.29689414012283766,0.8455489755779381,0.1544510244220619,0.45661955791307235,0.5433804420869277,0.7300781105518518,0.2699218894481482,0.87746,0.20875,0.62087,0.99456,0.1306,0.24812,0.85306,0.20083,0.73182,0.12124000000000001,0.16549,0.03534000000000001,0.0001751160093248407,0.00017401461991255543,360
-5.0,x1 = -5.0,-5.0,x1 = -5.0,0.7217438190879553,0.27825618091204485,0.7195053306254641,0.2804946693745361,0.8163372327476652,0.18366276725233457,0.40953011407832635,0.5904698859216736,0.7022300044973016,0.29776999550269856,0.85612,0.20182,0.68802,0.97625,0.14993,0.24182,0.85306,0.20083,0.76887,0.08418999999999999,0.1757,0.025130000000000013,0.0009224962641974643,0.0009349929249242786,390
-4.9,x1 = -4.9,-5.0,x1 = -5.0,0.7217438190879553,0.27825618091204485,0.6975240525281017,0.3024759474718984,0.8501509561529931,0.14984904384700692,0.45067880401132543,0.5493211959886746,0.7293202384453039,0.2706797615546962,0.8843,0.21098,0.60946,0.99297,0.12739,0.24757,0.85306,0.20083,0.72546,0.12760000000000005,0.16374,0.03709000000000001,0.0001445477585789159,0.00014372316640108053,420
-4.6,x1 = -4.6,-5.0,x1 = -5.0,0.7217438190879553,0.27825618091204485,0.707897809580077,0.29210219041992286,0.8418632972924837,0.15813670270751637,0.45061549876727264,0.5493845012327274,0.7275789583462966,0.2724210416537032,0.87142,0.20678,0.62983,0.99295,0.13313,0.24756,0.85306,0.20083,0.7359,0.11716000000000004,0.16656,0.034269999999999995,8.55131250856898e-05,8.513936763003202e-05,450
-5.1,x1 = -5.1,-5.0,x1 = -5.0,0.7217438190879553,0.27825618091204485,0.7163761379219332,0.2836238620780668,0.8194786363376461,0.1805213636623541,0.46276528057110367,0.5372347194288963,0.7183062167203118,0.28169378327968825,0.86034,0.20318,0.68122,0.996,0.14793,0.24861,0.85306,0.20083,0.7705,0.08256000000000008,0.17649,0.02434,2.9273532116282693e-05,2.9346847550443863e-05,480
