z_x1,z_note,x_x1,x_note,"p(y=0|x,D)","p(y=1|x,D)","p(u=0|z,D)","p(u=1|z,D)","p(y=0|x,u=0,z,D)","p(y=1|x,u=0,z,D)","p(y=0|x,u=1,z,D)","p(y=1|x,u=1,z,D)","p(y=0|x,z,D)","p(y=1|x,z,D)","H[p(u|z,D)]","Var[p(u|z,D)]","H[p(y|x,u=0,z,D)]","H[p(y|x,u=1,z,D)]","Var[p(y|x,u=0,z,D)]","Var[p(y|x,u=1,z,D)]","H[p(y|x,D)]","Var[p(y|x,D)]",Va,Ve,Va_variance,Ve_variance,kl_pyx_pyxz,kl_pyxz_pyx,api_calls
14.4,x1 = 14.4,15.0,x1 = 15.0,0.17493479208144366,0.8250652079185563,0.1494264526316618,0.8505735473683382,0.527025344242312,0.4729746557576878,0.09279786731225212,0.9072021326877477,0.1576829388251077,0.8423170611748921,0.6084,0.1271,0.99789,0.44574,0.24927,0.08419,0.66887,0.14433,0.52825,0.14061999999999997,0.10886,0.035470000000000015,0.0010889890973014259,0.0010592300381225307,1000
14.9,x1 = 14.9,15.0,x1 = 15.0,0.17493479208144366,0.8250652079185563,0.1494264558952458,0.8505735441047542,0.5576473321761233,0.4423526678238767,0.09890338865052463,0.9010966113494753,0.1674518702949636,0.8325481297050363,0.6084,0.1271,0.99039,0.46551,0.24668,0.08912,0.66887,0.14433,0.54394,0.12492999999999999,0.11266,0.03167000000000002,0.0001984877471956411,0.00019620592069199364,1030
15.0,x1 = 15.0,15.0,x1 = 15.0,0.17493479208144366,0.8250652079185563,0.17479615901020254,0.8252038409897974,0.6360895967258888,0.36391040327411117,0.09558208643721554,0.9044179135627844,0.19006072315184314,0.8099392768481567,0.66856,0.14424,0.94588,0.45483,0.23148,0.08645,0.66887,0.14433,0.54066,0.12820999999999994,0.1118,0.03253000000000002,0.0007589014365111998,0.0007753742985260638,1060
15.4,x1 = 15.4,15.0,x1 = 15.0,0.17493479208144366,0.8250652079185563,0.1607682468709031,0.8392317531290969,0.5537810473508855,0.44621895264911454,0.08511364294582471,0.9148863570541753,0.1604604799175629,0.8395395200824372,0.63614,0.13492,0.99164,0.41995,0.24711,0.07787,0.66887,0.14433,0.51186,0.15700999999999998,0.10508,0.03925000000000001,0.0007595347649960067,0.0007422726012190368,1090
14.7,x1 = 14.7,15.0,x1 = 15.0,0.17493479208144366,0.8250652079185563,0.1524495196068874,0.8475504803931125,0.5422804641939731,0.4577195358060268,0.09343480052685246,0.9065651994731475,0.16186110633053957,0.8381388936694604,0.61594,0.12921,0.99484,0.44783,0.24821,0.0847,0.66887,0.14433,0.53122,0.13764999999999994,0.10963,0.03470000000000001,0.0006168188558847917,0.000604212360456817,1120
