z_x1,z_note,x_x1,x_note,"p(y=0|x,D)","p(y=1|x,D)","p(u=0|z,D)","p(u=1|z,D)","p(y=0|x,u=0,z,D)","p(y=1|x,u=0,z,D)","p(y=0|x,u=1,z,D)","p(y=1|x,u=1,z,D)","p(y=0|x,z,D)","p(y=1|x,z,D)","H[p(u|z,D)]","Var[p(u|z,D)]","H[p(y|x,u=0,z,D)]","H[p(y|x,u=1,z,D)]","Var[p(y|x,u=0,z,D)]","Var[p(y|x,u=1,z,D)]","H[p(y|x,D)]","Var[p(y|x,D)]",Va,Ve,Va_variance,Ve_variance,kl_pyx_pyxz,kl_pyxz_pyx,api_calls
-9.7,x1 = -9.7,-10.0,x1 = -10.0,0.6626238247073001,0.33737617529269986,0.669113886343698,0.33088611365630205,0.7766712093359407,0.2233287906640593,0.4301067315279147,0.5698932684720853,0.6619978361427172,0.33800216385728277,0.91583,0.2214,0.7662,0.98586,0.17345,0.24511,0.92229,0.22355,0.83888,0.0834100000000001,0.19716,0.026389999999999997,8.759072831950867e-07,8.761726018225065e-07,200
-10.0,x1 = -10.0,-10.0,x1 = -10.0,0.6626238247073001,0.33737617529269986,0.6626238247073001,0.33737617529269986,0.7804470921143721,0.2195529078856278,0.402265010104518,0.597734989895482,0.6528574677216574,0.3471425322783426,0.92229,0.22355,0.75935,0.97226,0.17135,0.24045,0.92229,0.22355,0.83118,0.09111000000000002,0.19466,0.02889,0.00021137586458317564,0.00021234251077206605,230
-9.9,x1 = -9.9,-10.0,x1 = -10.0,0.6626238247073001,0.33737617529269986,0.6525428041414425,0.3474571958585575,0.7832177085628003,0.21678229143719974,0.42403293885735555,0.5759670611426444,0.6584163756858447,0.3415836243141553,0.93178,0.22673,0.75425,0.98328,0.16979,0.24423,0.92229,0.22355,0.83383,0.0884600000000001,0.19565,0.027900000000000008,3.9434427877075434e-05,3.951369209845377e-05,260
-9.6,x1 = -9.6,-10.0,x1 = -10.0,0.6626238247073001,0.33737617529269986,0.6770123308639477,0.32298766913605215,0.7798840654625712,0.22011593453742875,0.44520266650930723,0.5547973334906928,0.6717861005114631,0.32821389948853663,0.9076,0.21867,0.76038,0.99132,0.17166,0.247,0.92229,0.22355,0.83497,0.08732000000000006,0.19599,0.02756,0.00018947806541943363,0.00018860844958552316,290
-9.8,x1 = -9.8,-10.0,x1 = -10.0,0.6626238247073001,0.33737617529269986,0.6687753307097124,0.33122466929028754,0.7821225546573534,0.21787744534264664,0.4482061642202571,0.551793835779743,0.6715212086642195,0.3284787913357804,0.91617,0.22151,0.75627,0.99225,0.17041,0.24732,0.92229,0.22355,0.83443,0.08786000000000005,0.19588,0.02767,0.00017863202928972838,0.0001778366331386689,320
