z_x1,z_note,x_x1,x_note,"p(y=0|x,D)","p(y=1|x,D)","p(u=0|z,D)","p(u=1|z,D)","p(y=0|x,u=0,z,D)","p(y=1|x,u=0,z,D)","p(y=0|x,u=1,z,D)","p(y=1|x,u=1,z,D)","p(y=0|x,z,D)","p(y=1|x,z,D)","H[p(u|z,D)]","Var[p(u|z,D)]","H[p(y|x,u=0,z,D)]","H[p(y|x,u=1,z,D)]","Var[p(y|x,u=0,z,D)]","Var[p(y|x,u=1,z,D)]","H[p(y|x,D)]","Var[p(y|x,D)]",Va,Ve,Va_variance,Ve_variance,kl_pyx_pyxz,kl_pyxz_pyx,api_calls
10.5,x1 = 10.5,10.0,x1 = 10.0,0.09232462987138425,0.9076753701286157,0.08380982121684918,0.9161901787831507,0.42042747184374196,0.5795725281562581,0.07863877403942995,0.9213612259605701,0.10728402369634901,0.892715976303651,0.41546,0.07679,0.98165,0.39736,0.24367,0.07245,0.44418,0.0838,0.44633,-0.0021499999999999853,0.0868,-0.0030000000000000027,0.0012197598500186656,0.0012752742307391655,840
10.4,x1 = 10.4,10.0,x1 = 10.0,0.09232462987138425,0.9076753701286157,0.07963020959090474,0.9203697904090953,0.4174004965239641,0.5825995034760358,0.07776839093667778,0.9222316090633222,0.10481336668839367,0.8951866333116063,0.40087,0.07329,0.98022,0.39427,0.24318,0.07172,0.44418,0.0838,0.44093,0.0032500000000000306,0.08537,-0.001570000000000002,0.000862190879003525,0.0008952856622778983,870
10.0,x1 = 10.0,10.0,x1 = 10.0,0.09232462987138425,0.9076753701286157,0.08856315209050636,0.9114368479094936,0.5092908831808471,0.49070911681915286,0.09107961970365443,0.9089203802963455,0.12811772743694788,0.871882272563052,0.43166,0.08072,0.99975,0.44006,0.24991,0.08278,0.44418,0.0838,0.48963,-0.04544999999999999,0.09758,-0.01378,0.006268830616337866,0.006898412750608124,900
10.1,x1 = 10.1,10.0,x1 = 10.0,0.09232462987138425,0.9076753701286157,0.0862247279257207,0.9137752720742792,0.4508923949541055,0.5491076050458945,0.07537546124258301,0.924624538757417,0.10775430668335992,0.8922456933166399,0.42374,0.07879,0.99303,0.38567,0.24759,0.06969,0.44418,0.0838,0.43804,0.006140000000000034,0.08503,-0.001229999999999995,0.0012942258829667912,0.001354864513445497,930
9.7,x1 = 9.7,10.0,x1 = 10.0,0.09232462987138425,0.9076753701286157,0.07057748415062524,0.9294225158493747,0.304359899169994,0.695640100830006,0.06920031855928091,0.9307996814407191,0.08579729013270118,0.9142027098672988,0.36808,0.0656,0.88656,0.36293,0.21172,0.06441,0.44418,0.0838,0.39989,0.044289999999999996,0.07481,0.008989999999999998,0.0002655859837638547,0.00025979349913654755,960
