z_x1,z_note,x_x1,x_note,"p(y=0|x,D)","p(y=1|x,D)","p(u=0|z,D)","p(u=1|z,D)","p(y=0|x,u=0,z,D)","p(y=1|x,u=0,z,D)","p(y=0|x,u=1,z,D)","p(y=1|x,u=1,z,D)","p(y=0|x,z,D)","p(y=1|x,z,D)","H[p(u|z,D)]","Var[p(u|z,D)]","H[p(y|x,u=0,z,D)]","H[p(y|x,u=1,z,D)]","Var[p(y|x,u=0,z,D)]","Var[p(y|x,u=1,z,D)]","H[p(y|x,D)]","Var[p(y|x,D)]",Va,Ve,Va_variance,Ve_variance,kl_pyx_pyxz,kl_pyxz_pyx,api_calls
15.4,x1 = 15.4,15.0,x1 = 15.0,0.1711268875403869,0.8288731124596131,0.1553416411773958,0.8446583588226042,0.6946006635211737,0.3053993364788264,0.11224281736191363,0.8877571826380862,0.20270724093682646,0.7972927590631734,0.62305,0.13121,0.88779,0.50664,0.21213,0.09964,0.66028,0.14184,0.56585,0.09443000000000001,0.11711,0.024729999999999988,0.0032160808109798315,0.0033590310748985094,1000
14.9,x1 = 14.9,15.0,x1 = 15.0,0.1711268875403869,0.8288731124596131,0.15278486705014444,0.8472151329498556,0.6933144137484339,0.30668558625156617,0.12112733866022754,0.8788726613397724,0.20854886485539018,0.7914511351446099,0.61677,0.12944,0.88931,0.53259,0.21263,0.10646,0.66028,0.14184,0.58709,0.07318999999999998,0.12268,0.019159999999999996,0.004449627677842287,0.004680100083517123,1030
14.7,x1 = 14.7,15.0,x1 = 15.0,0.1711268875403869,0.8288731124596131,0.15086773054455319,0.8491322694554467,0.6877158059518482,0.3122841940481518,0.11350533362435386,0.8864946663756461,0.2001351644393189,0.799864835560681,0.61201,0.12811,0.89579,0.5104,0.21476,0.10062,0.66028,0.14184,0.56854,0.09173999999999993,0.11784,0.023999999999999994,0.0027316882041637514,0.0028440498842411295,1060
14.6,x1 = 14.6,15.0,x1 = 15.0,0.1711268875403869,0.8288731124596131,0.1537144240196731,0.8462855759803268,0.6823327322795019,0.3176672677204982,0.10700623537121638,0.8929937646287837,0.1954422164667297,0.8045577835332703,0.61906,0.13009,0.90183,0.49082,0.21675,0.09556,0.66028,0.14184,0.554,0.10627999999999993,0.11419,0.027649999999999994,0.001943286225000316,0.0020112068341750153,1090
14.5,x1 = 14.5,15.0,x1 = 15.0,0.1711268875403869,0.8288731124596131,0.15675656184087128,0.8432434381591287,0.6898809609747258,0.31011903902527405,0.11514467427476456,0.8848553257252355,0.20523835854303976,0.7947616414569603,0.62649,0.13218,0.89331,0.51524,0.21395,0.10189,0.66028,0.14184,0.5745,0.08577999999999997,0.11946,0.022379999999999997,0.003728083518165122,0.0039057754293876992,1120
