z_x1,z_note,x_x1,x_note,"p(y=0|x,D)","p(y=1|x,D)","p(u=0|z,D)","p(u=1|z,D)","p(y=0|x,u=0,z,D)","p(y=1|x,u=0,z,D)","p(y=0|x,u=1,z,D)","p(y=1|x,u=1,z,D)","p(y=0|x,z,D)","p(y=1|x,z,D)","H[p(u|z,D)]","Var[p(u|z,D)]","H[p(y|x,u=0,z,D)]","H[p(y|x,u=1,z,D)]","Var[p(y|x,u=0,z,D)]","Var[p(y|x,u=1,z,D)]","H[p(y|x,D)]","Var[p(y|x,D)]",Va,Ve,Va_variance,Ve_variance,kl_pyx_pyxz,kl_pyxz_pyx,api_calls
-4.8,x1 = -4.8,-5.0,x1 = -5.0,0.6472945922678235,0.35270540773217657,0.7342689029973035,0.2657310970026964,0.6611378987406367,0.33886210125936334,0.5368616698717714,0.4631383301282287,0.6281138401119549,0.3718861598880451,0.83527,0.19512,0.92373,0.99608,0.22403,0.24864,0.93646,0.2283,0.94296,-0.006500000000000061,0.23057,-0.0022699999999999942,0.0007932982583198876,0.0007993698049675209,360
-5.0,x1 = -5.0,-5.0,x1 = -5.0,0.6472945922678235,0.35270540773217657,0.6472945922678235,0.35270540773217657,0.6960594800384077,0.3039405199615923,0.4605695363174906,0.5394304636825094,0.6130009034214944,0.38699909657850573,0.93646,0.2283,0.88605,0.99551,0.21156,0.24845,0.93646,0.2283,0.92466,0.011799999999999922,0.22457,0.003730000000000011,0.00250829807065564,0.002540565942319259,390
-4.9,x1 = -4.9,-5.0,x1 = -5.0,0.6472945922678235,0.35270540773217657,0.7167651112075866,0.2832348887924133,0.6730713921533235,0.32692860784667654,0.5152009816587924,0.4847990183412076,0.6283569839932922,0.3716430160067076,0.85982,0.20301,0.91176,0.99933,0.22005,0.24977,0.93646,0.2283,0.93656,-9.999999999998899e-05,0.22847,-0.00017000000000000348,0.0007734566433336559,0.0007793069821607768,420
-4.6,x1 = -4.6,-5.0,x1 = -5.0,0.6472945922678235,0.35270540773217657,0.7329754289465417,0.26702457105345845,0.6656158692999125,0.3343841307000875,0.533623293584756,0.46637670641524387,0.6303706083873317,0.3696293916126683,0.83716,0.19572,0.91934,0.99674,0.22257,0.24887,0.93646,0.2283,0.94001,-0.003550000000000053,0.22959,-0.0012899999999999856,0.00061867474393517,0.0006228905011053908,450
-5.1,x1 = -5.1,-5.0,x1 = -5.0,0.6472945922678235,0.35270540773217657,0.6565913771548602,0.34340862284513995,0.6988373603429007,0.3011626396570993,0.48481900131393774,0.5151809986860623,0.6253416104051879,0.37465838959481224,0.92804,0.22548,0.88271,0.99933,0.21046,0.24977,0.93646,0.2283,0.92276,0.013699999999999934,0.22396,0.0043400000000000105,0.0010370117519133241,0.0010459950521381836,480
