z_x1,z_note,x_x1,x_note,"p(y=0|x,D)","p(y=1|x,D)","p(u=0|z,D)","p(u=1|z,D)","p(y=0|x,u=0,z,D)","p(y=1|x,u=0,z,D)","p(y=0|x,u=1,z,D)","p(y=1|x,u=1,z,D)","p(y=0|x,z,D)","p(y=1|x,z,D)","H[p(u|z,D)]","Var[p(u|z,D)]","H[p(y|x,u=0,z,D)]","H[p(y|x,u=1,z,D)]","Var[p(y|x,u=0,z,D)]","Var[p(y|x,u=1,z,D)]","H[p(y|x,D)]","Var[p(y|x,D)]",Va,Ve,Va_variance,Ve_variance,kl_pyx_pyxz,kl_pyxz_pyx,api_calls
-14.5,x1 = -14.5,-15.0,x1 = -15.0,0.48172578384820885,0.5182742161517911,0.4815364174916004,0.5184635825083996,0.7112794877827425,0.2887205122172575,0.3203841432690212,0.6796158567309789,0.5086144870803035,0.49138551291969657,0.99902,0.24966,0.86706,0.9048,0.20536,0.21774,0.99904,0.24967,0.88663,0.11241000000000001,0.21178,0.03789000000000001,0.0014462378456231162,0.0014467391498116794,40
-14.9,x1 = -14.9,-15.0,x1 = -15.0,0.48172578384820885,0.5182742161517911,0.4786468620676631,0.5213531379323368,0.7275171822327109,0.27248281776728916,0.30876202995202784,0.6912379700479722,0.5091978695658432,0.4908021304341568,0.99868,0.24954,0.845,0.89174,0.19824,0.21343,0.99904,0.24967,0.86937,0.12967000000000006,0.20616,0.04350999999999999,0.0015096842521726064,0.0015101866176875714,70
-14.7,x1 = -14.7,-15.0,x1 = -15.0,0.48172578384820885,0.5182742161517911,0.4756433657338648,0.5243566342661352,0.7088721602036211,0.2911278397963788,0.3126837212412982,0.6873162787587018,0.5011281238141834,0.49887187618581663,0.99829,0.24941,0.87017,0.89625,0.20637,0.21491,0.99904,0.24967,0.88385,0.11519000000000001,0.21085,0.03881999999999999,0.0007530505123339616,0.0007533848212886683,100
-14.3,x1 = -14.3,-15.0,x1 = -15.0,0.48172578384820885,0.5182742161517911,0.47550813445999474,0.5244918655400052,0.6994293536400689,0.3005706463599312,0.3048853847254394,0.6951146152745606,0.492494251346477,0.5075057486535229,0.99827,0.2494,0.88199,0.88718,0.21023,0.21193,0.99904,0.24967,0.88471,0.11433000000000004,0.21112,0.03855,0.00023204003796568722,0.00023212600872749532,130
-14.4,x1 = -14.4,-15.0,x1 = -15.0,0.48172578384820885,0.5182742161517911,0.4754839091734577,0.5245160908265424,0.7095717050323509,0.29042829496764905,0.31258581350292075,0.6874141864970793,0.5013462170940445,0.49865378290595563,0.99827,0.2494,0.86927,0.89614,0.20608,0.21488,0.99904,0.24967,0.88336,0.11568,0.2107,0.038970000000000005,0.0007700718260466553,0.0007704131367490298,160
