z_x1,z_x2,z_note,x_x1,x_x2,x_note,"p(y=0|x,D)","p(y=1|x,D)","p(u=0|z,D)","p(u=1|z,D)","p(y=0|x,u=0,z,D)","p(y=1|x,u=0,z,D)","p(y=0|x,u=1,z,D)","p(y=1|x,u=1,z,D)","p(y=0|x,z,D)","p(y=1|x,z,D)","H[p(u|z,D)]","Var[p(u|z,D)]","H[p(y|x,u=0,z,D)]","H[p(y|x,u=1,z,D)]","Var[p(y|x,u=0,z,D)]","Var[p(y|x,u=1,z,D)]","H[p(y|x,D)]","Var[p(y|x,D)]",Va,Ve,Va_variance,Ve_variance,kl_pyx_pyxz,kl_pyxz_pyx,api_calls
0.4,-1.29,x1 = 0.4; x2 = -1.29,0.4,-1.3,x1 = 0.4; x2 = -1.3,0.31397359453856943,0.6860264054614307,0.30936572747506197,0.690634272524938,0.7672824236564544,0.23271757634354556,0.09443291237948699,0.9055670876205131,0.3025894909169259,0.6974105090830741,0.89244,0.21366,0.78272,0.4511,0.17856,0.08552,0.89771,0.21539,0.55369,0.34402,0.1143,0.10109,0.00030493504385464484,0.00030286112429282926,48240
0.4,-1.31,x1 = 0.4; x2 = -1.31,0.4,-1.3,x1 = 0.4; x2 = -1.3,0.31397359453856943,0.6860264054614307,0.31802169723455226,0.6819783027654479,0.7776774540912982,0.22232254590870176,0.09665546126433723,0.9033445387356627,0.3132352312772244,0.6867647687227757,0.90222,0.21688,0.76439,0.4583,0.1729,0.08731,0.89771,0.21539,0.55564,0.34207,0.11453,0.10085999999999999,1.2666196283050296e-06,1.2660798545013592e-06,48270
0.38,-1.3,x1 = 0.38; x2 = -1.3,0.4,-1.3,x1 = 0.4; x2 = -1.3,0.31397359453856943,0.6860264054614307,0.38780550276046755,0.6121944972395323,0.6265259854377169,0.37347401456228313,0.16319607756835378,0.8368039224316461,0.3428779654335932,0.6571220345664066,0.96337,0.23741,0.9533,0.6419,0.23399,0.13656,0.89771,0.21539,0.76266,0.13505,0.17434,0.04105,0.0018806408711080393,0.001909071373695389,48300
