z_x1,z_x2,z_note,x_x1,x_x2,x_note,"p(y=0|x,D)","p(y=1|x,D)","p(u=0|z,D)","p(u=1|z,D)","p(y=0|x,u=0,z,D)","p(y=1|x,u=0,z,D)","p(y=0|x,u=1,z,D)","p(y=1|x,u=1,z,D)","p(y=0|x,z,D)","p(y=1|x,z,D)","H[p(u|z,D)]","Var[p(u|z,D)]","H[p(y|x,u=0,z,D)]","H[p(y|x,u=1,z,D)]","Var[p(y|x,u=0,z,D)]","Var[p(y|x,u=1,z,D)]","H[p(y|x,D)]","Var[p(y|x,D)]",Va,Ve,Va_variance,Ve_variance,kl_pyx_pyxz,kl_pyxz_pyx,api_calls
2.99,0.71,x1 = 2.99; x2 = 0.71,3.0,0.7,x1 = 3.0; x2 = 0.7,0.17008408881387682,0.8299159111861231,0.14246537391029168,0.8575346260897083,0.5386280247275603,0.4613719752724397,0.09836920282985798,0.9016307971701419,0.16109084050881867,0.8389091594911813,0.59066,0.12217,0.99569,0.4638,0.24851,0.08869,0.6579,0.14116,0.53958,0.11832000000000009,0.11146,0.029700000000000004,0.00029486631036355557,0.0002906172365350918,85640
3.0,0.7,x1 = 3.0; x2 = 0.7,3.0,0.7,x1 = 3.0; x2 = 0.7,0.17008408881387682,0.8299159111861231,0.16883285660317457,0.8311671433968254,0.7769830507732223,0.22301694922677764,0.06693663550834067,0.9330633644916595,0.18681580011835458,0.8131841998816455,0.65503,0.14033,0.76564,0.35439,0.17328,0.06246,0.6579,0.14116,0.42382,0.23408000000000007,0.08117,0.05999,0.0009436591604475263,0.0009670501057865259,85670
2.99,0.7,x1 = 2.99; x2 = 0.7,3.0,0.7,x1 = 3.0; x2 = 0.7,0.17008408881387682,0.8299159111861231,0.14144033463825584,0.8585596653617442,0.5582624206783243,0.4417375793216757,0.09996822293657352,0.9000317770634265,0.16478950762793776,0.8352104923720624,0.588,0.12143,0.99018,0.46889,0.24661,0.08997,0.6579,0.14116,0.54262,0.11528000000000005,0.11213,0.029030000000000014,0.00010097650293373634,0.00010012970593735807,85700
