z_x1,z_x2,z_note,x_x1,x_x2,x_note,"p(y=0|x,D)","p(y=1|x,D)","p(u=0|z,D)","p(u=1|z,D)","p(y=0|x,u=0,z,D)","p(y=1|x,u=0,z,D)","p(y=0|x,u=1,z,D)","p(y=1|x,u=1,z,D)","p(y=0|x,z,D)","p(y=1|x,z,D)","H[p(u|z,D)]","Var[p(u|z,D)]","H[p(y|x,u=0,z,D)]","H[p(y|x,u=1,z,D)]","Var[p(y|x,u=0,z,D)]","Var[p(y|x,u=1,z,D)]","H[p(y|x,D)]","Var[p(y|x,D)]",Va,Ve,Va_variance,Ve_variance,kl_pyx_pyxz,kl_pyxz_pyx,api_calls
2.81,-2.1,x1 = 2.81; x2 = -2.1,2.8,-2.1,x1 = 2.8; x2 = -2.1,0.2726089685003735,0.7273910314996265,0.2585404769505192,0.7414595230494808,0.7276265720388233,0.27237342796117664,0.07092910192044333,0.9290708980795566,0.2407119790570486,0.7592880209429513,0.82454,0.1917,0.84485,0.36938,0.19819,0.0659,0.84518,0.19829,0.49231,0.35287,0.1001,0.09819,0.002705302074252375,0.002632795760336655,81440
2.81,-2.09,x1 = 2.81; x2 = -2.09,2.8,-2.1,x1 = 2.8; x2 = -2.1,0.2726089685003735,0.7273910314996265,0.26593890821710275,0.7340610917828971,0.7676194766125903,0.23238052338740958,0.06319324266171994,0.9368067573382802,0.2505275862380998,0.7494724137619001,0.83558,0.19522,0.78214,0.33999,0.17838,0.0592,0.84518,0.19829,0.45757,0.38761000000000007,0.09089,0.1074,0.001274257753763365,0.0012512934341333652,81470
2.79,-2.11,x1 = 2.79; x2 = -2.11,2.8,-2.1,x1 = 2.8; x2 = -2.1,0.2726089685003735,0.7273910314996265,0.25884896328249635,0.7411510367175037,0.7316490840902395,0.2683509159097604,0.06198145632467965,0.9380185436753206,0.2353242275156435,0.7646757724843567,0.825,0.19185,0.83909,0.33526,0.19634,0.05814,0.84518,0.19829,0.46568,0.37950000000000006,0.09391,0.10438,0.0037331210695308453,0.0036142800095592884,81500
