z_x1,z_x2,z_note,x_x1,x_x2,x_note,"p(y=0|x,D)","p(y=1|x,D)","p(u=0|z,D)","p(u=1|z,D)","p(y=0|x,u=0,z,D)","p(y=1|x,u=0,z,D)","p(y=0|x,u=1,z,D)","p(y=1|x,u=1,z,D)","p(y=0|x,z,D)","p(y=1|x,z,D)","H[p(u|z,D)]","Var[p(u|z,D)]","H[p(y|x,u=0,z,D)]","H[p(y|x,u=1,z,D)]","Var[p(y|x,u=0,z,D)]","Var[p(y|x,u=1,z,D)]","H[p(y|x,D)]","Var[p(y|x,D)]",Va,Ve,Va_variance,Ve_variance,kl_pyx_pyxz,kl_pyxz_pyx,api_calls
2.2,-0.91,x1 = 2.2; x2 = -0.91,2.2,-0.9,x1 = 2.2; x2 = -0.9,0.08450931417544681,0.9154906858245532,0.08084290787973657,0.9191570921202633,0.5822958115459052,0.4177041884540948,0.04429933048300116,0.9557006695169988,0.08779253044119194,0.9122074695588079,0.40514,0.07431,0.98037,0.26167,0.24323,0.04234,0.41787,0.07737,0.31977,0.09810000000000002,0.05858,0.018789999999999994,6.807328739656974e-05,6.886114160579429e-05,73640
2.18,-0.9,x1 = 2.18; x2 = -0.9,2.2,-0.9,x1 = 2.2; x2 = -0.9,0.08450931417544681,0.9154906858245532,0.08355635675452111,0.9164436432454789,0.4647595224525345,0.5352404775474656,0.04257414994468804,0.9574258500553121,0.07785042154649405,0.9221495784535061,0.41459,0.07657,0.99641,0.25397,0.24876,0.04076,0.41787,0.07737,0.31601,0.10186,0.05814,0.019229999999999997,0.00030109335920620005,0.0002936768987430276,73670
2.2,-0.9,x1 = 2.2; x2 = -0.9,2.2,-0.9,x1 = 2.2; x2 = -0.9,0.08450931417544681,0.9154906858245532,0.08450931379955243,0.9154906862004477,0.7188175303653759,0.28118246963462395,0.05443940935551306,0.9455605906444869,0.11058554846549257,0.8894144515345075,0.41787,0.07737,0.85706,0.30496,0.20212,0.05148,0.41787,0.07737,0.35162,0.06625000000000003,0.06421,0.013159999999999991,0.0037279173427590025,0.004038224724465599,73700
