z_x1,z_x2,z_note,x_x1,x_x2,x_note,"p(y=0|x,D)","p(y=1|x,D)","p(u=0|z,D)","p(u=1|z,D)","p(y=0|x,u=0,z,D)","p(y=1|x,u=0,z,D)","p(y=0|x,u=1,z,D)","p(y=1|x,u=1,z,D)","p(y=0|x,z,D)","p(y=1|x,z,D)","H[p(u|z,D)]","Var[p(u|z,D)]","H[p(y|x,u=0,z,D)]","H[p(y|x,u=1,z,D)]","Var[p(y|x,u=0,z,D)]","Var[p(y|x,u=1,z,D)]","H[p(y|x,D)]","Var[p(y|x,D)]",Va,Ve,Va_variance,Ve_variance,kl_pyx_pyxz,kl_pyxz_pyx,api_calls
-1.78,-2.3,x1 = -1.78; x2 = -2.3,-1.8,-2.3,x1 = -1.8; x2 = -2.3,0.704004757403887,0.295995242596113,0.7136752896698008,0.2863247103301992,0.8880970603211817,0.11190293967881826,0.2574367408982473,0.7425632591017527,0.7075234270456591,0.2924765729543408,0.86393,0.20434,0.50563,0.82285,0.09938,0.19116,0.87634,0.20838,0.59646,0.27988,0.12566,0.08272000000000002,2.9845586722810225e-05,2.977629453219813e-05,16940
-1.8,-2.3,x1 = -1.8; x2 = -2.3,-1.8,-2.3,x1 = -1.8; x2 = -2.3,0.704004757403887,0.295995242596113,0.704004757403887,0.295995242596113,0.9344175453982118,0.06558245460178808,0.13502815564051546,0.8649718443594845,0.6978020890481238,0.30219791095187615,0.87634,0.20838,0.34922,0.57107,0.06128,0.1168,0.87634,0.20838,0.41489,0.46145,0.07771,0.13067,9.158152000696834e-05,9.19451800929609e-05,16970
-1.81,-2.29,x1 = -1.81; x2 = -2.29,-1.8,-2.3,x1 = -1.8; x2 = -2.3,0.704004757403887,0.295995242596113,0.7139406561572083,0.28605934384279175,0.8913325068519053,0.10866749314809454,0.2406443075343357,0.7593556924656644,0.7051970675088737,0.29480293249112627,0.86358,0.20423,0.49588,0.79611,0.09686,0.18273,0.87634,0.20838,0.58176,0.29457999999999995,0.12142,0.08696000000000001,3.4163801285523425e-06,3.4137117310240137e-06,17000
