z_x1,z_x2,z_note,x_x1,x_x2,x_note,"p(y=0|x,D)","p(y=1|x,D)","p(u=0|z,D)","p(u=1|z,D)","p(y=0|x,u=0,z,D)","p(y=1|x,u=0,z,D)","p(y=0|x,u=1,z,D)","p(y=1|x,u=1,z,D)","p(y=0|x,z,D)","p(y=1|x,z,D)","H[p(u|z,D)]","Var[p(u|z,D)]","H[p(y|x,u=0,z,D)]","H[p(y|x,u=1,z,D)]","Var[p(y|x,u=0,z,D)]","Var[p(y|x,u=1,z,D)]","H[p(y|x,D)]","Var[p(y|x,D)]",Va,Ve,Va_variance,Ve_variance,kl_pyx_pyxz,kl_pyxz_pyx,api_calls
0.19,-0.9,x1 = 0.19; x2 = -0.9,0.2,-0.9,x1 = 0.2; x2 = -0.9,0.35853062424994253,0.6414693757500575,0.35471318668056206,0.645286813319438,0.5730939349246695,0.42690606507533035,0.17901669813156246,0.8209833018684375,0.31880109059271594,0.6811989094072841,0.93821,0.22889,0.98453,0.67792,0.24466,0.14697,0.94146,0.22999,0.78668,0.15477999999999992,0.18162,0.048369999999999996,0.0035604856900658746,0.0034930804286348524,45640
0.2,-0.9,x1 = 0.2; x2 = -0.9,0.2,-0.9,x1 = 0.2; x2 = -0.9,0.35853062424994253,0.6414693757500575,0.35853062424994253,0.6414693757500575,0.8109160683780996,0.18908393162190046,0.14518792787013218,0.8548120721298677,0.3838718536672072,0.6161281463327927,0.94146,0.22999,0.69955,0.59767,0.15333,0.12411,0.94146,0.22999,0.6342,0.30726,0.13459,0.09540000000000001,0.0013696254873400114,0.0013824618173806473,45670
0.2,-0.91,x1 = 0.2; x2 = -0.91,0.2,-0.9,x1 = 0.2; x2 = -0.9,0.35853062424994253,0.6414693757500575,0.37531535653818404,0.6246846434618161,0.7136387555808719,0.286361244419128,0.1264180674494378,0.8735819325505622,0.34681100938208476,0.6531889906179152,0.95467,0.23445,0.86397,0.54753,0.20436,0.11044,0.94146,0.22999,0.66629,0.2751699999999999,0.14569,0.08430000000000001,0.00030159608771300125,0.0003000789974283817,45700
