z_x1,z_x2,z_note,x_x1,x_x2,x_note,"p(y=0|x,D)","p(y=1|x,D)","p(u=0|z,D)","p(u=1|z,D)","p(y=0|x,u=0,z,D)","p(y=1|x,u=0,z,D)","p(y=0|x,u=1,z,D)","p(y=1|x,u=1,z,D)","p(y=0|x,z,D)","p(y=1|x,z,D)","H[p(u|z,D)]","Var[p(u|z,D)]","H[p(y|x,u=0,z,D)]","H[p(y|x,u=1,z,D)]","Var[p(y|x,u=0,z,D)]","Var[p(y|x,u=1,z,D)]","H[p(y|x,D)]","Var[p(y|x,D)]",Va,Ve,Va_variance,Ve_variance,kl_pyx_pyxz,kl_pyxz_pyx,api_calls
-1.61,2.5,x1 = -1.61; x2 = 2.5,-1.6,2.5,x1 = -1.6; x2 = 2.5,0.8406630314429376,0.1593369685570623,0.8618375308133739,0.138162469186626,0.9357333881997688,0.06426661180023126,0.25788962552046085,0.7421103744795392,0.8420808202252421,0.15791917977475775,0.57941,0.11907,0.34415,0.82355,0.06014,0.19138,0.63272,0.13395,0.41039,0.22232999999999997,0.07827,0.05568000000000001,7.539666091520682e-06,7.521460264511967e-06,22140
-1.6,2.49,x1 = -1.6; x2 = 2.49,-1.6,2.5,x1 = -1.6; x2 = 2.5,0.8406630314429376,0.1593369685570623,0.85984240408432,0.14015759591568006,0.9349382268845406,0.06506177311545933,0.14952656287072025,0.8504734371292797,0.8248568162522297,0.17514318374777024,0.58465,0.12051,0.34722,0.60865,0.06083,0.12717,0.63272,0.13395,0.38386,0.24885999999999997,0.07013,0.06382000000000002,0.0008861987966469302,0.0009088128807640573,22170
-1.62,2.5,x1 = -1.62; x2 = 2.5,-1.6,2.5,x1 = -1.6; x2 = 2.5,0.8406630314429376,0.1593369685570623,0.8528642426110986,0.14713575738890144,0.9391177701033715,0.060882229896628504,0.2499859592482226,0.7500140407517775,0.837721839172414,0.16227816082758603,0.60263,0.12549,0.33094,0.81126,0.05718,0.18749,0.63272,0.13395,0.40161,0.23110999999999993,0.07635,0.05760000000000001,3.197330146680619e-05,3.2131274033671536e-05,22200
