z_x1,z_x2,z_note,x_x1,x_x2,x_note,"p(y=0|x,D)","p(y=1|x,D)","p(u=0|z,D)","p(u=1|z,D)","p(y=0|x,u=0,z,D)","p(y=1|x,u=0,z,D)","p(y=0|x,u=1,z,D)","p(y=1|x,u=1,z,D)","p(y=0|x,z,D)","p(y=1|x,z,D)","H[p(u|z,D)]","Var[p(u|z,D)]","H[p(y|x,u=0,z,D)]","H[p(y|x,u=1,z,D)]","Var[p(y|x,u=0,z,D)]","Var[p(y|x,u=1,z,D)]","H[p(y|x,D)]","Var[p(y|x,D)]",Va,Ve,Va_variance,Ve_variance,kl_pyx_pyxz,kl_pyxz_pyx,api_calls
1.42,1.71,x1 = 1.42; x2 = 1.71,1.4,1.7,x1 = 1.4; x2 = 1.7,0.6999568412216217,0.3000431587783784,0.7072027670991067,0.2927972329008933,0.8518837281403091,0.14811627185969098,0.25606754057830916,0.743932459421691,0.677430397104596,0.32256960289540426,0.87231,0.20707,0.60511,0.82075,0.12618,0.1905,0.88134,0.21002,0.66825,0.21309,0.14501,0.06501000000000001,0.0011759867448467437,0.0011916433184682683,63740
1.41,1.69,x1 = 1.41; x2 = 1.69,1.4,1.7,x1 = 1.4; x2 = 1.7,0.6999568412216217,0.3000431587783784,0.7012007621007765,0.29879923789922336,0.8604360769405117,0.1395639230594885,0.25266935727434714,0.7473306427256527,0.6788358442837508,0.3211641557162493,0.87982,0.20952,0.5831,0.81548,0.12009,0.18883,0.88134,0.21002,0.65253,0.22880999999999996,0.14063,0.06939000000000001,0.0010354637990636767,0.001048447694922735,63770
1.4,1.7,x1 = 1.4; x2 = 1.7,1.4,1.7,x1 = 1.4; x2 = 1.7,0.6999568412216217,0.3000431587783784,0.6999568418075708,0.3000431581924292,0.8628871095372637,0.1371128904627364,0.06982415771823296,0.930175842281767,0.6249339968280714,0.3750660031719287,0.88134,0.21002,0.57663,0.36527,0.11831,0.06495,0.88134,0.21002,0.51321,0.36812999999999996,0.1023,0.10772000000000001,0.012393614436026198,0.012855198608768062,63800
