z_x1,z_x2,z_note,x_x1,x_x2,x_note,"p(y=0|x,D)","p(y=1|x,D)","p(u=0|z,D)","p(u=1|z,D)","p(y=0|x,u=0,z,D)","p(y=1|x,u=0,z,D)","p(y=0|x,u=1,z,D)","p(y=1|x,u=1,z,D)","p(y=0|x,z,D)","p(y=1|x,z,D)","H[p(u|z,D)]","Var[p(u|z,D)]","H[p(y|x,u=0,z,D)]","H[p(y|x,u=1,z,D)]","Var[p(y|x,u=0,z,D)]","Var[p(y|x,u=1,z,D)]","H[p(y|x,D)]","Var[p(y|x,D)]",Va,Ve,Va_variance,Ve_variance,kl_pyx_pyxz,kl_pyxz_pyx,api_calls
-2.82,1.9,x1 = -2.82; x2 = 1.9,-2.8,1.9,x1 = -2.8; x2 = 1.9,0.7473464353855136,0.25265356461448635,0.8005285254262061,0.199471474573794,0.9143060099237982,0.0856939900762017,0.18347695211727688,0.8165230478827231,0.768526460101755,0.23147353989824507,0.72087,0.15968,0.42193,0.68762,0.07835,0.14981,0.81546,0.18882,0.47493,0.34052999999999994,0.0926,0.09621999999999999,0.0012352942335148928,0.0012109947817543834,5040
-2.8,1.9,x1 = -2.8; x2 = 1.9,-2.8,1.9,x1 = -2.8; x2 = 1.9,0.7473464353855136,0.25265356461448635,0.7473464353855136,0.25265356461448635,0.921088676770536,0.07891132322946401,0.1052207428535756,0.8947792571464243,0.7149567350117597,0.2850432649882402,0.81546,0.18882,0.39833,0.48533,0.07268,0.09415,0.81546,0.18882,0.42031,0.39514999999999995,0.0781,0.11071999999999999,0.0026370297555078255,0.002704956605443967,5070
-2.79,1.9,x1 = -2.79; x2 = 1.9,-2.8,1.9,x1 = -2.8; x2 = 1.9,0.7473464353855136,0.25265356461448635,0.7965938642113912,0.20340613578860886,0.9139635936639345,0.08603640633606555,0.18639015789607508,0.8136098421039248,0.7659706925919527,0.23402930740804742,0.72869,0.16203,0.4231,0.69386,0.07863,0.15165,0.81546,0.18882,0.47817,0.33729,0.09348,0.09534,0.0009504340839925907,0.000934116319823243,5100
