z_x1,z_x2,z_note,x_x1,x_x2,x_note,"p(y=0|x,D)","p(y=1|x,D)","p(u=0|z,D)","p(u=1|z,D)","p(y=0|x,u=0,z,D)","p(y=1|x,u=0,z,D)","p(y=0|x,u=1,z,D)","p(y=1|x,u=1,z,D)","p(y=0|x,z,D)","p(y=1|x,z,D)","H[p(u|z,D)]","Var[p(u|z,D)]","H[p(y|x,u=0,z,D)]","H[p(y|x,u=1,z,D)]","Var[p(y|x,u=0,z,D)]","Var[p(y|x,u=1,z,D)]","H[p(y|x,D)]","Var[p(y|x,D)]",Va,Ve,Va_variance,Ve_variance,kl_pyx_pyxz,kl_pyxz_pyx,api_calls
1.39,-2.1,x1 = 1.39; x2 = -2.1,1.4,-2.1,x1 = 1.4; x2 = -2.1,0.15669635463689757,0.8433036453631024,0.1606257613540762,0.8393742386459238,0.5665651704922201,0.43343482950778,0.06462640678803544,0.9353735932119646,0.14525070286114383,0.8547492971388561,0.6358,0.13483,0.98718,0.34554,0.24557,0.06045,0.62635,0.13214,0.4486,0.17774999999999996,0.09019,0.04195,0.0005165320916031106,0.0005059053259238219,61840
1.41,-2.11,x1 = 1.41; x2 = -2.11,1.4,-2.1,x1 = 1.4; x2 = -2.1,0.15669635463689757,0.8433036453631024,0.14367051952475515,0.8563294804752448,0.5611321686340087,0.4388678313659914,0.06250208262780702,0.9374979173721929,0.13414052613499136,0.8658594738650086,0.59377,0.12303,0.98919,0.3373,0.24626,0.0586,0.62635,0.13214,0.43096,0.19538999999999995,0.08556,0.04658000000000001,0.002094598805715539,0.0020064448333834625,61870
1.41,-2.1,x1 = 1.41; x2 = -2.1,1.4,-2.1,x1 = 1.4; x2 = -2.1,0.15669635463689757,0.8433036453631024,0.1633324703739258,0.8366675296260742,0.5687437014590256,0.43125629854097447,0.06972357543002057,0.9302764245699795,0.15122976538064575,0.8487702346193543,0.64222,0.13665,0.98632,0.36489,0.24527,0.06486,0.62635,0.13214,0.46639,0.15995999999999994,0.09433,0.03781000000000001,0.0001152745210848188,0.00011416375227998096,61900
