z_x1,z_x2,z_note,x_x1,x_x2,x_note,"p(y=0|x,D)","p(y=1|x,D)","p(u=0|z,D)","p(u=1|z,D)","p(y=0|x,u=0,z,D)","p(y=1|x,u=0,z,D)","p(y=0|x,u=1,z,D)","p(y=1|x,u=1,z,D)","p(y=0|x,z,D)","p(y=1|x,z,D)","H[p(u|z,D)]","Var[p(u|z,D)]","H[p(y|x,u=0,z,D)]","H[p(y|x,u=1,z,D)]","Var[p(y|x,u=0,z,D)]","Var[p(y|x,u=1,z,D)]","H[p(y|x,D)]","Var[p(y|x,D)]",Va,Ve,Va_variance,Ve_variance,kl_pyx_pyxz,kl_pyxz_pyx,api_calls
2.4,0.89,x1 = 2.4; x2 = 0.89,2.4,0.9,x1 = 2.4; x2 = 0.9,0.13984022483920247,0.8601597751607976,0.12876087024287391,0.871239129757126,0.5682322643620713,0.4317677356379287,0.07318404593440622,0.9268159540655937,0.1369268853513367,0.8630731146486631,0.55403,0.11218,0.98652,0.3777,0.24534,0.06783,0.58382,0.12028,0.45609,0.12773,0.09069,0.02958999999999999,3.569808138388425e-05,3.5488413024102085e-05,77340
2.42,0.9,x1 = 2.42; x2 = 0.9,2.4,0.9,x1 = 2.4; x2 = 0.9,0.13984022483920247,0.8601597751607976,0.1290439754594936,0.8709560245405064,0.5235963450161931,0.47640365498380693,0.07182336401499377,0.9281766359850063,0.1301219454885748,0.8698780545114252,0.55481,0.11239,0.99839,0.37269,0.24944,0.06666,0.58382,0.12028,0.45343,0.13039,0.09025,0.03003,0.00040868725165889644,0.00040048918774284424,77370
2.39,0.91,x1 = 2.39; x2 = 0.91,2.4,0.9,x1 = 2.4; x2 = 0.9,0.13984022483920247,0.8601597751607976,0.1368082115734233,0.8631917884265767,0.495054993507784,0.5049450064922161,0.07075143865127827,0.9292485613487218,0.12879964915544273,0.8712003508445574,0.57582,0.11809,0.99993,0.36872,0.24998,0.06575,0.58382,0.12028,0.45507,0.12875000000000003,0.09095,0.029329999999999995,0.0005304793094570697,0.0005183339484156127,77400
