z_x1,z_x2,z_note,x_x1,x_x2,x_note,"p(y=0|x,D)","p(y=1|x,D)","p(u=0|z,D)","p(u=1|z,D)","p(y=0|x,u=0,z,D)","p(y=1|x,u=0,z,D)","p(y=0|x,u=1,z,D)","p(y=1|x,u=1,z,D)","p(y=0|x,z,D)","p(y=1|x,z,D)","H[p(u|z,D)]","Var[p(u|z,D)]","H[p(y|x,u=0,z,D)]","H[p(y|x,u=1,z,D)]","Var[p(y|x,u=0,z,D)]","Var[p(y|x,u=1,z,D)]","H[p(y|x,D)]","Var[p(y|x,D)]",Va,Ve,Va_variance,Ve_variance,kl_pyx_pyxz,kl_pyxz_pyx,api_calls
1.59,0.91,x1 = 1.59; x2 = 0.91,1.6,0.9,x1 = 1.6; x2 = 0.9,0.40486457711323365,0.5951354228867662,0.4106308118194244,0.5893691881805757,0.6236552062080405,0.37634479379195945,0.2689486148126876,0.7310513851873124,0.41460207039506225,0.5853979296049379,0.97683,0.24201,0.95542,0.83995,0.23471,0.19662,0.97373,0.24095,0.88737,0.08635999999999999,0.21226,0.028689999999999993,0.0001957962665448832,0.00019627127695778443,66140
1.6,0.89,x1 = 1.6; x2 = 0.89,1.6,0.9,x1 = 1.6; x2 = 0.9,0.40486457711323365,0.5951354228867662,0.38808362984679484,0.6119163701532051,0.710565641740313,0.28943435825968683,0.2204638298969269,0.7795361701030732,0.41066432003159903,0.5893356799684009,0.96355,0.23747,0.86799,0.76101,0.20566,0.17186,0.97373,0.24095,0.80253,0.17120000000000002,0.18498,0.05596999999999999,6.95934882237988e-05,6.969634077870837e-05,66170
1.6,0.9,x1 = 1.6; x2 = 0.9,1.6,0.9,x1 = 1.6; x2 = 0.9,0.40486457711323365,0.5951354228867662,0.4048645758755282,0.5951354241244717,0.7467162977691012,0.25328370223089874,0.09024396238273345,0.9097560376172666,0.35602635602295274,0.6439736439770473,0.97373,0.24095,0.81644,0.43728,0.18913,0.0821,0.97373,0.24095,0.59079,0.38293999999999995,0.12543,0.11551999999999998,0.005106852032248421,0.005023010152979582,66200
