z_x1,z_x2,z_note,x_x1,x_x2,x_note,"p(y=0|x,D)","p(y=1|x,D)","p(u=0|z,D)","p(u=1|z,D)","p(y=0|x,u=0,z,D)","p(y=1|x,u=0,z,D)","p(y=0|x,u=1,z,D)","p(y=1|x,u=1,z,D)","p(y=0|x,z,D)","p(y=1|x,z,D)","H[p(u|z,D)]","Var[p(u|z,D)]","H[p(y|x,u=0,z,D)]","H[p(y|x,u=1,z,D)]","Var[p(y|x,u=0,z,D)]","Var[p(y|x,u=1,z,D)]","H[p(y|x,D)]","Var[p(y|x,D)]",Va,Ve,Va_variance,Ve_variance,kl_pyx_pyxz,kl_pyxz_pyx,api_calls
2.6,-1.89,x1 = 2.6; x2 = -1.89,2.6,-1.9,x1 = 2.6; x2 = -1.9,0.18122665015800213,0.8187733498419979,0.1417006146192769,0.8582993853807231,0.7597342996103137,0.2402657003896862,0.0456209306780718,0.9543790693219281,0.14681123396361292,0.8531887660363869,0.58868,0.12162,0.79548,0.2675,0.18254,0.04354,0.68275,0.14838,0.34232,0.34042999999999995,0.06324,0.08514000000000001,0.004454704937252883,0.004210213556081553,78740
2.59,-1.91,x1 = 2.59; x2 = -1.91,2.6,-1.9,x1 = 2.6; x2 = -1.9,0.18122665015800213,0.8187733498419979,0.16850310839265836,0.8314968916073416,0.6427835517824306,0.3572164482175695,0.05296719899418828,0.9470328010058117,0.1523530878198279,0.8476469121801721,0.65427,0.14011,0.94035,0.29887,0.22961,0.05016,0.68275,0.14838,0.40696,0.27579,0.0804,0.06798000000000001,0.0030753470150701664,0.002936260097998959,78770
2.6,-1.9,x1 = 2.6; x2 = -1.9,2.6,-1.9,x1 = 2.6; x2 = -1.9,0.18122665015800213,0.8187733498419979,0.18122665015800213,0.8187733498419979,0.851446217564979,0.148553782435021,0.05111612184065698,0.9488838781593432,0.19615726410940904,0.8038427358905912,0.68275,0.14838,0.60621,0.29112,0.12649,0.0485,0.68275,0.14838,0.34822,0.33453,0.06263,0.08575,0.0007210281653485771,0.0007357802687994602,78800
