z_x1,z_x2,z_note,x_x1,x_x2,x_note,"p(y=0|x,D)","p(y=1|x,D)","p(u=0|z,D)","p(u=1|z,D)","p(y=0|x,u=0,z,D)","p(y=1|x,u=0,z,D)","p(y=0|x,u=1,z,D)","p(y=1|x,u=1,z,D)","p(y=0|x,z,D)","p(y=1|x,z,D)","H[p(u|z,D)]","Var[p(u|z,D)]","H[p(y|x,u=0,z,D)]","H[p(y|x,u=1,z,D)]","Var[p(y|x,u=0,z,D)]","Var[p(y|x,u=1,z,D)]","H[p(y|x,D)]","Var[p(y|x,D)]",Va,Ve,Va_variance,Ve_variance,kl_pyx_pyxz,kl_pyxz_pyx,api_calls
0.4,1.9,x1 = 0.4; x2 = 1.9,0.4,1.9,x1 = 0.4; x2 = 1.9,0.8900270357662352,0.10997296423376465,0.887992391395619,0.11200760860438094,0.9265214293644398,0.0734785706355602,0.19179085747372507,0.808209142526275,0.8442260150384316,0.15577398496156836,0.50594,0.09946,0.37877,0.7052,0.06808,0.15501,0.49983,0.09788,0.41533,0.08450000000000002,0.07782,0.020059999999999995,0.008732082420985145,0.009634272396803832,49840
0.41,1.9,x1 = 0.41; x2 = 1.9,0.4,1.9,x1 = 0.4; x2 = 1.9,0.8900270357662352,0.10997296423376465,0.8974693372866008,0.10253066271339902,0.9370472173345904,0.06295278266540957,0.6185000506675983,0.38149994933240167,0.904386365230748,0.09561363476925183,0.47697,0.09202,0.33906,0.95909,0.05899,0.23596,0.49983,0.09788,0.40263,0.09720000000000001,0.07713,0.02074999999999999,0.0011425939928467709,0.0010963693423447097,49870
0.38,1.91,x1 = 0.38; x2 = 1.91,0.4,1.9,x1 = 0.4; x2 = 1.9,0.8900270357662352,0.10997296423376465,0.8963969283995683,0.10360307160043151,0.9505095767137254,0.04949042328627462,0.5954910432383622,0.4045089567616379,0.913728566170597,0.08627143382940286,0.48031,0.09287,0.28423,0.97353,0.04704,0.24088,0.49983,0.09788,0.35564,0.14418999999999998,0.06712,0.030759999999999996,0.003302963700272294,0.003073168371266633,49900
