z_x1,z_x2,z_note,x_x1,x_x2,x_note,"p(y=0|x,D)","p(y=1|x,D)","p(u=0|z,D)","p(u=1|z,D)","p(y=0|x,u=0,z,D)","p(y=1|x,u=0,z,D)","p(y=0|x,u=1,z,D)","p(y=1|x,u=1,z,D)","p(y=0|x,z,D)","p(y=1|x,z,D)","H[p(u|z,D)]","Var[p(u|z,D)]","H[p(y|x,u=0,z,D)]","H[p(y|x,u=1,z,D)]","Var[p(y|x,u=0,z,D)]","Var[p(y|x,u=1,z,D)]","H[p(y|x,D)]","Var[p(y|x,D)]",Va,Ve,Va_variance,Ve_variance,kl_pyx_pyxz,kl_pyxz_pyx,api_calls
2.2,2.3,x1 = 2.2; x2 = 2.3,2.2,2.3,x1 = 2.2; x2 = 2.3,0.45098854767119095,0.549011452328809,0.45098854767119095,0.549011452328809,0.8638097619491424,0.1361902380508577,0.06604410455133847,0.9339558954486616,0.42582727976312695,0.574172720236873,0.99306,0.2476,0.57417,0.35098,0.11764,0.06168,0.99306,0.2476,0.45164,0.54142,0.08692,0.16068,0.0012886805974129285,0.001283281166919878,75240
2.19,2.31,x1 = 2.19; x2 = 2.31,2.2,2.3,x1 = 2.2; x2 = 2.3,0.45098854767119095,0.549011452328809,0.4725011414635695,0.5274988585364306,0.7882373588263936,0.21176264117360644,0.11402914913632156,0.8859708508636783,0.4325932977989902,0.5674067022010099,0.99782,0.24924,0.74484,0.51195,0.16692,0.10103,0.99306,0.2476,0.62199,0.37107,0.13216,0.11543999999999999,0.0006871450078482604,0.0006851582593813618,75270
2.18,2.31,x1 = 2.18; x2 = 2.31,2.2,2.3,x1 = 2.2; x2 = 2.3,0.45098854767119095,0.549011452328809,0.46373598655110915,0.5362640134488909,0.7844905762216092,0.21550942377839086,0.11155128734376991,0.88844871265623,0.4236174523605366,0.5763825476394635,0.9962,0.24868,0.75188,0.50458,0.16907,0.09911,0.99306,0.2476,0.61926,0.3738,0.13155,0.11604999999999999,0.0015262429473623558,0.0015191586394481538,75300
