z_x1,z_x2,z_note,x_x1,x_x2,x_note,"p(y=0|x,D)","p(y=1|x,D)","p(u=0|z,D)","p(u=1|z,D)","p(y=0|x,u=0,z,D)","p(y=1|x,u=0,z,D)","p(y=0|x,u=1,z,D)","p(y=1|x,u=1,z,D)","p(y=0|x,z,D)","p(y=1|x,z,D)","H[p(u|z,D)]","Var[p(u|z,D)]","H[p(y|x,u=0,z,D)]","H[p(y|x,u=1,z,D)]","Var[p(y|x,u=0,z,D)]","Var[p(y|x,u=1,z,D)]","H[p(y|x,D)]","Var[p(y|x,D)]",Va,Ve,Va_variance,Ve_variance,kl_pyx_pyxz,kl_pyxz_pyx,api_calls
-0.81,2.1,x1 = -0.81; x2 = 2.1,-0.8,2.1,x1 = -0.8; x2 = 2.1,0.8317013914676836,0.1682986085323161,0.85228452153712,0.1477154784628799,0.9400320874971548,0.0599679125028452,0.3554158412649446,0.6445841587350554,0.853675218967791,0.14632478103220892,0.60409,0.1259,0.32732,0.93881,0.05637,0.2291,0.6538,0.13997,0.41765,0.23615000000000003,0.08188,0.05809000000000002,0.001858289453697863,0.0017891131800899483,33140
-0.81,2.09,x1 = -0.81; x2 = 2.09,-0.8,2.1,x1 = -0.8; x2 = 2.1,0.8317013914676836,0.1682986085323161,0.8614360917838632,0.13856390821613682,0.9427135589900668,0.057286441009933076,0.3480341199215228,0.6519658800784772,0.8603124517769494,0.13968754822305054,0.58047,0.11936,0.31658,0.9323,0.054,0.22691,0.6538,0.13997,0.4019,0.25190000000000007,0.07796,0.06201000000000001,0.0032294227351952268,0.0030694129373235214,33170
-0.8,2.1,x1 = -0.8; x2 = 2.1,-0.8,2.1,x1 = -0.8; x2 = 2.1,0.8317013914676836,0.1682986085323161,0.8317013914676836,0.1682986085323161,0.9013644781571302,0.09863552184286982,0.1544842253152491,0.845515774684751,0.7756655708635769,0.22433442913642282,0.6538,0.13997,0.46466,0.62095,0.08891,0.13062,0.6538,0.13997,0.49096,0.16284000000000004,0.09593,0.04404000000000001,0.009644144750731713,0.010369054310276703,33200
