z_x1,z_x2,z_note,x_x1,x_x2,x_note,"p(y=0|x,D)","p(y=1|x,D)","p(u=0|z,D)","p(u=1|z,D)","p(y=0|x,u=0,z,D)","p(y=1|x,u=0,z,D)","p(y=0|x,u=1,z,D)","p(y=1|x,u=1,z,D)","p(y=0|x,z,D)","p(y=1|x,z,D)","H[p(u|z,D)]","Var[p(u|z,D)]","H[p(y|x,u=0,z,D)]","H[p(y|x,u=1,z,D)]","Var[p(y|x,u=0,z,D)]","Var[p(y|x,u=1,z,D)]","H[p(y|x,D)]","Var[p(y|x,D)]",Va,Ve,Va_variance,Ve_variance,kl_pyx_pyxz,kl_pyxz_pyx,api_calls
-1.2,2.91,x1 = -1.2; x2 = 2.91,-1.2,2.9,x1 = -1.2; x2 = 2.9,0.847177786490868,0.15282221350913197,0.8615845149060405,0.13841548509395954,0.934609484215984,0.06539051578401595,0.15073845576597833,0.8492615442340217,0.8261095955619755,0.17389040443802445,0.58007,0.11926,0.34848,0.61169,0.06111,0.12802,0.61686,0.12947,0.38491,0.23195,0.07037,0.0591,0.0015975971440639926,0.001653922615178386,27940
-1.19,2.91,x1 = -1.19; x2 = 2.91,-1.2,2.9,x1 = -1.2; x2 = 2.9,0.847177786490868,0.15282221350913197,0.8675455139961157,0.13245448600388426,0.9458450955206168,0.054154904479383245,0.29272378319289827,0.7072762168071017,0.8593362477980664,0.14066375220193356,0.56413,0.11491,0.30379,0.87221,0.05122,0.20704,0.61686,0.12947,0.37908,0.23778,0.07186,0.05761000000000001,0.0005973704815099064,0.0005838562381115658,27970
-1.19,2.89,x1 = -1.19; x2 = 2.89,-1.2,2.9,x1 = -1.2; x2 = 2.9,0.847177786490868,0.15282221350913197,0.8643622196589977,0.13563778034100235,0.947812219857844,0.05218778014215597,0.29089565252134836,0.7091043474786517,0.8587095147950913,0.14129048520490886,0.5727,0.11724,0.29562,0.86988,0.04946,0.20628,0.61686,0.12947,0.37351,0.24334999999999996,0.07073,0.05874,0.0005360683639619116,0.0005245902156168908,28000
