z_x1,z_x2,z_note,x_x1,x_x2,x_note,"p(y=0|x,D)","p(y=1|x,D)","p(u=0|z,D)","p(u=1|z,D)","p(y=0|x,u=0,z,D)","p(y=1|x,u=0,z,D)","p(y=0|x,u=1,z,D)","p(y=1|x,u=1,z,D)","p(y=0|x,z,D)","p(y=1|x,z,D)","H[p(u|z,D)]","Var[p(u|z,D)]","H[p(y|x,u=0,z,D)]","H[p(y|x,u=1,z,D)]","Var[p(y|x,u=0,z,D)]","Var[p(y|x,u=1,z,D)]","H[p(y|x,D)]","Var[p(y|x,D)]",Va,Ve,Va_variance,Ve_variance,kl_pyx_pyxz,kl_pyxz_pyx,api_calls
-2.21,-1.5,x1 = -2.21; x2 = -1.5,-2.2,-1.5,x1 = -2.2; x2 = -1.5,0.735223811344208,0.264776188655792,0.7673831864993422,0.2326168135006578,0.8844400562592754,0.11555994374072462,0.2726022664111826,0.7273977335888173,0.7421162992055269,0.25788370079447304,0.78255,0.17851,0.51646,0.84517,0.10221,0.19829,0.83387,0.19467,0.59292,0.24095,0.12456,0.07011,0.00012340529116328016,0.0001227061315084068,11740
-2.19,-1.5,x1 = -2.19; x2 = -1.5,-2.2,-1.5,x1 = -2.2; x2 = -1.5,0.735223811344208,0.264776188655792,0.758377328497569,0.24162267150243086,0.8811521429087212,0.11884785709127857,0.2780452839753516,0.7219547160246483,0.7354278524518006,0.2645721475481991,0.79773,0.18324,0.52604,0.85277,0.10472,0.20074,0.83387,0.19467,0.60499,0.22887999999999997,0.12792,0.06675,1.0696697176862282e-07,1.0694937913567886e-07,11770
-2.2,-1.49,x1 = -2.2; x2 = -1.49,-2.2,-1.5,x1 = -2.2; x2 = -1.5,0.735223811344208,0.264776188655792,0.7626737281285787,0.23732627187142122,0.900446794936635,0.0995532050633649,0.19744406353685795,0.8025559364631418,0.7336057775780997,0.26639422242190003,0.79057,0.181,0.46758,0.71679,0.08964,0.15846,0.83387,0.19467,0.52672,0.30715000000000003,0.10597,0.08870000000000001,6.706860951239757e-06,6.7155613394215795e-06,11800
