z_x1,z_x2,z_note,x_x1,x_x2,x_note,"p(y=0|x,D)","p(y=1|x,D)","p(u=0|z,D)","p(u=1|z,D)","p(y=0|x,u=0,z,D)","p(y=1|x,u=0,z,D)","p(y=0|x,u=1,z,D)","p(y=1|x,u=1,z,D)","p(y=0|x,z,D)","p(y=1|x,z,D)","H[p(u|z,D)]","Var[p(u|z,D)]","H[p(y|x,u=0,z,D)]","H[p(y|x,u=1,z,D)]","Var[p(y|x,u=0,z,D)]","Var[p(y|x,u=1,z,D)]","H[p(y|x,D)]","Var[p(y|x,D)]",Va,Ve,Va_variance,Ve_variance,kl_pyx_pyxz,kl_pyxz_pyx,api_calls
2.21,2.11,x1 = 2.21; x2 = 2.11,2.2,2.1,x1 = 2.2; x2 = 2.1,0.37443187891309737,0.6255681210869027,0.37846283172086814,0.6215371682791319,0.7385129319271743,0.2614870680728258,0.10128607154434621,0.8987139284556539,0.3424527535734296,0.6575472464265705,0.95695,0.23523,0.82898,0.47306,0.19311,0.09103,0.95401,0.23423,0.60776,0.34625000000000006,0.12966,0.10457,0.0022392824615581237,0.0022100555546470738,75140
2.2,2.1,x1 = 2.2; x2 = 2.1,2.2,2.1,x1 = 2.2; x2 = 2.1,0.37443187891309737,0.6255681210869027,0.3800717854923654,0.6199282145076347,0.8568493502892967,0.14315064971070343,0.05601514903053589,0.9439848509694642,0.3603896337863054,0.6396103662136948,0.95809,0.23562,0.59243,0.31142,0.12266,0.05288,0.95401,0.23423,0.41822,0.53579,0.0794,0.15483,0.00042537091489788965,0.0004231048276629665,75170
2.21,2.1,x1 = 2.21; x2 = 2.1,2.2,2.1,x1 = 2.2; x2 = 2.1,0.37443187891309737,0.6255681210869027,0.36780205415128137,0.6321979458487187,0.7318004964755409,0.26819950352445904,0.09937767052596946,0.9006223294740305,0.33198408500238014,0.6680159149976199,0.94897,0.23252,0.83887,0.46702,0.19627,0.0895,0.95401,0.23423,0.60379,0.35022,0.12877,0.10546,0.003983060434147867,0.003911152083498896,75200
