z_x1,z_x2,z_note,x_x1,x_x2,x_note,"p(y=0|x,D)","p(y=1|x,D)","p(u=0|z,D)","p(u=1|z,D)","p(y=0|x,u=0,z,D)","p(y=1|x,u=0,z,D)","p(y=0|x,u=1,z,D)","p(y=1|x,u=1,z,D)","p(y=0|x,z,D)","p(y=1|x,z,D)","H[p(u|z,D)]","Var[p(u|z,D)]","H[p(y|x,u=0,z,D)]","H[p(y|x,u=1,z,D)]","Var[p(y|x,u=0,z,D)]","Var[p(y|x,u=1,z,D)]","H[p(y|x,D)]","Var[p(y|x,D)]",Va,Ve,Va_variance,Ve_variance,kl_pyx_pyxz,kl_pyxz_pyx,api_calls
0.82,-2.3,x1 = 0.82; x2 = -2.3,0.8,-2.3,x1 = 0.8; x2 = -2.3,0.34277731400171907,0.6572226859982809,0.32860579732707534,0.6713942026729247,0.7480214331908064,0.2519785668091937,0.16022926202142265,0.8397707379785775,0.35338117709115074,0.6466188229088494,0.9135,0.22062,0.8144,0.63486,0.18849,0.13456,0.92745,0.22528,0.69386,0.23358999999999996,0.15228,0.07300000000000001,0.0002471846335203205,0.0002483574228754285,53340
0.79,-2.3,x1 = 0.79; x2 = -2.3,0.8,-2.3,x1 = 0.8; x2 = -2.3,0.34277731400171907,0.6572226859982809,0.34601093312355763,0.6539890668764423,0.7517570523703765,0.2482429476296235,0.15170134845748123,0.8482986515425189,0.35932718249449536,0.6406728175055048,0.93045,0.22629,0.80848,0.61408,0.18662,0.12869,0.92745,0.22528,0.68134,0.24611000000000005,0.14873,0.07655,0.0005990573020908177,0.0006033956117625153,53370
0.8,-2.31,x1 = 0.8; x2 = -2.31,0.8,-2.3,x1 = 0.8; x2 = -2.3,0.34277731400171907,0.6572226859982809,0.32208052111463237,0.6779194788853675,0.8378496435072051,0.16215035649279486,0.1130989715954761,0.8869010284045238,0.34652704568298576,0.6534729543170141,0.90663,0.21834,0.63943,0.50919,0.13586,0.10031,0.92745,0.22528,0.55114,0.37631000000000003,0.11176,0.11352000000000001,3.1099055533042284e-05,3.115257213729544e-05,53400
