z_x1,z_x2,z_note,x_x1,x_x2,x_note,"p(y=0|x,D)","p(y=1|x,D)","p(u=0|z,D)","p(u=1|z,D)","p(y=0|x,u=0,z,D)","p(y=1|x,u=0,z,D)","p(y=0|x,u=1,z,D)","p(y=1|x,u=1,z,D)","p(y=0|x,z,D)","p(y=1|x,z,D)","H[p(u|z,D)]","Var[p(u|z,D)]","H[p(y|x,u=0,z,D)]","H[p(y|x,u=1,z,D)]","Var[p(y|x,u=0,z,D)]","Var[p(y|x,u=1,z,D)]","H[p(y|x,D)]","Var[p(y|x,D)]",Va,Ve,Va_variance,Ve_variance,kl_pyx_pyxz,kl_pyxz_pyx,api_calls
-2.19,-2.1,x1 = -2.19; x2 = -2.1,-2.2,-2.1,x1 = -2.2; x2 = -2.1,0.7016925693603023,0.29830743063969767,0.729633324497154,0.270366675502846,0.8809578158329388,0.11904218416706136,0.23319696569848247,0.7668030343015174,0.7058248682611886,0.2941751317388115,0.84199,0.19727,0.5266,0.78354,0.10487,0.17882,0.87921,0.20932,0.59607,0.28314000000000006,0.12486,0.08446000000000001,4.100848235114897e-05,4.089821515811543e-05,11440
-2.21,-2.1,x1 = -2.21; x2 = -2.1,-2.2,-2.1,x1 = -2.2; x2 = -2.1,0.7016925693603023,0.29830743063969767,0.7341076582064049,0.2658923417935951,0.8843994810488759,0.11560051895112403,0.2321018139693435,0.7678981860306566,0.7109585268026002,0.2890414731973998,0.83551,0.19519,0.51658,0.78166,0.10224,0.17823,0.87921,0.20932,0.58706,0.29215,0.12245,0.08687,0.00020760564254890604,0.00020633379059197682,11470
-2.21,-2.09,x1 = -2.21; x2 = -2.09,-2.2,-2.1,x1 = -2.2; x2 = -2.1,0.7016925693603023,0.29830743063969767,0.7310724131701991,0.26892758682980084,0.8851351256381257,0.11486487436187429,0.23707656992259335,0.7629234300774067,0.7108543021251414,0.28914569787485844,0.83992,0.19661,0.51442,0.79014,0.10167,0.18087,0.87921,0.20932,0.58857,0.29064,0.12297,0.08635000000000001,0.0002029330203335688,0.00020170417546480808,11500
