z_x1,z_x2,z_note,x_x1,x_x2,x_note,"p(y=0|x,D)","p(y=1|x,D)","p(u=0|z,D)","p(u=1|z,D)","p(y=0|x,u=0,z,D)","p(y=1|x,u=0,z,D)","p(y=0|x,u=1,z,D)","p(y=1|x,u=1,z,D)","p(y=0|x,z,D)","p(y=1|x,z,D)","H[p(u|z,D)]","Var[p(u|z,D)]","H[p(y|x,u=0,z,D)]","H[p(y|x,u=1,z,D)]","Var[p(y|x,u=0,z,D)]","Var[p(y|x,u=1,z,D)]","H[p(y|x,D)]","Var[p(y|x,D)]",Va,Ve,Va_variance,Ve_variance,kl_pyx_pyxz,kl_pyxz_pyx,api_calls
-1.41,-1.3,x1 = -1.41; x2 = -1.3,-1.4,-1.3,x1 = -1.4; x2 = -1.3,0.7864394074173227,0.2135605925826773,0.7963745945170065,0.2036254054829934,0.8836734099381429,0.11632659006185708,0.4123122579283633,0.5876877420716367,0.7876923042312206,0.21230769576877934,0.72912,0.16216,0.51871,0.9777,0.10279,0.24231,0.74823,0.16795,0.61217,0.13605999999999996,0.1312,0.03674999999999998,4.6865775059367915e-06,4.6798771810808645e-06,23040
-1.4,-1.29,x1 = -1.4; x2 = -1.29,-1.4,-1.3,x1 = -1.4; x2 = -1.3,0.7864394074173227,0.2135605925826773,0.7954036058410002,0.20459639415899974,0.8907495893582567,0.1092504106417432,0.25917081303968065,0.7408291869603194,0.7615308490961225,0.23846915090387735,0.73103,0.16274,0.49765,0.82549,0.09731,0.192,0.74823,0.16795,0.56472,0.18350999999999995,0.11668,0.05126999999999998,0.0017516820849149267,0.0017978959152586266,23070
-1.39,-1.29,x1 = -1.39; x2 = -1.29,-1.4,-1.3,x1 = -1.4; x2 = -1.3,0.7864394074173227,0.2135605925826773,0.7856071052031999,0.21439289479680018,0.8892389150897877,0.11076108491021235,0.4120190585916322,0.5879809414083679,0.7869263686006347,0.21307363139936547,0.7498,0.16843,0.50221,0.97755,0.09849,0.24226,0.74823,0.16795,0.60412,0.14410999999999996,0.12931,0.03863999999999998,7.067305384937965e-07,7.063386950515002e-07,23100
