z_x1,z_x2,z_note,x_x1,x_x2,x_note,"p(y=0|x,D)","p(y=1|x,D)","p(u=0|z,D)","p(u=1|z,D)","p(y=0|x,u=0,z,D)","p(y=1|x,u=0,z,D)","p(y=0|x,u=1,z,D)","p(y=1|x,u=1,z,D)","p(y=0|x,z,D)","p(y=1|x,z,D)","H[p(u|z,D)]","Var[p(u|z,D)]","H[p(y|x,u=0,z,D)]","H[p(y|x,u=1,z,D)]","Var[p(y|x,u=0,z,D)]","Var[p(y|x,u=1,z,D)]","H[p(y|x,D)]","Var[p(y|x,D)]",Va,Ve,Va_variance,Ve_variance,kl_pyx_pyxz,kl_pyxz_pyx,api_calls
-0.81,2.69,x1 = -0.81; x2 = 2.69,-0.8,2.7,x1 = -0.8; x2 = 2.7,0.8107951906598447,0.1892048093401552,0.8444026615294291,0.1555973384705708,0.9402818568315409,0.05971814316845908,0.3172565240154315,0.6827434759845685,0.8433407732456126,0.1566592267543873,0.62367,0.13139,0.32633,0.90137,0.05615,0.2166,0.69981,0.15341,0.4158,0.28401000000000004,0.08112,0.07229,0.003804405162620525,0.0036196585357778435,33440
-0.8,2.7,x1 = -0.8; x2 = 2.7,-0.8,2.7,x1 = -0.8; x2 = 2.7,0.8107951906598447,0.1892048093401552,0.8128838830364422,0.18711611696355773,0.9069741916275971,0.09302580837240293,0.13156493344017936,0.8684350665598208,0.7618826221779745,0.23811737782202536,0.6954,0.1521,0.44649,0.56171,0.08437,0.11426,0.69981,0.15341,0.46805,0.23176000000000002,0.08996,0.06344999999999999,0.006945537123966179,0.007344594481597112,33470
-0.79,2.7,x1 = -0.79; x2 = 2.7,-0.8,2.7,x1 = -0.8; x2 = 2.7,0.8107951906598447,0.1892048093401552,0.8272150682466715,0.1727849317533285,0.9297340129944809,0.07026598700551916,0.3413798075559596,0.6586201924440404,0.8280752717610022,0.17192472823899785,0.66404,0.14293,0.36692,0.92613,0.06533,0.22484,0.69981,0.15341,0.46354,0.23627000000000004,0.09289,0.06051999999999999,0.0010222576016529449,0.0009971254448353992,33500
