z_x1,z_x2,z_note,x_x1,x_x2,x_note,"p(y=0|x,D)","p(y=1|x,D)","p(u=0|z,D)","p(u=1|z,D)","p(y=0|x,u=0,z,D)","p(y=1|x,u=0,z,D)","p(y=0|x,u=1,z,D)","p(y=1|x,u=1,z,D)","p(y=0|x,z,D)","p(y=1|x,z,D)","H[p(u|z,D)]","Var[p(u|z,D)]","H[p(y|x,u=0,z,D)]","H[p(y|x,u=1,z,D)]","Var[p(y|x,u=0,z,D)]","Var[p(y|x,u=1,z,D)]","H[p(y|x,D)]","Var[p(y|x,D)]",Va,Ve,Va_variance,Ve_variance,kl_pyx_pyxz,kl_pyxz_pyx,api_calls
-1.61,-1.29,x1 = -1.61; x2 = -1.29,-1.6,-1.3,x1 = -1.6; x2 = -1.3,0.7992289463994122,0.20077105360058778,0.8001716164135603,0.1998283835864398,0.8994147678157288,0.10058523218427111,0.3691926184236691,0.6308073815763309,0.7934613327609858,0.20653866723901423,0.72158,0.1599,0.47085,0.95005,0.09047,0.23289,0.72347,0.16046,0.56661,0.15686,0.11893,0.04153,0.00010220243552008703,0.00010292309230334421,20240
-1.6,-1.3,x1 = -1.6; x2 = -1.3,-1.6,-1.3,x1 = -1.6; x2 = -1.3,0.7992289463994122,0.20077105360058778,0.7992289463994122,0.20077105360058778,0.9298465863007402,0.07015341369925956,0.14903420416234647,0.8509657958376536,0.7730820616744302,0.2269179383255697,0.72347,0.16046,0.3665,0.60742,0.06523,0.12682,0.72347,0.16046,0.41487,0.30859999999999993,0.0776,0.08285999999999999,0.002005107540810406,0.002065582440392042,20270
-1.59,-1.3,x1 = -1.59; x2 = -1.3,-1.6,-1.3,x1 = -1.6; x2 = -1.3,0.7992289463994122,0.20077105360058778,0.7990643680978055,0.20093563190219457,0.8815092384747008,0.11849076152529928,0.38848710375597867,0.6115128962440214,0.7824435242932254,0.2175564757067746,0.7238,0.16056,0.52501,0.96382,0.10445,0.23756,0.72347,0.16046,0.61318,0.11029,0.1312,0.02925999999999998,0.0008436324186004013,0.0008604060543926477,20300
