z_x1,z_x2,z_note,x_x1,x_x2,x_note,"p(y=0|x,D)","p(y=1|x,D)","p(u=0|z,D)","p(u=1|z,D)","p(y=0|x,u=0,z,D)","p(y=1|x,u=0,z,D)","p(y=0|x,u=1,z,D)","p(y=1|x,u=1,z,D)","p(y=0|x,z,D)","p(y=1|x,z,D)","H[p(u|z,D)]","Var[p(u|z,D)]","H[p(y|x,u=0,z,D)]","H[p(y|x,u=1,z,D)]","Var[p(y|x,u=0,z,D)]","Var[p(y|x,u=1,z,D)]","H[p(y|x,D)]","Var[p(y|x,D)]",Va,Ve,Va_variance,Ve_variance,kl_pyx_pyxz,kl_pyxz_pyx,api_calls
0.59,0.7,x1 = 0.59; x2 = 0.7,0.6,0.7,x1 = 0.6; x2 = 0.7,0.743294802767335,0.25670519723266516,0.7159021206123927,0.28409787938760733,0.7746912999477014,0.2253087000522987,0.5696758381330097,0.4303241618669903,0.7164468420044765,0.28355315799552355,0.86097,0.20339,0.76974,0.98595,0.17454,0.24515,0.82173,0.19081,0.83116,-0.00943000000000005,0.1946,-0.003789999999999988,0.0018100453437349291,0.001848256824136408,52040
0.6,0.7,x1 = 0.6; x2 = 0.7,0.6,0.7,x1 = 0.6; x2 = 0.7,0.743294802767335,0.25670519723266516,0.743294802767335,0.25670519723266516,0.8342555649058607,0.16574443509413941,0.24522030158557223,0.7547796984144277,0.6830471514582312,0.31695284854176886,0.82173,0.19081,0.64788,0.80361,0.13827,0.18509,0.82173,0.19081,0.68786,0.13386999999999993,0.15029,0.04052,0.008710059751517014,0.009084296896130273,52070
0.61,0.7,x1 = 0.61; x2 = 0.7,0.6,0.7,x1 = 0.6; x2 = 0.7,0.743294802767335,0.25670519723266516,0.7143599724552715,0.28564002754472856,0.7708688348835206,0.22913116511647935,0.5433093314723247,0.4566906685276752,0.7058687320610819,0.2941312679389181,0.86302,0.20405,0.77649,0.99458,0.17663,0.24812,0.82173,0.19081,0.83879,-0.017060000000000075,0.19705,-0.0062399999999999956,0.003464156291056869,0.0035630104479350347,52100
