z_x1,z_x2,z_note,x_x1,x_x2,x_note,"p(y=0|x,D)","p(y=1|x,D)","p(u=0|z,D)","p(u=1|z,D)","p(y=0|x,u=0,z,D)","p(y=1|x,u=0,z,D)","p(y=0|x,u=1,z,D)","p(y=1|x,u=1,z,D)","p(y=0|x,z,D)","p(y=1|x,z,D)","H[p(u|z,D)]","Var[p(u|z,D)]","H[p(y|x,u=0,z,D)]","H[p(y|x,u=1,z,D)]","Var[p(y|x,u=0,z,D)]","Var[p(y|x,u=1,z,D)]","H[p(y|x,D)]","Var[p(y|x,D)]",Va,Ve,Va_variance,Ve_variance,kl_pyx_pyxz,kl_pyxz_pyx,api_calls
2.01,2.51,x1 = 2.01; x2 = 2.51,2.0,2.5,x1 = 2.0; x2 = 2.5,0.4752945407157522,0.5247054592842477,0.4666220432349021,0.5333779567650979,0.7731902439351414,0.22680975606485862,0.12617309693597628,0.8738269030640238,0.4280855600767437,0.5719144399232563,0.99678,0.24889,0.77241,0.54685,0.17537,0.11025,0.99824,0.24939,0.6521,0.34614,0.14064,0.10875000000000001,0.00451673467391981,0.004489036460607124,72540
2.0,2.49,x1 = 2.0; x2 = 2.49,2.0,2.5,x1 = 2.0; x2 = 2.5,0.4752945407157522,0.5247054592842477,0.44233733704869305,0.557662662951307,0.8157744744178638,0.18422552558213617,0.10233011476673308,0.897669885233267,0.4179131929472243,0.5820868070527758,0.99038,0.24668,0.68923,0.47634,0.15029,0.09186,0.99824,0.24939,0.57051,0.42773000000000005,0.11771,0.13168000000000002,0.006696599529771641,0.006641320253644389,72570
2.01,2.5,x1 = 2.01; x2 = 2.5,2.0,2.5,x1 = 2.0; x2 = 2.5,0.4752945407157522,0.5247054592842477,0.42073502550448544,0.5792649744955146,0.7690498002237676,0.23095019977623252,0.1181394745894675,0.8818605254105325,0.39200024704634767,0.6079997529536524,0.98179,0.24372,0.77966,0.52399,0.17761,0.10418,0.99824,0.24939,0.63156,0.36668,0.13507,0.11432,0.01426731955377998,0.014053542250130571,72600
