z_x1,z_x2,z_note,x_x1,x_x2,x_note,"p(y=0|x,D)","p(y=1|x,D)","p(u=0|z,D)","p(u=1|z,D)","p(y=0|x,u=0,z,D)","p(y=1|x,u=0,z,D)","p(y=0|x,u=1,z,D)","p(y=1|x,u=1,z,D)","p(y=0|x,z,D)","p(y=1|x,z,D)","H[p(u|z,D)]","Var[p(u|z,D)]","H[p(y|x,u=0,z,D)]","H[p(y|x,u=1,z,D)]","Var[p(y|x,u=0,z,D)]","Var[p(y|x,u=1,z,D)]","H[p(y|x,D)]","Var[p(y|x,D)]",Va,Ve,Va_variance,Ve_variance,kl_pyx_pyxz,kl_pyxz_pyx,api_calls
2.83,0.69,x1 = 2.83; x2 = 0.69,2.8,0.7,x1 = 2.8; x2 = 0.7,0.15409302104503836,0.8459069789549616,0.13820930325554628,0.8617906967444536,0.5301939857776368,0.4698060142223633,0.07693193874718998,0.92306806125281,0.13957697045945067,0.8604230295405493,0.57953,0.11911,0.99737,0.39128,0.24909,0.07101,0.61999,0.13035,0.47505,0.14494000000000007,0.09562,0.03473,0.0008530939224949147,0.00083011483448313,82840
2.79,0.69,x1 = 2.79; x2 = 0.69,2.8,0.7,x1 = 2.8; x2 = 0.7,0.15409302104503836,0.8459069789549616,0.1348747220875507,0.8651252779124492,0.5219486755370957,0.4780513244629043,0.07354051969193273,0.9264594803080672,0.13401944509334018,0.8659805549066597,0.57066,0.11668,0.99861,0.379,0.24952,0.06813,0.61999,0.13035,0.46257,0.15742000000000006,0.09259,0.03775999999999999,0.0016678991879550131,0.0016045876134148374,82870
2.81,0.7,x1 = 2.81; x2 = 0.7,2.8,0.7,x1 = 2.8; x2 = 0.7,0.15409302104503836,0.8459069789549616,0.1434710310355108,0.8565289689644893,0.5371140867378749,0.46288591326212514,0.0760012382039876,0.9239987617960124,0.14215757400686574,0.8578424259931343,0.59326,0.12289,0.99602,0.38793,0.24862,0.07023,0.61999,0.13035,0.47517,0.14482000000000006,0.09582,0.03452999999999999,0.0005710025421815559,0.0005584650990393611,82900
