z_x1,z_x2,z_note,x_x1,x_x2,x_note,"p(y=0|x,D)","p(y=1|x,D)","p(u=0|z,D)","p(u=1|z,D)","p(y=0|x,u=0,z,D)","p(y=1|x,u=0,z,D)","p(y=0|x,u=1,z,D)","p(y=1|x,u=1,z,D)","p(y=0|x,z,D)","p(y=1|x,z,D)","H[p(u|z,D)]","Var[p(u|z,D)]","H[p(y|x,u=0,z,D)]","H[p(y|x,u=1,z,D)]","Var[p(y|x,u=0,z,D)]","Var[p(y|x,u=1,z,D)]","H[p(y|x,D)]","Var[p(y|x,D)]",Va,Ve,Va_variance,Ve_variance,kl_pyx_pyxz,kl_pyxz_pyx,api_calls
-2.59,0.11,x1 = -2.59; x2 = 0.11,-2.6,0.1,x1 = -2.6; x2 = 0.1,0.7562794121561037,0.24372058784389639,0.8240592379199334,0.17594076208006668,0.9278454823136248,0.07215451768637518,0.2759657221228219,0.7240342778771782,0.8131532605210839,0.1868467394789162,0.67112,0.14499,0.37391,0.8499,0.06695,0.19981,0.80117,0.18432,0.45766,0.34351000000000004,0.09033,0.09399000000000002,0.009927941659024317,0.009309207294731878,6940
-2.61,0.1,x1 = -2.61; x2 = 0.1,-2.6,0.1,x1 = -2.6; x2 = 0.1,0.7562794121561037,0.24372058784389639,0.8184143963743494,0.18158560362565065,0.9265155143320101,0.07348448566799004,0.2463568054173441,0.7536431945826559,0.8030084846124973,0.19699151538750287,0.68353,0.14861,0.37879,0.80545,0.06808,0.18567,0.80117,0.18432,0.45627,0.34490000000000004,0.08943,0.09489000000000002,0.006536535055616653,0.006211910957272533,6970
-2.59,0.08,x1 = -2.59; x2 = 0.08,-2.6,0.1,x1 = -2.6; x2 = 0.1,0.7562794121561037,0.24372058784389639,0.8256338717280818,0.1743661282719182,0.9302431195128855,0.0697568804871145,0.2776819182725135,0.7223180817274867,0.8164585493921298,0.18354145060787025,0.6676,0.14396,0.36502,0.85227,0.06489,0.20057,0.80117,0.18432,0.44998,0.35119000000000006,0.08855,0.09577000000000001,0.011210031060739652,0.010463313746537618,7000
