z_x1,z_x2,z_note,x_x1,x_x2,x_note,"p(y=0|x,D)","p(y=1|x,D)","p(u=0|z,D)","p(u=1|z,D)","p(y=0|x,u=0,z,D)","p(y=1|x,u=0,z,D)","p(y=0|x,u=1,z,D)","p(y=1|x,u=1,z,D)","p(y=0|x,z,D)","p(y=1|x,z,D)","H[p(u|z,D)]","Var[p(u|z,D)]","H[p(y|x,u=0,z,D)]","H[p(y|x,u=1,z,D)]","Var[p(y|x,u=0,z,D)]","Var[p(y|x,u=1,z,D)]","H[p(y|x,D)]","Var[p(y|x,D)]",Va,Ve,Va_variance,Ve_variance,kl_pyx_pyxz,kl_pyxz_pyx,api_calls
-1.99,1.9,x1 = -1.99; x2 = 1.9,-2.0,1.9,x1 = -2.0; x2 = 1.9,0.7502910577854119,0.2497089422145881,0.8670177623277805,0.13298223767221945,0.8968026008578047,0.10319739914219535,0.34078944423885754,0.6592105557611425,0.8228627271154229,0.17713727288457715,0.56556,0.1153,0.47905,0.92557,0.09255,0.22465,0.81082,0.18735,0.53843,0.27239,0.11012,0.07723,0.016469805164998713,0.015149613555315064,16240
-2.0,1.89,x1 = -2.0; x2 = 1.89,-2.0,1.9,x1 = -2.0; x2 = 1.9,0.7502910577854119,0.2497089422145881,0.7729146352128831,0.22708536478711694,0.9087132955791766,0.09128670442082325,0.15199420855968077,0.8480057914403194,0.7368734656619803,0.2631265343380196,0.7729,0.17552,0.44075,0.61481,0.08295,0.12889,0.81082,0.18735,0.48028,0.33054,0.09338,0.09396999999999998,0.0004694934571333031,0.000474890969248621,16270
-2.01,1.9,x1 = -2.01; x2 = 1.9,-2.0,1.9,x1 = -2.0; x2 = 1.9,0.7502910577854119,0.2497089422145881,0.8027009004896672,0.1972990995103327,0.9063972719187579,0.09360272808124222,0.22512898551010277,0.7748710144898971,0.7719836524853827,0.22801634751461725,0.71649,0.15837,0.44838,0.76942,0.08484,0.17445,0.81082,0.18735,0.51172,0.29910000000000003,0.10252,0.08482999999999999,0.0013082994152133105,0.0012813809448328113,16300
