z_x1,z_x2,z_note,x_x1,x_x2,x_note,"p(y=0|x,D)","p(y=1|x,D)","p(u=0|z,D)","p(u=1|z,D)","p(y=0|x,u=0,z,D)","p(y=1|x,u=0,z,D)","p(y=0|x,u=1,z,D)","p(y=1|x,u=1,z,D)","p(y=0|x,z,D)","p(y=1|x,z,D)","H[p(u|z,D)]","Var[p(u|z,D)]","H[p(y|x,u=0,z,D)]","H[p(y|x,u=1,z,D)]","Var[p(y|x,u=0,z,D)]","Var[p(y|x,u=1,z,D)]","H[p(y|x,D)]","Var[p(y|x,D)]",Va,Ve,Va_variance,Ve_variance,kl_pyx_pyxz,kl_pyxz_pyx,api_calls
-1.4,0.31,x1 = -1.4; x2 = 0.31,-1.4,0.3,x1 = -1.4; x2 = 0.3,0.8360318813615908,0.16396811863840924,0.854007697622178,0.14599230237782215,0.9058570789713102,0.09414292102869011,0.46103009852478516,0.5389699014752148,0.8409157639361476,0.15908423606385275,0.59972,0.12468,0.45015,0.99561,0.08528,0.24848,0.64372,0.13708,0.52978,0.11393999999999993,0.10911,0.02797000000000001,8.842181793233556e-05,8.770518560500661e-05,23840
-1.4,0.3,x1 = -1.4; x2 = 0.3,-1.4,0.3,x1 = -1.4; x2 = 0.3,0.8360318813615908,0.16396811863840924,0.8360318804991106,0.1639681195008895,0.9220535972877062,0.07794640271229376,0.30004385157976965,0.6999561484202304,0.8200638289727494,0.1799361710272506,0.64372,0.13708,0.3949,0.88134,0.07187,0.21002,0.64372,0.13708,0.47466,0.16905999999999993,0.09452,0.04256,0.0008849302679546089,0.0009069206228545512,23870
-1.41,0.3,x1 = -1.41; x2 = 0.3,-1.4,0.3,x1 = -1.4; x2 = 0.3,0.8360318813615908,0.16396811863840924,0.8580152049585678,0.1419847950414323,0.9169404161587049,0.08305958384129511,0.6400402852922624,0.3599597147077375,0.8776248078306874,0.12237519216931272,0.58941,0.12183,0.41287,0.94265,0.07616,0.23039,0.64372,0.13708,0.48809,0.15562999999999994,0.09806,0.03902000000000001,0.007382469696838784,0.006806240422634002,23900
