z_x1,z_x2,z_note,x_x1,x_x2,x_note,"p(y=0|x,D)","p(y=1|x,D)","p(u=0|z,D)","p(u=1|z,D)","p(y=0|x,u=0,z,D)","p(y=1|x,u=0,z,D)","p(y=0|x,u=1,z,D)","p(y=1|x,u=1,z,D)","p(y=0|x,z,D)","p(y=1|x,z,D)","H[p(u|z,D)]","Var[p(u|z,D)]","H[p(y|x,u=0,z,D)]","H[p(y|x,u=1,z,D)]","Var[p(y|x,u=0,z,D)]","Var[p(y|x,u=1,z,D)]","H[p(y|x,D)]","Var[p(y|x,D)]",Va,Ve,Va_variance,Ve_variance,kl_pyx_pyxz,kl_pyxz_pyx,api_calls
-1.99,1.71,x1 = -1.99; x2 = 1.71,-2.0,1.7,x1 = -2.0; x2 = 1.7,0.7607639079360362,0.2392360920639638,0.8778074740520084,0.12219252594799164,0.8999030703148163,0.10009692968518358,0.35364663307082317,0.646353366929177,0.8331546164326223,0.16684538356737771,0.53563,0.10726,0.4693,0.93728,0.09008,0.22858,0.79377,0.182,0.52648,0.26729,0.107,0.075,0.017066182527792392,0.015602262307713853,16140
-2.01,1.7,x1 = -2.01; x2 = 1.7,-2.0,1.7,x1 = -2.0; x2 = 1.7,0.7607639079360362,0.2392360920639638,0.8143777161118562,0.1856222838881439,0.9173885653874357,0.0826114346125644,0.22231986080433702,0.7776801391956631,0.7883683249835475,0.2116316750164528,0.69222,0.15117,0.41131,0.76438,0.07579,0.17289,0.79377,0.182,0.47685,0.31692,0.09381,0.08818999999999999,0.002215789460809456,0.002152494791820961,16170
-1.99,1.7,x1 = -1.99; x2 = 1.7,-2.0,1.7,x1 = -2.0; x2 = 1.7,0.7607639079360362,0.2392360920639638,0.8661000851781957,0.13389991482180436,0.8970893013527264,0.10291069864727372,0.3491848193732134,0.6508151806267866,0.8237249378851849,0.17627506211481533,0.56804,0.11597,0.47815,0.93334,0.09232,0.22725,0.79377,0.182,0.5391,0.25466999999999995,0.11039,0.07161,0.012572893310394843,0.011661994544362092,16200
