z_x1,z_x2,z_note,x_x1,x_x2,x_note,"p(y=0|x,D)","p(y=1|x,D)","p(u=0|z,D)","p(u=1|z,D)","p(y=0|x,u=0,z,D)","p(y=1|x,u=0,z,D)","p(y=0|x,u=1,z,D)","p(y=1|x,u=1,z,D)","p(y=0|x,z,D)","p(y=1|x,z,D)","H[p(u|z,D)]","Var[p(u|z,D)]","H[p(y|x,u=0,z,D)]","H[p(y|x,u=1,z,D)]","Var[p(y|x,u=0,z,D)]","Var[p(y|x,u=1,z,D)]","H[p(y|x,D)]","Var[p(y|x,D)]",Va,Ve,Va_variance,Ve_variance,kl_pyx_pyxz,kl_pyxz_pyx,api_calls
2.2,-1.09,x1 = 2.2; x2 = -1.09,2.2,-1.1,x1 = 2.2; x2 = -1.1,0.09376581293834127,0.9062341870616588,0.07894372331986822,0.9210562766801319,0.6496024726654817,0.3503975273345183,0.043833648146069396,0.9561663518539305,0.09165529462473168,0.9083447053752683,0.39845,0.07271,0.93442,0.2596,0.22762,0.04191,0.44892,0.08497,0.31287,0.13605,0.05657,0.0284,2.656850891670417e-05,2.6388110250429465e-05,73540
2.2,-1.1,x1 = 2.2; x2 = -1.1,2.2,-1.1,x1 = 2.2; x2 = -1.1,0.09376581293834127,0.9062341870616588,0.09427104116251805,0.905728958837482,0.7822611426011169,0.21773885739888313,0.051395924029179474,0.9486040759708205,0.12029534913342733,0.8797046508665727,0.45057,0.08538,0.75602,0.2923,0.17033,0.04875,0.44892,0.08497,0.33602,0.1129,0.06021,0.024760000000000004,0.0035638858485370142,0.0038341716497641634,73570
2.19,-1.09,x1 = 2.19; x2 = -1.09,2.2,-1.1,x1 = 2.2; x2 = -1.1,0.09376581293834127,0.9062341870616588,0.0885739966191788,0.9114260033808212,0.5216921290516137,0.47830787094838634,0.04578437987400887,0.9542156201259913,0.08793743124070702,0.9120625687592931,0.43169,0.08073,0.99864,0.26821,0.24953,0.04369,0.44892,0.08497,0.33291,0.11601,0.06192,0.02305,0.00020768012795833232,0.00020371972363307858,73600
