z_x1,z_x2,z_note,x_x1,x_x2,x_note,"p(y=0|x,D)","p(y=1|x,D)","p(u=0|z,D)","p(u=1|z,D)","p(y=0|x,u=0,z,D)","p(y=1|x,u=0,z,D)","p(y=0|x,u=1,z,D)","p(y=1|x,u=1,z,D)","p(y=0|x,z,D)","p(y=1|x,z,D)","H[p(u|z,D)]","Var[p(u|z,D)]","H[p(y|x,u=0,z,D)]","H[p(y|x,u=1,z,D)]","Var[p(y|x,u=0,z,D)]","Var[p(y|x,u=1,z,D)]","H[p(y|x,D)]","Var[p(y|x,D)]",Va,Ve,Va_variance,Ve_variance,kl_pyx_pyxz,kl_pyxz_pyx,api_calls
-1.0,0.31,x1 = -1.0; x2 = 0.31,-1.0,0.3,x1 = -1.0; x2 = 0.3,0.7815836777434269,0.21841632225657323,0.7877953703270046,0.2122046296729953,0.8615840952541107,0.1384159047458893,0.4467782575576673,0.5532217424423327,0.7735603760795403,0.22643962392045963,0.74568,0.16717,0.58008,0.99181,0.11926,0.24717,0.75727,0.17071,0.66745,0.08982000000000001,0.1464,0.02431,0.00018531705021977707,0.00018691493496410076,29440
-1.0,0.3,x1 = -1.0; x2 = 0.3,-1.0,0.3,x1 = -1.0; x2 = 0.3,0.7815836777434269,0.21841632225657323,0.7815836777132759,0.2184163222867242,0.8823848856923358,0.1176151143076642,0.2912230222361182,0.7087769777638818,0.7532654856000622,0.24673451439993788,0.75727,0.17071,0.52247,0.8703,0.10378,0.20641,0.75727,0.17071,0.59844,0.15883000000000003,0.1262,0.044509999999999994,0.0022168190927023303,0.002280518241595284,29470
-0.99,0.3,x1 = -0.99; x2 = 0.3,-1.0,0.3,x1 = -1.0; x2 = 0.3,0.7815836777434269,0.21841632225657323,0.6361814199687076,0.36381858003129247,0.8585513308969887,0.1414486691030112,0.7663358217137552,0.23366417828624467,0.8250016152890821,0.17499838471091783,0.94581,0.23145,0.58802,0.78434,0.12144,0.17907,0.75727,0.17071,0.65944,0.09782999999999997,0.14241,0.028299999999999992,0.00615192919534209,0.005817934215127316,29500
