z_x1,z_x2,z_note,x_x1,x_x2,x_note,"p(y=0|x,D)","p(y=1|x,D)","p(u=0|z,D)","p(u=1|z,D)","p(y=0|x,u=0,z,D)","p(y=1|x,u=0,z,D)","p(y=0|x,u=1,z,D)","p(y=1|x,u=1,z,D)","p(y=0|x,z,D)","p(y=1|x,z,D)","H[p(u|z,D)]","Var[p(u|z,D)]","H[p(y|x,u=0,z,D)]","H[p(y|x,u=1,z,D)]","Var[p(y|x,u=0,z,D)]","Var[p(y|x,u=1,z,D)]","H[p(y|x,D)]","Var[p(y|x,D)]",Va,Ve,Va_variance,Ve_variance,kl_pyx_pyxz,kl_pyxz_pyx,api_calls
1.59,0.69,x1 = 1.59; x2 = 0.69,1.6,0.7,x1 = 1.6; x2 = 0.7,0.3941593089178316,0.6058406910821684,0.3886600355935157,0.6113399644064843,0.5912837307947181,0.40871626920528187,0.28581275927051175,0.7141872407294882,0.40453711793589564,0.5954628820641044,0.96393,0.2376,0.97582,0.86325,0.24167,0.20412,0.96743,0.2388,0.907,0.060429999999999984,0.21871,0.020090000000000025,0.00022417898972990416,0.00022483081570241238,66040
1.59,0.7,x1 = 1.59; x2 = 0.7,1.6,0.7,x1 = 1.6; x2 = 0.7,0.3941593089178316,0.6058406910821684,0.36284114073207024,0.6371588592679298,0.578511846038965,0.421488153961035,0.23263619210866798,0.7673638078913321,0.3581341089321877,0.6418658910678123,0.94502,0.23119,0.98214,0.78258,0.24384,0.17852,0.96743,0.2388,0.85499,0.11243999999999998,0.20222,0.03658,0.0027844743587898332,0.0027493554101547177,66070
1.6,0.7,x1 = 1.6; x2 = 0.7,1.6,0.7,x1 = 1.6; x2 = 0.7,0.3941593089178316,0.6058406910821684,0.3914986760821947,0.6085013239178053,0.7423731477476633,0.2576268522523367,0.09420005314823106,0.9057999468517689,0.3479589615560079,0.6520410384439921,0.96576,0.23823,0.82314,0.45034,0.19126,0.08533,0.96743,0.2388,0.59629,0.37114,0.1268,0.11200000000000002,0.00461658785612689,0.004538521742093821,66100
