z_x1,z_x2,z_note,x_x1,x_x2,x_note,"p(y=0|x,D)","p(y=1|x,D)","p(u=0|z,D)","p(u=1|z,D)","p(y=0|x,u=0,z,D)","p(y=1|x,u=0,z,D)","p(y=0|x,u=1,z,D)","p(y=1|x,u=1,z,D)","p(y=0|x,z,D)","p(y=1|x,z,D)","H[p(u|z,D)]","Var[p(u|z,D)]","H[p(y|x,u=0,z,D)]","H[p(y|x,u=1,z,D)]","Var[p(y|x,u=0,z,D)]","Var[p(y|x,u=1,z,D)]","H[p(y|x,D)]","Var[p(y|x,D)]",Va,Ve,Va_variance,Ve_variance,kl_pyx_pyxz,kl_pyxz_pyx,api_calls
-1.38,1.9,x1 = -1.38; x2 = 1.9,-1.4,1.9,x1 = -1.4; x2 = 1.9,0.8969305602284852,0.10306943977151484,0.8973726160046299,0.10262738399537016,0.9486028788422246,0.05139712115777527,0.5090110500647078,0.49098894993529213,0.9034887194290475,0.09651128057095251,0.47727,0.0921,0.2923,0.99977,0.04876,0.24992,0.47865,0.09245,0.36491,0.11374000000000001,0.0694,0.02305,0.00024179826099922537,0.00023713239136076945,24640
-1.4,1.9,x1 = -1.4; x2 = 1.9,-1.4,1.9,x1 = -1.4; x2 = 1.9,0.8969305602284852,0.10306943977151484,0.8954222665662133,0.10457773343378665,0.9292875846656837,0.07071241533431628,0.15502277405510662,0.8449772259448933,0.8483167256944895,0.1516832743055105,0.48334,0.09364,0.36858,0.62227,0.06571,0.13099,0.47865,0.09245,0.39511,0.08354,0.07254,0.01991000000000001,0.010155726318271795,0.01133723134602007,24670
-1.41,1.9,x1 = -1.41; x2 = 1.9,-1.4,1.9,x1 = -1.4; x2 = 1.9,0.8969305602284852,0.10306943977151484,0.891503980613947,0.10849601938605294,0.9472601345854562,0.05273986541454392,0.4964230678235932,0.5035769321764068,0.8983461074501098,0.10165389254989023,0.49536,0.09672,0.29792,0.99996,0.04996,0.24999,0.47865,0.09245,0.37409,0.10456000000000004,0.07166,0.020790000000000003,1.0926275434307384e-05,1.0881743124555726e-05,24700
