z_x1,z_x2,z_note,x_x1,x_x2,x_note,"p(y=0|x,D)","p(y=1|x,D)","p(u=0|z,D)","p(u=1|z,D)","p(y=0|x,u=0,z,D)","p(y=1|x,u=0,z,D)","p(y=0|x,u=1,z,D)","p(y=1|x,u=1,z,D)","p(y=0|x,z,D)","p(y=1|x,z,D)","H[p(u|z,D)]","Var[p(u|z,D)]","H[p(y|x,u=0,z,D)]","H[p(y|x,u=1,z,D)]","Var[p(y|x,u=0,z,D)]","Var[p(y|x,u=1,z,D)]","H[p(y|x,D)]","Var[p(y|x,D)]",Va,Ve,Va_variance,Ve_variance,kl_pyx_pyxz,kl_pyxz_pyx,api_calls
-0.39,-2.49,x1 = -0.39; x2 = -2.49,-0.4,-2.5,x1 = -0.4; x2 = -2.5,0.5982720590650434,0.4017279409349566,0.634199488703304,0.3658005112966959,0.8311906863315311,0.1688093136684688,0.27291153624854414,0.7270884637514559,0.6269718877848895,0.3730281122151103,0.94739,0.23199,0.65497,0.84561,0.14031,0.19843,0.97195,0.24034,0.72471,0.24724000000000002,0.16157,0.07877,0.0017439033489091392,0.001728127763269579,36440
-0.39,-2.51,x1 = -0.39; x2 = -2.51,-0.4,-2.5,x1 = -0.4; x2 = -2.5,0.5982720590650434,0.4017279409349566,0.6341517850233128,0.3658482149766872,0.8371897668129167,0.16281023318708332,0.28088280172549085,0.7191171982745093,0.6336658566565837,0.3663341433434163,0.94743,0.232,0.64099,0.85665,0.1363,0.20199,0.97195,0.24034,0.71989,0.25205999999999995,0.16033,0.08001,0.0026646635436037916,0.002633978925644709,36470
-0.42,-2.5,x1 = -0.42; x2 = -2.5,-0.4,-2.5,x1 = -0.4; x2 = -2.5,0.5982720590650434,0.4017279409349566,0.6042759660705685,0.3957240339294313,0.8165053099670398,0.18349469003296015,0.2660941312457398,0.7339058687542603,0.5986943780035937,0.4013056219964062,0.96839,0.23913,0.68766,0.8358,0.14982,0.19529,0.97195,0.24034,0.74628,0.22566999999999993,0.16781,0.07253000000000001,3.7112527048380585e-07,3.710824496404178e-07,36500
