z_x1,z_x2,z_note,x_x1,x_x2,x_note,"p(y=0|x,D)","p(y=1|x,D)","p(u=0|z,D)","p(u=1|z,D)","p(y=0|x,u=0,z,D)","p(y=1|x,u=0,z,D)","p(y=0|x,u=1,z,D)","p(y=1|x,u=1,z,D)","p(y=0|x,z,D)","p(y=1|x,z,D)","H[p(u|z,D)]","Var[p(u|z,D)]","H[p(y|x,u=0,z,D)]","H[p(y|x,u=1,z,D)]","Var[p(y|x,u=0,z,D)]","Var[p(y|x,u=1,z,D)]","H[p(y|x,D)]","Var[p(y|x,D)]",Va,Ve,Va_variance,Ve_variance,kl_pyx_pyxz,kl_pyxz_pyx,api_calls
0.4,-0.9,x1 = 0.4; x2 = -0.9,0.4,-0.9,x1 = 0.4; x2 = -0.9,0.30812212093293556,0.6918778790670644,0.3067459883637713,0.6932540116362287,0.7780187977833996,0.22198120221660048,0.11624029662090393,0.883759703379096,0.3192381970378888,0.6807618029621111,0.88938,0.21265,0.76377,0.51846,0.17271,0.10273,0.89099,0.21318,0.59371,0.29728,0.1242,0.08898,0.00028608721194755063,0.000287928255608352,48440
0.38,-0.9,x1 = 0.38; x2 = -0.9,0.4,-0.9,x1 = 0.4; x2 = -0.9,0.30812212093293556,0.6918778790670644,0.37617491789938134,0.6238250821006186,0.49913564842258207,0.5008643515774178,0.15864374819058885,0.8413562518094111,0.28672826080576325,0.7132717391942366,0.9553,0.23467,1.0,0.63106,0.25,0.13348,0.89099,0.21318,0.76985,0.12113999999999991,0.17731,0.03587000000000001,0.0011030962916655264,0.00108794015031978,48470
0.4,-0.91,x1 = 0.4; x2 = -0.91,0.4,-0.9,x1 = 0.4; x2 = -0.9,0.30812212093293556,0.6918778790670644,0.3177882206946877,0.6822117793053122,0.6243832676372781,0.3756167323627218,0.09414434594593932,0.9058556540540605,0.2626480294132997,0.7373519705867001,0.90196,0.2168,0.95489,0.45015,0.23453,0.08528,0.89099,0.21318,0.61055,0.2804399999999999,0.13271,0.08047000000000001,0.00515925910737481,0.004996799064788678,48500
