z_x1,z_x2,z_note,x_x1,x_x2,x_note,"p(y=0|x,D)","p(y=1|x,D)","p(u=0|z,D)","p(u=1|z,D)","p(y=0|x,u=0,z,D)","p(y=1|x,u=0,z,D)","p(y=0|x,u=1,z,D)","p(y=1|x,u=1,z,D)","p(y=0|x,z,D)","p(y=1|x,z,D)","H[p(u|z,D)]","Var[p(u|z,D)]","H[p(y|x,u=0,z,D)]","H[p(y|x,u=1,z,D)]","Var[p(y|x,u=0,z,D)]","Var[p(y|x,u=1,z,D)]","H[p(y|x,D)]","Var[p(y|x,D)]",Va,Ve,Va_variance,Ve_variance,kl_pyx_pyxz,kl_pyxz_pyx,api_calls
-2.42,-1.51,x1 = -2.42; x2 = -1.51,-2.4,-1.5,x1 = -2.4; x2 = -1.5,0.7292910938191555,0.2707089061808444,0.7822619142789115,0.21773808572108858,0.8818061271065908,0.1181938728934094,0.2791335034486691,0.720866496551331,0.7505813437148089,0.24941865628519128,0.75602,0.17033,0.52415,0.85427,0.10422,0.20122,0.84248,0.19743,0.59603,0.24645000000000006,0.12534,0.07208999999999999,0.0011887033480555906,0.0011678363795975429,8940
-2.39,-1.49,x1 = -2.39; x2 = -1.49,-2.4,-1.5,x1 = -2.4; x2 = -1.5,0.7292910938191555,0.2707089061808444,0.7765550787189239,0.22344492128107615,0.884961090647814,0.1150389093521859,0.28674849090611937,0.7132515090938806,0.7512935233891832,0.2487064766108168,0.76641,0.17352,0.51493,0.86448,0.1018,0.20452,0.84248,0.19743,0.59304,0.24944,0.12475,0.07268,0.0012711293695245422,0.0012480204352803108,8970
-2.4,-1.5,x1 = -2.4; x2 = -1.5,-2.4,-1.5,x1 = -2.4; x2 = -1.5,0.7292910938191555,0.2707089061808444,0.7292910938191555,0.2707089061808444,0.9312217672582364,0.06877823274176353,0.12960459472158917,0.8703954052784107,0.7142168593050592,0.28578314069494054,0.84248,0.19743,0.36135,0.55635,0.06405,0.11281,0.84248,0.19743,0.41414,0.42834,0.07725,0.12018,0.0005627122286534919,0.000568993381170859,9000
