z_x1,z_x2,z_note,x_x1,x_x2,x_note,"p(y=0|x,D)","p(y=1|x,D)","p(u=0|z,D)","p(u=1|z,D)","p(y=0|x,u=0,z,D)","p(y=1|x,u=0,z,D)","p(y=0|x,u=1,z,D)","p(y=1|x,u=1,z,D)","p(y=0|x,z,D)","p(y=1|x,z,D)","H[p(u|z,D)]","Var[p(u|z,D)]","H[p(y|x,u=0,z,D)]","H[p(y|x,u=1,z,D)]","Var[p(y|x,u=0,z,D)]","Var[p(y|x,u=1,z,D)]","H[p(y|x,D)]","Var[p(y|x,D)]",Va,Ve,Va_variance,Ve_variance,kl_pyx_pyxz,kl_pyxz_pyx,api_calls
-2.6,2.69,x1 = -2.6; x2 = 2.69,-2.6,2.7,x1 = -2.6; x2 = 2.7,0.7459241970399713,0.25407580296002874,0.7380454177980098,0.2619545822019902,0.9104120831859351,0.08958791681406478,0.13975658739885027,0.8602434126011497,0.7085353447653617,0.2914646552346382,0.82968,0.19333,0.43509,0.5836,0.08156,0.12022,0.81767,0.18952,0.47399,0.34368,0.09169,0.09783,0.00347736116283192,0.003578293846207968,8240
-2.61,2.7,x1 = -2.61; x2 = 2.7,-2.6,2.7,x1 = -2.6; x2 = 2.7,0.7459241970399713,0.25407580296002874,0.7812069631092662,0.21879303689073373,0.9062762119896213,0.09372378801037874,0.2047993602163809,0.795200639783619,0.7527979612816029,0.24720203871839708,0.75796,0.17092,0.44878,0.73142,0.08494,0.16286,0.81767,0.18952,0.51062,0.30705000000000005,0.10199,0.08753,0.00012617113703649197,0.00012540577572635325,8270
-2.6,2.7,x1 = -2.6; x2 = 2.7,-2.6,2.7,x1 = -2.6; x2 = 2.7,0.7459241970399713,0.25407580296002874,0.7459241970399713,0.25407580296002874,0.9205744462732841,0.07942555372671581,0.1219199138097973,0.8780800861902028,0.7176556546499574,0.2823443453500426,0.81767,0.18952,0.40015,0.53485,0.07312,0.10706,0.81767,0.18952,0.43437,0.38330000000000003,0.08174,0.10778,0.0020144603473362943,0.002059852655697688,8300
