z_x1,z_x2,z_note,x_x1,x_x2,x_note,"p(y=0|x,D)","p(y=1|x,D)","p(u=0|z,D)","p(u=1|z,D)","p(y=0|x,u=0,z,D)","p(y=1|x,u=0,z,D)","p(y=0|x,u=1,z,D)","p(y=1|x,u=1,z,D)","p(y=0|x,z,D)","p(y=1|x,z,D)","H[p(u|z,D)]","Var[p(u|z,D)]","H[p(y|x,u=0,z,D)]","H[p(y|x,u=1,z,D)]","Var[p(y|x,u=0,z,D)]","Var[p(y|x,u=1,z,D)]","H[p(y|x,D)]","Var[p(y|x,D)]",Va,Ve,Va_variance,Ve_variance,kl_pyx_pyxz,kl_pyxz_pyx,api_calls
3.39,2.1,x1 = 3.39; x2 = 2.1,3.4,2.1,x1 = 3.4; x2 = 2.1,0.24411432173219497,0.755885678267805,0.2319393448894287,0.7680606551105712,0.7157125979672496,0.28428740203275027,0.06901887733226843,0.9309811226677315,0.21901259524045316,0.7809874047595466,0.78138,0.17814,0.86123,0.36225,0.20347,0.06426,0.80182,0.18452,0.47798,0.32383999999999996,0.09655,0.08796999999999999,0.0017942756208088571,0.0017494928396998184,91940
3.4,2.1,x1 = 3.4; x2 = 2.1,3.4,2.1,x1 = 3.4; x2 = 2.1,0.24411432173219497,0.755885678267805,0.24411432239893158,0.7558856776010685,0.8500807167209693,0.14991928327903067,0.05945965642027008,0.9405403435797298,0.2524615808299001,0.7475384191700999,0.80182,0.18452,0.60964,0.3253,0.12744,0.05592,0.80182,0.18452,0.39471,0.40710999999999997,0.07338,0.11113999999999999,0.00018597285527688356,0.00018737399611318262,91970
3.42,2.11,x1 = 3.42; x2 = 2.11,3.4,2.1,x1 = 3.4; x2 = 2.1,0.24411432173219497,0.755885678267805,0.22492414438311975,0.7750758556168803,0.7380652732811639,0.26193472671883605,0.06512415044352945,0.9348758495564706,0.21648485671800027,0.7835151432819998,0.76906,0.17433,0.82965,0.34746,0.19332,0.06088,0.80182,0.18452,0.45592,0.3459,0.09067,0.09384999999999999,0.0021855674666335576,0.002125079213676183,92000
