z_x1,z_x2,z_note,x_x1,x_x2,x_note,"p(y=0|x,D)","p(y=1|x,D)","p(u=0|z,D)","p(u=1|z,D)","p(y=0|x,u=0,z,D)","p(y=1|x,u=0,z,D)","p(y=0|x,u=1,z,D)","p(y=1|x,u=1,z,D)","p(y=0|x,z,D)","p(y=1|x,z,D)","H[p(u|z,D)]","Var[p(u|z,D)]","H[p(y|x,u=0,z,D)]","H[p(y|x,u=1,z,D)]","Var[p(y|x,u=0,z,D)]","Var[p(y|x,u=1,z,D)]","H[p(y|x,D)]","Var[p(y|x,D)]",Va,Ve,Va_variance,Ve_variance,kl_pyx_pyxz,kl_pyxz_pyx,api_calls
-2.4,2.51,x1 = -2.4; x2 = 2.51,-2.4,2.5,x1 = -2.4; x2 = 2.5,0.7478629691311287,0.25213703086887124,0.7508684187015471,0.24913158129845278,0.9076671206711238,0.09233287932887643,0.13673355821784175,0.8632664417821582,0.715603223181088,0.28439677681891196,0.8099,0.18707,0.44421,0.57562,0.08381,0.11804,0.81465,0.18856,0.47695,0.3377,0.09234,0.09622,0.0026194953497984674,0.002686960607405385,10940
-2.39,2.5,x1 = -2.39; x2 = 2.5,-2.4,2.5,x1 = -2.4; x2 = 2.5,0.7478629691311287,0.25213703086887124,0.7702440705398349,0.22975592946016513,0.9100286816832197,0.08997131831678036,0.1987299761516274,0.8012700238483725,0.7466035864699965,0.25339641353000364,0.77759,0.17697,0.43637,0.71938,0.08188,0.15924,0.81465,0.18856,0.50139,0.31326,0.09965,0.08891,4.196346184440853e-06,4.2009605122350635e-06,10970
-2.4,2.49,x1 = -2.4; x2 = 2.49,-2.4,2.5,x1 = -2.4; x2 = 2.5,0.7478629691311287,0.25213703086887124,0.7419730852673936,0.2580269147326065,0.9076292751187722,0.09237072488122759,0.14172816386093529,0.8582718361390647,0.7100061743906378,0.28999382560936215,0.82375,0.19145,0.44433,0.58875,0.08384,0.12164,0.81465,0.18856,0.48159,0.33305999999999997,0.09359,0.09497,0.003577891125502858,0.003684292033449943,11000
