z_x1,z_x2,z_note,x_x1,x_x2,x_note,"p(y=0|x,D)","p(y=1|x,D)","p(u=0|z,D)","p(u=1|z,D)","p(y=0|x,u=0,z,D)","p(y=1|x,u=0,z,D)","p(y=0|x,u=1,z,D)","p(y=1|x,u=1,z,D)","p(y=0|x,z,D)","p(y=1|x,z,D)","H[p(u|z,D)]","Var[p(u|z,D)]","H[p(y|x,u=0,z,D)]","H[p(y|x,u=1,z,D)]","Var[p(y|x,u=0,z,D)]","Var[p(y|x,u=1,z,D)]","H[p(y|x,D)]","Var[p(y|x,D)]",Va,Ve,Va_variance,Ve_variance,kl_pyx_pyxz,kl_pyxz_pyx,api_calls
1.19,0.1,x1 = 1.19; x2 = 0.1,1.2,0.1,x1 = 1.2; x2 = 0.1,0.4308419791218771,0.5691580208781228,0.4342972295706149,0.5657027704293851,0.5816088137955263,0.4183911862044738,0.34542543856972596,0.654574561430274,0.4479992241009281,0.5520007758990719,0.98751,0.24568,0.9807,0.92992,0.24334,0.22611,0.98616,0.24522,0.95197,0.034190000000000054,0.23359,0.011630000000000001,0.0005967356404139278,0.0005984170426669641,60140
1.18,0.08,x1 = 1.18; x2 = 0.08,1.2,0.1,x1 = 1.2; x2 = 0.1,0.4308419791218771,0.5691580208781228,0.40333925652491676,0.5966607434750832,0.5723243622074914,0.4276756377925084,0.3767344777829316,0.6232655222170683,0.455623556350528,0.5443764436494719,0.97287,0.24066,0.98485,0.9557,0.24477,0.23481,0.98616,0.24522,0.96746,0.01870000000000005,0.23883,0.006390000000000007,0.0012421975731716738,0.0012469300124174458,60170
1.21,0.1,x1 = 1.21; x2 = 0.1,1.2,0.1,x1 = 1.2; x2 = 0.1,0.4308419791218771,0.5691580208781228,0.3916016013471437,0.6083983986528563,0.6013450679176171,0.39865493208238295,0.3343365972729448,0.6656634027270552,0.4388975419506503,0.5611024580493497,0.96583,0.23825,0.97016,0.9193,0.23973,0.22256,0.98616,0.24522,0.93922,0.04693999999999998,0.22928,0.015939999999999982,0.00013193349329324554,0.00013212141163341032,60200
