z_x1,z_x2,z_note,x_x1,x_x2,x_note,"p(y=0|x,D)","p(y=1|x,D)","p(u=0|z,D)","p(u=1|z,D)","p(y=0|x,u=0,z,D)","p(y=1|x,u=0,z,D)","p(y=0|x,u=1,z,D)","p(y=1|x,u=1,z,D)","p(y=0|x,z,D)","p(y=1|x,z,D)","H[p(u|z,D)]","Var[p(u|z,D)]","H[p(y|x,u=0,z,D)]","H[p(y|x,u=1,z,D)]","Var[p(y|x,u=0,z,D)]","Var[p(y|x,u=1,z,D)]","H[p(y|x,D)]","Var[p(y|x,D)]",Va,Ve,Va_variance,Ve_variance,kl_pyx_pyxz,kl_pyxz_pyx,api_calls
1.0,1.89,x1 = 1.0; x2 = 1.89,1.0,1.9,x1 = 1.0; x2 = 1.9,0.7619074589758843,0.23809254102411578,0.7707390058064576,0.22926099419354246,0.8871067639160308,0.1128932360839692,0.2010811266939178,0.7989188733060822,0.7298278442842308,0.27017215571576936,0.77672,0.1767,0.50858,0.72409,0.10015,0.16065,0.79185,0.1814,0.55799,0.23386000000000007,0.11402,0.06738000000000001,0.002679652682343263,0.00275515920434926,58240
1.0,1.9,x1 = 1.0; x2 = 1.9,1.0,1.9,x1 = 1.0; x2 = 1.9,0.7619074589758843,0.23809254102411578,0.7641459468869779,0.23585405311302227,0.9041620192539289,0.09583798074607108,0.11049819587040359,0.8895018041295965,0.7169731896997468,0.28302681030025345,0.78808,0.18023,0.45566,0.50142,0.08665,0.09829,0.79185,0.1814,0.46645,0.3254000000000001,0.0894,0.09200000000000001,0.005151843406565403,0.005347896029490443,58270
1.02,1.9,x1 = 1.02; x2 = 1.9,1.0,1.9,x1 = 1.0; x2 = 1.9,0.7619074589758843,0.23809254102411578,0.7832794335025571,0.2167205664974427,0.876252882899812,0.12374711710018808,0.33808376722991956,0.6619162327700805,0.7596205672804051,0.2403794327195949,0.75413,0.16975,0.54004,0.92297,0.10843,0.22378,0.79185,0.1814,0.62303,0.16882000000000008,0.13343,0.04797000000000001,1.4352010098162785e-05,1.4383394712228804e-05,58300
