z_x1,z_x2,z_note,x_x1,x_x2,x_note,"p(y=0|x,D)","p(y=1|x,D)","p(u=0|z,D)","p(u=1|z,D)","p(y=0|x,u=0,z,D)","p(y=1|x,u=0,z,D)","p(y=0|x,u=1,z,D)","p(y=1|x,u=1,z,D)","p(y=0|x,z,D)","p(y=1|x,z,D)","H[p(u|z,D)]","Var[p(u|z,D)]","H[p(y|x,u=0,z,D)]","H[p(y|x,u=1,z,D)]","Var[p(y|x,u=0,z,D)]","Var[p(y|x,u=1,z,D)]","H[p(y|x,D)]","Var[p(y|x,D)]",Va,Ve,Va_variance,Ve_variance,kl_pyx_pyxz,kl_pyxz_pyx,api_calls
1.21,1.29,x1 = 1.21; x2 = 1.29,1.2,1.3,x1 = 1.2; x2 = 1.3,0.7614770536476665,0.2385229463523336,0.7610067704310525,0.23899322956894764,0.8658033316985622,0.1341966683014378,0.34396152751392606,0.6560384724860739,0.7410866735923897,0.2589133264076104,0.79336,0.18188,0.56884,0.92856,0.11619,0.22565,0.79258,0.18163,0.65481,0.13776999999999995,0.14235,0.03928000000000001,0.0011028318077858507,0.0011231919718121403,60740
1.22,1.29,x1 = 1.22; x2 = 1.29,1.2,1.3,x1 = 1.2; x2 = 1.3,0.7614770536476665,0.2385229463523336,0.7736885897843566,0.22631141021564338,0.86910641914621,0.13089358085379005,0.35444025181155675,0.6455597481884434,0.7526315930264242,0.24736840697357576,0.77153,0.17509,0.55988,0.93797,0.11376,0.22881,0.79258,0.18163,0.64545,0.14712999999999998,0.1398,0.041830000000000006,0.00021184519372406327,0.00021359862134272614,60770
1.2,1.3,x1 = 1.2; x2 = 1.3,1.2,1.3,x1 = 1.2; x2 = 1.3,0.7614770536476665,0.2385229463523336,0.761477052927562,0.2385229470724381,0.8700130678554171,0.12998693214458285,0.09729699460645946,0.9027030053935405,0.6857025528138339,0.3142974471861662,0.79258,0.18163,0.5574,0.46037,0.11309,0.08783,0.79258,0.18163,0.53426,0.25832,0.10706,0.07457000000000001,0.01401270421230523,0.014833921297223288,60800
