z_x1,z_x2,z_note,x_x1,x_x2,x_note,"p(y=0|x,D)","p(y=1|x,D)","p(u=0|z,D)","p(u=1|z,D)","p(y=0|x,u=0,z,D)","p(y=1|x,u=0,z,D)","p(y=0|x,u=1,z,D)","p(y=1|x,u=1,z,D)","p(y=0|x,z,D)","p(y=1|x,z,D)","H[p(u|z,D)]","Var[p(u|z,D)]","H[p(y|x,u=0,z,D)]","H[p(y|x,u=1,z,D)]","Var[p(y|x,u=0,z,D)]","Var[p(y|x,u=1,z,D)]","H[p(y|x,D)]","Var[p(y|x,D)]",Va,Ve,Va_variance,Ve_variance,kl_pyx_pyxz,kl_pyxz_pyx,api_calls
3.2,2.71,x1 = 3.2; x2 = 2.71,3.2,2.7,x1 = 3.2; x2 = 2.7,0.28262176512261095,0.717378234877389,0.24038502512392057,0.7596149748760794,0.807484524719707,0.19251547528029303,0.07749610039649932,0.9225038996035007,0.25297438611760475,0.7470256138823952,0.79568,0.1826,0.7067,0.39329,0.15545,0.07149,0.859,0.20275,0.46863,0.39037,0.09167,0.11108000000000001,0.0022693681884350565,0.0022167987741350884,89440
3.2,2.7,x1 = 3.2; x2 = 2.7,3.2,2.7,x1 = 3.2; x2 = 2.7,0.28262176512261095,0.717378234877389,0.28262176567400854,0.7173782343259913,0.852339626974922,0.14766037302507792,0.06211300570672529,0.9378869942932747,0.2854482486921491,0.7145517513078508,0.859,0.20275,0.60395,0.33578,0.12586,0.05825,0.859,0.20275,0.41157,0.44743,0.07736,0.12539,1.9623083035384854e-05,1.9662391098827087e-05,89470
3.19,2.69,x1 = 3.19; x2 = 2.69,3.2,2.7,x1 = 3.2; x2 = 2.7,0.28262176512261095,0.717378234877389,0.26285215553687247,0.7371478444631275,0.7385554400552594,0.26144455994474053,0.08166626210287901,0.918333737897121,0.2543309984765064,0.7456690015234936,0.83102,0.19376,0.82892,0.40802,0.19309,0.075,0.859,0.20275,0.51865,0.34034999999999993,0.10604,0.09671000000000002,0.0020617732766281573,0.002016383192448158,89500
