z_x1,z_x2,z_note,x_x1,x_x2,x_note,"p(y=0|x,D)","p(y=1|x,D)","p(u=0|z,D)","p(u=1|z,D)","p(y=0|x,u=0,z,D)","p(y=1|x,u=0,z,D)","p(y=0|x,u=1,z,D)","p(y=1|x,u=1,z,D)","p(y=0|x,z,D)","p(y=1|x,z,D)","H[p(u|z,D)]","Var[p(u|z,D)]","H[p(y|x,u=0,z,D)]","H[p(y|x,u=1,z,D)]","Var[p(y|x,u=0,z,D)]","Var[p(y|x,u=1,z,D)]","H[p(y|x,D)]","Var[p(y|x,D)]",Va,Ve,Va_variance,Ve_variance,kl_pyx_pyxz,kl_pyxz_pyx,api_calls
1.61,0.11,x1 = 1.61; x2 = 0.11,1.6,0.1,x1 = 1.6; x2 = 0.1,0.2240156822195019,0.775984317780498,0.20325974281404074,0.7967402571859592,0.4108769757735232,0.5891230242264769,0.15170076283530148,0.8482992371646985,0.20438085322064148,0.7956191467793584,0.7284,0.16195,0.97696,0.61408,0.24206,0.12869,0.76743,0.17383,0.68784,0.07958999999999994,0.15173,0.02210000000000001,0.0011586251544201884,0.001133135986800815,65740
1.59,0.1,x1 = 1.59; x2 = 0.1,1.6,0.1,x1 = 1.6; x2 = 0.1,0.2240156822195019,0.775984317780498,0.2266569433676208,0.7733430566323793,0.42698851685949596,0.573011483140504,0.14546002165681624,0.8545399783431838,0.20927040985034154,0.7907295901496587,0.77214,0.17528,0.98456,0.59836,0.24467,0.1243,0.76743,0.17383,0.68589,0.08153999999999995,0.15158,0.02225000000000002,0.0006460355253801314,0.0006355137962767935,65770
1.6,0.09,x1 = 1.6; x2 = 0.09,1.6,0.1,x1 = 1.6; x2 = 0.1,0.2240156822195019,0.775984317780498,0.20739182628962638,0.7926081737103736,0.5118895888340667,0.4881104111659334,0.13376150361192213,0.8662384963880777,0.21218217777754217,0.7878178222224578,0.73647,0.16438,0.99959,0.56766,0.24986,0.11587,0.76743,0.17383,0.65724,0.1101899999999999,0.14366,0.030170000000000002,0.0004133329140420753,0.00040797603701412354,65800
