z_x1,z_x2,z_note,x_x1,x_x2,x_note,"p(y=0|x,D)","p(y=1|x,D)","p(u=0|z,D)","p(u=1|z,D)","p(y=0|x,u=0,z,D)","p(y=1|x,u=0,z,D)","p(y=0|x,u=1,z,D)","p(y=1|x,u=1,z,D)","p(y=0|x,z,D)","p(y=1|x,z,D)","H[p(u|z,D)]","Var[p(u|z,D)]","H[p(y|x,u=0,z,D)]","H[p(y|x,u=1,z,D)]","Var[p(y|x,u=0,z,D)]","Var[p(y|x,u=1,z,D)]","H[p(y|x,D)]","Var[p(y|x,D)]",Va,Ve,Va_variance,Ve_variance,kl_pyx_pyxz,kl_pyxz_pyx,api_calls
0.98,2.3,x1 = 0.98; x2 = 2.3,1.0,2.3,x1 = 1.0; x2 = 2.3,0.601831333262676,0.398168666737324,0.7186726012048437,0.2813273987951563,0.8136494111502101,0.18635058884979,0.23234317454631165,0.7676568254536882,0.6501120397030336,0.34988796029696634,0.85725,0.20218,0.69377,0.78207,0.15162,0.17836,0.96987,0.23963,0.71861,0.25126000000000004,0.15914,0.08049,0.005026549265963159,0.004940046598829628,58440
1.0,2.3,x1 = 1.0; x2 = 2.3,1.0,2.3,x1 = 1.0; x2 = 2.3,0.601831333262676,0.398168666737324,0.6017594058321276,0.3982405941678725,0.8984794206213941,0.10152057937860581,0.09358467774954517,0.9064153222504547,0.5779376599775121,0.42206234002248794,0.96991,0.23965,0.4738,0.44832,0.09121,0.08483,0.96987,0.23963,0.46365,0.50622,0.08867,0.15096,0.0011767163092386984,0.0011837049717745261,58470
1.01,2.29,x1 = 1.01; x2 = 2.29,1.0,2.3,x1 = 1.0; x2 = 2.3,0.601831333262676,0.398168666737324,0.5964345585342856,0.4035654414657143,0.8506698265809203,0.14933017341907975,0.1940609295156804,0.8059390704843196,0.5856851671664709,0.414314832833529,0.973,0.2407,0.60816,0.70989,0.12703,0.1564,0.96987,0.23963,0.64921,0.32066000000000006,0.13888,0.10075,0.0005393239749702412,0.0005415858008315753,58500
