z_x1,z_x2,z_note,x_x1,x_x2,x_note,"p(y=0|x,D)","p(y=1|x,D)","p(u=0|z,D)","p(u=1|z,D)","p(y=0|x,u=0,z,D)","p(y=1|x,u=0,z,D)","p(y=0|x,u=1,z,D)","p(y=1|x,u=1,z,D)","p(y=0|x,z,D)","p(y=1|x,z,D)","H[p(u|z,D)]","Var[p(u|z,D)]","H[p(y|x,u=0,z,D)]","H[p(y|x,u=1,z,D)]","Var[p(y|x,u=0,z,D)]","Var[p(y|x,u=1,z,D)]","H[p(y|x,D)]","Var[p(y|x,D)]",Va,Ve,Va_variance,Ve_variance,kl_pyx_pyxz,kl_pyxz_pyx,api_calls
3.19,2.09,x1 = 3.19; x2 = 2.09,3.2,2.1,x1 = 3.2; x2 = 2.1,0.2590290941979173,0.7409709058020828,0.22836197942554842,0.7716380205744515,0.7155157092204624,0.28448429077953763,0.07244411308919396,0.927555886910806,0.21929721569407726,0.7807027843059227,0.77514,0.17621,0.86149,0.37498,0.20355,0.0672,0.82528,0.19193,0.48608,0.3392,0.09834,0.09358999999999999,0.004428312982476125,0.004262860128591665,89140
3.21,2.1,x1 = 3.21; x2 = 2.1,3.2,2.1,x1 = 3.2; x2 = 2.1,0.2590290941979173,0.7409709058020828,0.23710419619144626,0.7628958038085537,0.697162080569121,0.3028379194308789,0.07696586867173477,0.9230341313282653,0.22401699297464442,0.7759830070253555,0.79019,0.18089,0.88473,0.3914,0.21113,0.07104,0.82528,0.19193,0.50837,0.31691,0.10426,0.08766999999999998,0.00340573184080898,0.003295155029254468,89170
3.19,2.1,x1 = 3.19; x2 = 2.1,3.2,2.1,x1 = 3.2; x2 = 2.1,0.2590290941979173,0.7409709058020828,0.23734903901477353,0.7626509609852264,0.6948564974857601,0.30514350251423994,0.0785741608957802,0.9214258391042197,0.2248481812471911,0.7751518187528088,0.7906,0.18101,0.88749,0.39714,0.21203,0.0724,0.82528,0.19193,0.51352,0.31176000000000004,0.10554,0.08639,0.00324052467721591,0.0031380612138342465,89200
