z_x1,z_x2,z_note,x_x1,x_x2,x_note,"p(y=0|x,D)","p(y=1|x,D)","p(u=0|z,D)","p(u=1|z,D)","p(y=0|x,u=0,z,D)","p(y=1|x,u=0,z,D)","p(y=0|x,u=1,z,D)","p(y=1|x,u=1,z,D)","p(y=0|x,z,D)","p(y=1|x,z,D)","H[p(u|z,D)]","Var[p(u|z,D)]","H[p(y|x,u=0,z,D)]","H[p(y|x,u=1,z,D)]","Var[p(y|x,u=0,z,D)]","Var[p(y|x,u=1,z,D)]","H[p(y|x,D)]","Var[p(y|x,D)]",Va,Ve,Va_variance,Ve_variance,kl_pyx_pyxz,kl_pyxz_pyx,api_calls
3.2,0.7,x1 = 3.2; x2 = 0.7,3.2,0.7,x1 = 3.2; x2 = 0.7,0.15597777367307694,0.844022226326923,0.14993066366805968,0.8500693363319403,0.8104521823269607,0.18954781767303924,0.05603569121147628,0.9439643087885237,0.16914585640654972,0.8308541435934502,0.60967,0.12745,0.70052,0.3115,0.15362,0.0529,0.6246,0.13165,0.36983,0.25477000000000005,0.068,0.06364999999999998,0.0006302177443217576,0.0006440898331802804,88440
3.18,0.69,x1 = 3.18; x2 = 0.69,3.2,0.7,x1 = 3.2; x2 = 0.7,0.15597777367307694,0.844022226326923,0.13183851671324573,0.8681614832867541,0.5895613946945071,0.41043860530549303,0.06897314853922179,0.9310268514607781,0.13760673073068463,0.8623932692693151,0.56246,0.11446,0.97673,0.36208,0.24198,0.06422,0.6246,0.13165,0.44311,0.18149000000000004,0.08766,0.04398999999999999,0.0013721840997394374,0.001325534625631477,88470
3.19,0.7,x1 = 3.19; x2 = 0.7,3.2,0.7,x1 = 3.2; x2 = 0.7,0.15597777367307694,0.844022226326923,0.14235419049263984,0.8576458095073602,0.6303297187517136,0.3696702812482863,0.06945606903342529,0.9305439309665747,0.14929878340772468,0.8507012165922754,0.59037,0.12209,0.95042,0.36389,0.23301,0.06463,0.6246,0.13165,0.44739,0.17721000000000003,0.0886,0.04304999999999999,0.00017350332045614793,0.0001714405194452734,88500
