z_x1,z_x2,z_note,x_x1,x_x2,x_note,"p(y=0|x,D)","p(y=1|x,D)","p(u=0|z,D)","p(u=1|z,D)","p(y=0|x,u=0,z,D)","p(y=1|x,u=0,z,D)","p(y=0|x,u=1,z,D)","p(y=1|x,u=1,z,D)","p(y=0|x,z,D)","p(y=1|x,z,D)","H[p(u|z,D)]","Var[p(u|z,D)]","H[p(y|x,u=0,z,D)]","H[p(y|x,u=1,z,D)]","Var[p(y|x,u=0,z,D)]","Var[p(y|x,u=1,z,D)]","H[p(y|x,D)]","Var[p(y|x,D)]",Va,Ve,Va_variance,Ve_variance,kl_pyx_pyxz,kl_pyxz_pyx,api_calls
1.0,0.11,x1 = 1.0; x2 = 0.11,1.0,0.1,x1 = 1.0; x2 = 0.1,0.5887783986458037,0.41122160135419633,0.5767293526451154,0.4232706473548845,0.8125315011453604,0.1874684988546396,0.4369045925164746,0.5630954074835254,0.6535396563660978,0.3464603436339021,0.98295,0.24411,0.69615,0.98848,0.15232,0.24602,0.97714,0.24212,0.81988,0.15725999999999996,0.19198,0.05013999999999999,0.009027540541814545,0.008828253150979772,57340
0.99,0.09,x1 = 0.99; x2 = 0.09,1.0,0.1,x1 = 1.0; x2 = 0.1,0.5887783986458037,0.41122160135419633,0.5511982998952127,0.4488017001047872,0.7136042640756565,0.28639573592434353,0.5913261373893677,0.40867386261063227,0.6587256329332214,0.34127436706677844,0.99242,0.24738,0.86402,0.9758,0.20437,0.24166,0.97714,0.24212,0.91419,0.06295000000000006,0.22111,0.02101,0.010575783501154401,0.010317646030107597,57370
1.01,0.1,x1 = 1.01; x2 = 0.1,1.0,0.1,x1 = 1.0; x2 = 0.1,0.5887783986458037,0.41122160135419633,0.5866698873611391,0.41333011263886094,0.7700211730591874,0.22997882694081273,0.4969509900931729,0.5030490099068271,0.6571530435755303,0.34284695642446983,0.97822,0.24249,0.77797,0.99997,0.17709,0.24999,0.97714,0.24212,0.86973,0.10741,0.20722,0.034900000000000014,0.010092513739184697,0.0098534056224725,57400
