z_x1,z_x2,z_note,x_x1,x_x2,x_note,"p(y=0|x,D)","p(y=1|x,D)","p(u=0|z,D)","p(u=1|z,D)","p(y=0|x,u=0,z,D)","p(y=1|x,u=0,z,D)","p(y=0|x,u=1,z,D)","p(y=1|x,u=1,z,D)","p(y=0|x,z,D)","p(y=1|x,z,D)","H[p(u|z,D)]","Var[p(u|z,D)]","H[p(y|x,u=0,z,D)]","H[p(y|x,u=1,z,D)]","Var[p(y|x,u=0,z,D)]","Var[p(y|x,u=1,z,D)]","H[p(y|x,D)]","Var[p(y|x,D)]",Va,Ve,Va_variance,Ve_variance,kl_pyx_pyxz,kl_pyxz_pyx,api_calls
-1.4,0.51,x1 = -1.4; x2 = 0.51,-1.4,0.5,x1 = -1.4; x2 = 0.5,0.8526481563828959,0.1473518436171039,0.8701294651929906,0.12987053480700936,0.9135371811939319,0.0864628188060682,0.49565884661388154,0.5043411533861184,0.8592670983977583,0.14073290160224172,0.55708,0.113,0.42455,0.99995,0.07899,0.24998,0.60317,0.12564,0.49928,0.10388999999999998,0.1012,0.024440000000000003,0.00017882507725092318,0.00017656095854780719,23940
-1.39,0.5,x1 = -1.39; x2 = 0.5,-1.4,0.5,x1 = -1.4; x2 = 0.5,0.8526481563828959,0.1473518436171039,0.8707036253725056,0.1292963746274945,0.9319630553247237,0.06803694467527635,0.6595398444793694,0.34046015552063047,0.8967397217980378,0.10326027820196218,0.55551,0.11258,0.35855,0.92526,0.06341,0.22455,0.60317,0.12564,0.43182,0.17135,0.08424,0.041400000000000006,0.009404574753478494,0.008496120977958488,23970
-1.42,0.51,x1 = -1.42; x2 = 0.51,-1.4,0.5,x1 = -1.4; x2 = 0.5,0.8526481563828959,0.1473518436171039,0.8764644389291394,0.12353556107086065,0.925704368607174,0.0742956313928261,0.6621168864585785,0.33788311354142153,0.8931419411086918,0.10685805889130831,0.53944,0.10827,0.38175,0.92278,0.06878,0.22372,0.60317,0.12564,0.44859,0.15458,0.08792,0.037720000000000004,0.007785739461843938,0.0071046493052710075,24000
