z_x1,z_x2,z_note,x_x1,x_x2,x_note,"p(y=0|x,D)","p(y=1|x,D)","p(u=0|z,D)","p(u=1|z,D)","p(y=0|x,u=0,z,D)","p(y=1|x,u=0,z,D)","p(y=0|x,u=1,z,D)","p(y=1|x,u=1,z,D)","p(y=0|x,z,D)","p(y=1|x,z,D)","H[p(u|z,D)]","Var[p(u|z,D)]","H[p(y|x,u=0,z,D)]","H[p(y|x,u=1,z,D)]","Var[p(y|x,u=0,z,D)]","Var[p(y|x,u=1,z,D)]","H[p(y|x,D)]","Var[p(y|x,D)]",Va,Ve,Va_variance,Ve_variance,kl_pyx_pyxz,kl_pyxz_pyx,api_calls
0.62,-1.1,x1 = 0.62; x2 = -1.1,0.6,-1.1,x1 = 0.6; x2 = -1.1,0.29861387338540935,0.7013861266145908,0.31725654963525307,0.6827434503647469,0.6521308683837254,0.34786913161627464,0.1810338512911773,0.8189661487088229,0.33049246547741895,0.6695075345225812,0.90137,0.2166,0.93215,0.68233,0.22686,0.14826,0.87959,0.20944,0.76159,0.118,0.1732,0.036239999999999994,0.002336617949210952,0.0023797768787991377,51140
0.6,-1.09,x1 = 0.6; x2 = -1.09,0.6,-1.1,x1 = 0.6; x2 = -1.1,0.29861387338540935,0.7013861266145908,0.3089133055784222,0.6910866944215777,0.7542191067976096,0.24578089320239052,0.10463049709926238,0.8953695029007376,0.30529706178727034,0.6947029382127295,0.89192,0.21349,0.80452,0.4835,0.18537,0.09368,0.87959,0.20944,0.58267,0.29691999999999996,0.122,0.08743999999999999,0.00010573401355613334,0.00010617760028508536,51170
0.6,-1.11,x1 = 0.6; x2 = -1.11,0.6,-1.1,x1 = 0.6; x2 = -1.1,0.29861387338540935,0.7013861266145908,0.3042858111285155,0.6957141888714846,0.7623822945625374,0.2376177054374625,0.10493346063282294,0.8950665393671772,0.3049858123406228,0.6950141876593774,0.88647,0.2117,0.79106,0.48444,0.18116,0.09392,0.87959,0.20944,0.57774,0.30184999999999995,0.12047,0.08897,9.615190370628433e-05,9.653688011997119e-05,51200
