z_x1,z_x2,z_note,x_x1,x_x2,x_note,"p(y=0|x,D)","p(y=1|x,D)","p(u=0|z,D)","p(u=1|z,D)","p(y=0|x,u=0,z,D)","p(y=1|x,u=0,z,D)","p(y=0|x,u=1,z,D)","p(y=1|x,u=1,z,D)","p(y=0|x,z,D)","p(y=1|x,z,D)","H[p(u|z,D)]","Var[p(u|z,D)]","H[p(y|x,u=0,z,D)]","H[p(y|x,u=1,z,D)]","Var[p(y|x,u=0,z,D)]","Var[p(y|x,u=1,z,D)]","H[p(y|x,D)]","Var[p(y|x,D)]",Va,Ve,Va_variance,Ve_variance,kl_pyx_pyxz,kl_pyxz_pyx,api_calls
3.01,2.5,x1 = 3.01; x2 = 2.5,3.0,2.5,x1 = 3.0; x2 = 2.5,0.3188341333036513,0.6811658666963487,0.263360888154592,0.7366391118454081,0.7257513166440459,0.27424868335595415,0.10478120410468975,0.8952187958953102,0.26832044446051156,0.7316795555394885,0.83178,0.194,0.8475,0.48397,0.19904,0.0938,0.90311,0.21718,0.57971,0.3234,0.12152,0.09566000000000001,0.006266963359879911,0.006059683368911772,86540
3.0,2.49,x1 = 3.0; x2 = 2.49,3.0,2.5,x1 = 3.0; x2 = 2.5,0.3188341333036513,0.6811658666963487,0.2599294157916389,0.7400705842083611,0.7907095914265343,0.2092904085734657,0.09086207482436631,0.9091379251756336,0.27277303095799715,0.7272269690420029,0.82664,0.19237,0.74012,0.43934,0.16549,0.08261,0.90311,0.21718,0.51752,0.38559,0.10415,0.11303,0.005177410155361953,0.0050234536865832735,86570
3.0,2.5,x1 = 3.0; x2 = 2.5,3.0,2.5,x1 = 3.0; x2 = 2.5,0.3188341333036513,0.6811658666963487,0.32193084605485545,0.6780691539451446,0.8081181088132185,0.19188189118678142,0.08314723702943709,0.9168527629705627,0.316537723147916,0.6834622768520839,0.90647,0.21829,0.70539,0.41317,0.15506,0.07623,0.90311,0.21718,0.50724,0.39586999999999994,0.10161,0.11557,1.21721573095937e-05,1.2156493880520827e-05,86600
