z_x1,z_x2,z_note,x_x1,x_x2,x_note,"p(y=0|x,D)","p(y=1|x,D)","p(u=0|z,D)","p(u=1|z,D)","p(y=0|x,u=0,z,D)","p(y=1|x,u=0,z,D)","p(y=0|x,u=1,z,D)","p(y=1|x,u=1,z,D)","p(y=0|x,z,D)","p(y=1|x,z,D)","H[p(u|z,D)]","H[p(y|x,u=0,z,D)]","H[p(y|x,u=1,z,D)]","H[p(y|x,D)]",Va,Ve,kl_pyx_pyxz,kl_pyxz_pyx
0.7,1.8,x1 = 0.7; x2 = 1.8,0.7,1.8,x1 = 0.7; x2 = 1.8,0.7540000380159979,0.24599996198400204,0.7540000380159979,0.24599996198400204,0.9900883911698619,0.009911608830138084,0.03958839167547368,0.9604116083245264,0.7562654274284485,0.2437345725715516,0.80488,0.08021,0.2404,0.80488,0.11962,0.68526,1.3891731906581165e-05,1.3862813682257759e-05
