z_x1,z_x2,z_note,x_x1,x_x2,x_note,"p(y=0|x,D)","p(y=1|x,D)","p(u=0|z,D)","p(u=1|z,D)","p(y=0|x,u=0,z,D)","p(y=1|x,u=0,z,D)","p(y=0|x,u=1,z,D)","p(y=1|x,u=1,z,D)","p(y=0|x,z,D)","p(y=1|x,z,D)","H[p(u|z,D)]","H[p(y|x,u=0,z,D)]","H[p(y|x,u=1,z,D)]","H[p(y|x,D)]",Va,Ve,kl_pyx_pyxz,kl_pyxz_pyx
2.3,-1.0,x1 = 2.3; x2 = -1.0,2.3,-1.0,x1 = 2.3; x2 = -1.0,0.22326219382473594,0.7767378061752642,0.22326219382473594,0.7767378061752642,0.9516079885422835,0.048392011457716565,0.015899740977137262,0.9841002590228627,0.22480801710843093,0.7751919828915692,0.76608,0.27953,0.11775,0.76608,0.15387,0.6122099999999999,6.867165726711895e-06,6.8784091659969664e-06
