z_x1,z_x2,z_note,x_x1,x_x2,x_note,"p(y=0|x,D)","p(y=1|x,D)","p(u=0|z,D)","p(u=1|z,D)","p(y=0|x,u=0,z,D)","p(y=1|x,u=0,z,D)","p(y=0|x,u=1,z,D)","p(y=1|x,u=1,z,D)","p(y=0|x,z,D)","p(y=1|x,z,D)","H[p(u|z,D)]","H[p(y|x,u=0,z,D)]","H[p(y|x,u=1,z,D)]","H[p(y|x,D)]",Va,Ve,kl_pyx_pyxz,kl_pyxz_pyx
-1.5,-1.0,x1 = -1.5; x2 = -1.0,-1.5,-1.0,x1 = -1.5; x2 = -1.0,0.36609638885452583,0.6339036111454741,0.36609638885452583,0.6339036111454741,0.9723423234474552,0.02765767655254489,0.014662169218260279,0.9853378307817398,0.36526541535921386,0.634734584640786,0.94763,0.18251,0.11032,0.94763,0.13675,0.8108799999999999,1.4886893307724863e-06,1.4882118472715061e-06
