z_x1,z_x2,z_note,x_x1,x_x2,x_note,"p(y=0|x,D)","p(y=1|x,D)","p(u=0|z,D)","p(u=1|z,D)","p(y=0|x,u=0,z,D)","p(y=1|x,u=0,z,D)","p(y=0|x,u=1,z,D)","p(y=1|x,u=1,z,D)","p(y=0|x,z,D)","p(y=1|x,z,D)","H[p(u|z,D)]","H[p(y|x,u=0,z,D)]","H[p(y|x,u=1,z,D)]","H[p(y|x,D)]",Va,Ve,kl_pyx_pyxz,kl_pyxz_pyx
0.9,-1.0,x1 = 0.9; x2 = -1.0,0.9,-1.0,x1 = 0.9; x2 = -1.0,0.295045674063363,0.704954325936637,0.295045674063363,0.704954325936637,0.9516780837225344,0.04832191627746556,0.01949277157980318,0.9805072284201968,0.2945300153529217,0.7054699846470782,0.87515,0.27923,0.13858,0.87515,0.18008,0.69507,6.396451709783603e-07,6.394281456367605e-07
