z_x1,z_x2,z_note,x_x1,x_x2,x_note,"p(y=0|x,D)","p(y=1|x,D)","p(u=0|z,D)","p(u=1|z,D)","p(y=0|x,u=0,z,D)","p(y=1|x,u=0,z,D)","p(y=0|x,u=1,z,D)","p(y=1|x,u=1,z,D)","p(y=0|x,z,D)","p(y=1|x,z,D)","H[p(u|z,D)]","H[p(y|x,u=0,z,D)]","H[p(y|x,u=1,z,D)]","H[p(y|x,D)]",Va,Ve,kl_pyx_pyxz,kl_pyxz_pyx
0.1,1.6,x1 = 0.1; x2 = 1.6,0.1,1.6,x1 = 0.1; x2 = 1.6,0.8273929375246556,0.1726070624753444,0.8273929363527571,0.17260706364724285,0.9913668608859318,0.008633139114068303,0.05384518740973262,0.9461548125902673,0.829543997721556,0.1704560022784442,0.66363,0.07159,0.30251,0.66363,0.11145,0.5521800000000001,1.6307189416153896e-05,1.6253225817771527e-05
