z_x1,z_x2,z_note,x_x1,x_x2,x_note,"p(y=0|x,D)","p(y=1|x,D)","p(u=0|z,D)","p(u=1|z,D)","p(y=0|x,u=0,z,D)","p(y=1|x,u=0,z,D)","p(y=0|x,u=1,z,D)","p(y=1|x,u=1,z,D)","p(y=0|x,z,D)","p(y=1|x,z,D)","H[p(u|z,D)]","H[p(y|x,u=0,z,D)]","H[p(y|x,u=1,z,D)]","H[p(y|x,D)]",Va,Ve,kl_pyx_pyxz,kl_pyxz_pyx
1.3,0.8,x1 = 1.3; x2 = 0.8,1.3,0.8,x1 = 1.3; x2 = 0.8,0.720114974473098,0.27988502552690214,0.720114974473098,0.27988502552690214,0.9825722240616483,0.017427775938351677,0.04810123854734102,0.9518987614526591,0.7210277884268272,0.27897221157317303,0.85529,0.12674,0.27828,0.85529,0.16915,0.68614,2.0698157230278043e-06,2.068436356521372e-06
