z_x1,z_x2,z_note,x_x1,x_x2,x_note,"p(y=0|x,D)","p(y=1|x,D)","p(u=0|z,D)","p(u=1|z,D)","p(y=0|x,u=0,z,D)","p(y=1|x,u=0,z,D)","p(y=0|x,u=1,z,D)","p(y=1|x,u=1,z,D)","p(y=0|x,z,D)","p(y=1|x,z,D)","H[p(u|z,D)]","H[p(y|x,u=0,z,D)]","H[p(y|x,u=1,z,D)]","H[p(y|x,D)]",Va,Ve,kl_pyx_pyxz,kl_pyxz_pyx
-0.3,-0.8,x1 = -0.3; x2 = -0.8,-0.3,-0.8,x1 = -0.3; x2 = -0.8,0.26693233485079493,0.7330676651492051,0.2701216086190335,0.7298783913809666,0.9620445760117136,0.03795542398828652,0.014680046043464994,0.985319953956535,0.2705836768271029,0.7294163231728972,0.84164,0.23284,0.11042,0.83703,0.14349,0.69354,3.387156030745537e-05,3.396871674033689e-05
