z_x1,z_x2,z_note,x_x1,x_x2,x_note,"p(y=0|x,D)","p(y=1|x,D)","p(u=0|z,D)","p(u=1|z,D)","p(y=0|x,u=0,z,D)","p(y=1|x,u=0,z,D)","p(y=0|x,u=1,z,D)","p(y=1|x,u=1,z,D)","p(y=0|x,z,D)","p(y=1|x,z,D)","H[p(u|z,D)]","H[p(y|x,u=0,z,D)]","H[p(y|x,u=1,z,D)]","H[p(y|x,D)]",Va,Ve,kl_pyx_pyxz,kl_pyxz_pyx
1.3,1.2,x1 = 1.3; x2 = 1.2,1.3,1.2,x1 = 1.3; x2 = 1.2,0.619479635687423,0.3805203643125769,0.619479635687423,0.3805203643125769,0.9800690631696727,0.019930936830327296,0.030510832063131793,0.969489167936868,0.6187428191330056,0.3812571808669943,0.95841,0.14105,0.19695,0.95841,0.16232,0.79609,1.150980922579167e-06,1.151266534149477e-06
