z_x1,z_x2,z_note,x_x1,x_x2,x_note,"p(y=0|x,D)","p(y=1|x,D)","p(u=0|z,D)","p(u=1|z,D)","p(y=0|x,u=0,z,D)","p(y=1|x,u=0,z,D)","p(y=0|x,u=1,z,D)","p(y=1|x,u=1,z,D)","p(y=0|x,z,D)","p(y=1|x,z,D)","H[p(u|z,D)]","H[p(y|x,u=0,z,D)]","H[p(y|x,u=1,z,D)]","H[p(y|x,D)]",Va,Ve,kl_pyx_pyxz,kl_pyxz_pyx
-0.3,0.2,x1 = -0.3; x2 = 0.2,-0.3,0.2,x1 = -0.3; x2 = 0.2,0.0707844516649612,0.9292155483350388,0.0707844516649612,0.9292155483350388,0.9102038502422836,0.08979614975771652,0.015086453072324642,0.9849135469276753,0.07844684720676748,0.9215531527932325,0.36884,0.43579,0.11288,0.36884,0.13574,0.2331,0.00041880067933518835,0.00043220182745296043
