z_x1,z_x2,z_note,x_x1,x_x2,x_note,"p(y=0|x,D)","p(y=1|x,D)","p(u=0|z,D)","p(u=1|z,D)","p(y=0|x,u=0,z,D)","p(y=1|x,u=0,z,D)","p(y=0|x,u=1,z,D)","p(y=1|x,u=1,z,D)","p(y=0|x,z,D)","p(y=1|x,z,D)","H[p(u|z,D)]","H[p(y|x,u=0,z,D)]","H[p(y|x,u=1,z,D)]","H[p(y|x,D)]",Va,Ve,kl_pyx_pyxz,kl_pyxz_pyx
-0.1,1.2,x1 = -0.1; x2 = 1.2,-0.1,1.2,x1 = -0.1; x2 = 1.2,0.7945643719288544,0.20543562807114557,0.7945643719288544,0.20543562807114557,0.985139612506803,0.014860387493196996,0.0640729013634246,0.9359270986365754,0.7959196942076386,0.20408030579236136,0.73267,0.11152,0.3434,0.73267,0.15916,0.5735100000000001,5.645103522439188e-06,5.635862767905224e-06
