z_x1,z_x2,z_note,x_x1,x_x2,x_note,"p(y=0|x,D)","p(y=1|x,D)","p(u=0|z,D)","p(u=1|z,D)","p(y=0|x,u=0,z,D)","p(y=1|x,u=0,z,D)","p(y=0|x,u=1,z,D)","p(y=1|x,u=1,z,D)","p(y=0|x,z,D)","p(y=1|x,z,D)","H[p(u|z,D)]","H[p(y|x,u=0,z,D)]","H[p(y|x,u=1,z,D)]","H[p(y|x,D)]",Va,Ve,kl_pyx_pyxz,kl_pyxz_pyx
0.3,-0.6,x1 = 0.3; x2 = -0.6,0.3,-0.6,x1 = 0.3; x2 = -0.6,0.11564096693880699,0.884359033061193,0.11564096693880699,0.884359033061193,0.9418025445859574,0.05819745541404262,0.013419694099716425,0.9865803059002836,0.1207787846193512,0.8792212153806488,0.5167,0.32025,0.10269,0.5167,0.12785,0.38885000000000003,0.00012584489197545092,0.00012743390266030993
