z_x1,z_x2,z_note,x_x1,x_x2,x_note,"p(y=0|x,D)","p(y=1|x,D)","p(u=0|z,D)","p(u=1|z,D)","p(y=0|x,u=0,z,D)","p(y=1|x,u=0,z,D)","p(y=0|x,u=1,z,D)","p(y=1|x,u=1,z,D)","p(y=0|x,z,D)","p(y=1|x,z,D)","H[p(u|z,D)]","H[p(y|x,u=0,z,D)]","H[p(y|x,u=1,z,D)]","H[p(y|x,D)]",Va,Ve,kl_pyx_pyxz,kl_pyxz_pyx
-0.7,1.6,x1 = -0.7; x2 = 1.6,-0.7,1.6,x1 = -0.7; x2 = 1.6,0.6392914993852135,0.3607085006147866,0.6392914993852135,0.3607085006147866,0.9862433394267681,0.013756660573231919,0.02858307922893043,0.9714169207710694,0.6408071428724398,0.35919285712756027,0.94327,0.10478,0.18724,0.94327,0.13452,0.8087500000000001,4.987024745052278e-06,4.983962502713235e-06
