z_x,z_note,x_x,x_note,"p(y|x,D)_mean","p(y|x,D)_std","p(y|x,z,D)_mean","p(y|x,z,D)_std","H[p(y|x,D)]","Var[y|x,D]",Va,Ve,Va_variance,Ve_variance,yxz_std,kl_pyx_pyxz,kl_pyxz_pyx,api_calls
-2.1,x = -2.1,-2.0,x = -2.0,-0.14999999999999997,0.6737127643802578,-0.4278088264756868,1.0419572907720314,1.02399,0.45389,0.65626,0.36773,0.41135,0.04254,0.5473489115666456,0.180631390020902,0.3449359510634944,31863
-1.8,x = -1.8,-2.0,x = -2.0,-0.14999999999999997,0.6737127643802578,-0.12090027128525614,0.5927563182194325,1.02399,0.45389,0.63626,0.3877299999999999,0.2596,0.19429,0.4810942958606301,0.019087360268747577,0.016008429169244387,32019
-2.3,x = -2.3,-2.0,x = -2.0,-0.14999999999999997,0.6737127643802578,0.0925190618100133,0.5782317437514369,1.02399,0.45389,0.61284,0.4111499999999999,0.24698,0.20691,0.4747504336047064,0.11388449032790926,0.08593891774518392,32175
-1.2,x = -1.2,-2.0,x = -2.0,-0.14999999999999997,0.6737127643802578,-0.16233589039746663,0.6169895472750818,1.02399,0.45389,0.80116,0.22282999999999997,0.36932,0.08457,0.5755490546950991,0.008409624761755663,0.00746884422236227,32331
-2.0,x = -2.0,-2.0,x = -2.0,-0.14999999999999997,0.6737127643802578,-0.020587406411519682,0.43935092642128226,1.02399,0.45389,0.45002,0.57397,0.19505,0.25884,0.41722222889475985,0.29157550944487465,0.15859371969444935,32487
