z_x,z_note,x_x,x_note,"p(y|x,D)_mean","p(y|x,D)_std","p(y|x,z,D)_mean","p(y|x,z,D)_std","H[p(y|x,D)]","Var[y|x,D]",Va,Ve,Va_variance,Ve_variance,yxz_std,kl_pyx_pyxz,kl_pyxz_pyx,api_calls
4.7,x = 4.7,4.8,x = 4.8,0.15000000000000005,1.1721300648344828,0.20016166919513395,1.099392388410007,1.57776,1.37389,1.24472,0.33304,0.75289,0.621,0.8547651376422687,0.005326282109581193,0.0048502231468274815,58807
4.4,x = 4.4,4.8,x = 4.8,0.15000000000000005,1.1721300648344828,-0.08938251484809077,1.1537076533425157,1.57776,1.37389,1.41757,0.16019000000000005,1.1548,0.21909,1.0361716191867163,0.021779634713841034,0.02110300109189578,58963
5.3,x = 5.3,4.8,x = 4.8,0.15000000000000005,1.1721300648344828,-0.4006333114403499,1.031096852814124,1.57776,1.37389,1.35717,0.22059000000000006,1.04831,0.32558,0.9795976475844631,0.16052691620070092,0.12545871471748882,59119
4.1,x = 4.1,4.8,x = 4.8,0.15000000000000005,1.1721300648344828,-0.1196687324743453,1.2151753567419887,1.57776,1.37389,1.52105,0.05671000000000004,1.40104,-0.02715,1.1476956349555618,0.02589371669823215,0.02779805200769192,59275
4.6,x = 4.6,4.8,x = 4.8,0.15000000000000005,1.1721300648344828,0.13322501812069,1.122802721677341,1.57776,1.37389,1.23178,0.34597999999999995,0.9412,0.43269,0.8982592986236336,0.002014291637423282,0.0018990866379859916,59431
