z_x,z_note,x_x,x_note,"p(y|x,D)_mean","p(y|x,D)_std","p(y|x,z,D)_mean","p(y|x,z,D)_std","H[p(y|x,D)]","Var[y|x,D]",Va,Ve,Va_variance,Ve_variance,yxz_std,kl_pyx_pyxz,kl_pyxz_pyx,api_calls
7.9,x = 7.9,8.2,x = 8.2,-0.43000000000000016,3.6454080704360114,-1.1251579274858985,2.7869640407266054,2.71241,13.289,2.10336,0.6090500000000003,4.51756,8.77144,2.0575344326648306,0.11805242668306826,0.07893811362792436,72273
7.3,x = 7.3,8.2,x = 8.2,-0.43000000000000016,3.6454080704360114,-0.6088715046690567,2.7415893309187154,2.71241,13.289,2.17592,0.5364900000000001,5.90628,7.38272,2.3102996601811507,0.10120852134655378,0.06893634735433274,72429
8.7,x = 8.7,8.2,x = 8.2,-0.43000000000000016,3.6454080704360114,-0.22201570575834367,3.3223368648669473,2.71241,13.289,1.85333,0.8590800000000003,3.79343,9.49557,1.7702070406850492,0.011129767177692651,0.009730435549359595,72585
7.6,x = 7.6,8.2,x = 8.2,-0.43000000000000016,3.6454080704360114,-0.8969216886340916,3.1547086642232225,2.71241,13.289,2.15788,0.5545300000000002,5.35442,7.93458,2.1912015287785738,0.0340232158745305,0.02722708777795657,72741
8.5,x = 8.5,8.2,x = 8.2,-0.43000000000000016,3.6454080704360114,-0.5864429732579073,3.3656684407900523,2.71241,13.289,2.11302,0.5993900000000001,6.36254,6.92646,2.2483712963960825,0.007808290104485804,0.006969365750448819,72897
