z_x1,z_note,x_x1,x_note,"p(y=0|x,D)","p(y=1|x,D)","p(u=0|z,D)","p(u=1|z,D)","p(y=0|x,u=0,z,D)","p(y=1|x,u=0,z,D)","p(y=0|x,u=1,z,D)","p(y=1|x,u=1,z,D)","p(y=0|x,z,D)","p(y=1|x,z,D)","H[p(u|z,D)]","H[p(y|x,u=0,z,D)]","H[p(y|x,u=1,z,D)]","H[p(y|x,D)]",Va,Ve,kl_pyx_pyxz,kl_pyxz_pyx
9.4,x1 = 9.4,9.4,x1 = 9.4,0.03580129337493236,0.9641987066250678,0.03580129337493236,0.9641987066250678,0.6878090398197247,0.3121909601802752,0.022516087487478003,0.9774839125125221,0.04633443565419966,0.9536655643458006,0.2227,0.89569,0.15534,0.2227,0.18185,0.04085,0.0013578938472144694,0.0014743181913008958
