z_x1,z_note,x_x1,x_note,"p(y=0|x,D)","p(y=1|x,D)","p(u=0|z,D)","p(u=1|z,D)","p(y=0|x,u=0,z,D)","p(y=1|x,u=0,z,D)","p(y=0|x,u=1,z,D)","p(y=1|x,u=1,z,D)","p(y=0|x,z,D)","p(y=1|x,z,D)","H[p(u|z,D)]","H[p(y|x,u=0,z,D)]","H[p(y|x,u=1,z,D)]","H[p(y|x,D)]",Va,Ve,kl_pyx_pyxz,kl_pyxz_pyx
2.8,x1 = 2.8,2.8,x1 = 2.8,0.4031697032261176,0.5968302967738823,0.4031697032261176,0.5968302967738823,0.7800881404891321,0.21991185951086795,0.13477895890267858,0.8652210410973215,0.39494807013197786,0.6050519298680221,0.97277,0.76001,0.5704,0.97277,0.64685,0.32592,0.00014110095156862762,0.0001407757720756301
