z_x1,z_note,x_x1,x_note,"p(y=0|x,D)","p(y=1|x,D)","p(u=0|z,D)","p(u=1|z,D)","p(y=0|x,u=0,z,D)","p(y=1|x,u=0,z,D)","p(y=0|x,u=1,z,D)","p(y=1|x,u=1,z,D)","p(y=0|x,z,D)","p(y=1|x,z,D)","H[p(u|z,D)]","H[p(y|x,u=0,z,D)]","H[p(y|x,u=1,z,D)]","H[p(y|x,D)]",Va,Ve,kl_pyx_pyxz,kl_pyxz_pyx
-11.2,x1 = -11.2,-11.2,x1 = -11.2,0.9493749507044233,0.050625049295576804,0.9493749507044233,0.050625049295576804,0.9794309261687981,0.02056907383120194,0.2707320132351229,0.729267986764877,0.9435530087658093,0.056446991234190946,0.28905,0.14462,0.84251,0.28905,0.17995,0.10909999999999997,0.00032905191441359467,0.0003405107964728135
