z_x1,z_note,x_x1,x_note,"p(y=0|x,D)","p(y=1|x,D)","p(u=0|z,D)","p(u=1|z,D)","p(y=0|x,u=0,z,D)","p(y=1|x,u=0,z,D)","p(y=0|x,u=1,z,D)","p(y=1|x,u=1,z,D)","p(y=0|x,z,D)","p(y=1|x,z,D)","H[p(u|z,D)]","H[p(y|x,u=0,z,D)]","H[p(y|x,u=1,z,D)]","H[p(y|x,D)]",Va,Ve,kl_pyx_pyxz,kl_pyxz_pyx
7.2,x1 = 7.2,7.2,x1 = 7.2,0.02800685663649517,0.9719931433635048,0.02800685663649517,0.9719931433635048,0.3588497206671794,0.6411502793328206,0.015061337547136408,0.9849386624528635,0.024689769506471927,0.975310230493528,0.1843,0.94172,0.11273,0.1843,0.13595,0.048350000000000004,0.00021911541297976777,0.0002103387274001653
