z_x1,z_note,x_x1,x_note,"p(y=0|x,D)","p(y=1|x,D)","p(u=0|z,D)","p(u=1|z,D)","p(y=0|x,u=0,z,D)","p(y=1|x,u=0,z,D)","p(y=0|x,u=1,z,D)","p(y=1|x,u=1,z,D)","p(y=0|x,z,D)","p(y=1|x,z,D)","H[p(u|z,D)]","H[p(y|x,u=0,z,D)]","H[p(y|x,u=1,z,D)]","H[p(y|x,D)]",Va,Ve,kl_pyx_pyxz,kl_pyxz_pyx
0.2,x1 = 0.2,0.2,x1 = 0.2,0.7760195102051053,0.2239804897948947,0.7760195102051053,0.2239804897948947,0.9059970552873736,0.09400294471262645,0.46264035128882064,0.5373596487111794,0.8066938035719275,0.1933061964280725,0.76737,0.44969,0.99597,0.76737,0.57205,0.19532000000000005,0.002905064894306742,0.002801887878543144
