z_x1,z_note,x_x1,x_note,"p(y=0|x,D)","p(y=1|x,D)","p(u=0|z,D)","p(u=1|z,D)","p(y=0|x,u=0,z,D)","p(y=1|x,u=0,z,D)","p(y=0|x,u=1,z,D)","p(y=1|x,u=1,z,D)","p(y=0|x,z,D)","p(y=1|x,z,D)","H[p(u|z,D)]","H[p(y|x,u=0,z,D)]","H[p(y|x,u=1,z,D)]","H[p(y|x,D)]",Va,Ve,kl_pyx_pyxz,kl_pyxz_pyx
1.0,x1 = 1.0,1.0,x1 = 1.0,0.44322843170958787,0.5567715682904122,0.44322843170958787,0.5567715682904122,0.8278831512285099,0.17211684877149014,0.10724958024611568,0.8927504197538841,0.42665486774992223,0.5733451322500778,0.99068,0.66252,0.49156,0.99068,0.56733,0.42335,0.0005597003577813425,0.0005580653057297366
