z_x1,z_note,x_x1,x_note,"p(y=0|x,D)","p(y=1|x,D)","p(u=0|z,D)","p(u=1|z,D)","p(y=0|x,u=0,z,D)","p(y=1|x,u=0,z,D)","p(y=0|x,u=1,z,D)","p(y=1|x,u=1,z,D)","p(y=0|x,z,D)","p(y=1|x,z,D)","H[p(u|z,D)]","H[p(y|x,u=0,z,D)]","H[p(y|x,u=1,z,D)]","H[p(y|x,D)]",Va,Ve,kl_pyx_pyxz,kl_pyxz_pyx
-7.6,x1 = -7.6,-7.6,x1 = -7.6,0.9479226641336224,0.052077335866377625,0.9479226641336224,0.052077335866377625,0.979898879964775,0.02010112003522487,0.33221870047465335,0.6677812995253466,0.9461694217234722,0.05383057827652768,0.29516,0.14201,0.91718,0.29516,0.18238,0.11277999999999999,3.0489718969328164e-05,3.080908558699791e-05
