z_x1,z_note,x_x1,x_note,"p(y=0|x,D)","p(y=1|x,D)","p(u=0|z,D)","p(u=1|z,D)","p(y=0|x,u=0,z,D)","p(y=1|x,u=0,z,D)","p(y=0|x,u=1,z,D)","p(y=1|x,u=1,z,D)","p(y=0|x,z,D)","p(y=1|x,z,D)","H[p(u|z,D)]","H[p(y|x,u=0,z,D)]","H[p(y|x,u=1,z,D)]","H[p(y|x,D)]",Va,Ve,kl_pyx_pyxz,kl_pyxz_pyx
-1.8,x1 = -1.8,-1.8,x1 = -1.8,0.7932399380686996,0.2067600619313003,0.7932399380686996,0.2067600619313003,0.9016039715353124,0.09839602846468763,0.5225008179113694,0.4774991820886306,0.8232205800136746,0.17677941998632535,0.73524,0.46389,0.99854,0.73524,0.57443,0.16081,0.002962294975286165,0.0028465952357226605
