z_x1,z_note,x_x1,x_note,"p(y=0|x,D)","p(y=1|x,D)","p(u=0|z,D)","p(u=1|z,D)","p(y=0|x,u=0,z,D)","p(y=1|x,u=0,z,D)","p(y=0|x,u=1,z,D)","p(y=1|x,u=1,z,D)","p(y=0|x,z,D)","p(y=1|x,z,D)","H[p(u|z,D)]","H[p(y|x,u=0,z,D)]","H[p(y|x,u=1,z,D)]","H[p(y|x,D)]",Va,Ve,kl_pyx_pyxz,kl_pyxz_pyx
-7.2,x1 = -7.2,-7.2,x1 = -7.2,0.9473114730745843,0.052688526925415716,0.9473114730745843,0.052688526925415716,0.9778169817102466,0.02218301828975343,0.28506999741880157,0.7149300025811984,0.9413171635759062,0.05868283642409377,0.29771,0.15353,0.86227,0.29771,0.19087,0.10683999999999996,0.0003361892598980742,0.0003477457168499648
