z_x1,z_note,x_x1,x_note,"p(y=0|x,D)","p(y=1|x,D)","p(u=0|z,D)","p(u=1|z,D)","p(y=0|x,u=0,z,D)","p(y=1|x,u=0,z,D)","p(y=0|x,u=1,z,D)","p(y=1|x,u=1,z,D)","p(y=0|x,z,D)","p(y=1|x,z,D)","H[p(u|z,D)]","Var[p(u|z,D)]","H[p(y|x,u=0,z,D)]","H[p(y|x,u=1,z,D)]","Var[p(y|x,u=0,z,D)]","Var[p(y|x,u=1,z,D)]","H[p(y|x,D)]","Var[p(y|x,D)]",Va,Ve,Va_variance,Ve_variance,kl_pyx_pyxz,kl_pyxz_pyx,api_calls
4.8,x1 = 4.8,5.0,x1 = 5.0,0.299034969910748,0.7009650300892518,0.4085966038610908,0.5914033961389091,0.32861324271573344,0.6713867572842667,0.30144864906669966,0.6985513509333003,0.3125480097769614,0.6874519902230385,0.97576,0.24165,0.9135,0.88305,0.22063,0.21058,0.88011,0.20961,0.89549,-0.01538000000000006,0.21469,-0.005080000000000001,0.0004283712340961837,0.000431917141935783,680
5.7,x1 = 5.7,5.0,x1 = 5.0,0.299034969910748,0.7009650300892518,0.22847057479112393,0.7715294252088761,0.36965416387900973,0.6303458361209903,0.30402129223077834,0.6959787077692218,0.31901647214144185,0.6809835278585583,0.77534,0.17627,0.95041,0.88615,0.23301,0.21159,0.88011,0.20961,0.90083,-0.02072000000000007,0.21648,-0.006870000000000015,0.0009295818406309803,0.0009407286860221818,710
4.6,x1 = 4.6,5.0,x1 = 5.0,0.299034969910748,0.7009650300892518,0.43231137214249404,0.5676886278575058,0.3207209745306187,0.6792790254693813,0.3045932356800661,0.695406764319934,0.3115654405921042,0.6884345594078957,0.98674,0.24542,0.90516,0.88683,0.21786,0.21182,0.88011,0.20961,0.89475,-0.014640000000000097,0.21443,-0.004820000000000019,0.0003687718098213232,0.0003716112244281228,740
5.0,x1 = 5.0,5.0,x1 = 5.0,0.299034969910748,0.7009650300892518,0.299034969910748,0.7009650300892518,0.3895274980793081,0.610472501920692,0.29159654878505376,0.7084034512149463,0.32088132726059204,0.6791186727394078,0.88011,0.20961,0.96449,0.87077,0.2378,0.20657,0.88011,0.20961,0.8988,-0.018690000000000095,0.21591,-0.0063,0.0011088278671808928,0.0011232788442022308,770
4.9,x1 = 4.9,5.0,x1 = 5.0,0.299034969910748,0.7009650300892518,0.4447921845391106,0.5552078154608894,0.32835821715731983,0.6716417828426803,0.30642689904832243,0.6935731009516773,0.31618177793984553,0.6838182220601544,0.99119,0.24695,0.91324,0.88901,0.22054,0.21253,0.88011,0.20961,0.89979,-0.01968000000000003,0.21609,-0.0064800000000000135,0.0006867876290357691,0.0006939187414998042,800
