z_x1,z_note,x_x1,x_note,"p(y=0|x,D)","p(y=1|x,D)","p(u=0|z,D)","p(u=1|z,D)","p(y=0|x,u=0,z,D)","p(y=1|x,u=0,z,D)","p(y=0|x,u=1,z,D)","p(y=1|x,u=1,z,D)","p(y=0|x,z,D)","p(y=1|x,z,D)","H[p(u|z,D)]","Var[p(u|z,D)]","H[p(y|x,u=0,z,D)]","H[p(y|x,u=1,z,D)]","Var[p(y|x,u=0,z,D)]","Var[p(y|x,u=1,z,D)]","H[p(y|x,D)]","Var[p(y|x,D)]",Va,Ve,Va_variance,Ve_variance,kl_pyx_pyxz,kl_pyxz_pyx,api_calls
-9.7,x1 = -9.7,-10.0,x1 = -10.0,0.5927855322823363,0.40721446771766373,0.5834533770053556,0.41654662299464434,0.699207371945722,0.3007926280542781,0.39823306834727695,0.6017669316527231,0.5738375421736248,0.4261624578263752,0.97981,0.24304,0.88226,0.96991,0.21032,0.23964,0.97501,0.24139,0.91877,0.05624000000000007,0.22253,0.018859999999999988,0.0007370590925470655,0.0007402583761433011,200
-10.0,x1 = -10.0,-10.0,x1 = -10.0,0.5927855322823363,0.40721446771766373,0.5988835530390564,0.40111644696094373,0.698958359020649,0.3010416409793511,0.37185434098294545,0.6281456590170545,0.567751557518717,0.4322484424812832,0.9716,0.24022,0.88256,0.95209,0.21042,0.23358,0.97501,0.24139,0.91045,0.06456000000000006,0.21971,0.021680000000000005,0.0012833212636422266,0.0012904034211131676,230
-9.9,x1 = -9.9,-10.0,x1 = -10.0,0.5927855322823363,0.40721446771766373,0.5838894573840602,0.41611054261593977,0.7074690899564495,0.2925309100435506,0.3923820355774606,0.6076179644225392,0.5763580447875503,0.42364195521244963,0.9796,0.24296,0.87197,0.96632,0.20696,0.23842,0.97501,0.24139,0.91123,0.06378000000000006,0.22005,0.021339999999999998,0.0005546183552415894,0.0005567381965591971,260
-9.6,x1 = -9.6,-10.0,x1 = -10.0,0.5927855322823363,0.40721446771766373,0.5810434622184939,0.4189565377815061,0.6943929218797626,0.30560707812023746,0.40440301624468616,0.5955969837553138,0.5728997550233054,0.4271002449766947,0.98096,0.24343,0.88804,0.97347,0.21221,0.24086,0.97501,0.24139,0.92383,0.05118,0.22421,0.01718,0.0008114973598962356,0.0008151725674489206,290
-9.8,x1 = -9.8,-10.0,x1 = -10.0,0.5927855322823363,0.40721446771766373,0.5721651765368574,0.42783482346314267,0.6805973859545132,0.3194026140454867,0.38391423276945885,0.6160857672305411,0.553666001487097,0.44633399851290295,0.98492,0.24479,0.90373,0.96076,0.21738,0.23652,0.97501,0.24139,0.92813,0.04688000000000003,0.22557,0.01582,0.003117303113603087,0.003141767100832013,320
