z_x1,z_note,x_x1,x_note,"p(y=0|x,D)","p(y=1|x,D)","p(u=0|z,D)","p(u=1|z,D)","p(y=0|x,u=0,z,D)","p(y=1|x,u=0,z,D)","p(y=0|x,u=1,z,D)","p(y=1|x,u=1,z,D)","p(y=0|x,z,D)","p(y=1|x,z,D)","H[p(u|z,D)]","Var[p(u|z,D)]","H[p(y|x,u=0,z,D)]","H[p(y|x,u=1,z,D)]","Var[p(y|x,u=0,z,D)]","Var[p(y|x,u=1,z,D)]","H[p(y|x,D)]","Var[p(y|x,D)]",Va,Ve,Va_variance,Ve_variance,kl_pyx_pyxz,kl_pyxz_pyx,api_calls
-4.8,x1 = -4.8,-5.0,x1 = -5.0,0.7236324774041936,0.2763675225958063,0.7026915269134977,0.29730847308650227,0.7910449321525579,0.20895506784744217,0.6655579159848554,0.3344420840151446,0.753736578983557,0.246263421016443,0.87798,0.20892,0.73948,0.9194,0.16529,0.22259,0.85045,0.19999,0.79297,0.05748000000000009,0.18233,0.01766000000000001,0.0023786540135380327,0.0023202684089869384,360
-5.0,x1 = -5.0,-5.0,x1 = -5.0,0.7236324774041936,0.2763675225958063,0.7227888630003193,0.2772111369996807,0.7821022064952274,0.21789779350477256,0.5892012202963123,0.4107987797036876,0.7286279047826665,0.2713720952173335,0.85162,0.20037,0.75631,0.97692,0.17042,0.24204,0.85045,0.19999,0.81747,0.03298000000000001,0.19027,0.009720000000000006,6.28618887148968e-05,6.26242798195337e-05,390
-4.9,x1 = -4.9,-5.0,x1 = -5.0,0.7236324774041936,0.2763675225958063,0.7061253571203953,0.29387464287960474,0.7963064747695523,0.20369352523044765,0.6469097226498698,0.3530902773501302,0.7524025575930078,0.2475974424069922,0.87367,0.20751,0.72925,0.9368,0.1622,0.22842,0.85045,0.19999,0.79024,0.060209999999999986,0.18166,0.018330000000000013,0.0021674730597456074,0.0021168301456037653,420
-4.5,x1 = -4.5,-5.0,x1 = -5.0,0.7236324774041936,0.2763675225958063,0.6930546097264452,0.3069453902735548,0.7895760191463179,0.21042398085368214,0.666273295006371,0.33372670499362905,0.7517288163633894,0.2482711836366106,0.88962,0.21273,0.74229,0.91869,0.16615,0.22235,0.85045,0.19999,0.79644,0.05401,0.1834,0.016589999999999994,0.0020647357068861692,0.002017717388611888,450
-5.1,x1 = -5.1,-5.0,x1 = -5.0,0.7236324774041936,0.2763675225958063,0.7281348511508747,0.27186514884912527,0.799606386558467,0.20039361344153286,0.6217640889052951,0.3782359110947048,0.751257263835317,0.2487427361646829,0.84413,0.19795,0.72271,0.95679,0.16024,0.23517,0.85045,0.19999,0.78635,0.06410000000000005,0.18061,0.01938000000000001,0.0019943868052255606,0.0019497953507649317,480
