z_x1,z_note,x_x1,x_note,"p(y=0|x,D)","p(y=1|x,D)","p(u=0|z,D)","p(u=1|z,D)","p(y=0|x,u=0,z,D)","p(y=1|x,u=0,z,D)","p(y=0|x,u=1,z,D)","p(y=1|x,u=1,z,D)","p(y=0|x,z,D)","p(y=1|x,z,D)","H[p(u|z,D)]","Var[p(u|z,D)]","H[p(y|x,u=0,z,D)]","H[p(y|x,u=1,z,D)]","Var[p(y|x,u=0,z,D)]","Var[p(y|x,u=1,z,D)]","H[p(y|x,D)]","Var[p(y|x,D)]",Va,Ve,Va_variance,Ve_variance,kl_pyx_pyxz,kl_pyxz_pyx,api_calls
15.4,x1 = 15.4,15.0,x1 = 15.0,0.17879049334217195,0.821209506657828,0.15012773069867175,0.8498722693013281,0.5493389890368502,0.4506610109631498,0.1212622320015992,0.8787377679984008,0.18552842410014808,0.8144715758998518,0.61016,0.12759,0.99296,0.53298,0.24757,0.10656,0.67742,0.14682,0.60204,0.07538,0.12773,0.019089999999999996,0.00015165523065679802,0.00015311579437441922,1000
14.9,x1 = 14.9,15.0,x1 = 15.0,0.17879049334217195,0.821209506657828,0.1356908383109307,0.8643091616890693,0.5618440245953272,0.43815597540467277,0.09989031343978802,0.9001096865602118,0.1625731997673287,0.8374268002326712,0.57284,0.11728,0.98894,0.46865,0.24618,0.08991,0.67742,0.14682,0.53925,0.13817000000000002,0.11111,0.035710000000000006,0.000941291171192439,0.0009178906181766151,1030
14.7,x1 = 14.7,15.0,x1 = 15.0,0.17879049334217195,0.821209506657828,0.14715029221340248,0.8528497077865975,0.56156712910886,0.43843287089113997,0.10199357499635268,0.8980064250036472,0.16961995777756006,0.8303800422224398,0.60266,0.1255,0.98904,0.47528,0.24621,0.09159,0.67742,0.14682,0.55088,0.12653999999999999,0.11434,0.03248000000000001,0.0002943788698027954,0.00029033004528427643,1060
14.6,x1 = 14.6,15.0,x1 = 15.0,0.17879049334217195,0.821209506657828,0.1404219401755124,0.8595780598244878,0.555514622167869,0.44448537783213116,0.0942537743434412,0.9057462256565589,0.15902491752194914,0.8409750824780512,0.58534,0.1207,0.99109,0.45051,0.24692,0.08537,0.67742,0.14682,0.52642,0.15100000000000002,0.10806,0.03876,0.0014145259949469267,0.0013711859866864344,1090
14.5,x1 = 14.5,15.0,x1 = 15.0,0.17879049334217195,0.821209506657828,0.14754643459966027,0.8524535654003398,0.5802356810739097,0.41976431892609023,0.10332464450364214,0.8966753554963578,0.17369116757081332,0.8263088324291866,0.60367,0.12578,0.98134,0.47945,0.24356,0.09265,0.67742,0.14682,0.5535,0.12392000000000003,0.11492,0.03190000000000001,8.989947859815769e-05,8.922045862522383e-05,1120
