z_x1,z_note,x_x1,x_note,"p(y=0|x,D)","p(y=1|x,D)","p(u=0|z,D)","p(u=1|z,D)","p(y=0|x,u=0,z,D)","p(y=1|x,u=0,z,D)","p(y=0|x,u=1,z,D)","p(y=1|x,u=1,z,D)","p(y=0|x,z,D)","p(y=1|x,z,D)","H[p(u|z,D)]","Var[p(u|z,D)]","H[p(y|x,u=0,z,D)]","H[p(y|x,u=1,z,D)]","Var[p(y|x,u=0,z,D)]","Var[p(y|x,u=1,z,D)]","H[p(y|x,D)]","Var[p(y|x,D)]",Va,Ve,Va_variance,Ve_variance,kl_pyx_pyxz,kl_pyxz_pyx,api_calls
-5.0,x1 = -5.0,-5.0,x1 = -5.0,0.7095392488301411,0.29046075116985903,0.7095392488301411,0.29046075116985903,0.6986193787869421,0.30138062121305775,0.5860525631108695,0.4139474368891305,0.6659231369488712,0.33407686305112894,0.86932,0.20609,0.88297,0.97853,0.21055,0.24259,0.86932,0.20609,0.91073,-0.04141000000000006,0.21986,-0.013770000000000004,0.004378052185023372,0.004491031029337275,360
-4.9,x1 = -4.9,-5.0,x1 = -5.0,0.7095392488301411,0.29046075116985903,0.7012066778859852,0.29879332211401477,0.7338109411532159,0.26618905884678407,0.6216049050471766,0.3783950949528234,0.7002845268638473,0.29971547313615265,0.87981,0.20952,0.83594,0.9569,0.19533,0.23521,0.86932,0.20609,0.87208,-0.0027599999999999847,0.20725,-0.0011599999999999944,0.00020526513602532777,0.0002065166573179747,390
-4.6,x1 = -4.6,-5.0,x1 = -5.0,0.7095392488301411,0.29046075116985903,0.6988210408537431,0.3011789591462569,0.7326923371502845,0.2673076628497154,0.6330500960000652,0.36694990399993477,0.7026821906736611,0.2973178093263388,0.88273,0.21047,0.83757,0.9483,0.19585,0.2323,0.86932,0.20609,0.87092,-0.0016000000000000458,0.20683,-0.0007400000000000184,0.00011303603802747912,0.00011355046215833636,420
-5.1,x1 = -5.1,-5.0,x1 = -5.0,0.7095392488301411,0.29046075116985903,0.6858159184737996,0.31418408152620036,0.7482528539215993,0.2517471460784007,0.6182892681637506,0.3817107318362495,0.7074203640984181,0.292579635901582,0.89794,0.21547,0.81404,0.95924,0.18837,0.23601,0.86932,0.20609,0.85966,0.009660000000000002,0.20334,0.0027500000000000024,1.086126119015417e-05,1.0876759221049252e-05,450
-5.3,x1 = -5.3,-5.0,x1 = -5.0,0.7095392488301411,0.29046075116985903,0.7263556947028588,0.2736443052971413,0.7301534502946605,0.2698465497053394,0.5982364963007637,0.4017635036992364,0.6940551270620856,0.3059448729379143,0.84665,0.19876,0.84124,0.97197,0.19703,0.24035,0.86932,0.20609,0.87701,-0.007689999999999975,0.20888,-0.0027900000000000147,0.0005700672103005743,0.000575771666879563,480
