z_x1,z_note,x_x1,x_note,"p(y=0|x,D)","p(y=1|x,D)","p(u=0|z,D)","p(u=1|z,D)","p(y=0|x,u=0,z,D)","p(y=1|x,u=0,z,D)","p(y=0|x,u=1,z,D)","p(y=1|x,u=1,z,D)","p(y=0|x,z,D)","p(y=1|x,z,D)","H[p(u|z,D)]","Var[p(u|z,D)]","H[p(y|x,u=0,z,D)]","H[p(y|x,u=1,z,D)]","Var[p(y|x,u=0,z,D)]","Var[p(y|x,u=1,z,D)]","H[p(y|x,D)]","Var[p(y|x,D)]",Va,Ve,Va_variance,Ve_variance,kl_pyx_pyxz,kl_pyxz_pyx,api_calls
-14.5,x1 = -14.5,-15.0,x1 = -15.0,0.6195038009215217,0.3804961990784783,0.6110815080454417,0.3889184919545584,0.7355721794114802,0.26442782058851966,0.4126574813948725,0.5873425186051275,0.6099846820288997,0.39001531797110045,0.9641,0.23766,0.83335,0.97787,0.19451,0.24237,0.95839,0.23572,0.88956,0.06882999999999995,0.21312,0.02260000000000001,0.00019101549808599877,0.0001916037564034176,40
-14.9,x1 = -14.9,-15.0,x1 = -15.0,0.6195038009215217,0.3804961990784783,0.6077835966306426,0.3922164033693574,0.7228903585069113,0.27710964149308864,0.41535750181259096,0.584642498187409,0.602270927536361,0.397729072463639,0.96621,0.23838,0.85148,0.97923,0.20032,0.24284,0.95839,0.23572,0.90159,0.05679999999999996,0.217,0.018720000000000014,0.000623071429843497,0.000626420626059207,70
-14.7,x1 = -14.7,-15.0,x1 = -15.0,0.6195038009215217,0.3804961990784783,0.6053024044092047,0.3946975955907953,0.7223184172371605,0.2776815827628396,0.412657483381553,0.5873425166184469,0.6000959911959519,0.39990400880404814,0.96776,0.23891,0.85227,0.97787,0.20057,0.24237,0.95839,0.23572,0.90184,0.05654999999999999,0.21707,0.01865,0.000789256834723806,0.0007939849493398092,100
-14.3,x1 = -14.3,-15.0,x1 = -15.0,0.6195038009215217,0.3804961990784783,0.6023666875531669,0.39763331244683303,0.71829095722037,0.28170904277963016,0.4186160304895695,0.5813839695104305,0.5991302234471397,0.40086977655286027,0.96955,0.23952,0.85777,0.9808,0.20235,0.24338,0.95839,0.23572,0.90669,0.05169999999999997,0.21866,0.01706000000000002,0.0008692716509048591,0.0008747127023199207,130
-15.3,x1 = -15.3,-15.0,x1 = -15.0,0.6195038009215217,0.3804961990784783,0.6161277851831202,0.3838722148168799,0.7122763495927937,0.2877236504072062,0.4177038072686822,0.5822961927313177,0.599198135346598,0.400801864653402,0.96073,0.23651,0.86576,0.98037,0.20494,0.24323,0.95839,0.23572,0.90976,0.04862999999999995,0.21964,0.01608000000000001,0.0008635202138338842,0.0008689090249597332,160
