z_x1,z_note,x_x1,x_note,"p(y=0|x,D)","p(y=1|x,D)","p(u=0|z,D)","p(u=1|z,D)","p(y=0|x,u=0,z,D)","p(y=1|x,u=0,z,D)","p(y=0|x,u=1,z,D)","p(y=1|x,u=1,z,D)","p(y=0|x,z,D)","p(y=1|x,z,D)","H[p(u|z,D)]","Var[p(u|z,D)]","H[p(y|x,u=0,z,D)]","H[p(y|x,u=1,z,D)]","Var[p(y|x,u=0,z,D)]","Var[p(y|x,u=1,z,D)]","H[p(y|x,D)]","Var[p(y|x,D)]",Va,Ve,Va_variance,Ve_variance,kl_pyx_pyxz,kl_pyxz_pyx,api_calls
-10.3,x1 = -10.3,-10.0,x1 = -10.0,0.8000048914291815,0.19999510857081843,0.8247617960750017,0.17523820392499842,0.8681710344420548,0.13182896555794515,0.41992377478613185,0.5800762252138681,0.7896209897456485,0.21037901025435152,0.66955,0.14453,0.56243,0.98142,0.11445,0.24359,0.72192,0.16,0.63585,0.08606999999999998,0.13708,0.022919999999999996,0.00032856750118528434,0.00033270611782573387,200
-9.7,x1 = -9.7,-10.0,x1 = -10.0,0.8000048914291815,0.19999510857081843,0.8482312839977618,0.15176871600223824,0.8708700817033485,0.12912991829665163,0.4871841297027828,0.5128158702972173,0.8126385574201263,0.18736144257987392,0.61425,0.12873,0.55505,0.99953,0.11246,0.24984,0.72192,0.16,0.62251,0.09941,0.13331,0.02668999999999999,0.0005153941803717772,0.0005069460719579338,230
-10.0,x1 = -10.0,-10.0,x1 = -10.0,0.8000048914291815,0.19999510857081843,0.7934449678683394,0.20655503213166054,0.8712645211485585,0.12873547885144135,0.38151172049898624,0.6184882795010138,0.7701036156738152,0.22989638432618453,0.73485,0.16389,0.55396,0.9591,0.11216,0.23596,0.72192,0.16,0.63764,0.08428000000000002,0.13773,0.022270000000000012,0.0026079250673368207,0.0026974154029531135,260
-9.9,x1 = -9.9,-10.0,x1 = -10.0,0.8000048914291815,0.19999510857081843,0.8278776289414511,0.17212237105854883,0.8716622978704404,0.12833770212955978,0.47266059601719823,0.5273394039828018,0.8029851788910641,0.19701482110893595,0.66254,0.1425,0.55286,0.99784,0.11187,0.24925,0.72192,0.16,0.62945,0.09247000000000005,0.13552,0.024480000000000002,2.7966464715596228e-05,2.786136427383474e-05,290
-9.5,x1 = -9.5,-10.0,x1 = -10.0,0.8000048914291815,0.19999510857081843,0.8493949603810309,0.15060503961896904,0.8744056629685903,0.12559433703140957,0.4661873380046977,0.5338126619953024,0.8129259259642141,0.1870740740357858,0.61135,0.12792,0.54523,0.9967,0.10982,0.24886,0.72192,0.16,0.61322,0.10870000000000002,0.13076,0.029240000000000016,0.0005395243187567931,0.0005304717754465293,320
