z_x1,z_note,x_x1,x_note,"p(y=0|x,D)","p(y=1|x,D)","p(u=0|z,D)","p(u=1|z,D)","p(y=0|x,u=0,z,D)","p(y=1|x,u=0,z,D)","p(y=0|x,u=1,z,D)","p(y=1|x,u=1,z,D)","p(y=0|x,z,D)","p(y=1|x,z,D)","H[p(u|z,D)]","Var[p(u|z,D)]","H[p(y|x,u=0,z,D)]","H[p(y|x,u=1,z,D)]","Var[p(y|x,u=0,z,D)]","Var[p(y|x,u=1,z,D)]","H[p(y|x,D)]","Var[p(y|x,D)]",Va,Ve,Va_variance,Ve_variance,kl_pyx_pyxz,kl_pyxz_pyx,api_calls
14.4,x1 = 14.4,15.0,x1 = 15.0,0.13310432542531794,0.8668956745746821,0.1354250263554713,0.8645749736445285,0.5285350603618294,0.4714649396381706,0.10006826532963722,0.8999317346703627,0.15809339233931613,0.8419066076606836,0.57213,0.11709,0.99765,0.46921,0.24919,0.09005,0.56589,0.11539,0.54077,0.02512000000000003,0.1116,0.0037900000000000017,0.002455345822929181,0.002575010227699775,1000
14.9,x1 = 14.9,15.0,x1 = 15.0,0.13310432542531794,0.8668956745746821,0.12833184783014345,0.8716681521698566,0.5440312032117461,0.45596879678825386,0.09811913886834757,0.9018808611316524,0.15534385805528975,0.8446561419447103,0.55285,0.11186,0.9944,0.463,0.24806,0.08849,0.56589,0.11539,0.5312,0.03469,0.10897,0.006420000000000009,0.0019641096406511904,0.0020500571643806975,1030
15.0,x1 = 15.0,15.0,x1 = 15.0,0.13310432542531794,0.8668956745746821,0.13082805012100376,0.8691719498789962,0.5877766401620178,0.41222335983798236,0.11140560063373846,0.8885943993662616,0.17372829486933886,0.8262717051306612,0.5597,0.11371,0.97765,0.50414,0.2423,0.09899,0.56589,0.11539,0.56609,-0.00019999999999997797,0.11774,-0.002349999999999991,0.006153061331678783,0.006617258660130104,1060
15.4,x1 = 15.4,15.0,x1 = 15.0,0.13310432542531794,0.8668956745746821,0.12339733607109019,0.8766026639289098,0.5067259288892167,0.4932740711107833,0.09687594950993511,0.9031240504900648,0.14745034515412972,0.8525496548458702,0.53905,0.10817,0.99987,0.45901,0.24995,0.08749,0.56589,0.11539,0.52575,0.040139999999999953,0.10754,0.00785000000000001,0.0008417236808802454,0.0008661045551611145,1090
14.7,x1 = 14.7,15.0,x1 = 15.0,0.13310432542531794,0.8668956745746821,0.12592340772447685,0.8740765922755231,0.5438717480284907,0.45612825197150936,0.09468480624946876,0.9053151937505313,0.1512479566636194,0.8487520433363807,0.54615,0.11007,0.99444,0.45192,0.24808,0.08572,0.56589,0.11539,0.52024,0.04564999999999997,0.10616,0.009230000000000002,0.0013271396889412666,0.001375153129303388,1120
