z_x1,z_note,x_x1,x_note,"p(y=0|x,D)","p(y=1|x,D)","p(u=0|z,D)","p(u=1|z,D)","p(y=0|x,u=0,z,D)","p(y=1|x,u=0,z,D)","p(y=0|x,u=1,z,D)","p(y=1|x,u=1,z,D)","p(y=0|x,z,D)","p(y=1|x,z,D)","H[p(u|z,D)]","Var[p(u|z,D)]","H[p(y|x,u=0,z,D)]","H[p(y|x,u=1,z,D)]","Var[p(y|x,u=0,z,D)]","Var[p(y|x,u=1,z,D)]","H[p(y|x,D)]","Var[p(y|x,D)]",Va,Ve,Va_variance,Ve_variance,kl_pyx_pyxz,kl_pyxz_pyx,api_calls
14.9,x1 = 14.9,15.0,x1 = 15.0,0.16709636411439843,0.8329036358856017,0.15933922844920356,0.8406607715507965,0.5223315032996321,0.4776684967003678,0.1032847601178865,0.8967152398821134,0.1700553448606174,0.8299446551393826,0.63273,0.13395,0.99856,0.47932,0.2495,0.09262,0.65102,0.13918,0.56206,0.08896000000000004,0.11762,0.021559999999999996,3.1162443753537765e-05,3.1308148667799716e-05,1000
14.7,x1 = 14.7,15.0,x1 = 15.0,0.16709636411439843,0.8329036358856017,0.1488656029540523,0.8511343970459476,0.5231925661781589,0.4768074338218411,0.0984165487126378,0.9015834512873623,0.16165108667306366,0.8383489133269364,0.60699,0.1267,0.99845,0.46396,0.24946,0.08873,0.65102,0.13918,0.54353,0.10749000000000009,0.11266,0.026520000000000002,0.00010842291524023641,0.00010746532429784916,1030
14.6,x1 = 14.6,15.0,x1 = 15.0,0.16709636411439843,0.8329036358856017,0.15783093161192854,0.8421690683880714,0.5262615601890427,0.47373843981095726,0.10082583681532589,0.8991741631846741,0.16797275337639433,0.8320272466236056,0.6291,0.13292,0.99801,0.47161,0.24931,0.09066,0.65102,0.13918,0.55469,0.09633000000000003,0.1157,0.02348,2.7516409727362063e-06,2.7554760752212474e-06,1060
14.5,x1 = 14.5,15.0,x1 = 15.0,0.16709636411439843,0.8329036358856017,0.1626541289342131,0.8373458710657868,0.528270068366782,0.47172993163321786,0.10136762462412799,0.898632375375872,0.17080506975097628,0.8291949302490237,0.64062,0.1362,0.99769,0.47332,0.2492,0.09109,0.65102,0.13918,0.55861,0.09240999999999999,0.11681,0.02237,4.883989849843295e-05,4.912545860981691e-05,1090
15.6,x1 = 15.6,15.0,x1 = 15.0,0.16709636411439843,0.8329036358856017,0.15645479771296444,0.8435452022870356,0.4739054909998074,0.5260945090001927,0.10382974039098972,0.8961702596090104,0.16172986709096576,0.8382701329090343,0.62576,0.13198,0.99803,0.48102,0.24932,0.09305,0.65102,0.13918,0.56191,0.08911000000000002,0.1175,0.021680000000000005,0.00010528098429806419,0.00010436482212991278,1120
