z_x1,z_note,x_x1,x_note,"p(y=0|x,D)","p(y=1|x,D)","p(u=0|z,D)","p(u=1|z,D)","p(y=0|x,u=0,z,D)","p(y=1|x,u=0,z,D)","p(y=0|x,u=1,z,D)","p(y=1|x,u=1,z,D)","p(y=0|x,z,D)","p(y=1|x,z,D)","H[p(u|z,D)]","Var[p(u|z,D)]","H[p(y|x,u=0,z,D)]","H[p(y|x,u=1,z,D)]","Var[p(y|x,u=0,z,D)]","Var[p(y|x,u=1,z,D)]","H[p(y|x,D)]","Var[p(y|x,D)]",Va,Ve,Va_variance,Ve_variance,kl_pyx_pyxz,kl_pyxz_pyx,api_calls
4.8,x1 = 4.8,5.0,x1 = 5.0,0.17790245446957348,0.8220975455304267,0.25485729502853804,0.745142704971462,0.221632575949854,0.778367424050146,0.17452687552499133,0.8254731244750086,0.1865321069156965,0.8134678930843036,0.81889,0.18991,0.76314,0.66796,0.17251,0.14407,0.67547,0.14625,0.69222,-0.01674999999999993,0.15132,-0.005070000000000019,0.00024838385713106884,0.00025145067056259185,680
5.7,x1 = 5.7,5.0,x1 = 5.0,0.17790245446957348,0.8220975455304267,0.1443430605792094,0.8556569394207907,0.2584102982173488,0.7415897017826512,0.16999552200101278,0.8300044779989871,0.18275758140050463,0.8172424185994954,0.5955,0.12351,0.82434,0.65769,0.19163,0.1411,0.67547,0.14625,0.68174,-0.006269999999999998,0.14839,-0.002140000000000003,7.946264976519193e-05,8.002088566838941e-05,710
4.6,x1 = 4.6,5.0,x1 = 5.0,0.17790245446957348,0.8220975455304267,0.29619263436723053,0.7038073656327695,0.2159320343264072,0.7840679656735928,0.17368941781134173,0.8263105821886583,0.18620136967950365,0.8137986303204963,0.87659,0.20846,0.75267,0.66608,0.16931,0.14352,0.67547,0.14625,0.69173,-0.01625999999999994,0.15116,-0.004909999999999998,0.0002299220431423426,0.00023265478796401055,740
5.0,x1 = 5.0,5.0,x1 = 5.0,0.17790245446957348,0.8220975455304267,0.17521739515204862,0.8247826048479514,0.31813547862200015,0.6818645213779999,0.1545924981733862,0.8454075018266138,0.18324807320299474,0.8167519267970053,0.6695,0.14452,0.90234,0.62121,0.21693,0.13069,0.67547,0.14625,0.67047,0.0050000000000000044,0.1458,0.0004499999999999782,9.619466687667538e-05,9.693762860278968e-05,770
4.9,x1 = 4.9,5.0,x1 = 5.0,0.17790245446957348,0.8220975455304267,0.23788334450963786,0.762116655490362,0.21909978093064794,0.7809002190693519,0.1727550565562336,0.8272449434437663,0.1837796945907966,0.8162203054092032,0.7915,0.18129,0.75852,0.66397,0.1711,0.14291,0.67547,0.14625,0.68646,-0.010989999999999944,0.14962,-0.003370000000000012,0.00011610372753420063,0.00011708807339062821,800
