z_x1,z_note,x_x1,x_note,"p(y=0|x,D)","p(y=1|x,D)","p(u=0|z,D)","p(u=1|z,D)","p(y=0|x,u=0,z,D)","p(y=1|x,u=0,z,D)","p(y=0|x,u=1,z,D)","p(y=1|x,u=1,z,D)","p(y=0|x,z,D)","p(y=1|x,z,D)","H[p(u|z,D)]","Var[p(u|z,D)]","H[p(y|x,u=0,z,D)]","H[p(y|x,u=1,z,D)]","Var[p(y|x,u=0,z,D)]","Var[p(y|x,u=1,z,D)]","H[p(y|x,D)]","Var[p(y|x,D)]",Va,Ve,Va_variance,Ve_variance,kl_pyx_pyxz,kl_pyxz_pyx,api_calls
0.1,x1 = 0.1,0.0,x1 = 0.0,0.443561318416554,0.556438681583446,0.615556452386932,0.3844435476130678,0.46990812504220136,0.5300918749577986,0.41945023994208697,0.5805497600579129,0.45050991668926077,0.549490083310739,0.96112,0.23665,0.99739,0.9812,0.24909,0.24351,0.99079,0.24681,0.99117,-0.00038000000000004697,0.24694,-0.00012999999999999123,9.761508253035289e-05,9.771202224204568e-05,520
-0.3,x1 = -0.3,0.0,x1 = 0.0,0.443561318416554,0.556438681583446,0.7404241920127059,0.2595758079872942,0.4675963138484045,0.5324036861515954,0.4462674025797564,0.5537325974202437,0.46205984447235593,0.5379401555276442,0.82611,0.1922,0.99697,0.99165,0.24895,0.24711,0.99079,0.24681,0.99559,-0.0048000000000000265,0.24847,-0.0016599999999999948,0.0006898128944483918,0.000691435486850335,550
-0.8,x1 = -0.8,0.0,x1 = 0.0,0.443561318416554,0.556438681583446,0.8044721121302609,0.19552788786973901,0.470485869109316,0.529514130890684,0.45227789256318635,0.5477221074368137,0.46692570191286953,0.5330742980871305,0.71289,0.1573,0.99749,0.99342,0.24913,0.24772,0.99079,0.24681,0.99669,-0.005900000000000016,0.24885,-0.0020399999999999863,0.001099268031153646,0.0011023640022230462,580
0.2,x1 = 0.2,0.0,x1 = 0.0,0.443561318416554,0.556438681583446,0.6909193291184522,0.3090806708815478,0.4710075239039403,0.5289924760960597,0.4460360190446277,0.5539639809553724,0.46328931442910215,0.5367106855708978,0.89211,0.21355,0.99757,0.99158,0.24916,0.24709,0.99079,0.24681,0.99572,-0.004930000000000101,0.24852,-0.0017099999999999893,0.0007843362327446431,0.000786277901964727,610
0.3,x1 = 0.3,0.0,x1 = 0.0,0.443561318416554,0.556438681583446,0.5672304417205972,0.43276955827940267,0.48585273832917153,0.5141472616708284,0.41555466561686377,0.5844453343831362,0.4554298724535727,0.5445701275464271,0.98692,0.24548,0.99942,0.97933,0.2498,0.24287,0.99079,0.24681,0.99073,5.999999999994898e-05,0.2468,1.0000000000010001e-05,0.0002844133527614319,0.00028487308468226613,640
