z_x1,z_note,x_x1,x_note,"p(y=0|x,D)","p(y=1|x,D)","p(u=0|z,D)","p(u=1|z,D)","p(y=0|x,u=0,z,D)","p(y=1|x,u=0,z,D)","p(y=0|x,u=1,z,D)","p(y=1|x,u=1,z,D)","p(y=0|x,z,D)","p(y=1|x,z,D)","H[p(u|z,D)]","Var[p(u|z,D)]","H[p(y|x,u=0,z,D)]","H[p(y|x,u=1,z,D)]","Var[p(y|x,u=0,z,D)]","Var[p(y|x,u=1,z,D)]","H[p(y|x,D)]","Var[p(y|x,D)]",Va,Ve,Va_variance,Ve_variance,kl_pyx_pyxz,kl_pyxz_pyx,api_calls
-5.0,x1 = -5.0,-5.0,x1 = -5.0,0.8059513895527415,0.1940486104472585,0.8059513895527415,0.1940486104472585,0.8330186563536,0.1669813436464001,0.5676166997501715,0.4323833002498286,0.781517775464721,0.218482224535279,0.70986,0.15639,0.65075,0.98677,0.1391,0.24543,0.70986,0.15639,0.71595,-0.006089999999999929,0.15973,-0.0033400000000000096,0.0017982631142035056,0.001851666736183713,360
-4.9,x1 = -4.9,-5.0,x1 = -5.0,0.8059513895527415,0.1940486104472585,0.8114213046123794,0.18857869538762057,0.8608583345254243,0.1391416654745757,0.7309653598898078,0.2690346401101921,0.8363632868286224,0.1636367131713775,0.69849,0.15302,0.58199,0.84008,0.11978,0.19666,0.70986,0.15639,0.63066,0.07920000000000005,0.13428,0.02210999999999999,0.003225353538233642,0.0030851009203446793,390
-4.5,x1 = -4.5,-5.0,x1 = -5.0,0.8059513895527415,0.1940486104472585,0.8065508686916392,0.19344913130836083,0.8588431608956917,0.14115683910430826,0.7412351394953036,0.25876486050469627,0.8360919913208915,0.16390800867910843,0.70863,0.15603,0.58726,0.82488,0.12123,0.19181,0.70986,0.15639,0.63323,0.07663000000000009,0.13488,0.02151,0.0031653771835139094,0.003029076002978113,420
-5.1,x1 = -5.1,-5.0,x1 = -5.0,0.8059513895527415,0.1940486104472585,0.806608183011226,0.193391816988774,0.8483624831449837,0.15163751685501628,0.6236821186662281,0.37631788133377186,0.8049111392167373,0.19508886078326282,0.70851,0.15599,0.61392,0.9554,0.12864,0.2347,0.70986,0.15639,0.67996,0.029900000000000038,0.14915,0.0072399999999999964,3.4502569176597837e-06,3.454923562465394e-06,450
-5.3,x1 = -5.3,-5.0,x1 = -5.0,0.8059513895527415,0.1940486104472585,0.801067304638894,0.19893269536110603,0.8489516121698326,0.15104838783016733,0.6462737957450699,0.35372620425493,0.8086323678585512,0.1913676321414488,0.71979,0.15936,0.61246,0.93735,0.12823,0.2286,0.70986,0.15639,0.67709,0.03277000000000008,0.1482,0.008190000000000003,2.3141829330636243e-05,2.306027221616984e-05,480
