z_x1,z_note,x_x1,x_note,"p(y=0|x,D)","p(y=1|x,D)","p(u=0|z,D)","p(u=1|z,D)","p(y=0|x,u=0,z,D)","p(y=1|x,u=0,z,D)","p(y=0|x,u=1,z,D)","p(y=1|x,u=1,z,D)","p(y=0|x,z,D)","p(y=1|x,z,D)","H[p(u|z,D)]","Var[p(u|z,D)]","H[p(y|x,u=0,z,D)]","H[p(y|x,u=1,z,D)]","Var[p(y|x,u=0,z,D)]","Var[p(y|x,u=1,z,D)]","H[p(y|x,D)]","Var[p(y|x,D)]",Va,Ve,Va_variance,Ve_variance,kl_pyx_pyxz,kl_pyxz_pyx,api_calls
-9.7,x1 = -9.7,-10.0,x1 = -10.0,0.8821392491382543,0.11786075086174556,0.8912602435118304,0.10873975648816966,0.9049688713349578,0.09503112866504218,0.4725256224596581,0.527474377540342,0.8579450977573049,0.14205490224269524,0.4961,0.09692,0.45304,0.99782,0.086,0.24925,0.52318,0.10397,0.51228,0.01090000000000002,0.10375,0.00022000000000001185,0.0025263745909099543,0.002663744644813247,200
-10.0,x1 = -10.0,-10.0,x1 = -10.0,0.8821392491382543,0.11786075086174556,0.8821392491382543,0.11786075086174556,0.8984281202681206,0.10157187973187942,0.42694925432240305,0.5730507456775968,0.8428592671123138,0.15714073288768593,0.52318,0.10397,0.47396,0.98455,0.09126,0.24466,0.52318,0.10397,0.53414,-0.01095999999999997,0.10934,-0.00537,0.006280149570741432,0.006807463687993065,230
-9.9,x1 = -9.9,-10.0,x1 = -10.0,0.8821392491382543,0.11786075086174556,0.8932737657581127,0.1067262342418874,0.9080749720399541,0.09192502796004585,0.48710325737401805,0.5128967426259821,0.8631462462113085,0.13685375378869155,0.48996,0.09534,0.44286,0.99952,0.08347,0.24983,0.52318,0.10397,0.50227,0.020909999999999984,0.10122,0.0027500000000000024,0.0015909928596964662,0.0016601305788132986,260
-9.6,x1 = -9.6,-10.0,x1 = -10.0,0.8821392491382543,0.11786075086174556,0.8868490745702202,0.11315092542977974,0.9050613864458393,0.0949386135541607,0.47469786962197463,0.5253021303780253,0.8563653562460044,0.14363464375399554,0.50935,0.10035,0.45274,0.99815,0.08593,0.24936,0.52318,0.10397,0.51445,0.008730000000000016,0.10442,-0.0004499999999999921,0.0028487094509129403,0.0030128369101577804,290
-9.8,x1 = -9.8,-10.0,x1 = -10.0,0.8821392491382543,0.11786075086174556,0.8878868727742946,0.11211312722570539,0.9038582652091378,0.09614173479086212,0.47552618267824986,0.5244738173217501,0.855836615945501,0.1441633840544989,0.50626,0.09954,0.45664,0.99827,0.0869,0.2494,0.52318,0.10397,0.51736,0.005819999999999936,0.10512,-0.0011499999999999982,0.0029604651763972603,0.0031342192621603773,320
