z_x1,z_note,x_x1,x_note,"p(y=0|x,D)","p(y=1|x,D)","p(u=0|z,D)","p(u=1|z,D)","p(y=0|x,u=0,z,D)","p(y=1|x,u=0,z,D)","p(y=0|x,u=1,z,D)","p(y=1|x,u=1,z,D)","p(y=0|x,z,D)","p(y=1|x,z,D)","H[p(u|z,D)]","Var[p(u|z,D)]","H[p(y|x,u=0,z,D)]","H[p(y|x,u=1,z,D)]","Var[p(y|x,u=0,z,D)]","Var[p(y|x,u=1,z,D)]","H[p(y|x,D)]","Var[p(y|x,D)]",Va,Ve,Va_variance,Ve_variance,kl_pyx_pyxz,kl_pyxz_pyx,api_calls
9.4,x1 = 9.4,10.0,x1 = 10.0,0.14726286433181082,0.8527371356681892,0.19440138175286864,0.8055986182471313,0.35125831774483685,0.6487416822551632,0.14309971850314063,0.8569002814968594,0.183566037819468,0.8164339621805319,0.71059,0.15661,0.93519,0.5923,0.22788,0.12262,0.60295,0.12558,0.65896,-0.056010000000000004,0.14308,-0.017500000000000016,0.004648437043862745,0.004930540267461557,840
9.9,x1 = 9.9,10.0,x1 = 10.0,0.14726286433181082,0.8527371356681892,0.15697214406249793,0.8430278559375021,0.3677320611073028,0.6322679388926972,0.1484548109981867,0.8515451890018133,0.18287523109194326,0.8171247689080567,0.62702,0.13233,0.94891,0.60596,0.23251,0.12642,0.60295,0.12558,0.65979,-0.05684,0.14307,-0.017490000000000006,0.004482452151445,0.004749857235527816,870
10.0,x1 = 10.0,10.0,x1 = 10.0,0.14726286433181082,0.8527371356681892,0.14726286433181082,0.8527371356681892,0.4444433615749356,0.5555566384250644,0.20146001814362363,0.7985399818563763,0.23724244128223873,0.7627575587177613,0.60295,0.12558,0.99108,0.72484,0.24691,0.16087,0.60295,0.12558,0.76405,-0.16110000000000002,0.17354,-0.04796,0.024865388416954667,0.02807629989144679,900
10.4,x1 = 10.4,10.0,x1 = 10.0,0.14726286433181082,0.8527371356681892,0.15011449122934944,0.8498855087706506,0.44462704272151427,0.5553729572784858,0.17950184263750132,0.8204981573624985,0.21930097716019242,0.7806990228398075,0.61013,0.12758,0.99113,0.67899,0.24693,0.14728,0.60295,0.12558,0.72585,-0.12290000000000001,0.16224,-0.03666,0.016620082068994395,0.0184255638574813,930
10.3,x1 = 10.3,10.0,x1 = 10.0,0.14726286433181082,0.8527371356681892,0.15601169376916801,0.843988306230832,0.43231137214249404,0.567688627857506,0.17908912598488044,0.8209108740151196,0.21859475750796295,0.7814052424920371,0.62468,0.13167,0.98674,0.67808,0.24542,0.14702,0.60295,0.12558,0.72623,-0.12328000000000006,0.16237,-0.03678999999999999,0.01632404449436812,0.01808345445652533,960
