z_x1,z_note,x_x1,x_note,"p(y=0|x,D)","p(y=1|x,D)","p(u=0|z,D)","p(u=1|z,D)","p(y=0|x,u=0,z,D)","p(y=1|x,u=0,z,D)","p(y=0|x,u=1,z,D)","p(y=1|x,u=1,z,D)","p(y=0|x,z,D)","p(y=1|x,z,D)","H[p(u|z,D)]","Var[p(u|z,D)]","H[p(y|x,u=0,z,D)]","H[p(y|x,u=1,z,D)]","Var[p(y|x,u=0,z,D)]","Var[p(y|x,u=1,z,D)]","H[p(y|x,D)]","Var[p(y|x,D)]",Va,Ve,Va_variance,Ve_variance,kl_pyx_pyxz,kl_pyxz_pyx,api_calls
0.1,x1 = 0.1,0.0,x1 = 0.0,0.671279583352356,0.3287204166476439,0.6844571209474504,0.31554287905254963,0.7659645142834428,0.23403548571655725,0.4785051972254391,0.5214948027745608,0.6752587737684805,0.3247412262315194,0.89947,0.21598,0.78498,0.99867,0.17926,0.24954,0.91361,0.22066,0.85241,0.06120000000000003,0.20144,0.019219999999999987,3.602783305227831e-05,3.5952629476828854e-05,520
-0.2,x1 = -0.2,0.0,x1 = 0.0,0.671279583352356,0.3287204166476439,0.6287347081052095,0.37126529189479046,0.7253209304848408,0.274679069515159,0.5442165925484639,0.45578340745153617,0.658083175597479,0.3419168244025208,0.95164,0.23343,0.8481,0.99435,0.19923,0.24804,0.91361,0.22066,0.9024,0.011210000000000053,0.21735,0.0033100000000000074,0.0003894378961727101,0.0003919781355592785,550
-0.6,x1 = -0.6,0.0,x1 = 0.0,0.671279583352356,0.3287204166476439,0.6172439364931711,0.3827560635068289,0.7084789678611249,0.29152103213887515,0.5777041819888548,0.42229581801114513,0.6584241256147063,0.3415758743852937,0.95997,0.23625,0.87068,0.98251,0.20654,0.24396,0.91361,0.22066,0.91348,0.0001300000000000745,0.22086,-0.00020000000000000573,0.00036969540463604143,0.0003720473759793782,580
0.2,x1 = 0.2,0.0,x1 = 0.0,0.671279583352356,0.3287204166476439,0.6836396140185039,0.31636038598149596,0.7509990970710871,0.2490009029289128,0.515111260526862,0.48488873947313804,0.6763735300536159,0.3236264699463839,0.90038,0.21628,0.80969,0.99934,0.187,0.24977,0.91361,0.22066,0.86969,0.04392000000000007,0.20686,0.013800000000000007,5.911144155415233e-05,5.8952884987944175e-05,610
0.6,x1 = 0.6,0.0,x1 = 0.0,0.671279583352356,0.3287204166476439,0.649836985969802,0.35016301403019817,0.7313614519326682,0.26863854806733184,0.590458289196482,0.40954171080351787,0.6820223757825778,0.31797762421742226,0.93421,0.22755,0.8395,0.97626,0.19647,0.24182,0.91361,0.22066,0.88739,0.02622000000000002,0.21235,0.008309999999999984,0.00026451607795091765,0.000262990753769312,640
