z_x1,z_note,x_x1,x_note,"p(y=0|x,D)","p(y=1|x,D)","p(u=0|z,D)","p(u=1|z,D)","p(y=0|x,u=0,z,D)","p(y=1|x,u=0,z,D)","p(y=0|x,u=1,z,D)","p(y=1|x,u=1,z,D)","p(y=0|x,z,D)","p(y=1|x,z,D)","H[p(u|z,D)]","Var[p(u|z,D)]","H[p(y|x,u=0,z,D)]","H[p(y|x,u=1,z,D)]","Var[p(y|x,u=0,z,D)]","Var[p(y|x,u=1,z,D)]","H[p(y|x,D)]","Var[p(y|x,D)]",Va,Ve,Va_variance,Ve_variance,kl_pyx_pyxz,kl_pyxz_pyx,api_calls
-0.7,x1 = -0.7,0.0,x1 = 0.0,0.7454187763057774,0.25458122369422276,0.7448531297998033,0.2551468702001967,0.7779365760893514,0.2220634239106487,0.697670657601525,0.3023293423984749,0.7574569782034384,0.24254302179656168,0.81933,0.19005,0.76392,0.88412,0.17275,0.21093,0.81846,0.18977,0.79459,0.023869999999999947,0.18249,0.007279999999999981,0.0003900960678610479,0.0003859032324792719,520
0.2,x1 = 0.2,0.0,x1 = 0.0,0.7454187763057774,0.25458122369422276,0.7410677439848372,0.25893225601516273,0.7869022276854651,0.21309777231453492,0.6805818638321683,0.3194181361678316,0.7593724560125781,0.24062754398742198,0.82513,0.19189,0.74736,0.90375,0.16769,0.21739,0.81846,0.18977,0.78785,0.030609999999999915,0.18056,0.009209999999999996,0.0005259706513316125,0.0005193812342765801,550
-0.2,x1 = -0.2,0.0,x1 = 0.0,0.7454187763057774,0.25458122369422276,0.7320529073459254,0.26794709265407474,0.790358128280211,0.20964187171978904,0.6708414736475594,0.3291585263524405,0.758333988147651,0.2416660118523492,0.8385,0.19615,0.7408,0.91406,0.16569,0.22081,0.81846,0.18977,0.78722,0.031239999999999934,0.18046,0.009309999999999985,0.0004497307518156399,0.0004445315404815256,580
0.6,x1 = 0.6,0.0,x1 = 0.0,0.7454187763057774,0.25458122369422276,0.7215940240197547,0.2784059759802452,0.7773705377505234,0.2226294622494765,0.701508926272804,0.298491073727196,0.7562502117676346,0.24374978823236515,0.85327,0.2009,0.76494,0.87944,0.17307,0.20939,0.81846,0.18977,0.79682,0.021639999999999993,0.18318,0.006589999999999985,0.0003151090060160063,0.00031207234392038527,610
-0.4,x1 = -0.4,0.0,x1 = 0.0,0.7454187763057774,0.25458122369422276,0.7394793812128382,0.2605206187871617,0.7822930829539001,0.21770691704609985,0.6781479251192477,0.3218520748807522,0.7551611219911298,0.24483887800887005,0.82753,0.19265,0.75596,0.90638,0.17031,0.21826,0.81846,0.18977,0.79515,0.023309999999999942,0.1828,0.006970000000000004,0.00025442226004117503,0.0002522239314070949,640
