z_x1,z_note,x_x1,x_note,"p(y=0|x,D)","p(y=1|x,D)","p(u=0|z,D)","p(u=1|z,D)","p(y=0|x,u=0,z,D)","p(y=1|x,u=0,z,D)","p(y=0|x,u=1,z,D)","p(y=1|x,u=1,z,D)","p(y=0|x,z,D)","p(y=1|x,z,D)","H[p(u|z,D)]","Var[p(u|z,D)]","H[p(y|x,u=0,z,D)]","H[p(y|x,u=1,z,D)]","Var[p(y|x,u=0,z,D)]","Var[p(y|x,u=1,z,D)]","H[p(y|x,D)]","Var[p(y|x,D)]",Va,Ve,Va_variance,Ve_variance,kl_pyx_pyxz,kl_pyxz_pyx,api_calls
14.9,x1 = 14.9,15.0,x1 = 15.0,0.11147330018137283,0.8885266998186273,0.10105399916246867,0.8989460008375312,0.5326692896524481,0.4673307103475521,0.10152523188615521,0.8984747681138447,0.14509406313857348,0.8549059368614264,0.47233,0.09084,0.99692,0.47381,0.24893,0.09122,0.50434,0.09905,0.52667,-0.02232999999999996,0.10716,-0.008110000000000006,0.0048893193108318495,0.005269879794368146,1000
14.7,x1 = 14.7,15.0,x1 = 15.0,0.11147330018137283,0.8885266998186273,0.09912327096597154,0.9008767290340284,0.538140025838074,0.4618599741619261,0.09266850432643473,0.9073314956735652,0.13682509866085654,0.8631749013391433,0.46621,0.0893,0.9958,0.44531,0.24855,0.08408,0.50434,0.09905,0.49988,0.0044600000000000195,0.10038,-0.0013299999999999979,0.0028775771461460424,0.003051339369736214,1030
14.6,x1 = 14.6,15.0,x1 = 15.0,0.11147330018137283,0.8885266998186273,0.09948940894792736,0.9005105910520725,0.5382297442729224,0.46177025572707775,0.08968442834511588,0.9103155716548843,0.13430993671313468,0.8656900632868654,0.46737,0.08959,0.99578,0.43542,0.24854,0.08164,0.50434,0.09905,0.49117,0.013170000000000015,0.09824,0.0008100000000000052,0.002360513785983981,0.0024900502812089664,1060
14.5,x1 = 14.5,15.0,x1 = 15.0,0.11147330018137283,0.8885266998186273,0.10240618170729712,0.8975938182927029,0.5361500691627572,0.46384993083724274,0.08925811644000295,0.9107418835599972,0.13502261495405815,0.864977385045942,0.47658,0.09192,0.99623,0.43399,0.24869,0.08129,0.50434,0.09905,0.49157,0.012770000000000004,0.09843,0.0006199999999999956,0.002502355314547247,0.002643606004018747,1090
15.6,x1 = 15.6,15.0,x1 = 15.0,0.11147330018137283,0.8885266998186273,0.11184367112279985,0.8881563288772002,0.5643083769454984,0.4356916230545016,0.09728430933343472,0.9027156906665654,0.14951799555787063,0.8504820044421296,0.50545,0.09933,0.98803,0.46033,0.24586,0.08782,0.50434,0.09905,0.51935,-0.015009999999999968,0.1055,-0.006449999999999997,0.00615112245518773,0.006684895256938959,1120
