z_x1,z_note,x_x1,x_note,"p(y=0|x,D)","p(y=1|x,D)","p(u=0|z,D)","p(u=1|z,D)","p(y=0|x,u=0,z,D)","p(y=1|x,u=0,z,D)","p(y=0|x,u=1,z,D)","p(y=1|x,u=1,z,D)","p(y=0|x,z,D)","p(y=1|x,z,D)","H[p(u|z,D)]","Var[p(u|z,D)]","H[p(y|x,u=0,z,D)]","H[p(y|x,u=1,z,D)]","Var[p(y|x,u=0,z,D)]","Var[p(y|x,u=1,z,D)]","H[p(y|x,D)]","Var[p(y|x,D)]",Va,Ve,Va_variance,Ve_variance,kl_pyx_pyxz,kl_pyxz_pyx,api_calls
4.6,x1 = 4.6,5.0,x1 = 5.0,0.32180377797997284,0.6781962220200272,0.43498733452255445,0.5650126654774456,0.3250754962377205,0.6749245037622795,0.3111927413637533,0.6888072586362467,0.3172315639022103,0.6827684360977897,0.98777,0.24577,0.90982,0.89455,0.2194,0.21435,0.90633,0.21825,0.90119,0.005139999999999922,0.21655,0.001700000000000007,4.81355618464005e-05,4.801391918467582e-05,680
5.0,x1 = 5.0,5.0,x1 = 5.0,0.32180377797997284,0.6781962220200272,0.32180377797997284,0.6781962220200272,0.3691586188917033,0.6308413811082965,0.3274175765801444,0.6725824234198555,0.340850001692826,0.6591499983071739,0.90633,0.21825,0.95002,0.91227,0.23288,0.22022,0.90633,0.21825,0.92442,-0.01809000000000005,0.22429,-0.00603999999999999,0.0008148953284559633,0.0008228144746430591,710
4.9,x1 = 4.9,5.0,x1 = 5.0,0.32180377797997284,0.6781962220200272,0.41678504580131187,0.5832149541986882,0.3276174295027484,0.6723825704972516,0.30866538355208223,0.6913346164479177,0.3165643128916592,0.6834356871083408,0.97993,0.24308,0.91247,0.89163,0.22028,0.21339,0.90633,0.21825,0.90032,0.00600999999999996,0.21626,0.0019899999999999918,6.325735350139715e-05,6.307376056854507e-05,740
5.4,x1 = 5.4,5.0,x1 = 5.0,0.32180377797997284,0.6781962220200272,0.3382284683893287,0.6617715316106711,0.35784677266537457,0.6421532273346255,0.3088943064283959,0.6911056935716041,0.32545142410760947,0.6745485758923904,0.92311,0.22383,0.94088,0.89189,0.22979,0.21348,0.90633,0.21825,0.90846,-0.0021300000000000763,0.219,-0.0007500000000000007,3.036279386681509e-05,3.0422345650167344e-05,770
5.1,x1 = 5.1,5.0,x1 = 5.0,0.32180377797997284,0.6781962220200272,0.3359499975082425,0.6640500024917576,0.3494821744672255,0.6505178255327744,0.3038480308561457,0.6961519691438544,0.3191788212885788,0.6808211787114213,0.92089,0.22309,0.9336,0.88594,0.22734,0.21152,0.90633,0.21825,0.90195,0.0043799999999999395,0.21683,0.0014200000000000046,1.5831350455484082e-05,1.5808530568945083e-05,800
