z_x1,z_note,x_x1,x_note,"p(y=0|x,D)","p(y=1|x,D)","p(u=0|z,D)","p(u=1|z,D)","p(y=0|x,u=0,z,D)","p(y=1|x,u=0,z,D)","p(y=0|x,u=1,z,D)","p(y=1|x,u=1,z,D)","p(y=0|x,z,D)","p(y=1|x,z,D)","H[p(u|z,D)]","Var[p(u|z,D)]","H[p(y|x,u=0,z,D)]","H[p(y|x,u=1,z,D)]","Var[p(y|x,u=0,z,D)]","Var[p(y|x,u=1,z,D)]","H[p(y|x,D)]","Var[p(y|x,D)]",Va,Ve,Va_variance,Ve_variance,kl_pyx_pyxz,kl_pyxz_pyx,api_calls
-0.7,x1 = -0.7,0.0,x1 = 0.0,0.5922502315802911,0.40774976841970884,0.6188545524567608,0.3811454475432392,0.574207398042304,0.4257926019576959,0.5556718874029903,0.44432811259700966,0.5671426725442403,0.43285732745575967,0.95885,0.23587,0.98405,0.99104,0.24449,0.2469,0.9753,0.24149,0.98671,-0.011410000000000031,0.24541,-0.003919999999999979,0.0012904093887160864,0.0012974979582679735,520
0.2,x1 = 0.2,0.0,x1 = 0.0,0.5922502315802911,0.40774976841970884,0.6162141755000945,0.3837858244999055,0.5738343498387513,0.4261656501612487,0.549621570433713,0.450378429566287,0.5645418283313544,0.43545817166864564,0.96067,0.23649,0.98421,0.99288,0.24455,0.24754,0.9753,0.24149,0.98754,-0.012240000000000029,0.2457,-0.0042099999999999915,0.0015699872049689187,0.0015793451046083526,550
-0.2,x1 = -0.2,0.0,x1 = 0.0,0.5922502315802911,0.40774976841970884,0.5943132048064969,0.40568679519350315,0.5678957872858696,0.43210421271413024,0.5433562175007561,0.45664378249924387,0.5579404078643196,0.4420595921356803,0.97418,0.24111,0.98666,0.99457,0.24539,0.24812,0.9753,0.24149,0.98987,-0.014570000000000083,0.2465,-0.005009999999999987,0.002401239464549211,0.0024181961672452915,580
0.6,x1 = 0.6,0.0,x1 = 0.0,0.5922502315802911,0.40774976841970884,0.622120433007213,0.37787956699278696,0.5770450069544854,0.42295499304551465,0.5464529302519604,0.4535470697480396,0.5654848862567251,0.4345151137432749,0.95653,0.23509,0.9828,0.99376,0.24406,0.24784,0.9753,0.24149,0.98694,-0.011640000000000095,0.24549,-0.0040000000000000036,0.0014654765633035811,0.0014739664607830369,610
-0.4,x1 = -0.4,0.0,x1 = 0.0,0.5922502315802911,0.40774976841970884,0.603579864638878,0.396420135361122,0.5648710012648483,0.43512899873515154,0.5557217808958671,0.4442782191041329,0.561244066087728,0.43875593391227186,0.96882,0.23927,0.98782,0.99102,0.24579,0.2469,0.9753,0.24149,0.98909,-0.01379000000000008,0.24623,-0.004739999999999994,0.0019634615746804453,0.0019762746281725106,640
