z_x1,z_note,x_x1,x_note,"p(y=0|x,D)","p(y=1|x,D)","p(u=0|z,D)","p(u=1|z,D)","p(y=0|x,u=0,z,D)","p(y=1|x,u=0,z,D)","p(y=0|x,u=1,z,D)","p(y=1|x,u=1,z,D)","p(y=0|x,z,D)","p(y=1|x,z,D)","H[p(u|z,D)]","Var[p(u|z,D)]","H[p(y|x,u=0,z,D)]","H[p(y|x,u=1,z,D)]","Var[p(y|x,u=0,z,D)]","Var[p(y|x,u=1,z,D)]","H[p(y|x,D)]","Var[p(y|x,D)]",Va,Ve,Va_variance,Ve_variance,kl_pyx_pyxz,kl_pyxz_pyx,api_calls
-9.7,x1 = -9.7,-10.0,x1 = -10.0,0.8621333155805972,0.13786668441940264,0.8582547818132307,0.14174521818676925,0.917125415346125,0.08287458465387494,0.45338428587651797,0.5466157141234821,0.8513923277672767,0.1486076722327232,0.58879,0.12165,0.41223,0.99372,0.07601,0.24783,0.57862,0.11886,0.49465,0.08397000000000004,0.10036,0.01849999999999999,0.00046534089812419986,0.0004751343328905904,200
-10.0,x1 = -10.0,-10.0,x1 = -10.0,0.8621333155805972,0.13786668441940264,0.8621333155805972,0.13786668441940264,0.9490875232044873,0.050912476795512765,0.2328991378252055,0.7671008621747946,0.8503490050925603,0.14965099490743972,0.57862,0.11886,0.29026,0.78303,0.04832,0.17866,0.57862,0.11886,0.3582,0.22042,0.06629,0.05256999999999999,0.0005579416991131712,0.0005707804992387371,230
-9.9,x1 = -9.9,-10.0,x1 = -10.0,0.8621333155805972,0.13786668441940264,0.8647709106503199,0.1352290893496802,0.9221538882280182,0.07784611177198178,0.4623220527131474,0.5376779472868525,0.8599712478573504,0.1400287521426497,0.57161,0.11694,0.39454,0.9959,0.07179,0.24858,0.57862,0.11886,0.47586,0.10276000000000002,0.0957,0.02316,1.9493491675781453e-05,1.9578470559594024e-05,260
-9.6,x1 = -9.6,-10.0,x1 = -10.0,0.8621333155805972,0.13786668441940264,0.8636020208849079,0.136397979115092,0.9156031918786214,0.08439680812137866,0.4509549658740412,0.5490450341259587,0.8522261128521841,0.14777388714781592,0.57473,0.11779,0.41749,0.99305,0.07727,0.24759,0.57862,0.11886,0.496,0.08262000000000003,0.1005,0.018359999999999987,0.0003971494359990991,0.00040488011155738815,290
-9.8,x1 = -9.8,-10.0,x1 = -10.0,0.8621333155805972,0.13786668441940264,0.8630918176018877,0.13690818239811225,0.9174995960383591,0.08250040396164096,0.4527753722381516,0.5472246277618484,0.8538750472414991,0.1461249527585009,0.57608,0.11816,0.41093,0.99356,0.07569,0.24777,0.57862,0.11886,0.4907,0.08792,0.09925,0.01960999999999999,0.0002776900545884628,0.0002822203899600362,320
