z_x1,z_note,x_x1,x_note,"p(y=0|x,D)","p(y=1|x,D)","p(u=0|z,D)","p(u=1|z,D)","p(y=0|x,u=0,z,D)","p(y=1|x,u=0,z,D)","p(y=0|x,u=1,z,D)","p(y=1|x,u=1,z,D)","p(y=0|x,z,D)","p(y=1|x,z,D)","H[p(u|z,D)]","Var[p(u|z,D)]","H[p(y|x,u=0,z,D)]","H[p(y|x,u=1,z,D)]","Var[p(y|x,u=0,z,D)]","Var[p(y|x,u=1,z,D)]","H[p(y|x,D)]","Var[p(y|x,D)]",Va,Ve,Va_variance,Ve_variance,kl_pyx_pyxz,kl_pyxz_pyx,api_calls
-4.7,x1 = -4.7,-5.0,x1 = -5.0,0.6222440486701358,0.37775595132986417,0.5910570334409477,0.4089429665590522,0.6828325294246901,0.31716747057530986,0.5667830723933464,0.43321692760665365,0.6353749201987251,0.36462507980127484,0.97594,0.24171,0.90127,0.98709,0.21657,0.24554,0.95644,0.23506,0.93637,0.02006999999999992,0.22842,0.006639999999999979,0.00037027419276523636,0.0003684894103606045,360
-5.0,x1 = -5.0,-5.0,x1 = -5.0,0.6222440486701358,0.37775595132986417,0.6222440486701358,0.37775595132986417,0.6765576723659057,0.3234423276340942,0.5521323903429707,0.4478676096570293,0.6295552815858452,0.3704447184141547,0.95644,0.23506,0.90809,0.99214,0.21883,0.24728,0.95644,0.23506,0.93984,0.016599999999999948,0.22958,0.005479999999999985,0.00011429774989584005,0.00011399857626048348,390
-4.9,x1 = -4.9,-5.0,x1 = -5.0,0.6222440486701358,0.37775595132986417,0.5884683298962463,0.41153167010375363,0.6750133382046237,0.3249866617953763,0.5701706355372377,0.4298293644627623,0.631867245677723,0.3681327543222769,0.9773,0.24217,0.90972,0.98575,0.21937,0.24508,0.95644,0.23506,0.94101,0.015429999999999944,0.22995,0.005110000000000003,0.00019835046339815136,0.00019766024055071357,420
-4.5,x1 = -4.5,-5.0,x1 = -5.0,0.6222440486701358,0.37775595132986417,0.5855962287208917,0.4144037712791084,0.670402616608155,0.32959738339184497,0.5730007224819262,0.42699927751807387,0.6300389043525174,0.3699610956474827,0.97876,0.24267,0.91451,0.98457,0.22096,0.24467,0.95644,0.23506,0.94354,0.012899999999999912,0.23079,0.004269999999999996,0.00012996488495330485,0.00012960143904045159,450
-5.1,x1 = -5.1,-5.0,x1 = -5.0,0.6222440486701358,0.37775595132986417,0.6024467866886438,0.3975532133113563,0.6758395076179775,0.32416049238202244,0.5428899542333696,0.45711004576663045,0.622984985461617,0.3770150145383831,0.9695,0.2395,0.90885,0.99469,0.21908,0.24816,0.95644,0.23506,0.94298,0.013459999999999916,0.23064,0.0044199999999999795,1.1683796080075304e-06,1.1680784770154266e-06,480
