z_x1,z_note,x_x1,x_note,"p(y=0|x,D)","p(y=1|x,D)","p(u=0|z,D)","p(u=1|z,D)","p(y=0|x,u=0,z,D)","p(y=1|x,u=0,z,D)","p(y=0|x,u=1,z,D)","p(y=1|x,u=1,z,D)","p(y=0|x,z,D)","p(y=1|x,z,D)","H[p(u|z,D)]","Var[p(u|z,D)]","H[p(y|x,u=0,z,D)]","H[p(y|x,u=1,z,D)]","Var[p(y|x,u=0,z,D)]","Var[p(y|x,u=1,z,D)]","H[p(y|x,D)]","Var[p(y|x,D)]",Va,Ve,Va_variance,Ve_variance,kl_pyx_pyxz,kl_pyxz_pyx,api_calls
-14.4,x1 = -14.4,-15.0,x1 = -15.0,0.5545584269338546,0.4454415730661454,0.5487989616324402,0.4512010383675598,0.6487347553274465,0.3512652446725534,0.38137662843480247,0.6186233715651975,0.5281024908574797,0.47189750914252027,0.99312,0.24762,0.93519,0.95901,0.22788,0.23593,0.99139,0.24702,0.94594,0.04544999999999999,0.23151,0.015509999999999996,0.0014077333007996955,0.0014118748811861558,40
-14.9,x1 = -14.9,-15.0,x1 = -15.0,0.5545584269338546,0.4454415730661454,0.5544388695378719,0.44556113046212803,0.6498926998496379,0.350107300150362,0.39327373881110883,0.6067262611888912,0.5355532654712941,0.4644467345287059,0.99143,0.24704,0.93416,0.96688,0.22753,0.23861,0.99139,0.24702,0.94874,0.042649999999999966,0.23247,0.01454999999999998,0.0007275588725208608,0.0007292362829028447,70
-14.7,x1 = -14.7,-15.0,x1 = -15.0,0.5545584269338546,0.4454415730661454,0.5544388675654471,0.44556113243455275,0.6452496686278412,0.3547503313721587,0.37396705345692516,0.6260329465430748,0.5243766794024808,0.47562332059751905,0.99143,0.24704,0.93824,0.95367,0.2289,0.23412,0.99139,0.24702,0.94512,0.04627000000000003,0.23123,0.01579,0.0018309398500451352,0.0018368064285900626,100
-14.3,x1 = -14.3,-15.0,x1 = -15.0,0.5545584269338546,0.4454415730661454,0.5548272440146681,0.44517275598533185,0.6508895706393496,0.3491104293606505,0.38243916514394194,0.617560834856058,0.531382763779579,0.46861723622042095,0.99131,0.24699,0.93327,0.95975,0.22723,0.23618,0.99139,0.24702,0.94506,0.04632999999999998,0.23121,0.01580999999999999,0.0010809682829576901,0.0010838655731157006,130
-15.3,x1 = -15.3,-15.0,x1 = -15.0,0.5545584269338546,0.4454415730661454,0.5606088135719446,0.43939118642805547,0.6702150606001848,0.3297849393998153,0.3647106631414698,0.6352893368585303,0.5359791209418119,0.46402087905818834,0.98937,0.24633,0.91471,0.94652,0.22103,0.2317,0.99139,0.24702,0.92869,0.06269999999999998,0.22572,0.021299999999999986,0.0006953831363402663,0.0006969579150789898,160
