z_x1,z_note,x_x1,x_note,"p(y=0|x,D)","p(y=1|x,D)","p(u=0|z,D)","p(u=1|z,D)","p(y=0|x,u=0,z,D)","p(y=1|x,u=0,z,D)","p(y=0|x,u=1,z,D)","p(y=1|x,u=1,z,D)","p(y=0|x,z,D)","p(y=1|x,z,D)","H[p(u|z,D)]","Var[p(u|z,D)]","H[p(y|x,u=0,z,D)]","H[p(y|x,u=1,z,D)]","Var[p(y|x,u=0,z,D)]","Var[p(y|x,u=1,z,D)]","H[p(y|x,D)]","Var[p(y|x,D)]",Va,Ve,Va_variance,Ve_variance,kl_pyx_pyxz,kl_pyxz_pyx,api_calls
9.4,x1 = 9.4,10.0,x1 = 10.0,0.22082729358852524,0.7791727064114748,0.22628566037227818,0.7737143396277217,0.6085490284620968,0.39145097153790326,0.09915890533551588,0.900841094664484,0.21442658573433032,0.7855734142656695,0.77148,0.17508,0.96573,0.46632,0.23822,0.08933,0.76168,0.17206,0.57933,0.18235,0.12302,0.049039999999999986,0.00012074206633681632,0.00011989054868854002,840
9.9,x1 = 9.9,10.0,x1 = 10.0,0.22082729358852524,0.7791727064114748,0.21319389001689903,0.786806109983101,0.6268231932986909,0.37317680670130915,0.09786336079953589,0.9021366392004643,0.21063436515271805,0.7893656348472821,0.74754,0.16774,0.95308,0.46219,0.23392,0.08829,0.76168,0.17206,0.56684,0.19484,0.11934,0.05271999999999999,0.0003088360468882362,0.00030532927766297076,870
10.0,x1 = 10.0,10.0,x1 = 10.0,0.22082729358852524,0.7791727064114748,0.2235031950691949,0.7764968049308051,0.8372475806898965,0.16275241931010365,0.04309237238158584,0.9569076276184141,0.2205885988193353,0.7794114011806647,0.76651,0.17355,0.64085,0.2563,0.13626,0.04124,0.76168,0.17206,0.34225,0.41943,0.06248,0.10957999999999998,1.6565087417641012e-07,1.6560807523230674e-07,900
10.3,x1 = 10.3,10.0,x1 = 10.0,0.22082729358852524,0.7791727064114748,0.23717762710408255,0.7628223728959174,0.7018672796159565,0.2981327203840434,0.08173060194993025,0.9182693980500698,0.22881314763896765,0.7711868523610322,0.79032,0.18092,0.879,0.40825,0.20925,0.07505,0.76168,0.17206,0.5199,0.24178,0.10688,0.06517999999999999,0.0001822139872904114,0.00018375240007146264,930
9.7,x1 = 9.7,10.0,x1 = 10.0,0.22082729358852524,0.7791727064114748,0.21898160002373,0.78101839997627,0.608335383263612,0.391664616736388,0.09924762498602456,0.9007523750139754,0.21072847684614454,0.7892715231538554,0.7583,0.17103,0.96587,0.46661,0.23826,0.0894,0.76168,0.17206,0.57594,0.18574000000000002,0.122,0.05005999999999999,0.0003030941611789021,0.00029968529792326684,960
