z_x1,z_note,x_x1,x_note,"p(y=0|x,D)","p(y=1|x,D)","p(u=0|z,D)","p(u=1|z,D)","p(y=0|x,u=0,z,D)","p(y=1|x,u=0,z,D)","p(y=0|x,u=1,z,D)","p(y=1|x,u=1,z,D)","p(y=0|x,z,D)","p(y=1|x,z,D)","H[p(u|z,D)]","Var[p(u|z,D)]","H[p(y|x,u=0,z,D)]","H[p(y|x,u=1,z,D)]","Var[p(y|x,u=0,z,D)]","Var[p(y|x,u=1,z,D)]","H[p(y|x,D)]","Var[p(y|x,D)]",Va,Ve,Va_variance,Ve_variance,kl_pyx_pyxz,kl_pyxz_pyx,api_calls
-14.4,x1 = -14.4,-15.0,x1 = -15.0,0.5904801576281546,0.4095198423718453,0.591001812539574,0.40899818746042615,0.7527353919000488,0.24726460809995127,0.41470783090325575,0.5852921690967442,0.6144827321406918,0.3855172678593083,0.97597,0.24172,0.80691,0.97891,0.18612,0.24273,0.97625,0.24181,0.87726,0.09898999999999991,0.20927,0.032539999999999986,0.0012071800835316907,0.0011989380130741703,40
-14.9,x1 = -14.9,-15.0,x1 = -15.0,0.5904801576281546,0.4095198423718453,0.5908843684080913,0.4091156315919087,0.7495061373171146,0.2504938626828855,0.4269640350257279,0.5730359649742721,0.617549121423192,0.38245087857680815,0.97603,0.24174,0.81206,0.98455,0.18775,0.24467,0.97625,0.24181,0.88263,0.09361999999999993,0.21104,0.030769999999999992,0.0015382242339538992,0.001526191332632966,70
-14.7,x1 = -14.7,-15.0,x1 = -15.0,0.5904801576281546,0.4095198423718453,0.5994699170813703,0.4005300829186297,0.7545270088428333,0.2454729911571667,0.4176628807406181,0.5823371192593819,0.6196027916817411,0.38039720831825885,0.97126,0.24011,0.80402,0.98035,0.18522,0.24322,0.97625,0.24181,0.87465,0.10159999999999991,0.20845,0.03336,0.0017827796359608412,0.0017676173874138987,100
-14.3,x1 = -14.3,-15.0,x1 = -15.0,0.5904801576281546,0.4095198423718453,0.5996293773477582,0.40037062265224177,0.7512186434257868,0.24878135657421319,0.41814740917915066,0.5818525908208494,0.6178667059829105,0.3821332940170896,0.97117,0.24007,0.80934,0.98058,0.18689,0.2433,0.97625,0.24181,0.8779,0.09834999999999994,0.20947,0.03234000000000001,0.0015748420897918267,0.0015623578992951456,130
-15.3,x1 = -15.3,-15.0,x1 = -15.0,0.5904801576281546,0.4095198423718453,0.5963732062508909,0.40362679374910915,0.7703523661703074,0.22964763382969244,0.39974179986492037,0.6002582001350796,0.6207640115629224,0.3792359884370775,0.97303,0.24071,0.7774,0.9708,0.17691,0.23995,0.97625,0.24181,0.85546,0.12078999999999995,0.20235,0.039459999999999995,0.001929208334135537,0.00191204563274806,160
