z_x1,z_note,x_x1,x_note,"p(y=0|x,D)","p(y=1|x,D)","p(u=0|z,D)","p(u=1|z,D)","p(y=0|x,u=0,z,D)","p(y=1|x,u=0,z,D)","p(y=0|x,u=1,z,D)","p(y=1|x,u=1,z,D)","p(y=0|x,z,D)","p(y=1|x,z,D)","H[p(u|z,D)]","Var[p(u|z,D)]","H[p(y|x,u=0,z,D)]","H[p(y|x,u=1,z,D)]","Var[p(y|x,u=0,z,D)]","Var[p(y|x,u=1,z,D)]","H[p(y|x,D)]","Var[p(y|x,D)]",Va,Ve,Va_variance,Ve_variance,kl_pyx_pyxz,kl_pyxz_pyx,api_calls
-10.3,x1 = -10.3,-10.0,x1 = -10.0,0.5414514212703724,0.4585485787296276,0.5600808944850867,0.43991910551491326,0.7000824008863707,0.29991759911362925,0.384104464840035,0.615895535159965,0.5610776698984182,0.4389223301015817,0.98956,0.24639,0.88119,0.96089,0.20997,0.23657,0.99504,0.24828,0.91625,0.07879000000000003,0.22167,0.026609999999999995,0.000779725094846799,0.0007776129967752669,200
-9.7,x1 = -9.7,-10.0,x1 = -10.0,0.5414514212703724,0.4585485787296276,0.5567746644112567,0.44322533558874333,0.6931198533715662,0.3068801466284337,0.4238193471326971,0.5761806528673029,0.573759046119625,0.426240953880375,0.99068,0.24678,0.88954,0.98319,0.2127,0.2442,0.99504,0.24828,0.93105,0.06398999999999999,0.22666,0.02162,0.0021217613137753805,0.0021111064338473658,230
-10.1,x1 = -10.1,-10.0,x1 = -10.0,0.5414514212703724,0.4585485787296276,0.5510808597078677,0.44891914029213237,0.7129257894839321,0.28707421051606785,0.3643964425208271,0.635603557479173,0.5564642946786768,0.44353570532132336,0.99246,0.24739,0.86491,0.94627,0.20466,0.23161,0.99504,0.24828,0.90143,0.09361000000000008,0.21676,0.03151999999999999,0.0004556226925499056,0.0004547217413367194,260
-10.0,x1 = -10.0,-10.0,x1 = -10.0,0.5414514212703724,0.4585485787296276,0.5476932952346961,0.4523067047653039,0.7113342035121496,0.28866579648785035,0.344119414074877,0.655880585925123,0.5452404921606919,0.4547595078393081,0.99343,0.24773,0.86699,0.92871,0.20534,0.2257,0.99504,0.24828,0.89491,0.10013000000000005,0.21455,0.03373000000000001,2.8938078625057474e-05,2.8925311130107746e-05,290
-9.9,x1 = -9.9,-10.0,x1 = -10.0,0.5414514212703724,0.4585485787296276,0.5563186713935016,0.44368132860649834,0.6936802722627613,0.30631972773723887,0.4112092604222882,0.5887907395777118,0.5683531584365582,0.4316468415634418,0.99083,0.24683,0.88888,0.97713,0.21249,0.24212,0.99504,0.24828,0.92803,0.06701000000000001,0.22564,0.022639999999999993,0.0014683697330689915,0.0014625237486918172,320
