z_x1,z_note,x_x1,x_note,"p(y=0|x,D)","p(y=1|x,D)","p(u=0|z,D)","p(u=1|z,D)","p(y=0|x,u=0,z,D)","p(y=1|x,u=0,z,D)","p(y=0|x,u=1,z,D)","p(y=1|x,u=1,z,D)","p(y=0|x,z,D)","p(y=1|x,z,D)","H[p(u|z,D)]","Var[p(u|z,D)]","H[p(y|x,u=0,z,D)]","H[p(y|x,u=1,z,D)]","Var[p(y|x,u=0,z,D)]","Var[p(y|x,u=1,z,D)]","H[p(y|x,D)]","Var[p(y|x,D)]",Va,Ve,Va_variance,Ve_variance,kl_pyx_pyxz,kl_pyxz_pyx,api_calls
9.9,x1 = 9.9,10.0,x1 = 10.0,0.29055596418386404,0.709444035816136,0.2886804728413162,0.7113195271586841,0.5030034970615722,0.49699650293842773,0.23195733362468518,0.7680426663753149,0.31020306824747046,0.6897969317525299,0.86701,0.20534,0.99997,0.78141,0.24999,0.17815,0.86944,0.20613,0.8445,0.024939999999999962,0.19889,0.0072399999999999964,0.0009129348023082726,0.0009243700093168813,840
10.5,x1 = 10.5,10.0,x1 = 10.0,0.29055596418386404,0.709444035816136,0.3050485448978758,0.6949514551021241,0.5812611980064709,0.4187388019935291,0.20412858508243406,0.795871414917566,0.3191723398884453,0.6808276601115546,0.88737,0.21199,0.98086,0.73011,0.2434,0.16246,0.86944,0.20613,0.8066,0.06284000000000001,0.18715,0.018979999999999997,0.0019161456071619953,0.0019501388460003502,870
10.1,x1 = 10.1,10.0,x1 = 10.0,0.29055596418386404,0.709444035816136,0.3119723637568275,0.6880276362431725,0.6019010701427047,0.3980989298572953,0.2048589012734396,0.7951410987265605,0.3287250852067217,0.6712749147932784,0.89544,0.21465,0.96983,0.73154,0.23962,0.16289,0.86944,0.20613,0.80588,0.06355999999999995,0.18683,0.01930000000000001,0.003372238311926512,0.003449669207539058,900
9.7,x1 = 9.7,10.0,x1 = 10.0,0.29055596418386404,0.709444035816136,0.2960656518026687,0.7039343481973312,0.49123134847590066,0.5087686515240993,0.24049579027764575,0.7595042097223541,0.31472997674571807,0.6852700232542818,0.87643,0.20841,0.99978,0.79586,0.24992,0.18266,0.86944,0.20613,0.85623,0.013209999999999944,0.20257,0.0035600000000000076,0.0013745758598598147,0.0013954640226441425,930
9.3,x1 = 9.3,10.0,x1 = 10.0,0.29055596418386404,0.709444035816136,0.2952445950520751,0.7047554049479249,0.47675305946957636,0.5232469405304236,0.23139192416949544,0.7686080758305046,0.3038334732026853,0.6961665267973148,0.8754,0.20808,0.99844,0.78043,0.24946,0.17785,0.86944,0.20613,0.8448,0.024639999999999995,0.19899,0.0071400000000000075,0.0004202531486446597,0.0004238814965091802,960
