z_x1,z_note,x_x1,x_note,"p(y=0|x,D)","p(y=1|x,D)","p(u=0|z,D)","p(u=1|z,D)","p(y=0|x,u=0,z,D)","p(y=1|x,u=0,z,D)","p(y=0|x,u=1,z,D)","p(y=1|x,u=1,z,D)","p(y=0|x,z,D)","p(y=1|x,z,D)","H[p(u|z,D)]","Var[p(u|z,D)]","H[p(y|x,u=0,z,D)]","H[p(y|x,u=1,z,D)]","Var[p(y|x,u=0,z,D)]","Var[p(y|x,u=1,z,D)]","H[p(y|x,D)]","Var[p(y|x,D)]",Va,Ve,Va_variance,Ve_variance,kl_pyx_pyxz,kl_pyxz_pyx,api_calls
-0.7,x1 = -0.7,0.0,x1 = 0.0,0.6584736138476261,0.34152638615237396,0.6231919975434264,0.3768080024565736,0.6523207132859117,0.34767928671408826,0.6071963516431288,0.3928036483568712,0.6353174927131666,0.3646825072868333,0.95576,0.23482,0.93198,0.96659,0.2268,0.23851,0.92627,0.22489,0.94502,-0.018749999999999933,0.23121,-0.006319999999999992,0.0011682049197298157,0.0011798669429596079,520
0.2,x1 = 0.2,0.0,x1 = 0.0,0.6584736138476261,0.34152638615237396,0.692692405662476,0.30730759433752397,0.6633691605134003,0.3366308394865997,0.5800940168613126,0.4199059831386875,0.6377780764495655,0.3622219235504346,0.89004,0.21287,0.92156,0.98141,0.22331,0.24358,0.92627,0.22489,0.93995,-0.013679999999999914,0.22954,-0.0046499999999999875,0.000935017401013219,0.0009434379063824709,550
-0.2,x1 = -0.2,0.0,x1 = 0.0,0.6584736138476261,0.34152638615237396,0.643613161565383,0.35638683843461716,0.6497298147002807,0.3502701852997193,0.595299240086387,0.404700759913613,0.6303314742994557,0.3696685257005444,0.93964,0.22938,0.93431,0.97363,0.22758,0.24092,0.92627,0.22489,0.94832,-0.022050000000000014,0.23233,-0.007440000000000002,0.0017185492238501084,0.0017390054591650689,580
0.7,x1 = 0.7,0.0,x1 = 0.0,0.6584736138476261,0.34152638615237396,0.6616007478245154,0.3383992521754847,0.6553174377450603,0.34468256225493976,0.6041473390291575,0.3958526609708424,0.6380015146058532,0.361998485394147,0.92328,0.22389,0.92923,0.96847,0.22588,0.23915,0.92627,0.22489,0.94251,-0.01623999999999992,0.23037,-0.005479999999999985,0.0009151062316560196,0.0009232653372604413,610
-0.4,x1 = -0.4,0.0,x1 = 0.0,0.6584736138476261,0.34152638615237396,0.640227412969591,0.3597725870304091,0.6520656831516725,0.34793431684832754,0.5983482493400077,0.40165175065999215,0.6327396230206151,0.3672603769793849,0.94249,0.23034,0.93221,0.97191,0.22688,0.24033,0.92627,0.22489,0.94649,-0.020220000000000016,0.23172,-0.006830000000000003,0.0014397775327066945,0.0014555944320455705,640
