z_x1,z_note,x_x1,x_note,"p(y=0|x,D)","p(y=1|x,D)","p(u=0|z,D)","p(u=1|z,D)","p(y=0|x,u=0,z,D)","p(y=1|x,u=0,z,D)","p(y=0|x,u=1,z,D)","p(y=1|x,u=1,z,D)","p(y=0|x,z,D)","p(y=1|x,z,D)","H[p(u|z,D)]","Var[p(u|z,D)]","H[p(y|x,u=0,z,D)]","H[p(y|x,u=1,z,D)]","Var[p(y|x,u=0,z,D)]","Var[p(y|x,u=1,z,D)]","H[p(y|x,D)]","Var[p(y|x,D)]",Va,Ve,Va_variance,Ve_variance,kl_pyx_pyxz,kl_pyxz_pyx,api_calls
-14.4,x1 = -14.4,-15.0,x1 = -15.0,0.894017259210829,0.1059827407891711,0.9251452531489939,0.07485474685100611,0.9617377423217162,0.03826225767828385,0.3843901677205034,0.6156098322794966,0.9185205357799,0.0814794642201,0.38378,0.06925,0.23427,0.96108,0.0368,0.23663,0.48768,0.09475,0.28868,0.199,0.05176,0.04299,0.003692042635543801,0.003413035844296978,40
-14.9,x1 = -14.9,-15.0,x1 = -15.0,0.894017259210829,0.1059827407891711,0.9050100646468902,0.09498993535310984,0.9483183835222503,0.051681616477749735,0.2803876381521541,0.7196123618478458,0.8848716851991903,0.11512831480080962,0.45291,0.08597,0.2935,0.85598,0.04901,0.20177,0.48768,0.09475,0.34693,0.14075,0.06352,0.031230000000000008,0.00042037345087243307,0.0004306538882381458,70
-14.7,x1 = -14.7,-15.0,x1 = -15.0,0.894017259210829,0.1059827407891711,0.9236558543375084,0.07634414566249152,0.9656928803955191,0.03430711960448092,0.326710331389123,0.6732896686108771,0.9169103035983847,0.08308969640161536,0.38916,0.07052,0.21555,0.91153,0.03313,0.21997,0.48768,0.09475,0.26868,0.21900000000000003,0.04739,0.04736,0.0031866450228354957,0.0029633453086546704,100
-14.2,x1 = -14.2,-15.0,x1 = -15.0,0.894017259210829,0.1059827407891711,0.9170630747059162,0.08293692529408372,0.9632912656366417,0.036708734363358406,0.35629023519570524,0.6437097648042948,0.9129484665215297,0.08705153347847018,0.41244,0.07606,0.22699,0.93956,0.03536,0.22935,0.48768,0.09475,0.28609,0.20159,0.05145,0.0433,0.002121302862817906,0.0020005951575078375,130
-15.3,x1 = -15.3,-15.0,x1 = -15.0,0.894017259210829,0.1059827407891711,0.9064476939630435,0.09355230603695638,0.9543397278325934,0.045660272167406646,0.2446044105391545,0.7553955894608454,0.887942352223921,0.11205764777607877,0.44822,0.0848,0.26767,0.80261,0.04358,0.18477,0.48768,0.09475,0.31771,0.16997,0.05679,0.03796,0.00018846018065695955,0.00019155836827232896,160
