z_x1,z_note,x_x1,x_note,"p(y=0|x,D)","p(y=1|x,D)","p(u=0|z,D)","p(u=1|z,D)","p(y=0|x,u=0,z,D)","p(y=1|x,u=0,z,D)","p(y=0|x,u=1,z,D)","p(y=1|x,u=1,z,D)","p(y=0|x,z,D)","p(y=1|x,z,D)","H[p(u|z,D)]","Var[p(u|z,D)]","H[p(y|x,u=0,z,D)]","H[p(y|x,u=1,z,D)]","Var[p(y|x,u=0,z,D)]","Var[p(y|x,u=1,z,D)]","H[p(y|x,D)]","Var[p(y|x,D)]",Va,Ve,Va_variance,Ve_variance,kl_pyx_pyxz,kl_pyxz_pyx,api_calls
0.1,x1 = 0.1,0.0,x1 = 0.0,0.619121180994,0.3808788190059999,0.6564763732181285,0.3435236267818716,0.6300271927140054,0.3699728072859946,0.5923199683387602,0.4076800316612398,0.6170738702407434,0.3829261297592566,0.92815,0.22552,0.95065,0.97527,0.23309,0.24148,0.95866,0.23581,0.95911,-0.00045000000000006146,0.23597,-0.00016000000000002124,8.875249121761616e-06,8.881311659966144e-06,520
-0.3,x1 = -0.3,0.0,x1 = 0.0,0.619121180994,0.3808788190059999,0.6697219388662186,0.33027806113378133,0.6244090503828713,0.37559094961712874,0.6040201874909338,0.3959798125090662,0.6176750562781996,0.3823249437218003,0.91521,0.22119,0.95487,0.96855,0.23452,0.23918,0.95866,0.23581,0.95939,-0.0007300000000000084,0.23606,-0.0002500000000000002,4.429943464769005e-06,4.432086773572879e-06,550
-0.8,x1 = -0.8,0.0,x1 = 0.0,0.619121180994,0.3808788190059999,0.6533317933990342,0.34666820660096576,0.6304850369356398,0.3695149630643601,0.6071963516667085,0.39280364833329157,0.6224115901793651,0.3775884098206349,0.93106,0.22649,0.9503,0.96659,0.23297,0.23851,0.95866,0.23581,0.95595,0.00270999999999999,0.23489,0.0009200000000000041,2.3008122039203105e-05,2.298224519925538e-05,580
0.2,x1 = 0.2,0.0,x1 = 0.0,0.619121180994,0.3808788190059999,0.645271698349067,0.35472830165093316,0.6275954815391109,0.372404518460889,0.6040401718095785,0.39595982819042147,0.6192397465238922,0.3807602534761078,0.93822,0.2289,0.9525,0.96854,0.23372,0.23918,0.95866,0.23581,0.95819,0.00046999999999997044,0.23566,0.00014999999999998348,2.980980323976051e-08,2.980861245964711e-08,610
0.3,x1 = 0.3,0.0,x1 = 0.0,0.619121180994,0.3808788190059999,0.6278995390940058,0.37210046090599425,0.627366560459751,0.37263343954024897,0.6041576100862609,0.39584238991373916,0.618730499328631,0.381269500671369,0.95227,0.23364,0.95267,0.96847,0.23378,0.23915,0.95866,0.23581,0.95855,0.00010999999999994348,0.23578,3.0000000000002247e-05,3.235485513657251e-07,3.235910454736754e-07,640
