z_x1,z_note,x_x1,x_note,"p(y=0|x,D)","p(y=1|x,D)","p(u=0|z,D)","p(u=1|z,D)","p(y=0|x,u=0,z,D)","p(y=1|x,u=0,z,D)","p(y=0|x,u=1,z,D)","p(y=1|x,u=1,z,D)","p(y=0|x,z,D)","p(y=1|x,z,D)","H[p(u|z,D)]","Var[p(u|z,D)]","H[p(y|x,u=0,z,D)]","H[p(y|x,u=1,z,D)]","Var[p(y|x,u=0,z,D)]","Var[p(y|x,u=1,z,D)]","H[p(y|x,D)]","Var[p(y|x,D)]",Va,Ve,Va_variance,Ve_variance,kl_pyx_pyxz,kl_pyxz_pyx,api_calls
-14.5,x1 = -14.5,-15.0,x1 = -15.0,0.8722985740641379,0.12770142593586203,0.8640582247631222,0.1359417752368778,0.8976237543482608,0.10237624565173906,0.420728593317112,0.579271406682888,0.8327937795558098,0.16720622044419015,0.57351,0.11746,0.47648,0.98179,0.0919,0.24372,0.5511,0.11139,0.54517,0.005929999999999991,0.11254,-0.0011499999999999982,0.006007559262276176,0.006471163597896956,40
-14.9,x1 = -14.9,-15.0,x1 = -15.0,0.8722985740641379,0.12770142593586203,0.8659777377453665,0.13402226225463373,0.8835284649695432,0.11647153503045693,0.42339353441089644,0.5766064655891036,0.8218601406336947,0.17813985936630555,0.56837,0.11606,0.51913,0.983,0.10291,0.24413,0.5511,0.11139,0.5813,-0.030200000000000005,0.12184,-0.010450000000000001,0.009446949425570159,0.010346885980970708,70
-14.7,x1 = -14.7,-15.0,x1 = -15.0,0.8722985740641379,0.12770142593586203,0.8658491284404146,0.13415087155958533,0.8933787573961872,0.10662124260381285,0.4086898182519674,0.5913101817480326,0.8283573137746993,0.17164268622530074,0.56871,0.11615,0.48964,0.97581,0.09525,0.24166,0.5511,0.11139,0.55486,-0.0037599999999999856,0.11489,-0.003500000000000003,0.007322778878548583,0.007942729044779107,100
-14.4,x1 = -14.4,-15.0,x1 = -15.0,0.8722985740641379,0.12770142593586203,0.8605987090958267,0.1394012909041733,0.89199703734824,0.10800296265175983,0.4028150336575533,0.5971849663424467,0.8238044345466682,0.17619556545333165,0.58267,0.11997,0.49386,0.97257,0.09634,0.24056,0.5511,0.11139,0.56059,-0.009489999999999998,0.11644,-0.005049999999999999,0.008787218724805826,0.00959682314733687,130
-15.3,x1 = -15.3,-15.0,x1 = -15.0,0.8722985740641379,0.12770142593586203,0.8732340899131563,0.1267659100868436,0.8968542579863404,0.10314574201365952,0.3933016635138139,0.606698336486186,0.8330209550714393,0.16697904492856064,0.5485,0.1107,0.47889,0.9669,0.09251,0.23862,0.5511,0.11139,0.54075,0.010350000000000081,0.11103,0.0003599999999999992,0.005943259904959017,0.006399589071870576,160
