z_x1,z_note,x_x1,x_note,"p(y=0|x,D)","p(y=1|x,D)","p(u=0|z,D)","p(u=1|z,D)","p(y=0|x,u=0,z,D)","p(y=1|x,u=0,z,D)","p(y=0|x,u=1,z,D)","p(y=1|x,u=1,z,D)","p(y=0|x,z,D)","p(y=1|x,z,D)","H[p(u|z,D)]","Var[p(u|z,D)]","H[p(y|x,u=0,z,D)]","H[p(y|x,u=1,z,D)]","Var[p(y|x,u=0,z,D)]","Var[p(y|x,u=1,z,D)]","H[p(y|x,D)]","Var[p(y|x,D)]",Va,Ve,Va_variance,Ve_variance,kl_pyx_pyxz,kl_pyxz_pyx,api_calls
10.5,x1 = 10.5,10.0,x1 = 10.0,0.06519120857159234,0.9348087914284076,0.06584525327926394,0.9341547467207361,0.40821603304066756,0.5917839669593323,0.0713729475476855,0.9286270524523147,0.09355246582733967,0.9064475341726606,0.35022,0.06151,0.97555,0.37103,0.24158,0.06628,0.34772,0.06094,0.41083,-0.06311,0.07782,-0.01688,0.005253469124062118,0.0058643321763606066,840
10.4,x1 = 10.4,10.0,x1 = 10.0,0.06519120857159234,0.9348087914284076,0.06492116370646261,0.9350788362935372,0.41178700581868305,0.588212994181317,0.07260920385405863,0.9273907961459413,0.09462902146100216,0.9053709785389975,0.34668,0.06071,0.97743,0.37559,0.24222,0.06734,0.34772,0.06094,0.41466,-0.06694,0.07869,-0.017749999999999995,0.0056184635306231155,0.006293159296363687,870
10.0,x1 = 10.0,10.0,x1 = 10.0,0.06519120857159234,0.9348087914284076,0.06519120857159234,0.9348087914284076,0.402060040002319,0.597939959997681,0.09947132928733886,0.9005286707126612,0.11919745303896834,0.8808025469610317,0.34772,0.06094,0.97214,0.46732,0.24041,0.08958,0.34772,0.06094,0.50023,-0.15250999999999998,0.09941,-0.03847,0.01628902132657941,0.019515244494014594,900
10.1,x1 = 10.1,10.0,x1 = 10.0,0.06519120857159234,0.9348087914284076,0.06492115942919433,0.9350788405708055,0.40552980025671026,0.5944701997432897,0.07204127996101892,0.927958720038981,0.0936917413549416,0.9063082586450582,0.34668,0.06071,0.97409,0.3735,0.24108,0.06685,0.34772,0.06094,0.41249,-0.06477000000000005,0.07816,-0.017219999999999992,0.005300132642246064,0.005919043430310817,930
9.7,x1 = 9.7,10.0,x1 = 10.0,0.06519120857159234,0.9348087914284076,0.05584896258841141,0.9441510374115886,0.3016393205132911,0.698360679486709,0.055211121211668344,0.9447888787883316,0.06897388049519426,0.9310261195048057,0.31074,0.05273,0.88329,0.30813,0.21065,0.05216,0.34772,0.06094,0.34025,0.007469999999999977,0.06101,-7.000000000000062e-05,0.0001133486893775599,0.00011534387199031888,960
