z_x1,z_note,x_x1,x_note,"p(y=0|x,D)","p(y=1|x,D)","p(u=0|z,D)","p(u=1|z,D)","p(y=0|x,u=0,z,D)","p(y=1|x,u=0,z,D)","p(y=0|x,u=1,z,D)","p(y=1|x,u=1,z,D)","p(y=0|x,z,D)","p(y=1|x,z,D)","H[p(u|z,D)]","Var[p(u|z,D)]","H[p(y|x,u=0,z,D)]","H[p(y|x,u=1,z,D)]","Var[p(y|x,u=0,z,D)]","Var[p(y|x,u=1,z,D)]","H[p(y|x,D)]","Var[p(y|x,D)]",Va,Ve,Va_variance,Ve_variance,kl_pyx_pyxz,kl_pyxz_pyx,api_calls
9.7,x1 = 9.7,10.0,x1 = 10.0,0.17260548146975024,0.8273945185302496,0.16947381783639207,0.830526182163608,0.6406899567625172,0.35931004323748283,0.08905410267491762,0.9109458973250826,0.18254193692258203,0.8174580630774181,0.6565,0.14075,0.94211,0.4333,0.23021,0.08112,0.66363,0.14281,0.51953,0.1441,0.10639,0.036419999999999994,0.00033563186173783677,0.0003405779961286725,840
9.4,x1 = 9.4,10.0,x1 = 10.0,0.17260548146975024,0.8273945185302496,0.17947468005685835,0.8205253199431416,0.6165964543021383,0.3834035456978617,0.09296849307522435,0.9070315069247756,0.18694645388524975,0.8130535461147502,0.67893,0.14726,0.96041,0.4463,0.23641,0.08433,0.66363,0.14281,0.53857,0.12506000000000006,0.11162,0.031189999999999996,0.0006904297412410765,0.0007049232972708465,870
9.9,x1 = 9.9,10.0,x1 = 10.0,0.17260548146975024,0.8273945185302496,0.1756827069766236,0.8243172930233763,0.6264885600292646,0.3735114399707353,0.0938154518806794,0.9061845481193206,0.1873969054538746,0.8126030945461253,0.67054,0.14482,0.95333,0.44908,0.234,0.08501,0.66363,0.14281,0.53767,0.12596000000000007,0.11118,0.03162999999999999,0.0007335571587728171,0.0007494185490790443,900
10.0,x1 = 10.0,10.0,x1 = 10.0,0.17260548146975024,0.8273945185302496,0.17260548146975024,0.8273945185302496,0.7201825048075852,0.2798174951924148,0.09542858075822895,0.9045714192417709,0.20326453261888383,0.7967354673811159,0.66363,0.14281,0.8552,0.45433,0.20152,0.08632,0.66363,0.14281,0.52352,0.14011000000000007,0.1062,0.03660999999999999,0.0030205736845282,0.003149824839976594,930
10.4,x1 = 10.4,10.0,x1 = 10.0,0.17260548146975024,0.8273945185302496,0.1707961290197238,0.829203870980276,0.6688005585384735,0.33119944146152636,0.11301779760843404,0.886982202391566,0.20794334175117934,0.7920566582488204,0.65952,0.14162,0.91615,0.50895,0.22151,0.10024,0.66363,0.14281,0.5785,0.08513000000000004,0.12095,0.02185999999999999,0.003965698177907685,0.0041586812992669,960
