z_x1,z_note,x_x1,x_note,"p(y=0|x,D)","p(y=1|x,D)","p(u=0|z,D)","p(u=1|z,D)","p(y=0|x,u=0,z,D)","p(y=1|x,u=0,z,D)","p(y=0|x,u=1,z,D)","p(y=1|x,u=1,z,D)","p(y=0|x,z,D)","p(y=1|x,z,D)","H[p(u|z,D)]","Var[p(u|z,D)]","H[p(y|x,u=0,z,D)]","H[p(y|x,u=1,z,D)]","Var[p(y|x,u=0,z,D)]","Var[p(y|x,u=1,z,D)]","H[p(y|x,D)]","Var[p(y|x,D)]",Va,Ve,Va_variance,Ve_variance,kl_pyx_pyxz,kl_pyxz_pyx,api_calls
15.4,x1 = 15.4,15.0,x1 = 15.0,0.19714418633359226,0.8028558136664078,0.18474387926866373,0.8152561207313364,0.730294212505497,0.2697057874945029,0.10483505712302751,0.8951649428769723,0.22038480781248684,0.7796151921875131,0.69035,0.15061,0.84104,0.48414,0.19696,0.09384,0.71618,0.15828,0.55008,0.16610000000000003,0.11289,0.04539,0.00161393207760515,0.0016586834195867102,1000
14.9,x1 = 14.9,15.0,x1 = 15.0,0.19714418633359226,0.8028558136664078,0.18265519168112795,0.817344808318872,0.6878666249191177,0.3121333750808824,0.11128236657218801,0.888717633427812,0.21659847480086744,0.7834015251991325,0.68585,0.14929,0.89562,0.50377,0.21471,0.0989,0.71618,0.15828,0.57534,0.14084000000000008,0.12005,0.03823,0.0011406446260253146,0.0011674061614897271,1030
14.7,x1 = 14.7,15.0,x1 = 15.0,0.19714418633359226,0.8028558136664078,0.18379280402640946,0.8162071959735906,0.7064219280016657,0.29357807199833436,0.09666954397227576,0.9033304560277244,0.2087376443948254,0.7912623556051749,0.6883,0.15001,0.8733,0.45835,0.20739,0.08732,0.71618,0.15828,0.53461,0.18157,0.10939,0.04889,0.00041260784940671917,0.00041850804981055645,1060
14.6,x1 = 14.6,15.0,x1 = 15.0,0.19714418633359226,0.8028558136664078,0.1821458744371566,0.8178541255628435,0.7036256692651486,0.2963743307348514,0.09774363879419874,0.9022563612058013,0.2081025510400899,0.7918974489599103,0.68475,0.14897,0.87681,0.4618,0.20854,0.08819,0.71618,0.15828,0.53739,0.17879,0.11011,0.048170000000000004,0.00036920176973738797,0.0003742011902380087,1090
14.5,x1 = 14.5,15.0,x1 = 15.0,0.19714418633359226,0.8028558136664078,0.18662021005168977,0.8133797899483101,0.7034106237000026,0.29658937629999726,0.0951951899854486,0.9048048100145513,0.20870048198193825,0.7912995180180615,0.69435,0.15179,0.87708,0.45358,0.20862,0.08613,0.71618,0.15828,0.53261,0.18357,0.10899,0.04929,0.0004100033308910671,0.0004158481186391453,1120
