z_x1,z_note,x_x1,x_note,"p(y=0|x,D)","p(y=1|x,D)","p(u=0|z,D)","p(u=1|z,D)","p(y=0|x,u=0,z,D)","p(y=1|x,u=0,z,D)","p(y=0|x,u=1,z,D)","p(y=1|x,u=1,z,D)","p(y=0|x,z,D)","p(y=1|x,z,D)","H[p(u|z,D)]","Var[p(u|z,D)]","H[p(y|x,u=0,z,D)]","H[p(y|x,u=1,z,D)]","Var[p(y|x,u=0,z,D)]","Var[p(y|x,u=1,z,D)]","H[p(y|x,D)]","Var[p(y|x,D)]",Va,Ve,Va_variance,Ve_variance,kl_pyx_pyxz,kl_pyxz_pyx,api_calls
14.4,x1 = 14.4,15.0,x1 = 15.0,0.10480317901420824,0.8951968209857917,0.09272983600960986,0.9072701639903901,0.5243566322121975,0.47564336778780253,0.06314654012731492,0.936853459872685,0.10591447633232315,0.8940855236676767,0.44552,0.08413,0.99829,0.33981,0.24941,0.05916,0.48404,0.09382,0.40087,0.08317000000000002,0.0768,0.017020000000000007,6.540941220038298e-06,6.5612619666827014e-06,1000
14.9,x1 = 14.9,15.0,x1 = 15.0,0.10480317901420824,0.8951968209857917,0.09478311379081329,0.9052168862091868,0.5302357298188956,0.4697642701811045,0.07020837504811779,0.9297916249518823,0.11381120016224328,0.8861887998377569,0.45224,0.0858,0.99736,0.3667,0.24909,0.06528,0.48404,0.09382,0.42648,0.05756,0.0827,0.011120000000000005,0.00041191160353666774,0.00042196466653629354,1030
15.0,x1 = 15.0,15.0,x1 = 15.0,0.10480317901420824,0.8951968209857917,0.10480317901420824,0.8951968209857917,0.5509300630213421,0.44906993697865794,0.09448378517441089,0.9055162148255891,0.14232080614197185,0.857679193858028,0.48404,0.09382,0.9925,0.45126,0.24741,0.08556,0.48404,0.09382,0.50798,-0.02393999999999996,0.10252,-0.0087,0.006256756690958168,0.006829882317043241,1060
15.4,x1 = 15.4,15.0,x1 = 15.0,0.10480317901420824,0.8951968209857917,0.10565435975656993,0.89434564024343,0.5754518416978012,0.4245481583021988,0.0760506608340848,0.9239493391659153,0.1288145728599157,0.8711854271400842,0.48667,0.09449,0.98351,0.38811,0.24431,0.07027,0.48404,0.09382,0.45102,0.03302000000000005,0.08866,0.005159999999999998,0.002719461458586779,0.002886685322276185,1090
14.7,x1 = 14.7,15.0,x1 = 15.0,0.10480317901420824,0.8951968209857917,0.09306479229016118,0.9069352077098387,0.5486580417448592,0.4513419582551408,0.06306886871366062,0.9369311312863393,0.10826012424016024,0.8917398757598395,0.44662,0.0844,0.99316,0.33951,0.24763,0.05909,0.48404,0.09382,0.40034,0.08370000000000005,0.07664,0.01718,6.248235926827788e-05,6.308052283524697e-05,1120
