z_x1,z_note,x_x1,x_note,"p(y=0|x,D)","p(y=1|x,D)","p(u=0|z,D)","p(u=1|z,D)","p(y=0|x,u=0,z,D)","p(y=1|x,u=0,z,D)","p(y=0|x,u=1,z,D)","p(y=1|x,u=1,z,D)","p(y=0|x,z,D)","p(y=1|x,z,D)","H[p(u|z,D)]","Var[p(u|z,D)]","H[p(y|x,u=0,z,D)]","H[p(y|x,u=1,z,D)]","Var[p(y|x,u=0,z,D)]","Var[p(y|x,u=1,z,D)]","H[p(y|x,D)]","Var[p(y|x,D)]",Va,Ve,Va_variance,Ve_variance,kl_pyx_pyxz,kl_pyxz_pyx,api_calls
-9.2,x1 = -9.2,-9.2,x1 = -9.2,0.9098043211596464,0.09019567884035354,0.9098043211596464,0.09019567884035354,0.9374704762913867,0.06252952370861323,0.3312764851131182,0.668723514886882,0.8827943977481194,0.11720560225188045,0.43712,0.08206,0.33741,0.91623,0.05862,0.22153,0.43712,0.08206,0.38962,0.04749999999999999,0.07331,0.008749999999999994,0.0037923777830222195,0.004096825788180793,1200
