z_x1,z_note,x_x1,x_note,"p(y=0|x,D)","p(y=1|x,D)","p(u=0|z,D)","p(u=1|z,D)","p(y=0|x,u=0,z,D)","p(y=1|x,u=0,z,D)","p(y=0|x,u=1,z,D)","p(y=1|x,u=1,z,D)","p(y=0|x,z,D)","p(y=1|x,z,D)","H[p(u|z,D)]","Var[p(u|z,D)]","H[p(y|x,u=0,z,D)]","H[p(y|x,u=1,z,D)]","Var[p(y|x,u=0,z,D)]","Var[p(y|x,u=1,z,D)]","H[p(y|x,D)]","Var[p(y|x,D)]",Va,Ve,Va_variance,Ve_variance,kl_pyx_pyxz,kl_pyxz_pyx,api_calls
4.6,x1 = 4.6,4.6,x1 = 4.6,0.13990719074215685,0.8600928092578431,0.13854037489452822,0.8614596251054719,0.49644298018318783,0.5035570198168122,0.07046640735377746,0.9295335926462226,0.12948136144985029,0.87051863855015,0.5804,0.11935,0.99996,0.36766,0.24999,0.0655,0.584,0.12033,0.45526,0.12873999999999997,0.09106,0.029270000000000004,0.0004715939433461609,0.0004614260819236788,3960
