z_x1,z_note,x_x1,x_note,"p(y=0|x,D)","p(y=1|x,D)","p(u=0|z,D)","p(u=1|z,D)","p(y=0|x,u=0,z,D)","p(y=1|x,u=0,z,D)","p(y=0|x,u=1,z,D)","p(y=1|x,u=1,z,D)","p(y=0|x,z,D)","p(y=1|x,z,D)","H[p(u|z,D)]","Var[p(u|z,D)]","H[p(y|x,u=0,z,D)]","H[p(y|x,u=1,z,D)]","Var[p(y|x,u=0,z,D)]","Var[p(y|x,u=1,z,D)]","H[p(y|x,D)]","Var[p(y|x,D)]",Va,Ve,Va_variance,Ve_variance,kl_pyx_pyxz,kl_pyxz_pyx,api_calls
-11.4,x1 = -11.4,-11.4,x1 = -11.4,0.9056849699062408,0.0943150300937592,0.9056849699062408,0.0943150300937592,0.9439987350534139,0.05600126494658621,0.2941647932315247,0.7058352067684752,0.8827096272745364,0.11729037272546383,0.45071,0.08542,0.31136,0.87404,0.05287,0.20763,0.45071,0.08542,0.36443,0.08628000000000002,0.06747,0.017949999999999994,0.002709965875316557,0.0028892939265232967,760
