z_x1,z_note,x_x1,x_note,"p(y=0|x,D)","p(y=1|x,D)","p(u=0|z,D)","p(u=1|z,D)","p(y=0|x,u=0,z,D)","p(y=1|x,u=0,z,D)","p(y=0|x,u=1,z,D)","p(y=1|x,u=1,z,D)","p(y=0|x,z,D)","p(y=1|x,z,D)","H[p(u|z,D)]","Var[p(u|z,D)]","H[p(y|x,u=0,z,D)]","H[p(y|x,u=1,z,D)]","Var[p(y|x,u=0,z,D)]","Var[p(y|x,u=1,z,D)]","H[p(y|x,D)]","Var[p(y|x,D)]",Va,Ve,Va_variance,Ve_variance,kl_pyx_pyxz,kl_pyxz_pyx,api_calls
8.6,x1 = 8.6,8.6,x1 = 8.6,0.06767337461987936,0.9323266253801206,0.06803008276551312,0.9319699172344869,0.6191701962158586,0.38082980378414144,0.048906654785793806,0.9510933452142064,0.08770173070743573,0.9122982692925644,0.35853,0.0634,0.95863,0.28173,0.2358,0.04651,0.35718,0.06309,0.32778,0.02939999999999998,0.05939,0.003699999999999995,0.0027023710818029935,0.002924896772467246,4760
