z_x1,z_note,x_x1,x_note,"p(y=0|x,D)","p(y=1|x,D)","p(u=0|z,D)","p(u=1|z,D)","p(y=0|x,u=0,z,D)","p(y=1|x,u=0,z,D)","p(y=0|x,u=1,z,D)","p(y=1|x,u=1,z,D)","p(y=0|x,z,D)","p(y=1|x,z,D)","H[p(u|z,D)]","Var[p(u|z,D)]","H[p(y|x,u=0,z,D)]","H[p(y|x,u=1,z,D)]","Var[p(y|x,u=0,z,D)]","Var[p(y|x,u=1,z,D)]","H[p(y|x,D)]","Var[p(y|x,D)]",Va,Ve,Va_variance,Ve_variance,kl_pyx_pyxz,kl_pyxz_pyx,api_calls
5.0,x1 = 5.0,5.0,x1 = 5.0,0.1231633103398591,0.8768366896601408,0.12316330789244127,0.8768366921075585,0.5206899822839615,0.4793100177160385,0.0766916926760117,0.9233083073239883,0.1313759907227129,0.8686240092772869,0.53839,0.10799,0.99876,0.39041,0.24957,0.07081,0.53839,0.10799,0.46534,0.07305000000000006,0.09283,0.015160000000000007,0.0003009244308706544,0.0003065065044652038,4040
