z_x1,z_note,x_x1,x_note,"p(y=0|x,D)","p(y=1|x,D)","p(u=0|z,D)","p(u=1|z,D)","p(y=0|x,u=0,z,D)","p(y=1|x,u=0,z,D)","p(y=0|x,u=1,z,D)","p(y=1|x,u=1,z,D)","p(y=0|x,z,D)","p(y=1|x,z,D)","H[p(u|z,D)]","Var[p(u|z,D)]","H[p(y|x,u=0,z,D)]","H[p(y|x,u=1,z,D)]","Var[p(y|x,u=0,z,D)]","Var[p(y|x,u=1,z,D)]","H[p(y|x,D)]","Var[p(y|x,D)]",Va,Ve,Va_variance,Ve_variance,kl_pyx_pyxz,kl_pyxz_pyx,api_calls
-9.0,x1 = -9.0,-9.0,x1 = -9.0,0.9059847633131953,0.09401523668680466,0.9059847633131953,0.09401523668680466,0.9348635232065577,0.06513647679344207,0.3002171900004133,0.6997828099995866,0.8751970979777695,0.12480290202223045,0.44973,0.08518,0.34751,0.88156,0.06089,0.21009,0.44973,0.08518,0.39772,0.05201,0.07492,0.010260000000000005,0.004690420844255357,0.00509550693250355,1240
