z_x1,z_note,x_x1,x_note,"p(y=0|x,D)","p(y=1|x,D)","p(u=0|z,D)","p(u=1|z,D)","p(y=0|x,u=0,z,D)","p(y=1|x,u=0,z,D)","p(y=0|x,u=1,z,D)","p(y=1|x,u=1,z,D)","p(y=0|x,z,D)","p(y=1|x,z,D)","H[p(u|z,D)]","Var[p(u|z,D)]","H[p(y|x,u=0,z,D)]","H[p(y|x,u=1,z,D)]","Var[p(y|x,u=0,z,D)]","Var[p(y|x,u=1,z,D)]","H[p(y|x,D)]","Var[p(y|x,D)]",Va,Ve,Va_variance,Ve_variance,kl_pyx_pyxz,kl_pyxz_pyx,api_calls
-15.0,x1 = -15.0,-15.0,x1 = -15.0,0.9138128537273849,0.08618714627261516,0.9138128531129318,0.0861871468870681,0.947029604270632,0.05297039572936816,0.2962728168281869,0.7037271831718132,0.8909427334435733,0.10905726655642672,0.42361,0.07876,0.29888,0.87669,0.05016,0.2085,0.42361,0.07876,0.34868,0.07493,0.06381,0.014949999999999991,0.002876849890289697,0.0030853382374070627,40
