z_x1,z_note,x_x1,x_note,"p(y=0|x,D)","p(y=1|x,D)","p(u=0|z,D)","p(u=1|z,D)","p(y=0|x,u=0,z,D)","p(y=1|x,u=0,z,D)","p(y=0|x,u=1,z,D)","p(y=1|x,u=1,z,D)","p(y=0|x,z,D)","p(y=1|x,z,D)","H[p(u|z,D)]","Var[p(u|z,D)]","H[p(y|x,u=0,z,D)]","H[p(y|x,u=1,z,D)]","Var[p(y|x,u=0,z,D)]","Var[p(y|x,u=1,z,D)]","H[p(y|x,D)]","Var[p(y|x,D)]",Va,Ve,Va_variance,Ve_variance,kl_pyx_pyxz,kl_pyxz_pyx,api_calls
-0.2,x1 = -0.2,-0.2,x1 = -0.2,0.7290573317382337,0.2709426682617664,0.7330929850761003,0.26690701492389984,0.82160266358336,0.17839733641664005,0.4952138697843022,0.5047861302156977,0.7344872049258413,0.2655127950741588,0.83699,0.19567,0.67656,0.99993,0.14657,0.24998,0.84281,0.19753,0.76287,0.0799399999999999,0.17417,0.02336000000000002,7.52676535297099e-05,7.494659788267067e-05,3000
