z_x1,z_note,x_x1,x_note,"p(y=0|x,D)","p(y=1|x,D)","p(u=0|z,D)","p(u=1|z,D)","p(y=0|x,u=0,z,D)","p(y=1|x,u=0,z,D)","p(y=0|x,u=1,z,D)","p(y=1|x,u=1,z,D)","p(y=0|x,z,D)","p(y=1|x,z,D)","H[p(u|z,D)]","Var[p(u|z,D)]","H[p(y|x,u=0,z,D)]","H[p(y|x,u=1,z,D)]","Var[p(y|x,u=0,z,D)]","Var[p(y|x,u=1,z,D)]","H[p(y|x,D)]","Var[p(y|x,D)]",Va,Ve,Va_variance,Ve_variance,kl_pyx_pyxz,kl_pyxz_pyx,api_calls
13.4,x1 = 13.4,13.4,x1 = 13.4,0.14208282472897887,0.8579171752710211,0.14004414290121603,0.859955857098784,0.7755745344061026,0.2244254655938974,0.0569063050547086,0.9430936949452915,0.15755158126455912,0.842448418735441,0.58435,0.12043,0.76817,0.31504,0.17406,0.05367,0.58967,0.1219,0.3785,0.21117000000000002,0.07053,0.05137,0.0009266822374762625,0.0009533574934420461,5720
