z_x1,z_note,x_x1,x_note,"p(y=0|x,D)","p(y=1|x,D)","p(u=0|z,D)","p(u=1|z,D)","p(y=0|x,u=0,z,D)","p(y=1|x,u=0,z,D)","p(y=0|x,u=1,z,D)","p(y=1|x,u=1,z,D)","p(y=0|x,z,D)","p(y=1|x,z,D)","H[p(u|z,D)]","Var[p(u|z,D)]","H[p(y|x,u=0,z,D)]","H[p(y|x,u=1,z,D)]","Var[p(y|x,u=0,z,D)]","Var[p(y|x,u=1,z,D)]","H[p(y|x,D)]","Var[p(y|x,D)]",Va,Ve,Va_variance,Ve_variance,kl_pyx_pyxz,kl_pyxz_pyx,api_calls
12.6,x1 = 12.6,12.6,x1 = 12.6,0.1172140987664169,0.882785901233583,0.1181381834771853,0.8818618165228147,0.7630786166381796,0.2369213833618205,0.051576983001959564,0.9484230169980405,0.13563249354079238,0.8643675064592078,0.52399,0.10418,0.78988,0.29306,0.18079,0.04892,0.5213,0.10347,0.35175,0.16954999999999998,0.0645,0.038970000000000005,0.00150622642562381,0.0015702252908749124,5560
