z_x1,z_note,x_x1,x_note,"p(y=0|x,D)","p(y=1|x,D)","p(u=0|z,D)","p(u=1|z,D)","p(y=0|x,u=0,z,D)","p(y=1|x,u=0,z,D)","p(y=0|x,u=1,z,D)","p(y=1|x,u=1,z,D)","p(y=0|x,z,D)","p(y=1|x,z,D)","H[p(u|z,D)]","Var[p(u|z,D)]","H[p(y|x,u=0,z,D)]","H[p(y|x,u=1,z,D)]","Var[p(y|x,u=0,z,D)]","Var[p(y|x,u=1,z,D)]","H[p(y|x,D)]","Var[p(y|x,D)]",Va,Ve,Va_variance,Ve_variance,kl_pyx_pyxz,kl_pyxz_pyx,api_calls
-14.6,x1 = -14.6,-14.6,x1 = -14.6,0.9029679072387122,0.09703209276128788,0.9029679088247722,0.0970320911752279,0.9440319278298714,0.05596807217012845,0.31176162748781133,0.6882383725121886,0.882681418399692,0.11731858160030796,0.45952,0.08762,0.31123,0.8952,0.05284,0.21457,0.45952,0.08762,0.36789,0.09162999999999999,0.06853,0.01909000000000001,0.002096166876587636,0.0022162141903459,120
