z_x1,z_note,x_x1,x_note,"p(y=0|x,D)","p(y=1|x,D)","p(u=0|z,D)","p(u=1|z,D)","p(y=0|x,u=0,z,D)","p(y=1|x,u=0,z,D)","p(y=0|x,u=1,z,D)","p(y=1|x,u=1,z,D)","p(y=0|x,z,D)","p(y=1|x,z,D)","H[p(u|z,D)]","Var[p(u|z,D)]","H[p(y|x,u=0,z,D)]","H[p(y|x,u=1,z,D)]","Var[p(y|x,u=0,z,D)]","Var[p(y|x,u=1,z,D)]","H[p(y|x,D)]","Var[p(y|x,D)]",Va,Ve,Va_variance,Ve_variance,kl_pyx_pyxz,kl_pyxz_pyx,api_calls
-14.2,x1 = -14.2,-14.2,x1 = -14.2,0.9068942521198082,0.09310574788019185,0.9068942521198082,0.09310574788019185,0.9413828899715027,0.05861711002849734,0.30957908622008856,0.6904209137799115,0.8825583243096774,0.11744167569032272,0.44675,0.08444,0.32193,0.89269,0.05518,0.21374,0.44675,0.08444,0.37507,0.07167999999999997,0.06994,0.014499999999999999,0.0030487036771454402,0.003264203624752538,200
