z_x1,z_note,x_x1,x_note,"p(y=0|x,D)","p(y=1|x,D)","p(u=0|z,D)","p(u=1|z,D)","p(y=0|x,u=0,z,D)","p(y=1|x,u=0,z,D)","p(y=0|x,u=1,z,D)","p(y=1|x,u=1,z,D)","p(y=0|x,z,D)","p(y=1|x,z,D)","H[p(u|z,D)]","Var[p(u|z,D)]","H[p(y|x,u=0,z,D)]","H[p(y|x,u=1,z,D)]","Var[p(y|x,u=0,z,D)]","Var[p(y|x,u=1,z,D)]","H[p(y|x,D)]","Var[p(y|x,D)]",Va,Ve,Va_variance,Ve_variance,kl_pyx_pyxz,kl_pyxz_pyx,api_calls
2.2,x1 = 2.2,2.2,x1 = 2.2,0.6109053911316226,0.38909460886837755,0.610995110233195,0.38900488976680514,0.8322902051349818,0.1677097948650182,0.36022058203891416,0.6397794179610858,0.6486528134402387,0.35134718655976127,0.96415,0.23768,0.65244,0.94287,0.13958,0.23046,0.96421,0.2377,0.76542,0.19879000000000002,0.17493,0.06276999999999999,0.0030790461409354528,0.0030361558298161936,3480
