z_x1,z_note,x_x1,x_note,"p(y=0|x,D)","p(y=1|x,D)","p(u=0|z,D)","p(u=1|z,D)","p(y=0|x,u=0,z,D)","p(y=1|x,u=0,z,D)","p(y=0|x,u=1,z,D)","p(y=1|x,u=1,z,D)","p(y=0|x,z,D)","p(y=1|x,z,D)","H[p(u|z,D)]","Var[p(u|z,D)]","H[p(y|x,u=0,z,D)]","H[p(y|x,u=1,z,D)]","Var[p(y|x,u=0,z,D)]","Var[p(y|x,u=1,z,D)]","H[p(y|x,D)]","Var[p(y|x,D)]",Va,Ve,Va_variance,Ve_variance,kl_pyx_pyxz,kl_pyxz_pyx,api_calls
1.0,x1 = 1.0,1.0,x1 = 1.0,0.4304041668083574,0.5695958331916428,0.42861326136546,0.57138673863454,0.7054292017742696,0.29457079822573035,0.23494044876400788,0.7650595512359921,0.4365981676275046,0.5634018323724955,0.98525,0.2449,0.87455,0.78652,0.2078,0.17974,0.98598,0.24516,0.82425,0.16172999999999993,0.19177,0.05338999999999999,7.807040098132146e-05,7.815774819364477e-05,3240
