z_x1,z_note,x_x1,x_note,"p(y=0|x,D)","p(y=1|x,D)","p(u=0|z,D)","p(u=1|z,D)","p(y=0|x,u=0,z,D)","p(y=1|x,u=0,z,D)","p(y=0|x,u=1,z,D)","p(y=1|x,u=1,z,D)","p(y=0|x,z,D)","p(y=1|x,z,D)","H[p(u|z,D)]","Var[p(u|z,D)]","H[p(y|x,u=0,z,D)]","H[p(y|x,u=1,z,D)]","Var[p(y|x,u=0,z,D)]","Var[p(y|x,u=1,z,D)]","H[p(y|x,D)]","Var[p(y|x,D)]",Va,Ve,Va_variance,Ve_variance,kl_pyx_pyxz,kl_pyxz_pyx,api_calls
3.6,x1 = 3.6,3.6,x1 = 3.6,0.1378632902356393,0.8621367097643606,0.13786328889609267,0.8621367111039072,0.5123398944884057,0.4876601055115944,0.060187037399292896,0.9398129626007071,0.12252231736136296,0.877477682638637,0.57862,0.11886,0.99956,0.32819,0.24985,0.05656,0.57862,0.11886,0.42075,0.15787,0.08321,0.03564999999999999,0.001057561348860557,0.0010227822014944425,3760
