z_x1,z_note,x_x1,x_note,"p(y=0|x,D)","p(y=1|x,D)","p(u=0|z,D)","p(u=1|z,D)","p(y=0|x,u=0,z,D)","p(y=1|x,u=0,z,D)","p(y=0|x,u=1,z,D)","p(y=1|x,u=1,z,D)","p(y=0|x,z,D)","p(y=1|x,z,D)","H[p(u|z,D)]","Var[p(u|z,D)]","H[p(y|x,u=0,z,D)]","H[p(y|x,u=1,z,D)]","Var[p(y|x,u=0,z,D)]","Var[p(y|x,u=1,z,D)]","H[p(y|x,D)]","Var[p(y|x,D)]",Va,Ve,Va_variance,Ve_variance,kl_pyx_pyxz,kl_pyxz_pyx,api_calls
4.8,x1 = 4.8,4.8,x1 = 4.8,0.13268940480298622,0.8673105951970138,0.1351286638963068,0.8648713361036933,0.5329660988482534,0.4670339011517467,0.05853623981793745,0.9414637601820626,0.12264531278121724,0.8773546872187828,0.57134,0.11687,0.99686,0.32161,0.24891,0.05511,0.56477,0.11508,0.41286,0.15191,0.0813,0.033780000000000004,0.0004582074139743205,0.0004480582557440157,4000
