z_x1,z_note,x_x1,x_note,"p(y=0|x,D)","p(y=1|x,D)","p(u=0|z,D)","p(u=1|z,D)","p(y=0|x,u=0,z,D)","p(y=1|x,u=0,z,D)","p(y=0|x,u=1,z,D)","p(y=1|x,u=1,z,D)","p(y=0|x,z,D)","p(y=1|x,z,D)","H[p(u|z,D)]","Var[p(u|z,D)]","H[p(y|x,u=0,z,D)]","H[p(y|x,u=1,z,D)]","Var[p(y|x,u=0,z,D)]","Var[p(y|x,u=1,z,D)]","H[p(y|x,D)]","Var[p(y|x,D)]",Va,Ve,Va_variance,Ve_variance,kl_pyx_pyxz,kl_pyxz_pyx,api_calls
-7.8,x1 = -7.8,-7.8,x1 = -7.8,0.9043387233146326,0.09566127668536728,0.9036703909887185,0.09632960901128133,0.9314645850403839,0.068535414959616,0.327508493684228,0.6724915063157719,0.8732857309000635,0.1267142690999362,0.45725,0.08705,0.36043,0.91236,0.06384,0.22025,0.45509,0.08651,0.4136,0.04148999999999997,0.07891,0.0076000000000000095,0.004706260819585677,0.005108419448324811,1480
