z_x1,z_note,x_x1,x_note,"p(y=0|x,D)","p(y=1|x,D)","p(u=0|z,D)","p(u=1|z,D)","p(y=0|x,u=0,z,D)","p(y=1|x,u=0,z,D)","p(y=0|x,u=1,z,D)","p(y=1|x,u=1,z,D)","p(y=0|x,z,D)","p(y=1|x,z,D)","H[p(u|z,D)]","Var[p(u|z,D)]","H[p(y|x,u=0,z,D)]","H[p(y|x,u=1,z,D)]","Var[p(y|x,u=0,z,D)]","Var[p(y|x,u=1,z,D)]","H[p(y|x,D)]","Var[p(y|x,D)]",Va,Ve,Va_variance,Ve_variance,kl_pyx_pyxz,kl_pyxz_pyx,api_calls
2.8,x1 = 2.8,2.8,x1 = 2.8,0.47270121864604214,0.5272987813539578,0.4703155783736775,0.5296844216263226,0.7590444084811669,0.24095559151883306,0.24761617218232299,0.752383827817677,0.48814883893384364,0.5118511610661565,0.99746,0.24912,0.79663,0.80748,0.1829,0.1863,0.99785,0.24925,0.80238,0.19547000000000003,0.1847,0.06455,0.0004778358196907105,0.0004782219571105341,3600
