z_x1,z_note,x_x1,x_note,"p(y=0|x,D)","p(y=1|x,D)","p(u=0|z,D)","p(u=1|z,D)","p(y=0|x,u=0,z,D)","p(y=1|x,u=0,z,D)","p(y=0|x,u=1,z,D)","p(y=1|x,u=1,z,D)","p(y=0|x,z,D)","p(y=1|x,z,D)","H[p(u|z,D)]","Var[p(u|z,D)]","H[p(y|x,u=0,z,D)]","H[p(y|x,u=1,z,D)]","Var[p(y|x,u=0,z,D)]","Var[p(y|x,u=1,z,D)]","H[p(y|x,D)]","Var[p(y|x,D)]",Va,Ve,Va_variance,Ve_variance,kl_pyx_pyxz,kl_pyxz_pyx,api_calls
-9.7,x1 = -9.7,-10.0,x1 = -10.0,0.6283263842157838,0.3716736157842161,0.6541760888066832,0.34582391119331674,0.6890726187262107,0.3109273812737893,0.46342917981672127,0.5365708201832786,0.6110397221474209,0.38896027785257914,0.93028,0.22623,0.89424,0.99614,0.21425,0.24866,0.95195,0.23353,0.92948,0.02246999999999999,0.22615,0.007379999999999998,0.000632209426746199,0.0006359213548448803,200
-10.1,x1 = -10.1,-10.0,x1 = -10.0,0.6283263842157838,0.3716736157842161,0.6417438144606932,0.35825618553930677,0.6907782478753323,0.30922175212466774,0.4386222386249002,0.5613777613750999,0.6004417978404583,0.3995582021595417,0.94123,0.22991,0.89227,0.9891,0.2136,0.24623,0.95195,0.23353,0.92696,0.024989999999999957,0.22529,0.008239999999999997,0.0016341570571903365,0.0016489012922384742,230
-10.0,x1 = -10.0,-10.0,x1 = -10.0,0.6283263842157838,0.3716736157842161,0.6367225651130752,0.36327743488692466,0.6930766779510069,0.3069233220489931,0.41821875585116086,0.5817812441488392,0.5932269970522246,0.4067730029477753,0.94537,0.23131,0.88959,0.98062,0.21272,0.24331,0.95195,0.23353,0.92266,0.029289999999999927,0.22383,0.009699999999999986,0.0025783222480214515,0.002606623692658336,260
-9.9,x1 = -9.9,-10.0,x1 = -10.0,0.6283263842157838,0.3716736157842161,0.6487147992104347,0.3512852007895652,0.7016641054389807,0.2983358945610192,0.4486180207568335,0.5513819792431666,0.6127727607723993,0.38722723922760066,0.93521,0.22788,0.87925,0.99237,0.20933,0.24736,0.95195,0.23353,0.91899,0.03295999999999999,0.22269,0.010839999999999989,0.000512381527757285,0.000515109415586891,290
-9.5,x1 = -9.5,-10.0,x1 = -10.0,0.6283263842157838,0.3716736157842161,0.651855891533273,0.34814410846672705,0.6949988077790242,0.30500119222097577,0.457448598980115,0.5425514010198851,0.6122971021206431,0.3877028978793569,0.9324,0.22694,0.88732,0.99477,0.21198,0.24819,0.95195,0.23353,0.92473,0.02721999999999991,0.22459,0.008939999999999976,0.0005440300634170399,0.0005470086777491986,320
