z_x1,z_note,x_x1,x_note,"p(y=0|x,D)","p(y=1|x,D)","p(u=0|z,D)","p(u=1|z,D)","p(y=0|x,u=0,z,D)","p(y=1|x,u=0,z,D)","p(y=0|x,u=1,z,D)","p(y=1|x,u=1,z,D)","p(y=0|x,z,D)","p(y=1|x,z,D)","H[p(u|z,D)]","Var[p(u|z,D)]","H[p(y|x,u=0,z,D)]","H[p(y|x,u=1,z,D)]","Var[p(y|x,u=0,z,D)]","Var[p(y|x,u=1,z,D)]","H[p(y|x,D)]","Var[p(y|x,D)]",Va,Ve,Va_variance,Ve_variance,kl_pyx_pyxz,kl_pyxz_pyx,api_calls
14.6,x1 = 14.6,15.0,x1 = 15.0,0.09535903841951898,0.904640961580481,0.07374838839143372,0.9262516116085664,0.5446156106470981,0.45538438935290193,0.08603744562380315,0.9139625543761969,0.11985684624577211,0.880143153754228,0.37976,0.06831,0.99425,0.4231,0.24801,0.07864,0.45411,0.08627,0.46522,-0.011110000000000009,0.09113,-0.004860000000000003,0.0030318773335641057,0.003242073269521247,1000
14.9,x1 = 14.9,15.0,x1 = 15.0,0.09535903841951898,0.904640961580481,0.10071817350782372,0.8992818264921763,0.554059072375334,0.44594092762466603,0.0956030550299083,0.9043969449700917,0.14177790773061072,0.8582220922693892,0.47127,0.09057,0.99155,0.4549,0.24708,0.08646,0.45411,0.08627,0.50895,-0.05484,0.10264,-0.016369999999999996,0.009831559943394075,0.011023876659307472,1030
14.8,x1 = 14.8,15.0,x1 = 15.0,0.09535903841951898,0.904640961580481,0.07902336084122732,0.9209766391587726,0.5615891283062632,0.4384108716937368,0.08808871414677896,0.9119112858532212,0.12550630823337444,0.8744936917666257,0.39873,0.07278,0.98903,0.43006,0.24621,0.08033,0.45411,0.08627,0.47423,-0.02011999999999997,0.09344,-0.007169999999999996,0.004465261191679604,0.004838185039305696,1060
15.1,x1 = 15.1,15.0,x1 = 15.0,0.09535903841951898,0.904640961580481,0.09893143620201302,0.901068563797987,0.6358049539996062,0.36419504600039376,0.13367841242689707,0.8663215875731028,0.183354512339835,0.816645487660165,0.4656,0.08914,0.94611,0.56744,0.23156,0.11581,0.45411,0.08627,0.6049,-0.15078999999999998,0.12726,-0.04099000000000001,0.030231568539980706,0.03630228812266133,1090
14.7,x1 = 14.7,15.0,x1 = 15.0,0.09535903841951898,0.904640961580481,0.07255063590866288,0.9274493640913372,0.5504761814910151,0.44952381850898515,0.09011616162844095,0.9098838383715592,0.12351557381639539,0.8764844261836048,0.37537,0.06729,0.99264,0.43686,0.24745,0.082,0.45411,0.08627,0.47718,-0.02306999999999998,0.094,-0.007730000000000001,0.00393291246802073,0.004241980946601918,1120
