z_x1,z_note,x_x1,x_note,"p(y=0|x,D)","p(y=1|x,D)","p(u=0|z,D)","p(u=1|z,D)","p(y=0|x,u=0,z,D)","p(y=1|x,u=0,z,D)","p(y=0|x,u=1,z,D)","p(y=1|x,u=1,z,D)","p(y=0|x,z,D)","p(y=1|x,z,D)","H[p(u|z,D)]","Var[p(u|z,D)]","H[p(y|x,u=0,z,D)]","H[p(y|x,u=1,z,D)]","Var[p(y|x,u=0,z,D)]","Var[p(y|x,u=1,z,D)]","H[p(y|x,D)]","Var[p(y|x,D)]",Va,Ve,Va_variance,Ve_variance,kl_pyx_pyxz,kl_pyxz_pyx,api_calls
-4.9,x1 = -4.9,-5.0,x1 = -5.0,0.5645676885681684,0.4354323114318315,0.5668285845892236,0.43317141541077636,0.6166901970845489,0.38330980291545114,0.5062176500885798,0.4937823499114202,0.5688366475382713,0.43116335246172854,0.98708,0.24553,0.96035,0.99989,0.23638,0.24996,0.98794,0.24583,0.97748,0.010460000000000025,0.24226,0.00356999999999999,3.7123020118749565e-05,3.709433135208606e-05,360
-4.5,x1 = -4.5,-5.0,x1 = -5.0,0.5645676885681684,0.4354323114318315,0.560890767453445,0.439109232546555,0.627442309857315,0.37255769014268514,0.5029792738251441,0.49702072617485593,0.5727894416248142,0.42721055837518584,0.98928,0.24629,0.95262,0.99997,0.23376,0.24999,0.98794,0.24583,0.97341,0.014530000000000043,0.24089,0.00494,0.00013790336167833657,0.00013769186929526653,390
-4.7,x1 = -4.7,-5.0,x1 = -5.0,0.5645676885681684,0.4354323114318315,0.5546378755493053,0.44536212445069473,0.618976386075919,0.3810236139240811,0.5031209373373756,0.4968790626626244,0.5673787572965328,0.4326212427034673,0.99137,0.24701,0.95876,0.99997,0.23584,0.24999,0.98794,0.24583,0.97711,0.010830000000000006,0.24214,0.003689999999999999,1.608833310993811e-05,1.608023767200135e-05,420
-5.0,x1 = -5.0,-5.0,x1 = -5.0,0.5645676885681684,0.4354323114318315,0.5645676885681684,0.4354323114318315,0.6057112139633495,0.39428878603665046,0.4475820899065493,0.5524179100934508,0.536856683970606,0.4631433160293938,0.98794,0.24583,0.96751,0.99206,0.23883,0.24725,0.98794,0.24583,0.9782,0.009740000000000082,0.2425,0.0033299999999999996,0.0015492400305697762,0.0015551211792137545,450
-4.8,x1 = -4.8,-5.0,x1 = -5.0,0.5645676885681684,0.4354323114318315,0.5699252993707858,0.4300747006292142,0.6224973665329244,0.3775026334670755,0.5030967127512042,0.49690328724879584,0.5711461661028187,0.42885383389718135,0.98585,0.24511,0.95626,0.99997,0.23499,0.24999,0.98794,0.24583,0.97506,0.012880000000000003,0.24144,0.004390000000000005,8.82316587832747e-05,8.81247188287762e-05,480
