z_x1,z_note,x_x1,x_note,"p(y=0|x,D)","p(y=1|x,D)","p(u=0|z,D)","p(u=1|z,D)","p(y=0|x,u=0,z,D)","p(y=1|x,u=0,z,D)","p(y=0|x,u=1,z,D)","p(y=1|x,u=1,z,D)","p(y=0|x,z,D)","p(y=1|x,z,D)","H[p(u|z,D)]","Var[p(u|z,D)]","H[p(y|x,u=0,z,D)]","H[p(y|x,u=1,z,D)]","Var[p(y|x,u=0,z,D)]","Var[p(y|x,u=1,z,D)]","H[p(y|x,D)]","Var[p(y|x,D)]",Va,Ve,Va_variance,Ve_variance,kl_pyx_pyxz,kl_pyxz_pyx,api_calls
-10.4,x1 = -10.4,-10.0,x1 = -10.0,0.5760211962253827,0.42397880377461716,0.5640002135042196,0.4359997864957804,0.670161707799718,0.32983829220028205,0.409347010424601,0.5906529895753989,0.5564465554292054,0.4435534445707946,0.98815,0.2459,0.91476,0.97616,0.22104,0.24178,0.98326,0.24422,0.94153,0.041730000000000045,0.23008,0.014139999999999986,0.0007787562272513655,0.0007815025268704742,200
-9.7,x1 = -9.7,-10.0,x1 = -10.0,0.5760211962253827,0.42397880377461716,0.5519775176031075,0.4480224823968924,0.6888773969660045,0.31112260303399564,0.38627564623245053,0.6137243537675495,0.553305009424712,0.4466949905752881,0.99219,0.2473,0.89447,0.96235,0.21433,0.23707,0.98326,0.24422,0.92488,0.05837999999999999,0.22452,0.019699999999999995,0.0010477093734911833,0.0010518934024994764,230
-10.1,x1 = -10.1,-10.0,x1 = -10.0,0.5760211962253827,0.42397880377461716,0.5671211521136543,0.43287884788634556,0.6721015363736365,0.32789846362636355,0.39280784647580447,0.6071921535241955,0.5512012056687366,0.44879879433126335,0.98696,0.24549,0.91276,0.96659,0.22038,0.23851,0.98326,0.24422,0.93606,0.04720000000000002,0.22823,0.015990000000000004,0.0012499305182903826,0.001255294013898095,260
-10.0,x1 = -10.0,-10.0,x1 = -10.0,0.5760211962253827,0.42397880377461716,0.5760211974630882,0.42397880253691167,0.6810223464071345,0.31897765359286545,0.38312408066500125,0.6168759193349987,0.554719796419962,0.4452802035800378,0.98326,0.24422,0.90327,0.96022,0.21723,0.23634,0.98326,0.24422,0.92742,0.05584,0.22533,0.01888999999999999,0.0009216880924226602,0.0009251781233910045,290
-9.8,x1 = -9.8,-10.0,x1 = -10.0,0.5760211962253827,0.42397880377461716,0.5491951322276203,0.45080486777237977,0.6946147792343053,0.30538522076569474,0.3867795125426014,0.6132204874573987,0.5558411425376765,0.44415885746232364,0.99301,0.24758,0.88777,0.96269,0.21213,0.23718,0.98326,0.24422,0.92154,0.06172,0.22342,0.020799999999999985,0.0008275068829075478,0.0008305013236557766,320
