z_x1,z_note,x_x1,x_note,"p(y=0|x,D)","p(y=1|x,D)","p(u=0|z,D)","p(u=1|z,D)","p(y=0|x,u=0,z,D)","p(y=1|x,u=0,z,D)","p(y=0|x,u=1,z,D)","p(y=1|x,u=1,z,D)","p(y=0|x,z,D)","p(y=1|x,z,D)","H[p(u|z,D)]","H[p(y|x,u=0,z,D)]","H[p(y|x,u=1,z,D)]","H[p(y|x,D)]",Va,Ve,kl_pyx_pyxz,kl_pyxz_pyx
4.8,x1 = 4.8,4.8,x1 = 4.8,0.0637071957578139,0.936292804242186,0.0637071957578139,0.936292804242186,0.4736855699833207,0.5263144300166793,0.028889756452087197,0.9711102435479129,0.057226450416977576,0.9427735495830224,0.34199,0.998,0.18879,0.34199,0.24034,0.10165000000000002,0.0003761719022030872,0.00036379422788714554
