z_x1,z_note,x_x1,x_note,"p(y=0|x,D)","p(y=1|x,D)","p(u=0|z,D)","p(u=1|z,D)","p(y=0|x,u=0,z,D)","p(y=1|x,u=0,z,D)","p(y=0|x,u=1,z,D)","p(y=1|x,u=1,z,D)","p(y=0|x,z,D)","p(y=1|x,z,D)","H[p(u|z,D)]","H[p(y|x,u=0,z,D)]","H[p(y|x,u=1,z,D)]","H[p(y|x,D)]",Va,Ve,kl_pyx_pyxz,kl_pyxz_pyx
3.8,x1 = 3.8,3.8,x1 = 3.8,0.10913263674490456,0.8908673632550954,0.10913263674490456,0.8908673632550954,0.5085792837903392,0.49142071620966077,0.046427056615300416,0.9535729433846996,0.09686294774444254,0.9031370522555574,0.49729,0.99979,0.27102,0.49729,0.35055,0.14674000000000004,0.0008299506372994141,0.0008012515894048351
