z_x1,z_note,x_x1,x_note,"p(y=0|x,D)","p(y=1|x,D)","p(u=0|z,D)","p(u=1|z,D)","p(y=0|x,u=0,z,D)","p(y=1|x,u=0,z,D)","p(y=0|x,u=1,z,D)","p(y=1|x,u=1,z,D)","p(y=0|x,z,D)","p(y=1|x,z,D)","H[p(u|z,D)]","H[p(y|x,u=0,z,D)]","H[p(y|x,u=1,z,D)]","H[p(y|x,D)]",Va,Ve,kl_pyx_pyxz,kl_pyxz_pyx
-5.0,x1 = -5.0,-5.0,x1 = -5.0,0.9390433429046553,0.060956657095344625,0.9390433429046553,0.060956657095344625,0.9821409892159956,0.017859010784004543,0.560906854799229,0.439093145200771,0.9564639645274984,0.04353603547250168,0.33123,0.12924,0.98927,0.33123,0.18166,0.14957000000000004,0.0032554267539583563,0.0029281196192850727
