z_x1,z_note,x_x1,x_note,"p(y=0|x,D)","p(y=1|x,D)","p(u=0|z,D)","p(u=1|z,D)","p(y=0|x,u=0,z,D)","p(y=1|x,u=0,z,D)","p(y=0|x,u=1,z,D)","p(y=1|x,u=1,z,D)","p(y=0|x,z,D)","p(y=1|x,z,D)","H[p(u|z,D)]","H[p(y|x,u=0,z,D)]","H[p(y|x,u=1,z,D)]","H[p(y|x,D)]",Va,Ve,kl_pyx_pyxz,kl_pyxz_pyx
-0.0,x1 = -0.0,-0.0,x1 = -0.0,0.8289524598571878,0.17104754014281215,0.8289524598571878,0.17104754014281215,0.9104716816210372,0.08952831837896284,0.5252333781227381,0.4747666218772618,0.844577617438863,0.155422382561137,0.6601,0.43489,0.99816,0.6601,0.53124,0.12885999999999997,0.0009057904022772047,0.000882804278977611
