z_x1,z_note,x_x1,x_note,"p(y=0|x,D)","p(y=1|x,D)","p(u=0|z,D)","p(u=1|z,D)","p(y=0|x,u=0,z,D)","p(y=1|x,u=0,z,D)","p(y=0|x,u=1,z,D)","p(y=1|x,u=1,z,D)","p(y=0|x,z,D)","p(y=1|x,z,D)","H[p(u|z,D)]","H[p(y|x,u=0,z,D)]","H[p(y|x,u=1,z,D)]","H[p(y|x,D)]",Va,Ve,kl_pyx_pyxz,kl_pyxz_pyx
-15.0,x1 = -15.0,-15.0,x1 = -15.0,0.9095881920145527,0.09041180798544737,0.9095881920145527,0.09041180798544737,0.9879567778559434,0.01204322214405663,0.19658785570737541,0.8034121442926248,0.9164076828209967,0.08359231717900342,0.43784,0.09405,0.71505,0.43784,0.1502,0.28764,0.00029633506227579823,0.00028940897575553595
