z_x1,z_note,x_x1,x_note,"p(y=0|x,D)","p(y=1|x,D)","p(u=0|z,D)","p(u=1|z,D)","p(y=0|x,u=0,z,D)","p(y=1|x,u=0,z,D)","p(y=0|x,u=1,z,D)","p(y=1|x,u=1,z,D)","p(y=0|x,z,D)","p(y=1|x,z,D)","H[p(u|z,D)]","H[p(y|x,u=0,z,D)]","H[p(y|x,u=1,z,D)]","H[p(y|x,D)]",Va,Ve,kl_pyx_pyxz,kl_pyxz_pyx
3.6,x1 = 3.6,3.6,x1 = 3.6,0.0863431459697587,0.9136568540302413,0.0863431459697587,0.9136568540302413,0.448341396194493,0.551658603805507,0.03919909586846517,0.9608009041315348,0.07452572922791825,0.9254742707720818,0.42414,0.99229,0.23861,0.42414,0.30369,0.12045,0.0009667710908977216,0.0009244441518970765
