z_x1,z_note,x_x1,x_note,"p(y=0|x,D)","p(y=1|x,D)","p(u=0|z,D)","p(u=1|z,D)","p(y=0|x,u=0,z,D)","p(y=1|x,u=0,z,D)","p(y=0|x,u=1,z,D)","p(y=1|x,u=1,z,D)","p(y=0|x,z,D)","p(y=1|x,z,D)","H[p(u|z,D)]","H[p(y|x,u=0,z,D)]","H[p(y|x,u=1,z,D)]","H[p(y|x,D)]",Va,Ve,kl_pyx_pyxz,kl_pyxz_pyx
-10.8,x1 = -10.8,-10.8,x1 = -10.8,0.9217356174786386,0.07826438252136125,0.9217356174786386,0.07826438252136125,0.9881540170779773,0.011845982922022897,0.20381299172913175,0.7961870082708682,0.9267680510428785,0.07323194895712162,0.39603,0.0928,0.72949,0.39603,0.14263,0.25339999999999996,0.00018277016723825847,0.0001790905610823141
