z_x1,z_note,x_x1,x_note,"p(y=0|x,D)","p(y=1|x,D)","p(u=0|z,D)","p(u=1|z,D)","p(y=0|x,u=0,z,D)","p(y=1|x,u=0,z,D)","p(y=0|x,u=1,z,D)","p(y=1|x,u=1,z,D)","p(y=0|x,z,D)","p(y=1|x,z,D)","H[p(u|z,D)]","Var[p(u|z,D)]","H[p(y|x,u=0,z,D)]","H[p(y|x,u=1,z,D)]","Var[p(y|x,u=0,z,D)]","Var[p(y|x,u=1,z,D)]","H[p(y|x,D)]","Var[p(y|x,D)]",Va,Ve,Va_variance,Ve_variance,kl_pyx_pyxz,kl_pyxz_pyx,api_calls
15.4,x1 = 15.4,15.0,x1 = 15.0,0.07007991259475511,0.9299200874052447,0.06630762211449201,0.9336923778855081,0.6658838775274664,0.3341161224725337,0.03780692018960707,0.9621930798103928,0.07945320973558576,0.9205467902644142,0.35199,0.06191,0.91908,0.23215,0.22248,0.03638,0.36622,0.06517,0.2777,0.08851999999999999,0.04872,0.016450000000000006,0.0006235788720518175,0.0006480299543108383,1000
14.9,x1 = 14.9,15.0,x1 = 15.0,0.07007991259475511,0.9299200874052447,0.0567669923294953,0.9432330076705048,0.6025362485190399,0.3974637514809601,0.03880918352721035,0.9611908164727897,0.07081027350153044,0.9291897264984696,0.31448,0.05354,0.96945,0.23681,0.23949,0.0373,0.36622,0.06517,0.2784,0.08782000000000001,0.04878,0.01639000000000001,4.0665744770296925e-06,4.079584122480026e-06,1030
14.7,x1 = 14.7,15.0,x1 = 15.0,0.07007991259475511,0.9299200874052447,0.058538037173866075,0.941461962826134,0.6104040490488825,0.38959595095111743,0.03857653249839811,0.9614234675016018,0.07205019291926988,0.9279498070807302,0.32161,0.05511,0.96454,0.23573,0.23781,0.03709,0.36622,0.06517,0.27839,0.08782999999999996,0.04884,0.016330000000000004,2.927879277445783e-05,2.9529762792579028e-05,1060
14.5,x1 = 14.5,15.0,x1 = 15.0,0.07007991259475511,0.9299200874052447,0.057837948292914367,0.9421620517070858,0.5980153273134198,0.40198467268658017,0.03695094582518753,0.9630490541748123,0.06940175851069989,0.9305982414893001,0.3188,0.05449,0.9721,0.22813,0.24039,0.03559,0.36622,0.06517,0.27116,0.09505999999999998,0.04744,0.017730000000000003,3.549681930883333e-06,3.5390547520984658e-06,1090
14.4,x1 = 14.4,15.0,x1 = 15.0,0.07007991259475511,0.9299200874052447,0.05580908583130767,0.9441909141686923,0.5786143201915717,0.4213856798084284,0.03921616664272914,0.9607838333572708,0.06931948449138536,0.9306805155086145,0.31058,0.05269,0.98209,0.23869,0.24382,0.03768,0.36622,0.06517,0.28018,0.08604,0.04918,0.015990000000000004,4.466488228858229e-06,4.451487079298378e-06,1120
