z_x1,z_note,x_x1,x_note,"p(y=0|x,D)","p(y=1|x,D)","p(u=0|z,D)","p(u=1|z,D)","p(y=0|x,u=0,z,D)","p(y=1|x,u=0,z,D)","p(y=0|x,u=1,z,D)","p(y=1|x,u=1,z,D)","p(y=0|x,z,D)","p(y=1|x,z,D)","H[p(u|z,D)]","Var[p(u|z,D)]","H[p(y|x,u=0,z,D)]","H[p(y|x,u=1,z,D)]","Var[p(y|x,u=0,z,D)]","Var[p(y|x,u=1,z,D)]","H[p(y|x,D)]","Var[p(y|x,D)]",Va,Ve,Va_variance,Ve_variance,kl_pyx_pyxz,kl_pyxz_pyx,api_calls
-5.0,x1 = -5.0,-5.0,x1 = -5.0,0.7236519736618702,0.27634802633812966,0.7236519736618702,0.27634802633812966,0.9419195297411879,0.05808047025881202,0.5830192532693373,0.41698074673066265,0.8427381466859828,0.157261853314017,0.85043,0.19998,0.31978,0.98002,0.05471,0.24311,0.85043,0.19998,0.50224,0.34819,0.10677,0.09320999999999999,0.04554558369058159,0.03973136702239699,360
-4.9,x1 = -4.9,-5.0,x1 = -5.0,0.7236519736618702,0.27634802633812966,0.6864465520950386,0.3135534479049614,0.8982683160989957,0.10173168390100443,0.6417116589477792,0.35828834105222074,0.8178240916662607,0.18217590833373937,0.89723,0.21524,0.47446,0.94125,0.09138,0.22992,0.85043,0.19998,0.62082,0.22960999999999998,0.13482,0.06516,0.026621799081905442,0.024139324558568903,390
-4.5,x1 = -4.5,-5.0,x1 = -5.0,0.7236519736618702,0.27634802633812966,0.6926573975229322,0.3073426024770679,0.8955365746109111,0.10446342538908895,0.6730211770405707,0.3269788229594293,0.8271481132304234,0.1728518867695768,0.89008,0.21288,0.48299,0.91181,0.09355,0.22006,0.85043,0.19998,0.61478,0.23565000000000003,0.13243,0.06755,0.03293679244974661,0.02946094243026924,420
-5.1,x1 = -5.1,-5.0,x1 = -5.0,0.7236519736618702,0.27634802633812966,0.7607024116684042,0.2392975883315958,0.8953849123537777,0.1046150876462224,0.5595467774544649,0.4404532225455351,0.8150196566025911,0.18498034339740907,0.79387,0.18203,0.48346,0.98974,0.09367,0.24645,0.85043,0.19998,0.60461,0.24582000000000004,0.13023,0.06974999999999998,0.024885850551223346,0.022653953888382372,450
-5.3,x1 = -5.3,-5.0,x1 = -5.0,0.7236519736618702,0.27634802633812966,0.7139800576836868,0.2860199423163133,0.9029296986703803,0.09707030132961948,0.5581428803499803,0.4418571196500197,0.8043137927829543,0.19568620721704555,0.86352,0.20421,0.45964,0.99022,0.08765,0.24662,0.85043,0.19998,0.6114,0.23902999999999996,0.13312,0.06686,0.01890639820729645,0.01745817198687169,480
