z_x1,z_note,x_x1,x_note,"p(y=0|x,D)","p(y=1|x,D)","p(u=0|z,D)","p(u=1|z,D)","p(y=0|x,u=0,z,D)","p(y=1|x,u=0,z,D)","p(y=0|x,u=1,z,D)","p(y=1|x,u=1,z,D)","p(y=0|x,z,D)","p(y=1|x,z,D)","H[p(u|z,D)]","Var[p(u|z,D)]","H[p(y|x,u=0,z,D)]","H[p(y|x,u=1,z,D)]","Var[p(y|x,u=0,z,D)]","Var[p(y|x,u=1,z,D)]","H[p(y|x,D)]","Var[p(y|x,D)]",Va,Ve,Va_variance,Ve_variance,kl_pyx_pyxz,kl_pyxz_pyx,api_calls
9.7,x1 = 9.7,10.0,x1 = 10.0,0.035899603284283994,0.9641003967157159,0.02544639606681986,0.9745536039331799,0.25474213976860133,0.7452578602313986,0.02659909493188623,0.9734009050681138,0.032404513210691516,0.9675954867893084,0.17101,0.0248,0.81871,0.17704,0.18985,0.02589,0.22317,0.03461,0.19337,0.02980000000000002,0.03006,0.004550000000000002,0.000188373693608137,0.00018227087263671506,840
9.4,x1 = 9.4,10.0,x1 = 10.0,0.035899603284283994,0.9641003967157159,0.025117647720571196,0.9748823522794288,0.25093471525369,0.7490652847463101,0.026711967586720415,0.9732880324132795,0.03234391557355788,0.967656084426442,0.16928,0.02449,0.81276,0.17762,0.18797,0.026,0.22317,0.03461,0.19357,0.029600000000000015,0.03007,0.004540000000000002,0.0001951932684294247,0.00018875567599926273,870
9.9,x1 = 9.9,10.0,x1 = 10.0,0.035899603284283994,0.9641003967157159,0.024396827337802525,0.9756031726621975,0.2704148040588702,0.7295851959411298,0.027618347532912535,0.9723816524670876,0.0335418107610066,0.9664581892389936,0.16546,0.0238,0.84206,0.1823,0.19729,0.02686,0.22317,0.03461,0.1984,0.024770000000000014,0.03102,0.003590000000000003,8.387164434876153e-05,8.206060841519161e-05,900
10.0,x1 = 10.0,10.0,x1 = 10.0,0.035899603284283994,0.9641003967157159,0.035899603284283994,0.9641003967157159,0.43097721062458005,0.56902278937542,0.03228644510379607,0.9677135548962038,0.046599285419099704,0.9534007145809,0.22317,0.03461,0.98621,0.20573,0.24524,0.03124,0.22317,0.03461,0.23375,-0.010580000000000006,0.03892,-0.004310000000000001,0.0013947649360487278,0.001515753018596435,930
10.4,x1 = 10.4,10.0,x1 = 10.0,0.035899603284283994,0.9641003967157159,0.03589616511184397,0.964103834888156,0.40887737042385863,0.5911226295761414,0.029192111299224638,0.9708078887007753,0.042821356051295764,0.9571786439487041,0.22315,0.03461,0.97591,0.19032,0.2417,0.02834,0.22317,0.03461,0.21852,0.004650000000000015,0.036,-0.0013899999999999954,0.0006172352627514897,0.0006530177878988682,960
