z_x1,z_note,x_x1,x_note,"p(y=0|x,D)","p(y=1|x,D)","p(u=0|z,D)","p(u=1|z,D)","p(y=0|x,u=0,z,D)","p(y=1|x,u=0,z,D)","p(y=0|x,u=1,z,D)","p(y=1|x,u=1,z,D)","p(y=0|x,z,D)","p(y=1|x,z,D)","H[p(u|z,D)]","Var[p(u|z,D)]","H[p(y|x,u=0,z,D)]","H[p(y|x,u=1,z,D)]","Var[p(y|x,u=0,z,D)]","Var[p(y|x,u=1,z,D)]","H[p(y|x,D)]","Var[p(y|x,D)]",Va,Ve,Va_variance,Ve_variance,kl_pyx_pyxz,kl_pyxz_pyx,api_calls
10.1,x1 = 10.1,10.0,x1 = 10.0,0.05149938976120585,0.9485006102387942,0.052169490825594814,0.9478305091744053,0.4485945418797752,0.5514054581202249,0.046256434440031136,0.9537435655599689,0.06724620864489604,0.9327537913551041,0.29554,0.04945,0.99236,0.27028,0.24736,0.04412,0.29273,0.04885,0.30795,-0.015220000000000011,0.05472,-0.00587,0.0021394393380195983,0.0023252851549435787,840
9.7,x1 = 9.7,10.0,x1 = 10.0,0.05149938976120585,0.9485006102387942,0.04198650203780174,0.9580134979621983,0.3073390118055393,0.6926609881944608,0.03630505134218133,0.9636949486578187,0.04768481927548959,0.9523151807245105,0.25133,0.04022,0.89008,0.22509,0.21288,0.03499,0.29273,0.04885,0.25301,0.03971999999999998,0.04246,0.00639,0.00015631110864887604,0.0001525565124416606,870
9.4,x1 = 9.4,10.0,x1 = 10.0,0.05149938976120585,0.9485006102387942,0.04510077245203008,0.95489922754797,0.2970552440247714,0.7029447559752287,0.03541274309598154,0.9645872569040185,0.04721302199415096,0.9527869780058491,0.26521,0.04307,0.87766,0.22085,0.20881,0.03416,0.29273,0.04885,0.25047,0.042259999999999964,0.04204,0.006809999999999997,0.00019859640559655167,0.00019321675216523154,900
9.9,x1 = 9.9,10.0,x1 = 10.0,0.05149938976120585,0.9485006102387942,0.0392980752758964,0.9607019247241038,0.33066016132754744,0.6693398386724526,0.039140228052214274,0.9608597719477856,0.050596400334492614,0.9494035996655074,0.23906,0.03775,0.9156,0.23834,0.22132,0.03761,0.29273,0.04885,0.26496,0.027770000000000017,0.04483,0.004019999999999996,8.439831798525733e-06,8.392874518520612e-06,930
10.4,x1 = 10.4,10.0,x1 = 10.0,0.05149938976120585,0.9485006102387942,0.052135672738210403,0.9478643272617895,0.43669743231903785,0.5633025676809621,0.047357123965280454,0.9526428760347196,0.06765564286540587,0.9323443571345941,0.2954,0.04942,0.98841,0.27506,0.24599,0.04511,0.29273,0.04885,0.31225,-0.019520000000000037,0.05558,-0.00673,0.0022432693847525918,0.002442706581383663,960
