z_x1,z_note,x_x1,x_note,"p(y=0|x,D)","p(y=1|x,D)","p(u=0|z,D)","p(u=1|z,D)","p(y=0|x,u=0,z,D)","p(y=1|x,u=0,z,D)","p(y=0|x,u=1,z,D)","p(y=1|x,u=1,z,D)","p(y=0|x,z,D)","p(y=1|x,z,D)","H[p(u|z,D)]","Var[p(u|z,D)]","H[p(y|x,u=0,z,D)]","H[p(y|x,u=1,z,D)]","Var[p(y|x,u=0,z,D)]","Var[p(y|x,u=1,z,D)]","H[p(y|x,D)]","Var[p(y|x,D)]",Va,Ve,Va_variance,Ve_variance,kl_pyx_pyxz,kl_pyxz_pyx,api_calls
-9.7,x1 = -9.7,-10.0,x1 = -10.0,0.7956866305926538,0.2043133694073463,0.7909365918085826,0.20906340819141742,0.8329418397567145,0.1670581602432855,0.362388100372805,0.6376118996271951,0.7345662712638984,0.2654337287361016,0.73969,0.16536,0.65093,0.94465,0.13915,0.23106,0.73047,0.16257,0.71234,0.01812999999999998,0.15837,0.0041999999999999815,0.010124516126535449,0.010756366605168023,200
-10.0,x1 = -10.0,-10.0,x1 = -10.0,0.7956866305926538,0.2043133694073463,0.7956866305926538,0.2043133694073463,0.8727270595874165,0.12727294041258352,0.2799201015047027,0.7200798984952973,0.7516086725734178,0.24839132742658226,0.73047,0.16257,0.54991,0.85534,0.11107,0.20156,0.73047,0.16257,0.61231,0.11815999999999993,0.12956,0.033009999999999984,0.005433162172699804,0.005689474947750996,230
-9.9,x1 = -9.9,-10.0,x1 = -10.0,0.7956866305926538,0.2043133694073463,0.793453246164668,0.206546753835332,0.8291041832763479,0.170895816723652,0.37776067279352504,0.6222393272064749,0.7358806463214778,0.2641193536785222,0.73483,0.16389,0.65975,0.95645,0.14169,0.23506,0.73047,0.16257,0.72103,0.009440000000000004,0.16098,0.0015899999999999803,0.009716281760346883,0.01031176432933912,260
-9.5,x1 = -9.5,-10.0,x1 = -10.0,0.7956866305926538,0.2043133694073463,0.7949740655766948,0.2050259344233052,0.8334805097849192,0.16651949021508075,0.37653020827909855,0.6234697917209016,0.7397938472336774,0.2602061527663227,0.73187,0.16299,0.64968,0.95555,0.13879,0.23476,0.73047,0.16257,0.71239,0.018079999999999985,0.15847,0.0040999999999999925,0.00854602279740932,0.009040816874783933,290
-9.8,x1 = -9.8,-10.0,x1 = -10.0,0.7956866305926538,0.2043133694073463,0.7929042906491715,0.2070957093508287,0.8342159298213506,0.1657840701786495,0.3648455501827795,0.6351544498172206,0.7370113381018331,0.26298866189816716,0.73589,0.16421,0.64797,0.94663,0.1383,0.23173,0.73047,0.16257,0.70982,0.020649999999999946,0.15765,0.00491999999999998,0.009371176128116616,0.009936406060995988,320
