z_x1,z_note,x_x1,x_note,"p(y=0|x,D)","p(y=1|x,D)","p(u=0|z,D)","p(u=1|z,D)","p(y=0|x,u=0,z,D)","p(y=1|x,u=0,z,D)","p(y=0|x,u=1,z,D)","p(y=1|x,u=1,z,D)","p(y=0|x,z,D)","p(y=1|x,z,D)","H[p(u|z,D)]","Var[p(u|z,D)]","H[p(y|x,u=0,z,D)]","H[p(y|x,u=1,z,D)]","Var[p(y|x,u=0,z,D)]","Var[p(y|x,u=1,z,D)]","H[p(y|x,D)]","Var[p(y|x,D)]",Va,Ve,Va_variance,Ve_variance,kl_pyx_pyxz,kl_pyxz_pyx,api_calls
-0.7,x1 = -0.7,0.0,x1 = 0.0,0.76960699243318,0.23039300756682007,0.7173300295288649,0.2826699704711352,0.8230384709209438,0.17696152907905632,0.7335359461924988,0.26646405380750127,0.7977387948988623,0.20226120510113793,0.85906,0.20277,0.67338,0.83634,0.14565,0.19546,0.7787,0.17731,0.71944,0.05925999999999998,0.15973,0.017579999999999985,0.0023734624766690235,0.002300013571801693,520
0.2,x1 = 0.2,0.0,x1 = 0.0,0.76960699243318,0.23039300756682007,0.7517243977296219,0.24827560227037804,0.8420795032851217,0.15792049671487846,0.638471245084083,0.361528754915917,0.7915285403530361,0.20847145964696392,0.80853,0.18663,0.62931,0.94394,0.13298,0.23083,0.7787,0.17731,0.70742,0.0712799999999999,0.15727,0.020040000000000002,0.0014205687583195362,0.0013869322950426921,550
-0.2,x1 = -0.2,0.0,x1 = 0.0,0.76960699243318,0.23039300756682007,0.7493395790689116,0.25066042093108837,0.8354457284530735,0.1645542715469265,0.6749099233335984,0.32509007666640144,0.7952057559673147,0.20479424403268526,0.81232,0.18783,0.64509,0.90983,0.13748,0.21941,0.7787,0.17731,0.71145,0.06724999999999992,0.15802,0.01929,0.0019536308035385253,0.0018990266362432263,580
0.6,x1 = 0.6,0.0,x1 = 0.0,0.76960699243318,0.23039300756682007,0.7044127799813749,0.29558722001862503,0.8322694554800091,0.16773054451999092,0.7136975884523545,0.28630241154764546,0.7972211269328865,0.20277887306711337,0.87583,0.20822,0.65249,0.8639,0.1396,0.20433,0.7787,0.17731,0.71498,0.06372,0.15873,0.018579999999999985,0.0022841220120304456,0.0022148443968692325,610
-0.4,x1 = -0.4,0.0,x1 = 0.0,0.76960699243318,0.23039300756682007,0.7357848165982406,0.26421518340175953,0.8307975424330586,0.16920245756694136,0.7016306826725923,0.2983693173274078,0.7966696968920177,0.20333030310798236,0.83304,0.19441,0.65588,0.87929,0.14057,0.20935,0.7787,0.17731,0.71491,0.0637899999999999,0.15874,0.018570000000000003,0.0021909631581453586,0.00212594382929571,640
