z_x1,z_note,x_x1,x_note,"p(y=0|x,D)","p(y=1|x,D)","p(u=0|z,D)","p(u=1|z,D)","p(y=0|x,u=0,z,D)","p(y=1|x,u=0,z,D)","p(y=0|x,u=1,z,D)","p(y=1|x,u=1,z,D)","p(y=0|x,z,D)","p(y=1|x,z,D)","H[p(u|z,D)]","Var[p(u|z,D)]","H[p(y|x,u=0,z,D)]","H[p(y|x,u=1,z,D)]","Var[p(y|x,u=0,z,D)]","Var[p(y|x,u=1,z,D)]","H[p(y|x,D)]","Var[p(y|x,D)]",Va,Ve,Va_variance,Ve_variance,kl_pyx_pyxz,kl_pyxz_pyx,api_calls
14.9,x1 = 14.9,15.0,x1 = 15.0,0.20864887510110403,0.7913511248988959,0.18675835526533408,0.813241644734666,0.5061002104621541,0.4938997895378459,0.1903554798689367,0.8096445201310631,0.24932344643822202,0.7506765535617779,0.69464,0.15188,0.99989,0.70221,0.24996,0.15412,0.73889,0.16511,0.7578,-0.018909999999999982,0.17202,-0.0069099999999999995,0.004597150893264582,0.004793188795348589,1000
14.7,x1 = 14.7,15.0,x1 = 15.0,0.20864887510110403,0.7913511248988959,0.19602889661723624,0.8039711033827638,0.4875162506504974,0.5124837493495026,0.1900576905366202,0.80994230946338,0.24836816386509541,0.7516318361349048,0.71391,0.1576,0.99955,0.70159,0.24984,0.15394,0.73889,0.16511,0.76,-0.021109999999999962,0.17274,-0.007629999999999998,0.004391721053490484,0.004575087366461603,1030
14.6,x1 = 14.6,15.0,x1 = 15.0,0.20864887510110403,0.7913511248988959,0.18451986908649293,0.8154801309135072,0.48146448936068625,0.5185355106393137,0.18706162560803713,0.8129383743919629,0.2413848034863646,0.7586151965136356,0.68987,0.15047,0.99901,0.69528,0.24966,0.15207,0.73889,0.16511,0.75132,-0.012429999999999941,0.17008,-0.004970000000000002,0.003023905411635733,0.0031300120115064153,1060
14.5,x1 = 14.5,15.0,x1 = 15.0,0.20864887510110403,0.7913511248988959,0.1912212324694191,0.8087787675305809,0.4937823499114201,0.5062176500885799,0.1845200033775195,0.8154799966224806,0.24365753043811655,0.7563424695618836,0.70402,0.15466,0.99989,0.68987,0.24996,0.15047,0.73889,0.16511,0.74915,-0.010259999999999936,0.16949,-0.004379999999999995,0.0034429485270316487,0.003571328014316158,1090
15.6,x1 = 15.6,15.0,x1 = 15.0,0.20864887510110403,0.7913511248988959,0.18155966943265586,0.8184403305673442,0.5030247853206558,0.4969752146793443,0.21371841471842784,0.7862815852815721,0.26624478372972976,0.7337552162702703,0.68348,0.1486,0.99997,0.74853,0.24999,0.16804,0.73889,0.16511,0.79418,-0.05528999999999995,0.18292,-0.017809999999999993,0.008938527563491755,0.009453550819900798,1120
