z_x1,z_note,x_x1,x_note,"p(y=0|x,D)","p(y=1|x,D)","p(u=0|z,D)","p(u=1|z,D)","p(y=0|x,u=0,z,D)","p(y=1|x,u=0,z,D)","p(y=0|x,u=1,z,D)","p(y=1|x,u=1,z,D)","p(y=0|x,z,D)","p(y=1|x,z,D)","H[p(u|z,D)]","Var[p(u|z,D)]","H[p(y|x,u=0,z,D)]","H[p(y|x,u=1,z,D)]","Var[p(y|x,u=0,z,D)]","Var[p(y|x,u=1,z,D)]","H[p(y|x,D)]","Var[p(y|x,D)]",Va,Ve,Va_variance,Ve_variance,kl_pyx_pyxz,kl_pyxz_pyx,api_calls
-9.7,x1 = -9.7,-10.0,x1 = -10.0,0.6792985226969495,0.32070147730305054,0.667174740498998,0.33282525950100184,0.7923134776431044,0.2076865223568957,0.348274821237363,0.6517251787626371,0.6445261965963873,0.3554738034036128,0.91779,0.22205,0.73704,0.93252,0.16455,0.22698,0.90514,0.21785,0.8021,0.10303999999999991,0.18533,0.03251999999999999,0.002680605198685529,0.002726006693809166,200
-10.0,x1 = -10.0,-10.0,x1 = -10.0,0.6792985226969495,0.32070147730305054,0.6808068182820797,0.3191931817179203,0.7787301844551948,0.2212698155448051,0.32642487904131784,0.6735751209586821,0.6343574149122437,0.3656425850877562,0.9035,0.21731,0.76248,0.91123,0.17231,0.21987,0.90514,0.21785,0.80996,0.09517999999999993,0.18749,0.030359999999999998,0.004438132805922715,0.004531830956476204,230
-9.9,x1 = -9.9,-10.0,x1 = -10.0,0.6792985226969495,0.32070147730305054,0.6823471374474346,0.3176528625525654,0.7988702196668138,0.20112978033318618,0.34593704880164494,0.6540629511983551,0.6549947013964826,0.3450052986035173,0.90181,0.21675,0.72418,0.93039,0.16068,0.22626,0.90514,0.21785,0.78968,0.1154599999999999,0.18151,0.03633999999999998,0.0013223046204113784,0.0013385408603788472,260
-9.6,x1 = -9.6,-10.0,x1 = -10.0,0.6792985226969495,0.32070147730305054,0.6620749127238412,0.33792508727615883,0.7871701742517635,0.21282982574823633,0.3521027573824361,0.647897242617564,0.6401499794351831,0.35985002056481685,0.92282,0.22373,0.74686,0.93593,0.16753,0.22813,0.90514,0.21785,0.81075,0.09438999999999997,0.18801,0.029839999999999978,0.0033846177626731394,0.0034481658600264836,290
-9.8,x1 = -9.8,-10.0,x1 = -10.0,0.6792985226969495,0.32070147730305054,0.6687154533761515,0.33128454662384843,0.782170993936657,0.21782900606334304,0.34574747027452724,0.6542525297254728,0.6375906247642659,0.3624093752357341,0.91623,0.22154,0.75618,0.93021,0.17038,0.22621,0.90514,0.21785,0.81383,0.09130999999999989,0.18888,0.028969999999999996,0.003833087877262484,0.003909065322010213,320
