z_x1,z_note,x_x1,x_note,"p(y=0|x,D)","p(y=1|x,D)","p(u=0|z,D)","p(u=1|z,D)","p(y=0|x,u=0,z,D)","p(y=1|x,u=0,z,D)","p(y=0|x,u=1,z,D)","p(y=1|x,u=1,z,D)","p(y=0|x,z,D)","p(y=1|x,z,D)","H[p(u|z,D)]","Var[p(u|z,D)]","H[p(y|x,u=0,z,D)]","H[p(y|x,u=1,z,D)]","Var[p(y|x,u=0,z,D)]","Var[p(y|x,u=1,z,D)]","H[p(y|x,D)]","Var[p(y|x,D)]",Va,Ve,Va_variance,Ve_variance,kl_pyx_pyxz,kl_pyxz_pyx,api_calls
-5.0,x1 = -5.0,-5.0,x1 = -5.0,0.7879878010297598,0.2120121989702401,0.7879878010297598,0.2120121989702401,0.7936572297626703,0.20634277023732972,0.5494322033767388,0.4505677966232612,0.741878544875024,0.258121455124976,0.74531,0.16706,0.73443,0.99294,0.16377,0.24756,0.74531,0.16706,0.78924,-0.043930000000000025,0.18153,-0.01447000000000001,0.00579223121389192,0.006061696833028006,360
-4.9,x1 = -4.9,-5.0,x1 = -5.0,0.7879878010297598,0.2120121989702401,0.7874848861779895,0.21251511382201044,0.7957143667200769,0.20428563327992308,0.6055468236431563,0.39445317635684385,0.755300889657833,0.24469911034216696,0.74626,0.16735,0.73042,0.96761,0.16255,0.23886,0.74531,0.16706,0.78083,-0.035519999999999996,0.17877,-0.011710000000000026,0.0029847346734105246,0.003086922167301838,390
-4.6,x1 = -4.6,-5.0,x1 = -5.0,0.7879878010297598,0.2120121989702401,0.7841856853465677,0.21581431465343232,0.7971216494959018,0.20287835050409816,0.6362050658071717,0.3637949341928284,0.7623935472707468,0.23760645272925315,0.75245,0.16924,0.72765,0.94579,0.16172,0.23145,0.74531,0.16706,0.77473,-0.02942,0.17677,-0.009710000000000024,0.0018556972756658303,0.001906444313725903,420
-5.1,x1 = -5.1,-5.0,x1 = -5.0,0.7879878010297598,0.2120121989702401,0.7985647987856386,0.20143520121436137,0.7959520296959044,0.20404797030409566,0.5641116956810991,0.4358883043189009,0.7492512253640273,0.25074877463597267,0.72479,0.16086,0.72995,0.98811,0.16241,0.24589,0.74531,0.16706,0.78195,-0.036640000000000006,0.17923,-0.012170000000000014,0.004143814875510417,0.004309125404894205,450
-5.2,x1 = -5.2,-5.0,x1 = -5.0,0.7879878010297598,0.2120121989702401,0.7944110466412507,0.20558895335874938,0.7962125918049496,0.20378740819505042,0.5521323896661846,0.44786761033381534,0.746032398511649,0.2539676014883511,0.73297,0.16332,0.72944,0.99214,0.16226,0.24728,0.74531,0.16706,0.78345,-0.03813999999999995,0.17974,-0.012680000000000025,0.004832098082675346,0.00503902093045866,480
