z_x1,z_note,x_x1,x_note,"p(y=0|x,D)","p(y=1|x,D)","p(u=0|z,D)","p(u=1|z,D)","p(y=0|x,u=0,z,D)","p(y=1|x,u=0,z,D)","p(y=0|x,u=1,z,D)","p(y=1|x,u=1,z,D)","p(y=0|x,z,D)","p(y=1|x,z,D)","H[p(u|z,D)]","Var[p(u|z,D)]","H[p(y|x,u=0,z,D)]","H[p(y|x,u=1,z,D)]","Var[p(y|x,u=0,z,D)]","Var[p(y|x,u=1,z,D)]","H[p(y|x,D)]","Var[p(y|x,D)]",Va,Ve,Va_variance,Ve_variance,kl_pyx_pyxz,kl_pyxz_pyx,api_calls
14.9,x1 = 14.9,15.0,x1 = 15.0,0.195141994656692,0.804858005343308,0.17031385023053444,0.8296861497694655,0.5301638030377247,0.4698361969622753,0.1474773954856246,0.8525226045143753,0.21265419098671423,0.7873458090132857,0.65842,0.14131,0.99737,0.60349,0.24909,0.12573,0.71211,0.15706,0.67057,0.04154000000000002,0.14674,0.010319999999999996,0.0009350465442415738,0.0009551879874328435,1000
14.7,x1 = 14.7,15.0,x1 = 15.0,0.195141994656692,0.804858005343308,0.18742390379670246,0.8125760962032974,0.5147492303851644,0.48525076961483576,0.15330158123040233,0.8466984187695978,0.22104551065312872,0.7789544893468713,0.69605,0.1523,0.99937,0.61804,0.24978,0.1298,0.71211,0.15706,0.68951,0.022600000000000064,0.15229,0.0047699999999999965,0.00200679951090452,0.0020692324031396717,1030
14.6,x1 = 14.6,15.0,x1 = 15.0,0.195141994656692,0.804858005343308,0.1675328141260776,0.8324671858739224,0.5213054337108083,0.4786945662891918,0.14619930629305317,0.8538006937069467,0.20904189141528473,0.7909581085847153,0.65203,0.13947,0.99869,0.60025,0.24955,0.12483,0.71211,0.15706,0.667,0.04510999999999998,0.14572,0.011340000000000017,0.0005941485432770007,0.0006044126254226654,1060
14.5,x1 = 14.5,15.0,x1 = 15.0,0.195141994656692,0.804858005343308,0.18034946808760685,0.8196505319123931,0.5303054678996997,0.46969453210030043,0.15165465532347078,0.8483453446765292,0.21994412796253376,0.7800558720374662,0.68084,0.14782,0.99735,0.61397,0.24908,0.12866,0.71211,0.15706,0.68311,0.029000000000000026,0.15038,0.0066799999999999915,0.0018443410660505949,0.0018994517193740672,1090
15.6,x1 = 15.6,15.0,x1 = 15.0,0.195141994656692,0.804858005343308,0.17090541467211515,0.8290945853278849,0.5213289126457997,0.4786710873542003,0.1791700850810913,0.8208299149189088,0.2376468813897626,0.7623531186102376,0.65977,0.1417,0.99869,0.67826,0.24955,0.14707,0.71211,0.15706,0.73302,-0.020909999999999984,0.16458,-0.007519999999999999,0.0052140149166713945,0.005468076097619387,1120
