z_x1,z_note,x_x1,x_note,"p(y=0|x,D)","p(y=1|x,D)","p(u=0|z,D)","p(u=1|z,D)","p(y=0|x,u=0,z,D)","p(y=1|x,u=0,z,D)","p(y=0|x,u=1,z,D)","p(y=1|x,u=1,z,D)","p(y=0|x,z,D)","p(y=1|x,z,D)","H[p(u|z,D)]","Var[p(u|z,D)]","H[p(y|x,u=0,z,D)]","H[p(y|x,u=1,z,D)]","Var[p(y|x,u=0,z,D)]","Var[p(y|x,u=1,z,D)]","H[p(y|x,D)]","Var[p(y|x,D)]",Va,Ve,Va_variance,Ve_variance,kl_pyx_pyxz,kl_pyxz_pyx,api_calls
14.6,x1 = 14.6,15.0,x1 = 15.0,0.21732016364794876,0.7826798363520512,0.20374706960595232,0.7962529303940475,0.5603640555501024,0.4396359444498977,0.1849213876314531,0.815078612368547,0.2614167310249185,0.7385832689750813,0.72936,0.16223,0.98946,0.69073,0.24636,0.15073,0.75524,0.17009,0.7516,0.0036399999999999766,0.17021,-0.00012000000000000899,0.005238876647965948,0.005464859488845994,1000
14.5,x1 = 14.5,15.0,x1 = 15.0,0.21732016364794876,0.7826798363520512,0.20404167703110293,0.795958322968897,0.5696307143736108,0.4303692856263891,0.18924368295688548,0.8107563170431143,0.2668584907680369,0.7331415092319629,0.72994,0.16241,0.98596,0.69989,0.24515,0.15343,0.75524,0.17009,0.75826,-0.0030200000000000227,0.17214,-0.0020499999999999963,0.006549495788368352,0.00686210600697626,1030
15.5,x1 = 15.5,15.0,x1 = 15.0,0.21732016364794876,0.7826798363520512,0.2083660933139276,0.7916339066860726,0.5823506006488456,0.41764939935115447,0.23662090871072783,0.7633790912892722,0.30865925396250116,0.691340746037499,0.73835,0.16495,0.98034,0.78938,0.24322,0.18063,0.75524,0.17009,0.82917,-0.07392999999999994,0.19367,-0.023580000000000018,0.020873130394294323,0.022509023822992677,1060
14.9,x1 = 14.9,15.0,x1 = 15.0,0.21732016364794876,0.7826798363520512,0.2061303731090276,0.7938696268909723,0.5670314324168088,0.43296856758319124,0.1887999840914231,0.811200015908577,0.2667649736563027,0.7332350263436973,0.73402,0.16364,0.987,0.69895,0.24551,0.15315,0.75524,0.17009,0.75833,-0.003089999999999926,0.17219,-0.0021000000000000185,0.006525836489932803,0.0068368103004442585,1090
14.7,x1 = 14.7,15.0,x1 = 15.0,0.21732016364794876,0.7826798363520512,0.21031273189655883,0.7896872681034413,0.5670314336545142,0.43296856634548575,0.1879302605072415,0.8120697394927585,0.2676600638970348,0.7323399361029653,0.74208,0.16608,0.987,0.69712,0.24551,0.15261,0.75524,0.17009,0.75809,-0.002850000000000019,0.17215,-0.0020600000000000063,0.006753904784482394,0.007080758374829257,1120
