z_x1,z_note,x_x1,x_note,"p(y=0|x,D)","p(y=1|x,D)","p(u=0|z,D)","p(u=1|z,D)","p(y=0|x,u=0,z,D)","p(y=1|x,u=0,z,D)","p(y=0|x,u=1,z,D)","p(y=1|x,u=1,z,D)","p(y=0|x,z,D)","p(y=1|x,z,D)","H[p(u|z,D)]","Var[p(u|z,D)]","H[p(y|x,u=0,z,D)]","H[p(y|x,u=1,z,D)]","Var[p(y|x,u=0,z,D)]","Var[p(y|x,u=1,z,D)]","H[p(y|x,D)]","Var[p(y|x,D)]",Va,Ve,Va_variance,Ve_variance,kl_pyx_pyxz,kl_pyxz_pyx,api_calls
-5.0,x1 = -5.0,-5.0,x1 = -5.0,0.6728062815730749,0.327193718426925,0.6697572716662477,0.3302427283337521,0.7257492129968967,0.27425078700310335,0.38656898385237803,0.613431016147622,0.6137374087273434,0.38626259127265633,0.91517,0.22118,0.8475,0.96255,0.19904,0.23713,0.91203,0.22014,0.88549,0.026540000000000008,0.21162,0.00852,0.007521646626393798,0.007709575381910486,360
-4.9,x1 = -4.9,-5.0,x1 = -5.0,0.6728062815730749,0.327193718426925,0.6793446287123397,0.3206553712876604,0.7755743804984789,0.22442561950152107,0.42402650605807474,0.5759734939419252,0.6628486662944033,0.3371513337055967,0.90509,0.21784,0.76817,0.98328,0.17406,0.24423,0.91203,0.22014,0.83715,0.07488000000000006,0.19656,0.02357999999999999,0.0002229384770765768,0.0002240610766689969,390
-4.6,x1 = -4.6,-5.0,x1 = -5.0,0.6728062815730749,0.327193718426925,0.6924402096072158,0.30755979039278436,0.7554348245170269,0.24456517548297296,0.4334348289125069,0.5665651710874932,0.6564005733624234,0.3435994266375767,0.89034,0.21297,0.80255,0.98718,0.18475,0.24557,0.91203,0.22014,0.85933,0.05269999999999997,0.20346,0.01668,0.0006013756961593744,0.0006062538532177857,420
-5.1,x1 = -5.1,-5.0,x1 = -5.0,0.6728062815730749,0.327193718426925,0.6825469436850318,0.31745305631496823,0.7398348956114893,0.26016510438851065,0.42443479720597177,0.5755652027940282,0.6397101704106161,0.36028982958938394,0.90159,0.21668,0.827,0.98346,0.19248,0.24429,0.91203,0.22014,0.87667,0.03536000000000006,0.20893,0.011209999999999998,0.002410645922245061,0.0024478172982398544,450
-5.2,x1 = -5.2,-5.0,x1 = -5.0,0.6728062815730749,0.327193718426925,0.6897939990675255,0.3102060009324745,0.7400899256830143,0.2599100743169857,0.41241966721949314,0.5875803327805069,0.6384446451805351,0.36155535481946494,0.89341,0.21398,0.82661,0.97775,0.19236,0.24233,0.91203,0.22014,0.87349,0.03854000000000002,0.20786,0.012280000000000013,0.0025957020107828174,0.0026370672478674834,480
