z_x1,z_note,x_x1,x_note,"p(y=0|x,D)","p(y=1|x,D)","p(u=0|z,D)","p(u=1|z,D)","p(y=0|x,u=0,z,D)","p(y=1|x,u=0,z,D)","p(y=0|x,u=1,z,D)","p(y=1|x,u=1,z,D)","p(y=0|x,z,D)","p(y=1|x,z,D)","H[p(u|z,D)]","Var[p(u|z,D)]","H[p(y|x,u=0,z,D)]","H[p(y|x,u=1,z,D)]","Var[p(y|x,u=0,z,D)]","Var[p(y|x,u=1,z,D)]","H[p(y|x,D)]","Var[p(y|x,D)]",Va,Ve,Va_variance,Ve_variance,kl_pyx_pyxz,kl_pyxz_pyx,api_calls
14.6,x1 = 14.6,15.0,x1 = 15.0,0.22674696636338632,0.7732530336366137,0.22076844371900767,0.7792315562809924,0.5678723097280298,0.4321276902719702,0.26133192114537096,0.7386680788546289,0.3290063656697844,0.6709936343302155,0.76157,0.17203,0.98667,0.82875,0.24539,0.19304,0.7723,0.17533,0.86361,-0.09131,0.2046,-0.02926999999999999,0.02527854680107161,0.02729189306376255,1000
14.5,x1 = 14.5,15.0,x1 = 15.0,0.22674696636338632,0.7732530336366137,0.21679534486021726,0.7832046551397827,0.5742073980423041,0.4257926019576959,0.26588717591783007,0.7341128240821699,0.33272956480068416,0.6672704351993157,0.75427,0.1698,0.98405,0.8355,0.24449,0.19519,0.7723,0.17533,0.8677,-0.09540000000000004,0.20588,-0.030549999999999994,0.02702953864313537,0.02923728559260587,1030
15.5,x1 = 15.5,15.0,x1 = 15.0,0.22674696636338632,0.7732530336366137,0.21650647712397825,0.7834935228760218,0.5832426726931832,0.41675732730681664,0.34113917894730944,0.6588608210526906,0.3935561534776357,0.6064438465223644,0.75374,0.16963,0.97991,0.9259,0.24307,0.22476,0.7723,0.17533,0.93759,-0.16529000000000005,0.22872,-0.05338999999999999,0.06287020542428085,0.06964021825727199,1060
14.9,x1 = 14.9,15.0,x1 = 15.0,0.22674696636338632,0.7732530336366137,0.21674098487868965,0.7832590151213104,0.5711106852910999,0.4288893147089001,0.2663737407622001,0.7336262592377997,0.3324227262483164,0.6675772737516833,0.75417,0.16976,0.98536,0.83621,0.24494,0.19542,0.7723,0.17533,0.86854,-0.09623999999999999,0.20615,-0.030819999999999986,0.02688324599315832,0.029074595148786603,1090
14.7,x1 = 14.7,15.0,x1 = 15.0,0.22674696636338632,0.7732530336366137,0.22550188881591673,0.7744981111840834,0.5802136457355067,0.41978635426449323,0.27249182889157053,0.7275081711084295,0.34188367981974377,0.6581163201802565,0.77009,0.17465,0.98135,0.84502,0.24357,0.19824,0.7723,0.17533,0.87576,-0.10346,0.20846,-0.03312999999999999,0.03155700888615741,0.034285128750856236,1120
