z_x1,z_note,x_x1,x_note,"p(y=0|x,D)","p(y=1|x,D)","p(u=0|z,D)","p(u=1|z,D)","p(y=0|x,u=0,z,D)","p(y=1|x,u=0,z,D)","p(y=0|x,u=1,z,D)","p(y=1|x,u=1,z,D)","p(y=0|x,z,D)","p(y=1|x,z,D)","H[p(u|z,D)]","Var[p(u|z,D)]","H[p(y|x,u=0,z,D)]","H[p(y|x,u=1,z,D)]","Var[p(y|x,u=0,z,D)]","Var[p(y|x,u=1,z,D)]","H[p(y|x,D)]","Var[p(y|x,D)]",Va,Ve,Va_variance,Ve_variance,kl_pyx_pyxz,kl_pyxz_pyx,api_calls
-9.7,x1 = -9.7,-10.0,x1 = -10.0,0.8309773355555852,0.16902266444441466,0.8356591102535059,0.1643408897464941,0.8567220555551657,0.1432779444448342,0.542913431814789,0.45708656818521093,0.8051504671195494,0.19484953288045048,0.64459,0.13733,0.59276,0.99468,0.12275,0.24816,0.65546,0.14045,0.65881,-0.003349999999999964,0.14336,-0.002909999999999996,0.00220258698947497,0.0022853005344103845,200
-10.0,x1 = -10.0,-10.0,x1 = -10.0,0.8309773355555852,0.16902266444441466,0.8293607333865707,0.1706392666134293,0.8118001334910613,0.1881998665089388,0.46588621790847934,0.5341137820915206,0.7527736366246698,0.24722636337533027,0.65917,0.14152,0.69769,0.99664,0.15278,0.24884,0.65546,0.14045,0.7487,-0.09323999999999999,0.16917,-0.028719999999999996,0.017857588228510288,0.019610547359759145,230
-9.9,x1 = -9.9,-10.0,x1 = -10.0,0.8309773355555852,0.16902266444441466,0.8392134781140038,0.1607865218859963,0.8568949461380052,0.14310505386199462,0.5216784819143612,0.47832151808563894,0.8029966567765641,0.19700334322343593,0.63619,0.13493,0.59231,0.99864,0.12263,0.24953,0.65546,0.14045,0.65764,-0.0021799999999999597,0.14303,-0.002579999999999999,0.0025703866376928126,0.0026743077204199744,260
-9.6,x1 = -9.6,-10.0,x1 = -10.0,0.8309773355555852,0.16902266444441466,0.8344161018722627,0.16558389812773738,0.8576766368685714,0.14232336313142846,0.5425991031638964,0.4574008968361036,0.8055048706252778,0.19449512937472213,0.6475,0.13817,0.59029,0.99476,0.12207,0.24819,0.65546,0.14045,0.65726,-0.0017999999999999128,0.14295,-0.0025000000000000022,0.002144603774376218,0.002224116975559423,290
-9.8,x1 = -9.8,-10.0,x1 = -10.0,0.8309773355555852,0.16902266444441466,0.837956262068509,0.1620437379314909,0.8509126090831197,0.14908739091688025,0.5308511805415479,0.46914881945845216,0.7990486588345507,0.20095134116544933,0.63918,0.13579,0.60755,0.99725,0.12686,0.24905,0.65546,0.14045,0.6707,-0.01523999999999992,0.14666,-0.006210000000000021,0.003312266512083304,0.0034633389562243183,320
