z_x1,z_note,x_x1,x_note,"p(y=0|x,D)","p(y=1|x,D)","p(u=0|z,D)","p(u=1|z,D)","p(y=0|x,u=0,z,D)","p(y=1|x,u=0,z,D)","p(y=0|x,u=1,z,D)","p(y=1|x,u=1,z,D)","p(y=0|x,z,D)","p(y=1|x,z,D)","H[p(u|z,D)]","Var[p(u|z,D)]","H[p(y|x,u=0,z,D)]","H[p(y|x,u=1,z,D)]","Var[p(y|x,u=0,z,D)]","Var[p(y|x,u=1,z,D)]","H[p(y|x,D)]","Var[p(y|x,D)]",Va,Ve,Va_variance,Ve_variance,kl_pyx_pyxz,kl_pyxz_pyx,api_calls
-0.7,x1 = -0.7,0.0,x1 = 0.0,0.6157058947003365,0.38429410529966346,0.6531304809110831,0.346869519088917,0.6097495396664321,0.3902504603335679,0.6129057202003481,0.387094279799652,0.6108443224903893,0.3891556775096107,0.93124,0.22655,0.96496,0.9629,0.23796,0.23725,0.96102,0.23661,0.96425,-0.003230000000000066,0.23771,-0.0011000000000000176,4.9789083683208536e-05,4.9866217161465866e-05,520
0.2,x1 = 0.2,0.0,x1 = 0.0,0.6157058947003365,0.38429410529966346,0.6471963346798326,0.35280366532016727,0.6245841775423282,0.37541582245767174,0.5832626570430651,0.41673734295693476,0.6100057936535856,0.38999420634641413,0.93655,0.22833,0.95474,0.9799,0.23448,0.24307,0.96102,0.23661,0.96362,-0.0026000000000000467,0.23751,-0.0009000000000000119,6.840965579834029e-05,6.853342373179701e-05,550
-0.2,x1 = -0.2,0.0,x1 = 0.0,0.6157058947003365,0.38429410529966346,0.6416794406684898,0.3583205593315103,0.6244567558757469,0.3755432441242531,0.6010506249008017,0.39894937509919826,0.6160698579330179,0.38393014206698206,0.94128,0.22993,0.95483,0.97033,0.23451,0.23979,0.96102,0.23661,0.96038,0.0006399999999999739,0.2364,0.00020999999999998797,2.799955934401567e-07,2.799623144092043e-07,580
0.6,x1 = 0.6,0.0,x1 = 0.0,0.6157058947003365,0.38429410529966346,0.615387256359328,0.384612743640672,0.6184384569961678,0.3815615430038321,0.601098329822696,0.39890167017730394,0.6117692231089007,0.3882307768910993,0.96123,0.23669,0.95914,0.9703,0.23597,0.23978,0.96102,0.23661,0.96343,-0.0024100000000000232,0.23744,-0.0008300000000000252,3.266574488512697e-05,3.270690241372054e-05,610
-0.4,x1 = -0.4,0.0,x1 = 0.0,0.6157058947003365,0.38429410529966346,0.664090398971004,0.335909601028996,0.6214497596834212,0.3785502403165789,0.6127088311994606,0.38729116880053926,0.618513597883751,0.38148640211624896,0.92085,0.22307,0.95701,0.96303,0.23525,0.2373,0.96102,0.23661,0.95903,0.0019899999999999363,0.23594,0.0006699999999999762,1.66893172425177e-05,1.6673841311403825e-05,640
