z_x1,z_note,x_x1,x_note,"p(y=0|x,D)","p(y=1|x,D)","p(u=0|z,D)","p(u=1|z,D)","p(y=0|x,u=0,z,D)","p(y=1|x,u=0,z,D)","p(y=0|x,u=1,z,D)","p(y=1|x,u=1,z,D)","p(y=0|x,z,D)","p(y=1|x,z,D)","H[p(u|z,D)]","Var[p(u|z,D)]","H[p(y|x,u=0,z,D)]","H[p(y|x,u=1,z,D)]","Var[p(y|x,u=0,z,D)]","Var[p(y|x,u=1,z,D)]","H[p(y|x,D)]","Var[p(y|x,D)]",Va,Ve,Va_variance,Ve_variance,kl_pyx_pyxz,kl_pyxz_pyx,api_calls
-0.8,x1 = -0.8,0.0,x1 = 0.0,0.7797302574531958,0.22026974254680426,0.7275437333832494,0.2724562666167506,0.7383774213609373,0.26162257863906274,0.724545926094347,0.275454073905653,0.7346089437988749,0.2653910562011252,0.84497,0.19822,0.82919,0.84918,0.19318,0.19958,0.76066,0.17175,0.83464,-0.07398000000000005,0.19492,-0.023169999999999996,0.005431906080496374,0.005666188715437413,520
0.2,x1 = 0.2,0.0,x1 = 0.0,0.7797302574531958,0.22026974254680426,0.7253105449265155,0.2746894550734846,0.7490084263231079,0.25099157367689207,0.6897002872773806,0.31029971272261936,0.7327171059272147,0.2672828940727854,0.84811,0.19924,0.81285,0.89352,0.18799,0.21401,0.76066,0.17175,0.83501,-0.07435000000000003,0.19514,-0.023389999999999994,0.005877914053720304,0.006140672654517773,550
0.3,x1 = 0.3,0.0,x1 = 0.0,0.7797302574531958,0.22026974254680426,0.6892092274879947,0.3107907725120054,0.7554266328982531,0.24457336710174707,0.7021022390399916,0.2978977609600085,0.7388539033373096,0.2611460966626906,0.89408,0.2142,0.80256,0.87871,0.18476,0.20915,0.76066,0.17175,0.82623,-0.06557000000000002,0.19234,-0.020589999999999997,0.004490900418175105,0.004668466178801824,580
-0.2,x1 = -0.2,0.0,x1 = 0.0,0.7797302574531958,0.22026974254680426,0.7592803761338917,0.24071962386610846,0.7567953963389362,0.24320460366106378,0.7127132761964681,0.28728672380353193,0.7461839649590207,0.2538160350409793,0.79623,0.18277,0.80033,0.86519,0.18406,0.20475,0.76066,0.17175,0.81594,-0.055279999999999996,0.18904,-0.01729,0.0030645705036340884,0.0031660729694858586,610
0.7,x1 = 0.7,0.0,x1 = 0.0,0.7797302574531958,0.22026974254680426,0.5765609493560898,0.42343905064391024,0.7437071225115964,0.2562928774884035,0.7287233091950107,0.27127669080498923,0.7373623908257958,0.26263760917420415,0.98302,0.24414,0.8211,0.84329,0.19061,0.19769,0.76066,0.17175,0.8305,-0.06984000000000001,0.19361,-0.02185999999999999,0.004812048364909519,0.00500843444972094,640
