z_x1,z_note,x_x1,x_note,"p(y=0|x,D)","p(y=1|x,D)","p(u=0|z,D)","p(u=1|z,D)","p(y=0|x,u=0,z,D)","p(y=1|x,u=0,z,D)","p(y=0|x,u=1,z,D)","p(y=1|x,u=1,z,D)","p(y=0|x,z,D)","p(y=1|x,z,D)","H[p(u|z,D)]","Var[p(u|z,D)]","H[p(y|x,u=0,z,D)]","H[p(y|x,u=1,z,D)]","Var[p(y|x,u=0,z,D)]","Var[p(y|x,u=1,z,D)]","H[p(y|x,D)]","Var[p(y|x,D)]",Va,Ve,Va_variance,Ve_variance,kl_pyx_pyxz,kl_pyxz_pyx,api_calls
10.0,x1 = 10.0,10.0,x1 = 10.0,0.09440690145588337,0.9055930985441167,0.09289860622505637,0.9071013937749438,0.4603260347997473,0.5396739652002527,0.11609398616438098,0.8839060138356191,0.14807266370060235,0.8519273362993978,0.44607,0.08427,0.99545,0.51803,0.24843,0.10262,0.45101,0.08549,0.56238,-0.11136999999999997,0.11617,-0.03068,0.012830137723623188,0.014602608260634753,840
10.1,x1 = 10.1,10.0,x1 = 10.0,0.09440690145588337,0.9055930985441167,0.08499221401492217,0.9150077859850777,0.48754047523666894,0.512459524763331,0.07467124181424331,0.9253287581857566,0.10976191206145897,0.8902380879385408,0.41953,0.07777,0.99955,0.38312,0.24984,0.0691,0.45101,0.08549,0.43551,0.015500000000000014,0.08446,0.0010300000000000031,0.0012596150633165624,0.0013169641639106128,870
9.7,x1 = 9.7,10.0,x1 = 10.0,0.09440690145588337,0.9055930985441167,0.0653578138331403,0.9346421861668597,0.42683547423066315,0.5731645257693367,0.0645409924950156,0.9354590075049843,0.0882197677850681,0.9117802322149318,0.34836,0.06109,0.9845,0.34521,0.24465,0.06038,0.45101,0.08549,0.38699,0.06402000000000002,0.07242,0.013069999999999998,0.00023310023230489578,0.00022841055201870252,900
9.4,x1 = 9.4,10.0,x1 = 10.0,0.09440690145588337,0.9055930985441167,0.07135977798157472,0.9286402220184252,0.40429897130954506,0.5957010286904549,0.06704371723192994,0.9329562827680702,0.09111017728602813,0.908889822713972,0.37098,0.06627,0.97341,0.35479,0.24084,0.06255,0.45101,0.08549,0.39893,0.052080000000000015,0.07527,0.010219999999999993,6.492374742527156e-05,6.423682428694042e-05,930
9.9,x1 = 9.9,10.0,x1 = 10.0,0.09440690145588337,0.9055930985441167,0.07380890135869186,0.9261910986413081,0.44794620658750245,0.5520537934124975,0.06595451531912436,0.9340454846808756,0.09414890237979195,0.9058510976202079,0.37998,0.06836,0.99217,0.35064,0.24729,0.0616,0.45101,0.08549,0.39799,0.05302000000000001,0.07531,0.010179999999999995,3.8992322566063333e-07,3.8960469343529746e-07,960
