z_x1,z_note,x_x1,x_note,"p(y=0|x,D)","p(y=1|x,D)","p(u=0|z,D)","p(u=1|z,D)","p(y=0|x,u=0,z,D)","p(y=1|x,u=0,z,D)","p(y=0|x,u=1,z,D)","p(y=1|x,u=1,z,D)","p(y=0|x,z,D)","p(y=1|x,z,D)","H[p(u|z,D)]","Var[p(u|z,D)]","H[p(y|x,u=0,z,D)]","H[p(y|x,u=1,z,D)]","Var[p(y|x,u=0,z,D)]","Var[p(y|x,u=1,z,D)]","H[p(y|x,D)]","Var[p(y|x,D)]",Va,Ve,Va_variance,Ve_variance,kl_pyx_pyxz,kl_pyxz_pyx,api_calls
4.6,x1 = 4.6,5.0,x1 = 5.0,0.2524408401181857,0.7475591598818143,0.3190213958912228,0.6809786041087772,0.26688552798878024,0.7331144720112197,0.22837031910229832,0.7716296808977016,0.24065749480430582,0.7593425051956941,0.90331,0.21725,0.83696,0.77516,0.19566,0.17622,0.81512,0.18871,0.79488,0.020239999999999925,0.18242,0.00628999999999999,0.00037578110588535295,0.00037177404318352973,680
5.0,x1 = 5.0,5.0,x1 = 5.0,0.2524408401181857,0.7475591598818143,0.2524408401181857,0.7475591598818143,0.3192848597602964,0.6807151402397036,0.22792073454705536,0.7720792654529446,0.2509847710725491,0.7490152289274509,0.81512,0.18871,0.9036,0.77437,0.21734,0.17597,0.81512,0.18871,0.80699,0.00812999999999997,0.18641,0.0022999999999999965,5.631693779322919e-06,5.62449209368771e-06,710
4.9,x1 = 4.9,5.0,x1 = 5.0,0.2524408401181857,0.7475591598818143,0.24208206250948822,0.7579179374905117,0.2710601354930011,0.7289398645069988,0.22508751366712737,0.7749124863328727,0.2362166607777036,0.7637833392222964,0.79849,0.18348,0.84298,0.76935,0.19759,0.17442,0.81512,0.18871,0.78717,0.02794999999999992,0.18003,0.008679999999999993,0.0007183803145660202,0.00070769588556183,740
5.4,x1 = 5.4,5.0,x1 = 5.0,0.2524408401181857,0.7475591598818143,0.2458867376287363,0.7541132623712639,0.30123890703567435,0.6987610929643256,0.21852532781741307,0.7814746721825868,0.23886349996898742,0.7611365000310126,0.80469,0.18543,0.8828,0.75747,0.21049,0.17077,0.81512,0.18871,0.78829,0.02682999999999991,0.18054,0.008169999999999983,0.0005005918392610061,0.0004944090200054065,770
5.1,x1 = 5.1,5.0,x1 = 5.0,0.2524408401181857,0.7475591598818143,0.21866439918797767,0.7813356008120224,0.28882875319160706,0.7111712468083929,0.2216496829355851,0.7783503170644149,0.2363393539711251,0.763660646028875,0.75772,0.17085,0.8672,0.76317,0.20541,0.17252,0.81512,0.18871,0.78592,0.029200000000000004,0.17971,0.00899999999999998,0.0007073907759693292,0.0006969530880698363,800
