z_x1,z_note,x_x1,x_note,"p(y=0|x,D)","p(y=1|x,D)","p(u=0|z,D)","p(u=1|z,D)","p(y=0|x,u=0,z,D)","p(y=1|x,u=0,z,D)","p(y=0|x,u=1,z,D)","p(y=1|x,u=1,z,D)","p(y=0|x,z,D)","p(y=1|x,z,D)","H[p(u|z,D)]","Var[p(u|z,D)]","H[p(y|x,u=0,z,D)]","H[p(y|x,u=1,z,D)]","Var[p(y|x,u=0,z,D)]","Var[p(y|x,u=1,z,D)]","H[p(y|x,D)]","Var[p(y|x,D)]",Va,Ve,Va_variance,Ve_variance,kl_pyx_pyxz,kl_pyxz_pyx,api_calls
-4.7,x1 = -4.7,-5.0,x1 = -5.0,0.8909151770235043,0.1090848229764958,0.8929329763370065,0.1070670236629935,0.9219492114142215,0.07805078858577852,0.7035881259898675,0.2964118740101324,0.8985699399140152,0.10143006008598476,0.49101,0.0956,0.39527,0.87686,0.07196,0.20855,0.49715,0.09719,0.44683,0.050319999999999976,0.08658,0.010609999999999994,0.00031454019393877767,0.00030788078616299924,360
-5.0,x1 = -5.0,-5.0,x1 = -5.0,0.8909151770235043,0.1090848229764958,0.8874233958910658,0.11257660410893429,0.9277431252055248,0.07225687479447526,0.3445625520562022,0.6554374479437979,0.8620906366980722,0.13790936330192793,0.50764,0.0999,0.37429,0.92912,0.06704,0.22584,0.49715,0.09719,0.43675,0.060399999999999954,0.08492,0.012270000000000003,0.0037239232638470628,0.003982597788061294,390
-4.8,x1 = -4.8,-5.0,x1 = -5.0,0.8909151770235043,0.1090848229764958,0.9137347230484675,0.08626527695153248,0.9033364705692586,0.09666352943074145,0.6608077176487375,0.33919228235126264,0.8824146605298601,0.11758533947014001,0.42388,0.07882,0.45833,0.92404,0.08732,0.22414,0.49715,0.09719,0.4985,-0.0013500000000000179,0.09912,-0.0019300000000000012,0.00035575798119814005,0.00036360445193039763,420
-4.9,x1 = -4.9,-5.0,x1 = -5.0,0.8909151770235043,0.1090848229764958,0.9134575039205624,0.08654249607943758,0.9188767881803604,0.08112321181963943,0.6096705526863581,0.3903294473136421,0.892117308757383,0.1078826912426168,0.42482,0.07905,0.40612,0.96501,0.07454,0.23797,0.49715,0.09719,0.45449,0.042659999999999976,0.08868,0.008510000000000004,7.483211825558365e-06,7.458973373170811e-06,450
-4.5,x1 = -4.5,-5.0,x1 = -5.0,0.8909151770235043,0.1090848229764958,0.9203574205389783,0.07964257946102174,0.9231362173989627,0.0768637826010374,0.6928830265375591,0.3071169734624408,0.9047982593496297,0.09520174065037053,0.40092,0.0733,0.39103,0.88982,0.07096,0.2128,0.49715,0.09719,0.43075,0.06639999999999996,0.08226,0.014929999999999999,0.0010734258528578861,0.0010311150961847468,480
