z_x1,z_note,x_x1,x_note,"p(y=0|x,D)","p(y=1|x,D)","p(u=0|z,D)","p(u=1|z,D)","p(y=0|x,u=0,z,D)","p(y=1|x,u=0,z,D)","p(y=0|x,u=1,z,D)","p(y=1|x,u=1,z,D)","p(y=0|x,z,D)","p(y=1|x,z,D)","H[p(u|z,D)]","Var[p(u|z,D)]","H[p(y|x,u=0,z,D)]","H[p(y|x,u=1,z,D)]","Var[p(y|x,u=0,z,D)]","Var[p(y|x,u=1,z,D)]","H[p(y|x,D)]","Var[p(y|x,D)]",Va,Ve,Va_variance,Ve_variance,kl_pyx_pyxz,kl_pyxz_pyx,api_calls
-0.7,x1 = -0.7,0.0,x1 = 0.0,0.6126393699218753,0.38736063007812477,0.6472398940349635,0.3527601059650366,0.6359280499572637,0.3640719500427363,0.6212485562962147,0.3787514437037852,0.6307497102178791,0.36925028978212104,0.93651,0.22832,0.94601,0.95716,0.23152,0.2353,0.96308,0.23731,0.94994,0.01314000000000004,0.23285,0.004459999999999992,0.0006995546589279866,0.0006951965812632376,520
0.2,x1 = 0.2,0.0,x1 = 0.0,0.6126393699218753,0.38736063007812477,0.603950450032099,0.396049549967901,0.6474629618086833,0.3525370381913167,0.5861999139106481,0.4138000860893518,0.6231997592590045,0.3768002407409955,0.96859,0.23919,0.93631,0.97845,0.22825,0.24257,0.96308,0.23731,0.953,0.010080000000000089,0.23392,0.003390000000000004,0.00023660679551358588,0.000235776180633588,550
0.3,x1 = 0.3,0.0,x1 = 0.0,0.6126393699218753,0.38736063007812477,0.5893406931836237,0.41065930681637636,0.6501235992559198,0.3498764007440803,0.5922979351014541,0.4077020648985458,0.6263769520980503,0.37362304790194967,0.97685,0.24202,0.93396,0.97528,0.22746,0.24148,0.96308,0.23731,0.95093,0.012149999999999994,0.23322,0.0040899999999999825,0.0004012744688628011,0.0003994152118450313,580
-0.2,x1 = -0.2,0.0,x1 = 0.0,0.6126393699218753,0.38736063007812477,0.6415999854017577,0.3584000145982424,0.6415044149731772,0.3584955850268228,0.6100264358806733,0.38997356411932665,0.6302227068069006,0.3697772931930994,0.94135,0.22995,0.94143,0.96478,0.22998,0.23789,0.96308,0.23731,0.9498,0.01328000000000007,0.23281,0.004500000000000004,0.0006591836907138028,0.0006552060167290888,610
0.7,x1 = 0.7,0.0,x1 = 0.0,0.6126393699218753,0.38736063007812477,0.5093385874259554,0.4906614125740446,0.6388117513006019,0.36118824869939814,0.6154494698203119,0.3845505301796881,0.6273487812685303,0.37265121873146967,0.99975,0.24991,0.94367,0.96119,0.23073,0.23667,0.96308,0.23731,0.95227,0.010810000000000097,0.23364,0.0036700000000000066,0.0004603704689914844,0.0004580764188285621,640
