z_x1,z_note,x_x1,x_note,"p(y=0|x,D)","p(y=1|x,D)","p(u=0|z,D)","p(u=1|z,D)","p(y=0|x,u=0,z,D)","p(y=1|x,u=0,z,D)","p(y=0|x,u=1,z,D)","p(y=1|x,u=1,z,D)","p(y=0|x,z,D)","p(y=1|x,z,D)","H[p(u|z,D)]","Var[p(u|z,D)]","H[p(y|x,u=0,z,D)]","H[p(y|x,u=1,z,D)]","Var[p(y|x,u=0,z,D)]","Var[p(y|x,u=1,z,D)]","H[p(y|x,D)]","Var[p(y|x,D)]",Va,Ve,Va_variance,Ve_variance,kl_pyx_pyxz,kl_pyxz_pyx,api_calls
14.6,x1 = 14.6,15.0,x1 = 15.0,0.09272659255664098,0.907273407443359,0.08876833653822402,0.9112316634617759,0.7738491798862326,0.22615082011376736,0.019739467154919955,0.9802605328450799,0.08668053192139655,0.9133194680786031,0.43235,0.08089,0.77124,0.13998,0.17501,0.01935,0.44551,0.08413,0.19602,0.24949000000000002,0.03317,0.05096,0.00022617759388278424,0.0002216412301190027,1000
14.5,x1 = 14.5,15.0,x1 = 15.0,0.09272659255664098,0.907273407443359,0.0870930177394931,0.9129069822605069,0.7718465661107194,0.2281534338892805,0.02042797482144309,0.9795720251785569,0.08587128752238496,0.9141287124776151,0.42669,0.07951,0.77478,0.14384,0.1761,0.02001,0.44551,0.08413,0.19879,0.24672000000000002,0.0336,0.05053,0.0002924026361547493,0.0002857279865511866,1030
15.5,x1 = 15.5,15.0,x1 = 15.0,0.09272659255664098,0.907273407443359,0.08936739219816017,0.9106326078018399,0.8186701314483515,0.1813298685516484,0.019236823247166156,0.9807631767528339,0.09068009323745414,0.9093199067625459,0.43435,0.08138,0.68298,0.13713,0.14845,0.01887,0.44551,0.08413,0.18591,0.25960000000000005,0.03045,0.05367999999999999,2.5225895275476397e-05,2.5057745461145708e-05,1060
14.9,x1 = 14.9,15.0,x1 = 15.0,0.09272659255664098,0.907273407443359,0.08640039025157639,0.9135996097484235,0.773284188741065,0.22671581125893506,0.020767589063573944,0.9792324109364261,0.08578531694649845,0.9142146830535014,0.42434,0.07894,0.77224,0.14573,0.17532,0.02034,0.44551,0.08413,0.19986,0.24565,0.03373,0.05039999999999999,0.0002999610984888174,0.0002930252623528787,1090
14.7,x1 = 14.7,15.0,x1 = 15.0,0.09272659255664098,0.907273407443359,0.09128564955721698,0.908714350442783,0.783333831190654,0.21666616880934603,0.020008672696088768,0.9799913273039111,0.08968930561263075,0.9103106943873692,0.44075,0.08295,0.75403,0.14149,0.16972,0.01961,0.44551,0.08413,0.19741,0.24810000000000001,0.03331,0.05082,5.5929922111800246e-05,5.53741238114502e-05,1120
