z_x1,z_note,x_x1,x_note,"p(y=0|x,D)","p(y=1|x,D)","p(u=0|z,D)","p(u=1|z,D)","p(y=0|x,u=0,z,D)","p(y=1|x,u=0,z,D)","p(y=0|x,u=1,z,D)","p(y=1|x,u=1,z,D)","p(y=0|x,z,D)","p(y=1|x,z,D)","H[p(u|z,D)]","Var[p(u|z,D)]","H[p(y|x,u=0,z,D)]","H[p(y|x,u=1,z,D)]","Var[p(y|x,u=0,z,D)]","Var[p(y|x,u=1,z,D)]","H[p(y|x,D)]","Var[p(y|x,D)]",Va,Ve,Va_variance,Ve_variance,kl_pyx_pyxz,kl_pyxz_pyx,api_calls
4.8,x1 = 4.8,5.0,x1 = 5.0,0.3067164692501937,0.6932835307498063,0.408524675131787,0.591475324868213,0.34939245190644336,0.6506075480935567,0.31462689261959637,0.6853731073804037,0.32882948143303037,0.6711705185669696,0.97572,0.24163,0.93352,0.89844,0.22732,0.21564,0.88935,0.21264,0.91277,-0.023419999999999996,0.22041,-0.007769999999999999,0.001121116971716813,0.0011351040677758766,680
5.7,x1 = 5.7,5.0,x1 = 5.0,0.3067164692501937,0.6932835307498063,0.25545154975051104,0.7445484502494889,0.38132235282004273,0.6186776471799573,0.2964676220888232,0.7035323779111767,0.31814389455777553,0.6818561054422244,0.8198,0.1902,0.95897,0.87693,0.23592,0.20857,0.88935,0.21264,0.89789,-0.008539999999999992,0.21556,-0.002920000000000006,0.0003029607207985247,0.0003049830528351633,710
4.6,x1 = 4.6,5.0,x1 = 5.0,0.3067164692501937,0.6932835307498063,0.4234632752536613,0.5765367247463387,0.3492852853300087,0.6507147146699914,0.3089549507395418,0.6910450492604582,0.32603336631729696,0.673966633682703,0.98303,0.24414,0.93343,0.89196,0.22729,0.2135,0.88935,0.21264,0.90952,-0.02017000000000002,0.21934,-0.0067000000000000115,0.0008581127762641513,0.000867550727933146,740
5.0,x1 = 5.0,5.0,x1 = 5.0,0.3067164692501937,0.6932835307498063,0.3067164692501937,0.6932835307498063,0.3809859895508637,0.6190140104491363,0.3037523870286992,0.6962476129713007,0.32744120490177037,0.6725587950982295,0.88935,0.21264,0.95874,0.88583,0.23584,0.21149,0.88935,0.21264,0.90819,-0.01884000000000008,0.21896,-0.006319999999999992,0.000986241424818412,0.0009978257963342528,770
4.9,x1 = 4.9,5.0,x1 = 5.0,0.3067164692501937,0.6932835307498063,0.42671136477863847,0.5732886352213616,0.35494264276424026,0.6450573572357597,0.31142780400903713,0.6885721959909629,0.32999608024239224,0.6700039197576078,0.98445,0.24463,0.9384,0.89481,0.22896,0.21444,0.88935,0.21264,0.91341,-0.02406000000000008,0.22064,-0.008000000000000007,0.001240978023809916,0.0012572151484617697,800
