z_x1,z_note,x_x1,x_note,"p(y=0|x,D)","p(y=1|x,D)","p(u=0|z,D)","p(u=1|z,D)","p(y=0|x,u=0,z,D)","p(y=1|x,u=0,z,D)","p(y=0|x,u=1,z,D)","p(y=1|x,u=1,z,D)","p(y=0|x,z,D)","p(y=1|x,z,D)","H[p(u|z,D)]","Var[p(u|z,D)]","H[p(y|x,u=0,z,D)]","H[p(y|x,u=1,z,D)]","Var[p(y|x,u=0,z,D)]","Var[p(y|x,u=1,z,D)]","H[p(y|x,D)]","Var[p(y|x,D)]",Va,Ve,Va_variance,Ve_variance,kl_pyx_pyxz,kl_pyxz_pyx,api_calls
-5.0,x1 = -5.0,-5.0,x1 = -5.0,0.2151975864373318,0.7848024135626682,0.21350596682038686,0.7864940331796131,0.6389308145827051,0.361069185417295,0.09220509789229173,0.9077949021077083,0.20893430061984736,0.7910656993801526,0.74813,0.16792,0.94357,0.44379,0.2307,0.0837,0.7513,0.16889,0.5505,0.20079999999999998,0.11509,0.053800000000000014,0.00011781450671985352,0.00011696977691700097,360
-4.9,x1 = -4.9,-5.0,x1 = -5.0,0.2151975864373318,0.7848024135626682,0.20217942503892145,0.7978205749610787,0.5542171252329781,0.445782874767022,0.10914019866223645,0.8908598013377634,0.19912559577439926,0.8008744042256009,0.72627,0.1613,0.9915,0.49732,0.24706,0.09723,0.7513,0.16889,0.59723,0.15406999999999993,0.12752,0.04137000000000002,0.0007941859868719967,0.0007791494757650747,390
-4.6,x1 = -4.6,-5.0,x1 = -5.0,0.2151975864373318,0.7848024135626682,0.20370051007537476,0.7962994899246253,0.5302887639274488,0.46971123607255116,0.12192580368410293,0.8780741963158972,0.20510954698156247,0.7948904530184376,0.72927,0.16221,0.99735,0.53487,0.24908,0.10706,0.7513,0.16889,0.62908,0.12222,0.13599,0.03290000000000001,0.00030840005432799557,0.0003047986743585831,420
-5.1,x1 = -5.1,-5.0,x1 = -5.0,0.2151975864373318,0.7848024135626682,0.2163728684263598,0.7836271315736402,0.6264729730917484,0.3735270269082515,0.11039250756201038,0.8896074924379895,0.22205831822749092,0.7779416817725089,0.75349,0.16956,0.95334,0.5011,0.234,0.09821,0.7513,0.16889,0.59895,0.15234999999999999,0.12759,0.0413,0.0001372576849663987,0.00013829572256640263,450
-5.2,x1 = -5.2,-5.0,x1 = -5.0,0.2151975864373318,0.7848024135626682,0.23643070443247355,0.7635692955675265,0.628786686413952,0.371213313586048,0.10943001539957306,0.8905699846004269,0.2322218789792071,0.767778121020793,0.78905,0.18053,0.9516,0.49819,0.23341,0.09746,0.7513,0.16889,0.60539,0.14590999999999998,0.1296,0.03929000000000002,0.0008272273753391277,0.0008423087989402195,480
