z_x1,z_note,x_x1,x_note,"p(y=0|x,D)","p(y=1|x,D)","p(u=0|z,D)","p(u=1|z,D)","p(y=0|x,u=0,z,D)","p(y=1|x,u=0,z,D)","p(y=0|x,u=1,z,D)","p(y=1|x,u=1,z,D)","p(y=0|x,z,D)","p(y=1|x,z,D)","H[p(u|z,D)]","Var[p(u|z,D)]","H[p(y|x,u=0,z,D)]","H[p(y|x,u=1,z,D)]","Var[p(y|x,u=0,z,D)]","Var[p(y|x,u=1,z,D)]","H[p(y|x,D)]","Var[p(y|x,D)]",Va,Ve,Va_variance,Ve_variance,kl_pyx_pyxz,kl_pyxz_pyx,api_calls
9.7,x1 = 9.7,10.0,x1 = 10.0,0.1964783974597485,0.8035216025402514,0.18668969110608738,0.8133103088939126,0.4753422449608605,0.5246577550391396,0.15797000616199555,0.8420299938380044,0.2172201313890031,0.7827798686109969,0.69449,0.15184,0.99824,0.62943,0.24939,0.13302,0.71483,0.15787,0.69828,0.016549999999999954,0.15475,0.0031200000000000117,0.0012958082891088366,0.0013282561267708576,840
9.4,x1 = 9.4,10.0,x1 = 10.0,0.1964783974597485,0.8035216025402514,0.19548826637798203,0.804511733622018,0.451105985920465,0.548894014079535,0.15713254840458699,0.842867451595413,0.214600906065742,0.785399093934258,0.71281,0.15727,0.99309,0.62741,0.24761,0.13244,0.71483,0.15787,0.6989,0.01593,0.15495,0.002920000000000006,0.0009951902600338139,0.0010171266709167945,870
9.9,x1 = 9.9,10.0,x1 = 10.0,0.1964783974597485,0.8035216025402514,0.18685671859912492,0.813143281400875,0.4906614125740445,0.5093385874259554,0.1582120278018601,0.8417879721981398,0.22033242894068836,0.7796675710593115,0.69485,0.15194,0.99975,0.63001,0.24991,0.13318,0.71483,0.15787,0.6991,0.01572999999999991,0.15499,0.0028800000000000214,0.001701805629555065,0.0017503829711553696,900
10.0,x1 = 10.0,10.0,x1 = 10.0,0.1964783974597485,0.8035216025402514,0.18937682887655155,0.8106231711234484,0.5458692260281556,0.4541307739718444,0.14133531908907832,0.8586646809109217,0.21794466755824277,0.7820553324417572,0.70017,0.15351,0.99392,0.58773,0.2479,0.12136,0.71483,0.15787,0.66465,0.05018,0.14532,0.012550000000000006,0.0013856255591849706,0.001421460581529848,930
10.4,x1 = 10.4,10.0,x1 = 10.0,0.1964783974597485,0.8035216025402514,0.18547949446630224,0.8145205055336978,0.49056526055732463,0.5094347394426754,0.17613832809968238,0.8238616719003176,0.23445807657851606,0.765541923421484,0.69192,0.15108,0.99974,0.67156,0.24991,0.14511,0.71483,0.15787,0.73243,-0.01760000000000006,0.16455,-0.0066799999999999915,0.004184080578970163,0.004366831337162355,960
