z_x1,z_note,x_x1,x_note,"p(y=0|x,D)","p(y=1|x,D)","p(u=0|z,D)","p(u=1|z,D)","p(y=0|x,u=0,z,D)","p(y=1|x,u=0,z,D)","p(y=0|x,u=1,z,D)","p(y=1|x,u=1,z,D)","p(y=0|x,z,D)","p(y=1|x,z,D)","H[p(u|z,D)]","Var[p(u|z,D)]","H[p(y|x,u=0,z,D)]","H[p(y|x,u=1,z,D)]","Var[p(y|x,u=0,z,D)]","Var[p(y|x,u=1,z,D)]","H[p(y|x,D)]","Var[p(y|x,D)]",Va,Ve,Va_variance,Ve_variance,kl_pyx_pyxz,kl_pyxz_pyx,api_calls
4.8,x1 = 4.8,5.0,x1 = 5.0,0.3100870083613526,0.6899129916386474,0.37875144111250764,0.6212485588874923,0.33555541030553654,0.6644445896944633,0.3039337065138243,0.6960662934861757,0.3159104723953681,0.6840895276046317,0.95716,0.2353,0.9205,0.88605,0.22296,0.21156,0.89327,0.21393,0.8991,-0.005830000000000002,0.21588,-0.0019499999999999795,7.872420878929972e-05,7.899046175582208e-05,680
5.7,x1 = 5.7,5.0,x1 = 5.0,0.3100870083613526,0.6899129916386474,0.21877500273837983,0.7812249972616203,0.38114544749225127,0.6188545525077488,0.30285057564884277,0.6971494243511571,0.3199795364507856,0.6800204635492144,0.75792,0.17091,0.95885,0.88475,0.23587,0.21113,0.89327,0.21393,0.90096,-0.007689999999999975,0.21654,-0.002610000000000001,0.0002261289070219722,0.00022741100219356158,710
4.6,x1 = 4.6,5.0,x1 = 5.0,0.3100870083613526,0.6899129916386474,0.38752009130732673,0.6124799086926733,0.3337633998931596,0.6662366001068403,0.30007589362253306,0.6999241063774669,0.3131304791284424,0.6868695208715576,0.96318,0.23735,0.91873,0.88138,0.22237,0.21003,0.89327,0.21393,0.89585,-0.0025800000000000267,0.21481,-0.0008799999999999919,2.157142170984734e-05,2.1609895450776587e-05,740
5.0,x1 = 5.0,5.0,x1 = 5.0,0.3100870083613526,0.6899129916386474,0.3100870083613526,0.6899129916386474,0.41056958636123175,0.5894304136387681,0.29701152297055666,0.7029884770294432,0.3322244031226799,0.6677755968773199,0.89327,0.21393,0.9768,0.87761,0.242,0.2088,0.89327,0.21393,0.90837,-0.015100000000000002,0.21909,-0.005159999999999998,0.001117449560748926,0.0011310684192379454,770
4.9,x1 = 4.9,5.0,x1 = 5.0,0.3100870083613526,0.6899129916386474,0.42309022499617077,0.5769097750038292,0.32496543342539413,0.6750345665746058,0.31748297173707796,0.6825170282629219,0.32064872813631284,0.679351271863687,0.98286,0.24408,0.9097,0.90162,0.21936,0.21669,0.89327,0.21393,0.90504,-0.011769999999999947,0.21782,-0.0038900000000000046,0.0002575641786715793,0.0002591198902643973,800
