z_x1,z_note,x_x1,x_note,"p(y=0|x,D)","p(y=1|x,D)","p(u=0|z,D)","p(u=1|z,D)","p(y=0|x,u=0,z,D)","p(y=1|x,u=0,z,D)","p(y=0|x,u=1,z,D)","p(y=1|x,u=1,z,D)","p(y=0|x,z,D)","p(y=1|x,z,D)","H[p(u|z,D)]","Var[p(u|z,D)]","H[p(y|x,u=0,z,D)]","H[p(y|x,u=1,z,D)]","Var[p(y|x,u=0,z,D)]","Var[p(y|x,u=1,z,D)]","H[p(y|x,D)]","Var[p(y|x,D)]",Va,Ve,Va_variance,Ve_variance,kl_pyx_pyxz,kl_pyxz_pyx,api_calls
14.6,x1 = 14.6,15.0,x1 = 15.0,0.20748580543163592,0.7925141945683641,0.20593312124864105,0.794066878751359,0.5128560519018754,0.48714394809812456,0.15643962553102145,0.8435603744689786,0.22983757267785787,0.7701624273221421,0.73364,0.16352,0.99952,0.62572,0.24983,0.13197,0.73665,0.16444,0.7027,0.033950000000000036,0.15624,0.008200000000000013,0.0014451654106709434,0.0014811034476664188,1000
14.5,x1 = 14.5,15.0,x1 = 15.0,0.20748580543163592,0.7925141945683641,0.204982335040575,0.7950176649594249,0.5313893725694754,0.46861062743052456,0.15809190312536858,0.8419080968746313,0.2346112900767593,0.7653887099232406,0.73178,0.16296,0.99716,0.62973,0.24901,0.1331,0.73665,0.16444,0.70505,0.03160000000000007,0.15686,0.007580000000000003,0.0021073849585560786,0.002170133743343846,1030
15.5,x1 = 15.5,15.0,x1 = 15.0,0.20748580543163592,0.7925141945683641,0.20425407801430767,0.7957459219856924,0.5433327392425505,0.45666726075744934,0.19319830468294671,0.8068016953170533,0.26471469079497956,0.7352853092050204,0.73036,0.16253,0.99458,0.70811,0.24812,0.15587,0.73665,0.16444,0.76662,-0.02996999999999994,0.17471,-0.010270000000000001,0.008858978435482154,0.009370796250952926,1060
14.9,x1 = 14.9,15.0,x1 = 15.0,0.20748580543163592,0.7925141945683641,0.2038444287126718,0.7961555712873281,0.5219155518157123,0.47808444818428775,0.1647119524148372,0.8352880475851627,0.23752591606881862,0.7624740839311812,0.72955,0.16229,0.99861,0.64546,0.24952,0.13758,0.73665,0.16444,0.71745,0.019199999999999995,0.1604,0.004040000000000016,0.002569306091434964,0.002653338525860305,1090
14.7,x1 = 14.7,15.0,x1 = 15.0,0.20748580543163592,0.7925141945683641,0.21065672706874147,0.7893432729312586,0.519316103183391,0.48068389681660895,0.15888229314523086,0.8411177068547693,0.23481009989278617,0.765189900107214,0.74274,0.16628,0.99892,0.63163,0.24963,0.13364,0.73665,0.16444,0.709,0.027650000000000063,0.15807,0.0063700000000000145,0.0021375181611695757,0.002201594838393061,1120
