z_x1,z_note,x_x1,x_note,"p(y=0|x,D)","p(y=1|x,D)","p(u=0|z,D)","p(u=1|z,D)","p(y=0|x,u=0,z,D)","p(y=1|x,u=0,z,D)","p(y=0|x,u=1,z,D)","p(y=1|x,u=1,z,D)","p(y=0|x,z,D)","p(y=1|x,z,D)","H[p(u|z,D)]","Var[p(u|z,D)]","H[p(y|x,u=0,z,D)]","H[p(y|x,u=1,z,D)]","Var[p(y|x,u=0,z,D)]","Var[p(y|x,u=1,z,D)]","H[p(y|x,D)]","Var[p(y|x,D)]",Va,Ve,Va_variance,Ve_variance,kl_pyx_pyxz,kl_pyxz_pyx,api_calls
-5.0,x1 = -5.0,-5.0,x1 = -5.0,0.4532540300604248,0.5467459699395751,0.4532782546465963,0.5467217453534038,0.5650126654774456,0.43498733452255445,0.36251823665223404,0.637481763347766,0.4543045579257854,0.5456954420742147,0.99369,0.24782,0.98777,0.94475,0.24577,0.2311,0.99369,0.24781,0.96425,0.02943999999999991,0.23775,0.010060000000000013,2.226097232290499e-06,2.2263879780686467e-06,360
-4.9,x1 = -4.9,-5.0,x1 = -5.0,0.4532540300604248,0.5467459699395751,0.5163535219438817,0.4836464780561184,0.5249190495266621,0.47508095047333787,0.3709882291483052,0.6290117708516949,0.4504709503863809,0.5495290496136193,0.99923,0.24973,0.99821,0.95143,0.24938,0.23336,0.99369,0.24781,0.97559,0.018100000000000005,0.24163,0.006179999999999991,1.5638854523906606e-05,1.563321617721776e-05,390
-4.6,x1 = -4.6,-5.0,x1 = -5.0,0.4532540300604248,0.5467459699395751,0.5206537651854457,0.4793462348145542,0.509362812012127,0.4906371879878731,0.3735634523453191,0.6264365476546809,0.44426790026561513,0.5557320997343849,0.99877,0.24957,0.99975,0.95337,0.24991,0.23401,0.99369,0.24781,0.97752,0.016170000000000018,0.24229,0.005519999999999997,0.00016332100568279377,0.00016311845621444498,420
-5.1,x1 = -5.1,-5.0,x1 = -5.0,0.4532540300604248,0.5467459699395751,0.47137474506788035,0.5286252549321196,0.5495980921755075,0.4504019078244926,0.35082386596148896,0.649176134038511,0.4445210161691871,0.555478983830813,0.99763,0.24918,0.99289,0.9348,0.24754,0.22775,0.99369,0.24781,0.96218,0.03150999999999993,0.23708,0.01072999999999999,0.00015423867956763405,0.0001540532480360686,450
-5.2,x1 = -5.2,-5.0,x1 = -5.0,0.4532540300604248,0.5467459699395751,0.4566415925001218,0.5433584074998782,0.5557915176779158,0.4442084823220842,0.3481632374939901,0.65183676250601,0.4429749460052394,0.5570250539947607,0.99457,0.24812,0.991,0.93242,0.24689,0.22695,0.99369,0.24781,0.95917,0.034519999999999995,0.23606,0.01175000000000001,0.0002137810023094093,0.0002134738392207819,480
