z_x1,z_note,x_x1,x_note,"p(y=0|x,D)","p(y=1|x,D)","p(u=0|z,D)","p(u=1|z,D)","p(y=0|x,u=0,z,D)","p(y=1|x,u=0,z,D)","p(y=0|x,u=1,z,D)","p(y=1|x,u=1,z,D)","p(y=0|x,z,D)","p(y=1|x,z,D)","H[p(u|z,D)]","Var[p(u|z,D)]","H[p(y|x,u=0,z,D)]","H[p(y|x,u=1,z,D)]","Var[p(y|x,u=0,z,D)]","Var[p(y|x,u=1,z,D)]","H[p(y|x,D)]","Var[p(y|x,D)]",Va,Ve,Va_variance,Ve_variance,kl_pyx_pyxz,kl_pyxz_pyx,api_calls
-5.0,x1 = -5.0,-5.0,x1 = -5.0,0.5761429480783853,0.42385705192161466,0.5761429480783853,0.42385705192161466,0.6571550575751471,0.34284494242485286,0.5093385874259555,0.4906614125740446,0.5945020043122514,0.4054979956877486,0.98321,0.2442,0.92752,0.99975,0.2253,0.24991,0.98321,0.2442,0.95814,0.025070000000000037,0.23573,0.008470000000000005,0.0006959128614781318,0.0006929242210164353,360
-4.9,x1 = -4.9,-5.0,x1 = -5.0,0.5761429480783853,0.42385705192161466,0.6832424941892776,0.3167575058107223,0.6206795817470806,0.3793204182529194,0.5371627919983478,0.4628372080016522,0.5942250117329535,0.4057749882670465,0.90082,0.21642,0.95756,0.99601,0.23544,0.24862,0.98321,0.2442,0.96974,0.013469999999999982,0.23961,0.004590000000000011,0.0006749794104531637,0.0006721292404012515,390
-4.6,x1 = -4.6,-5.0,x1 = -5.0,0.5761429480783853,0.42385705192161466,0.6963409069280225,0.3036590930719775,0.6213637410452391,0.378636258954761,0.5494564272625446,0.4505435727374554,0.5995284313567439,0.4004715686432561,0.88572,0.21145,0.95707,0.99293,0.23527,0.24755,0.98321,0.2442,0.96796,0.015249999999999986,0.239,0.00520000000000001,0.0011320215507511049,0.0011256381949453914,420
-5.1,x1 = -5.1,-5.0,x1 = -5.0,0.5761429480783853,0.42385705192161466,0.579506285959319,0.4204937140406809,0.66529073675866,0.33470926324134004,0.5463354906255347,0.4536645093744653,0.6152708035075187,0.38472919649248116,0.98168,0.24368,0.91967,0.9938,0.22268,0.24785,0.98321,0.2442,0.95084,0.03237000000000001,0.23326,0.010940000000000005,0.003196883352326166,0.0031638681393883344,450
-5.2,x1 = -5.2,-5.0,x1 = -5.0,0.5761429480783853,0.42385705192161466,0.5674814684527216,0.4325185315472783,0.659529081359542,0.34047091864045786,0.5401897679675034,0.4598102320324967,0.607912616775357,0.3920873832246429,0.98682,0.24545,0.92527,0.99533,0.22455,0.24838,0.98321,0.2442,0.95557,0.027639999999999998,0.23486,0.009339999999999987,0.002098677608895653,0.00208179368541285,480
