z_x1,z_note,x_x1,x_note,"p(y=0|x,D)","p(y=1|x,D)","p(u=0|z,D)","p(u=1|z,D)","p(y=0|x,u=0,z,D)","p(y=1|x,u=0,z,D)","p(y=0|x,u=1,z,D)","p(y=1|x,u=1,z,D)","p(y=0|x,z,D)","p(y=1|x,z,D)","H[p(u|z,D)]","Var[p(u|z,D)]","H[p(y|x,u=0,z,D)]","H[p(y|x,u=1,z,D)]","Var[p(y|x,u=0,z,D)]","Var[p(y|x,u=1,z,D)]","H[p(y|x,D)]","Var[p(y|x,D)]",Va,Ve,Va_variance,Ve_variance,kl_pyx_pyxz,kl_pyxz_pyx,api_calls
-14.5,x1 = -14.5,-15.0,x1 = -15.0,0.8243672436149169,0.17563275638508305,0.8197939532295141,0.1802060467704859,0.8746344150142406,0.1253655849857594,0.4079466574715841,0.592053342528416,0.7905344591512954,0.20946554084870456,0.68053,0.14773,0.54459,0.97541,0.10965,0.24153,0.67043,0.14479,0.62223,0.04820000000000002,0.13342,0.011369999999999991,0.0036064728902193213,0.003771473095940156,40
-14.9,x1 = -14.9,-15.0,x1 = -15.0,0.8243672436149169,0.17563275638508305,0.8195231580984252,0.18047684190157492,0.8750710996540809,0.12492890034591912,0.41404467993373706,0.5859553200662628,0.7918665073897634,0.20813349261023673,0.68112,0.1479,0.54336,0.97858,0.10932,0.24261,0.67043,0.14479,0.62191,0.04852000000000001,0.13338,0.011410000000000003,0.003339048303529931,0.0034863581825322135,70
-14.7,x1 = -14.7,-15.0,x1 = -15.0,0.8243672436149169,0.17563275638508305,0.8157934822332121,0.18420651776678787,0.8733371254906404,0.12666287450935973,0.4080163976024971,0.5919836023975029,0.7876220145616585,0.21237798543834163,0.68919,0.15027,0.54821,0.97545,0.11062,0.24154,0.67043,0.14479,0.62691,0.04352,0.13474,0.010050000000000003,0.004223964379429228,0.0044321184332005575,100
-14.3,x1 = -14.3,-15.0,x1 = -15.0,0.8243672436149169,0.17563275638508305,0.8210157527044611,0.17898424729553886,0.8795941514963725,0.12040584850362734,0.4202146278273176,0.5797853721726824,0.7973724532294836,0.20262754677051634,0.67785,0.14695,0.53053,0.98155,0.10591,0.24363,0.67043,0.14479,0.61126,0.059169999999999945,0.13056,0.014229999999999993,0.002335690967661924,0.0024226421657377907,130
-15.3,x1 = -15.3,-15.0,x1 = -15.0,0.8243672436149169,0.17563275638508305,0.8334490317518448,0.16655096824815527,0.8737053229347607,0.12629467706523917,0.39921004010970795,0.6007899598902922,0.7946776741510659,0.20532232584893403,0.64975,0.13881,0.54719,0.97049,0.11034,0.23984,0.67043,0.14479,0.61769,0.05274000000000001,0.13191,0.012880000000000003,0.0028060442384925874,0.002920046020448472,160
