z_x1,z_note,x_x1,x_note,"p(y=0|x,D)","p(y=1|x,D)","p(u=0|z,D)","p(u=1|z,D)","p(y=0|x,u=0,z,D)","p(y=1|x,u=0,z,D)","p(y=0|x,u=1,z,D)","p(y=1|x,u=1,z,D)","p(y=0|x,z,D)","p(y=1|x,z,D)","H[p(u|z,D)]","Var[p(u|z,D)]","H[p(y|x,u=0,z,D)]","H[p(y|x,u=1,z,D)]","Var[p(y|x,u=0,z,D)]","Var[p(y|x,u=1,z,D)]","H[p(y|x,D)]","Var[p(y|x,D)]",Va,Ve,Va_variance,Ve_variance,kl_pyx_pyxz,kl_pyxz_pyx,api_calls
-0.7,x1 = -0.7,0.0,x1 = 0.0,0.5618917281400699,0.43810827185993,0.6692997944625481,0.33070020553745194,0.5585814223449889,0.44141857765501114,0.5372581976871018,0.4627418023128982,0.5515298275679044,0.44847017243209564,0.91564,0.22134,0.99008,0.99599,0.24657,0.24861,0.98892,0.24617,0.99203,-0.003109999999999946,0.24724,-0.0010699999999999876,0.00021737206634573486,0.0002177174383844408,520
0.2,x1 = 0.2,0.0,x1 = 0.0,0.5618917281400699,0.43810827185993,0.5217261847587381,0.47827381524126195,0.5919836030468806,0.40801639695311936,0.5155562375145352,0.4844437624854647,0.5554303953448873,0.44456960465511275,0.99864,0.24953,0.97545,0.9993,0.24154,0.24976,0.98892,0.24617,0.98686,0.0020600000000000618,0.24547,0.0007000000000000062,8.462086068690249e-05,8.470763204142077e-05,550
-0.2,x1 = -0.2,0.0,x1 = 0.0,0.5618917281400699,0.43810827185993,0.6364061519650759,0.36359384803492417,0.5772343747118251,0.4227656252881748,0.5248706003543192,0.47512939964568074,0.5581952284955471,0.44180477150445285,0.94563,0.23139,0.98272,0.99821,0.24403,0.24938,0.98892,0.24617,0.98835,0.0005700000000000705,0.24598,0.00018999999999999573,2.771989226071133e-05,2.7736544054612986e-05,580
0.6,x1 = 0.6,0.0,x1 = 0.0,0.5618917281400699,0.43810827185993,0.5465967851130572,0.4534032148869427,0.5646161403692591,0.43538385963074083,0.5309231079720963,0.46907689202790365,0.5493396111610955,0.45066038883890436,0.99373,0.24783,0.98792,0.99724,0.24582,0.24904,0.98892,0.24617,0.99215,-0.003229999999999955,0.24728,-0.0011099999999999999,0.0003187758695085245,0.0003193773833634391,610
-0.4,x1 = -0.4,0.0,x1 = 0.0,0.5618917281400699,0.43810827185993,0.6644467426601832,0.3355532573398169,0.5618682498818643,0.4381317501181356,0.521773887603115,0.47822611239688495,0.5484144560182673,0.4515855439817327,0.9205,0.22296,0.98893,0.99863,0.24617,0.24953,0.98892,0.24617,0.99218,-0.0032599999999999296,0.2473,-0.0011299999999999921,0.0003674028990673494,0.0003681409836280899,640
