z_x1,z_note,x_x1,x_note,"p(y=0|x,D)","p(y=1|x,D)","p(u=0|z,D)","p(u=1|z,D)","p(y=0|x,u=0,z,D)","p(y=1|x,u=0,z,D)","p(y=0|x,u=1,z,D)","p(y=1|x,u=1,z,D)","p(y=0|x,z,D)","p(y=1|x,z,D)","H[p(u|z,D)]","Var[p(u|z,D)]","H[p(y|x,u=0,z,D)]","H[p(y|x,u=1,z,D)]","Var[p(y|x,u=0,z,D)]","Var[p(y|x,u=1,z,D)]","H[p(y|x,D)]","Var[p(y|x,D)]",Va,Ve,Va_variance,Ve_variance,kl_pyx_pyxz,kl_pyxz_pyx,api_calls
5.3,x1 = 5.3,5.0,x1 = 5.0,0.05892711122434173,0.9410728887756583,0.047601631245195335,0.9523983687548047,0.42671055273778447,0.5732894472622155,0.03860948203240098,0.9613905179675992,0.057083726085984124,0.9429162739140161,0.27612,0.04534,0.98445,0.23588,0.24463,0.03712,0.32317,0.05545,0.27151,0.05166000000000004,0.047,0.00845,3.1251659525213674e-05,3.0942504690384485e-05,680
4.7,x1 = 4.7,5.0,x1 = 5.0,0.05892711122434173,0.9410728887756583,0.06249990263506089,0.937500097364939,0.23194126308538882,0.7680587369146112,0.03862270159350929,0.9613772984064909,0.05070509286430179,0.9492949071356983,0.33729,0.05859,0.78138,0.23594,0.17814,0.03713,0.32317,0.05545,0.27003,0.05314000000000002,0.04594,0.009509999999999998,0.0006689580580806452,0.0006381277011315344,710
5.9,x1 = 5.9,5.0,x1 = 5.0,0.05892711122434173,0.9410728887756583,0.04064663084664407,0.959353369153356,0.4056343030110742,0.5943656969889258,0.045416321072498725,0.9545836789275013,0.06005796840867911,0.939942031591321,0.24525,0.03899,0.97415,0.2666,0.2411,0.04335,0.32317,0.05545,0.29536,0.02781,0.05139,0.004060000000000001,1.1394159217799826e-05,1.1461990405435335e-05,740
4.4,x1 = 4.4,5.0,x1 = 5.0,0.05892711122434173,0.9410728887756583,0.09381071263622251,0.9061892873637774,0.19245637068239754,0.8075436293176024,0.03922916199070222,0.9607708380092979,0.05360351563332934,0.9463964843666706,0.44906,0.08501,0.70658,0.23875,0.15542,0.03769,0.32317,0.05545,0.28264,0.04053000000000001,0.04873,0.006719999999999997,0.0002710145525365868,0.00026308914194667424,770
5.0,x1 = 5.0,5.0,x1 = 5.0,0.05892711122434173,0.9410728887756583,0.05892711065793164,0.9410728893420683,0.6418690126228033,0.3581309873771968,0.030952401861475777,0.9690475981385243,0.06695195258657707,0.933048047413423,0.32317,0.05545,0.94112,0.19915,0.22987,0.02999,0.32317,0.05545,0.24287,0.08030000000000001,0.04177,0.013679999999999998,0.0005357947653025158,0.0005574924288029564,800
