z_x1,z_note,x_x1,x_note,"p(y=0|x,D)","p(y=1|x,D)","p(u=0|z,D)","p(u=1|z,D)","p(y=0|x,u=0,z,D)","p(y=1|x,u=0,z,D)","p(y=0|x,u=1,z,D)","p(y=1|x,u=1,z,D)","p(y=0|x,z,D)","p(y=1|x,z,D)","H[p(u|z,D)]","Var[p(u|z,D)]","H[p(y|x,u=0,z,D)]","H[p(y|x,u=1,z,D)]","Var[p(y|x,u=0,z,D)]","Var[p(y|x,u=1,z,D)]","H[p(y|x,D)]","Var[p(y|x,D)]",Va,Ve,Va_variance,Ve_variance,kl_pyx_pyxz,kl_pyxz_pyx,api_calls
4.8,x1 = 4.8,5.0,x1 = 5.0,0.14237432837828892,0.8576256716217111,0.18202067746358008,0.81797932253642,0.3247712794290739,0.6752287205709262,0.09382900054509534,0.9061709994549044,0.13586527060254017,0.8641347293974598,0.68448,0.14889,0.90949,0.44912,0.21929,0.08503,0.59042,0.1221,0.53292,0.057499999999999996,0.10947,0.012630000000000002,0.00017806299572916372,0.00017574944399008884,680
5.7,x1 = 5.7,5.0,x1 = 5.0,0.14237432837828892,0.8576256716217111,0.1110662921575745,0.8889337078424253,0.4443978493790584,0.5556021506209416,0.10380080199031516,0.8961991980096847,0.14162965316360054,0.8583703468363992,0.50312,0.09873,0.99106,0.48093,0.24691,0.09303,0.59042,0.1221,0.53759,0.05282999999999993,0.11012,0.011980000000000005,2.277406692641551e-06,2.2740869797176167e-06,710
4.6,x1 = 4.6,5.0,x1 = 5.0,0.14237432837828892,0.8576256716217111,0.2091524558529107,0.7908475441470892,0.30346561790271986,0.6965343820972801,0.09504177047057653,0.9049582295294236,0.13863413001932168,0.8613658699806783,0.73986,0.16541,0.88549,0.45308,0.21137,0.08601,0.59042,0.1221,0.54352,0.04689999999999994,0.11223,0.009870000000000004,5.813761491849133e-05,5.770764551300909e-05,740
5.0,x1 = 5.0,5.0,x1 = 5.0,0.14237432837828892,0.8576256716217111,0.14237432837828892,0.8576256716217111,0.5663513206254939,0.43364867937450613,0.052921908444675855,0.947078091555324,0.1260210761735795,0.8739789238264204,0.59042,0.1221,0.98726,0.29868,0.2456,0.05012,0.59042,0.1221,0.39672,0.19369999999999993,0.07795,0.044149999999999995,0.0011718748251161558,0.0011322833151870982,770
4.9,x1 = 4.9,5.0,x1 = 5.0,0.14237432837828892,0.8576256716217111,0.17842398745717086,0.8215760125428293,0.3318369007284414,0.6681630992715586,0.086149293311171,0.913850706688829,0.12998585589537237,0.8700141441046277,0.67662,0.14659,0.91679,0.42348,0.22172,0.07873,0.59042,0.1221,0.5115,0.07891999999999999,0.10424,0.01786,0.000661064589176124,0.0006443806804793274,800
