z_x1,z_note,x_x1,x_note,"p(y=0|x,D)","p(y=1|x,D)","p(u=0|z,D)","p(u=1|z,D)","p(y=0|x,u=0,z,D)","p(y=1|x,u=0,z,D)","p(y=0|x,u=1,z,D)","p(y=1|x,u=1,z,D)","p(y=0|x,z,D)","p(y=1|x,z,D)","H[p(u|z,D)]","Var[p(u|z,D)]","H[p(y|x,u=0,z,D)]","H[p(y|x,u=1,z,D)]","Var[p(y|x,u=0,z,D)]","Var[p(y|x,u=1,z,D)]","H[p(y|x,D)]","Var[p(y|x,D)]",Va,Ve,Va_variance,Ve_variance,kl_pyx_pyxz,kl_pyxz_pyx,api_calls
-14.5,x1 = -14.5,-15.0,x1 = -15.0,0.728715166903697,0.271284833096303,0.7334283157848973,0.2665716842151026,0.790271753257142,0.20972824674285792,0.43595379821233254,0.5640462017876675,0.695820619233196,0.30417938076680384,0.8365,0.19551,0.74096,0.98813,0.16574,0.2459,0.8433,0.19769,0.80685,0.03645000000000009,0.18711,0.010580000000000006,0.0026120297442044083,0.002672128160722237,40
-14.9,x1 = -14.9,-15.0,x1 = -15.0,0.728715166903697,0.271284833096303,0.735138164545741,0.264861835454259,0.7865946158668946,0.2134053841331054,0.4361584959935024,0.5638415040064976,0.6937774619477592,0.30622253805224076,0.83399,0.19471,0.74794,0.98821,0.16786,0.24592,0.8433,0.19769,0.81158,0.03172000000000008,0.18854,0.009149999999999991,0.002938810127793297,0.003010188775055045,70
-14.7,x1 = -14.7,-15.0,x1 = -15.0,0.728715166903697,0.271284833096303,0.7269968058624966,0.2730031941375035,0.7914709710735608,0.2085290289264392,0.4154950950008784,0.5845049049991216,0.6888283559870724,0.3111716440129277,0.84574,0.19847,0.73866,0.9793,0.16504,0.24286,0.8433,0.19769,0.80436,0.038940000000000086,0.18629,0.011399999999999993,0.0038063796164786654,0.003910369124413733,100
-14.3,x1 = -14.3,-15.0,x1 = -15.0,0.728715166903697,0.271284833096303,0.7334521904098015,0.2665478095901986,0.7965257004121449,0.20347429958785518,0.4359537988891186,0.5640462011108813,0.7004160498614096,0.2995839501385906,0.83647,0.1955,0.72882,0.98813,0.16207,0.2459,0.8433,0.19769,0.79794,0.04536000000000007,0.18441,0.013280000000000014,0.001944921572676929,0.001983952053665191,130
-14.4,x1 = -14.4,-15.0,x1 = -15.0,0.728715166903697,0.271284833096303,0.7313396215670469,0.26866037843295315,0.7963757771354284,0.20362422286457166,0.43939118575126945,0.5606088142487305,0.7004681617194272,0.29953183828057295,0.83954,0.19648,0.72912,0.98937,0.16216,0.24633,0.8433,0.19769,0.79904,0.04426000000000008,0.18477,0.012920000000000015,0.0019378996447093066,0.001976723638169149,160
