z_x1,z_note,x_x1,x_note,"p(y=0|x,D)","p(y=1|x,D)","p(u=0|z,D)","p(u=1|z,D)","p(y=0|x,u=0,z,D)","p(y=1|x,u=0,z,D)","p(y=0|x,u=1,z,D)","p(y=1|x,u=1,z,D)","p(y=0|x,z,D)","p(y=1|x,z,D)","H[p(u|z,D)]","Var[p(u|z,D)]","H[p(y|x,u=0,z,D)]","H[p(y|x,u=1,z,D)]","Var[p(y|x,u=0,z,D)]","Var[p(y|x,u=1,z,D)]","H[p(y|x,D)]","Var[p(y|x,D)]",Va,Ve,Va_variance,Ve_variance,kl_pyx_pyxz,kl_pyxz_pyx,api_calls
14.4,x1 = 14.4,15.0,x1 = 15.0,0.15104481118068827,0.8489551888193116,0.14292659634462865,0.8570734036553713,0.5390816400887076,0.4609183599112924,0.08570061151455073,0.9142993884854492,0.15050081877588178,0.849499181224118,0.59185,0.1225,0.99559,0.42195,0.24847,0.07836,0.61245,0.12823,0.50394,0.10851,0.10267,0.025560000000000013,1.1561758299400045e-06,1.1550327611123705e-06,1000
14.9,x1 = 14.9,15.0,x1 = 15.0,0.15104481118068827,0.8489551888193116,0.13866374862780914,0.8613362513721908,0.5784590682345241,0.42154093176547586,0.09455124356511369,0.9054487564348864,0.16165171652410276,0.8383482834758973,0.58073,0.11944,0.98216,0.45148,0.24384,0.08561,0.61245,0.12823,0.52507,0.08738000000000001,0.10755,0.020680000000000004,0.00042268030446846773,0.00043054281242950986,1030
15.0,x1 = 15.0,15.0,x1 = 15.0,0.15104481118068827,0.8489551888193116,0.15104481118068827,0.8489551888193116,0.7119030620226682,0.2880969379773318,0.06800299086649285,0.931997009133507,0.1652607555335091,0.8347392444664907,0.61245,0.12823,0.86625,0.35843,0.2051,0.06338,0.61245,0.12823,0.43513,0.17732000000000003,0.08479,0.043440000000000006,0.0007501347732773774,0.0007686258869607047,1060
15.4,x1 = 15.4,15.0,x1 = 15.0,0.15104481118068827,0.8489551888193116,0.15958717739677566,0.8404128226032244,0.6217466861491288,0.37825331385087113,0.08579508642864404,0.9142049135713559,0.17132608944932276,0.8286739105506773,0.63332,0.13412,0.9568,0.42228,0.23518,0.07843,0.61245,0.12823,0.50758,0.10487000000000002,0.10345,0.02478000000000001,0.0014970046652845112,0.0015486717970801984,1090
14.7,x1 = 14.7,15.0,x1 = 15.0,0.15104481118068827,0.8489551888193116,0.14030557760430323,0.8596944223956967,0.5601923741286221,0.439807625871378,0.08598677718197684,0.9140132228180231,0.15252046736476932,0.8474795326352306,0.58504,0.12062,0.98952,0.42293,0.24638,0.07859,0.61245,0.12823,0.50243,0.11002,0.10213,0.026100000000000012,8.445703897013964e-06,8.468206489245164e-06,1120
