z_x1,z_note,x_x1,x_note,"p(y=0|x,D)","p(y=1|x,D)","p(u=0|z,D)","p(u=1|z,D)","p(y=0|x,u=0,z,D)","p(y=1|x,u=0,z,D)","p(y=0|x,u=1,z,D)","p(y=1|x,u=1,z,D)","p(y=0|x,z,D)","p(y=1|x,z,D)","H[p(u|z,D)]","Var[p(u|z,D)]","H[p(y|x,u=0,z,D)]","H[p(y|x,u=1,z,D)]","Var[p(y|x,u=0,z,D)]","Var[p(y|x,u=1,z,D)]","H[p(y|x,D)]","Var[p(y|x,D)]",Va,Ve,Va_variance,Ve_variance,kl_pyx_pyxz,kl_pyxz_pyx,api_calls
14.9,x1 = 14.9,15.0,x1 = 15.0,0.13435825447900362,0.8656417455209965,0.12500635832411447,0.8749936416758854,0.5581948954209339,0.44180510457906597,0.08143237167894807,0.9185676283210521,0.1410307185573479,0.8589692814426522,0.54358,0.10938,0.99021,0.40721,0.24661,0.0748,0.56927,0.11631,0.48009,0.08918000000000004,0.09628,0.020029999999999992,0.0001862431520607043,0.00018878889123211985,1000
14.7,x1 = 14.7,15.0,x1 = 15.0,0.13435825447900362,0.8656417455209965,0.1253805449514259,0.8746194550485742,0.5815910202273571,0.4184089797726429,0.07314703175313905,0.9268529682468609,0.13689601610531302,0.863103983894687,0.54463,0.10966,0.98071,0.37756,0.24334,0.0678,0.56927,0.11631,0.45318,0.11609000000000003,0.08981,0.026499999999999996,2.7396276695785052e-05,2.7540722587324987e-05,1030
14.6,x1 = 14.6,15.0,x1 = 15.0,0.13435825447900362,0.8656417455209965,0.12731931535795107,0.872680684642049,0.5844588151506306,0.41554118484936947,0.07576529481144023,0.9242347051885597,0.1405318055480519,0.859468194451948,0.55004,0.11111,0.97932,0.38708,0.24287,0.07002,0.56927,0.11631,0.46248,0.10679000000000005,0.09203,0.024279999999999996,0.00015975164101013697,0.00016177540978745686,1060
14.5,x1 = 14.5,15.0,x1 = 15.0,0.13435825447900362,0.8656417455209965,0.1323894352825292,0.8676105647174708,0.5787491730270193,0.4212508269729807,0.07665830453275393,0.9233416954672462,0.14312983107322436,0.8568701689267758,0.56395,0.11486,0.98203,0.39029,0.2438,0.07078,0.56927,0.11631,0.46863,0.10064000000000006,0.09369,0.02262,0.0003191880666911784,0.00032488315965555244,1090
15.6,x1 = 15.6,15.0,x1 = 15.0,0.13435825447900362,0.8656417455209965,0.1367490710464504,0.8632509289535497,0.604589495205775,0.3954105047942248,0.0785132327166182,0.9214867672833817,0.150453672911599,0.849546327088401,0.57566,0.11805,0.9682,0.39692,0.23906,0.07235,0.56927,0.11631,0.47504,0.09423000000000004,0.09515,0.021159999999999998,0.0010449114987836263,0.0010783011759240568,1120
