z_x1,z_note,x_x1,x_note,"p(y=0|x,D)","p(y=1|x,D)","p(u=0|z,D)","p(u=1|z,D)","p(y=0|x,u=0,z,D)","p(y=1|x,u=0,z,D)","p(y=0|x,u=1,z,D)","p(y=1|x,u=1,z,D)","p(y=0|x,z,D)","p(y=1|x,z,D)","H[p(u|z,D)]","Var[p(u|z,D)]","H[p(y|x,u=0,z,D)]","H[p(y|x,u=1,z,D)]","Var[p(y|x,u=0,z,D)]","Var[p(y|x,u=1,z,D)]","H[p(y|x,D)]","Var[p(y|x,D)]",Va,Ve,Va_variance,Ve_variance,kl_pyx_pyxz,kl_pyxz_pyx,api_calls
4.8,x1 = 4.8,5.0,x1 = 5.0,0.26531912551786174,0.7346808744821384,0.37961755057300556,0.6203824494269944,0.27696202200407766,0.7230379779959222,0.23011275838480608,0.7698872416151938,0.24789756108610295,0.7521024389138968,0.95777,0.23551,0.85128,0.77821,0.20025,0.17716,0.83467,0.19492,0.80595,0.028719999999999968,0.18593,0.008989999999999998,0.0008016643130489068,0.0007898664005381306,680
5.7,x1 = 5.7,5.0,x1 = 5.0,0.26531912551786174,0.7346808744821384,0.21827898758987133,0.7817210124101287,0.3379830040350436,0.6620169959649564,0.24052234209023418,0.759477657909766,0.2617959567093859,0.7382040432906143,0.75701,0.17063,0.92288,0.79591,0.22375,0.18267,0.83467,0.19492,0.82362,0.011050000000000004,0.19164,0.003280000000000005,3.2022003489406287e-05,3.193051021550602e-05,710
4.6,x1 = 4.6,5.0,x1 = 5.0,0.26531912551786174,0.7346808744821384,0.3877648492240764,0.6122351507759235,0.27668703500500075,0.7233129649949992,0.23725340057101008,0.76274659942899,0.2525443778816638,0.7474556221183362,0.96334,0.2374,0.8509,0.79044,0.20013,0.18096,0.83467,0.19492,0.81388,0.020789999999999975,0.18839,0.006530000000000008,0.00042757958463434005,0.0004230279574659254,740
5.0,x1 = 5.0,5.0,x1 = 5.0,0.26531912551786174,0.7346808744821384,0.26531912551786174,0.7346808744821384,0.34825331195473297,0.6517466880452671,0.2462224962987894,0.7537775037012107,0.27329322308449855,0.7267067769155017,0.83467,0.19492,0.9325,0.80524,0.22697,0.1856,0.83467,0.19492,0.839,-0.004329999999999945,0.19658,-0.0016599999999999948,0.00016107203305138103,0.00016207910554490168,770
4.9,x1 = 4.9,5.0,x1 = 5.0,0.26531912551786174,0.7346808744821384,0.42381934721421005,0.57618065278579,0.2633027193404001,0.7366972806595998,0.22509757352747678,0.7749024264725233,0.24128965348613365,0.7587103465138664,0.98319,0.2442,0.83169,0.76937,0.19397,0.17443,0.83467,0.19492,0.79578,0.03888999999999998,0.18271,0.012209999999999999,0.0015432733186323475,0.001511331877538824,800
