z_x1,z_note,x_x1,x_note,"p(y=0|x,D)","p(y=1|x,D)","p(u=0|z,D)","p(u=1|z,D)","p(y=0|x,u=0,z,D)","p(y=1|x,u=0,z,D)","p(y=0|x,u=1,z,D)","p(y=1|x,u=1,z,D)","p(y=0|x,z,D)","p(y=1|x,z,D)","H[p(u|z,D)]","Var[p(u|z,D)]","H[p(y|x,u=0,z,D)]","H[p(y|x,u=1,z,D)]","Var[p(y|x,u=0,z,D)]","Var[p(y|x,u=1,z,D)]","H[p(y|x,D)]","Var[p(y|x,D)]",Va,Ve,Va_variance,Ve_variance,kl_pyx_pyxz,kl_pyxz_pyx,api_calls
15.4,x1 = 15.4,15.0,x1 = 15.0,0.1318009978737466,0.8681990021262533,0.13783388879936181,0.8621661112006382,0.755270939426539,0.24472906057346105,0.050224585321391804,0.949775414678608,0.14740386609151615,0.8525961339084838,0.57854,0.11884,0.80282,0.28735,0.18484,0.0477,0.56236,0.11443,0.3584,0.20395999999999997,0.0666,0.04783,0.0009984817162824074,0.0010301719799273943,1000
14.9,x1 = 14.9,15.0,x1 = 15.0,0.1318009978737466,0.8681990021262533,0.11962952372544038,0.8803704762745597,0.7090899165576524,0.2909100834423476,0.06171930572819857,0.9382806942718014,0.13916394357557355,0.8608360564244264,0.5283,0.10532,0.86989,0.33423,0.20628,0.05791,0.56236,0.11443,0.39831,0.16404999999999997,0.07566,0.03877,0.00022970915914951456,0.00023324616127799996,1030
14.7,x1 = 14.7,15.0,x1 = 15.0,0.1318009978737466,0.8681990021262533,0.12685676351835182,0.873143236481648,0.7073614185679911,0.29263858143200894,0.05897745855728984,0.9410225414427102,0.14122934924145983,0.8587706507585402,0.54875,0.11076,0.87211,0.32337,0.207,0.0555,0.56236,0.11443,0.39298,0.16937999999999998,0.07472,0.03971000000000001,0.0003735293438869164,0.00038084274998797206,1060
14.6,x1 = 14.6,15.0,x1 = 15.0,0.1318009978737466,0.8681990021262533,0.12883784056803013,0.8711621594319698,0.7068999628486312,0.2931000371513688,0.06220657438019157,0.9377934256198085,0.14526747837895151,0.8547325216210485,0.55424,0.11224,0.87269,0.33614,0.20719,0.05834,0.56236,0.11443,0.40527,0.15708999999999995,0.07752,0.03691,0.0007499451464481229,0.000770634648280439,1090
14.5,x1 = 14.5,15.0,x1 = 15.0,0.1318009978737466,0.8681990021262533,0.12901949490660183,0.8709805050933982,0.7100220602075135,0.28997793979248654,0.05535144191858117,0.9446485580814187,0.13981671442041194,0.860183285579588,0.55474,0.11237,0.86869,0.30871,0.20589,0.05229,0.56236,0.11443,0.38096,0.18139999999999995,0.07211,0.04232000000000001,0.0002715247363234063,0.00027606615976636176,1120
