z_x1,z_note,x_x1,x_note,"p(y=0|x,D)","p(y=1|x,D)","p(u=0|z,D)","p(u=1|z,D)","p(y=0|x,u=0,z,D)","p(y=1|x,u=0,z,D)","p(y=0|x,u=1,z,D)","p(y=1|x,u=1,z,D)","p(y=0|x,z,D)","p(y=1|x,z,D)","H[p(u|z,D)]","Var[p(u|z,D)]","H[p(y|x,u=0,z,D)]","H[p(y|x,u=1,z,D)]","Var[p(y|x,u=0,z,D)]","Var[p(y|x,u=1,z,D)]","H[p(y|x,D)]","Var[p(y|x,D)]",Va,Ve,Va_variance,Ve_variance,kl_pyx_pyxz,kl_pyxz_pyx,api_calls
-4.8,x1 = -4.8,-5.0,x1 = -5.0,0.623839454348924,0.37616054565107604,0.6988446334296077,0.3011553665703922,0.5979318802658635,0.4020681197341364,0.49163430915156187,0.5083656908484382,0.5659197962713937,0.4340802037286063,0.8827,0.21046,0.97215,0.9998,0.24041,0.24993,0.95529,0.23466,0.98048,-0.025190000000000046,0.24328,-0.008619999999999989,0.006916157199115126,0.0070224383411853775,360
-5.0,x1 = -5.0,-5.0,x1 = -5.0,0.623839454348924,0.37616054565107604,0.623791751504547,0.3762082484954529,0.6411318780355864,0.3588681219644136,0.4755326164642887,0.5244673835357113,0.5788320698877081,0.4211679301122918,0.95532,0.23468,0.94174,0.99827,0.23008,0.2494,0.95529,0.23466,0.96301,-0.00772000000000006,0.23735,-0.002689999999999998,0.004201492951488431,0.004255225921498476,390
-4.9,x1 = -4.9,-5.0,x1 = -5.0,0.623839454348924,0.37616054565107604,0.6901236859475441,0.3098763140524559,0.6155706626202961,0.3844293373797039,0.48942559433087907,0.5105744056691209,0.5764812938228763,0.42351870617712384,0.89303,0.21385,0.96111,0.99968,0.23664,0.24989,0.95529,0.23466,0.97306,-0.017770000000000064,0.24075,-0.006089999999999984,0.004646486768358528,0.004708256275239631,420
-4.6,x1 = -4.6,-5.0,x1 = -5.0,0.623839454348924,0.37616054565107604,0.6983261414098276,0.3016738585901723,0.6069194554798756,0.3930805445201245,0.4801802219451778,0.5198197780548222,0.5686855418647023,0.4313144581352977,0.88333,0.21067,0.96676,0.99887,0.23857,0.24961,0.95529,0.23466,0.97645,-0.021160000000000068,0.2419,-0.0072399999999999964,0.006279152226647808,0.006372427798043055,450
-5.1,x1 = -5.1,-5.0,x1 = -5.0,0.623839454348924,0.37616054565107604,0.6235469929217854,0.3764530070782146,0.6415679574106973,0.3584320425893027,0.48623272886258934,0.5137672711374106,0.5830915435185803,0.41690845648141966,0.9555,0.23474,0.94137,0.99945,0.22996,0.24981,0.95529,0.23466,0.96323,-0.007940000000000058,0.23743,-0.0027699999999999947,0.0034512904706376427,0.0034921326953936266,480
