z_x1,z_note,x_x1,x_note,"p(y=0|x,D)","p(y=1|x,D)","p(u=0|z,D)","p(u=1|z,D)","p(y=0|x,u=0,z,D)","p(y=1|x,u=0,z,D)","p(y=0|x,u=1,z,D)","p(y=1|x,u=1,z,D)","p(y=0|x,z,D)","p(y=1|x,z,D)","H[p(u|z,D)]","Var[p(u|z,D)]","H[p(y|x,u=0,z,D)]","H[p(y|x,u=1,z,D)]","Var[p(y|x,u=0,z,D)]","Var[p(y|x,u=1,z,D)]","H[p(y|x,D)]","Var[p(y|x,D)]",Va,Ve,Va_variance,Ve_variance,kl_pyx_pyxz,kl_pyxz_pyx,api_calls
0.1,x1 = 0.1,0.0,x1 = 0.0,0.7402831785118437,0.2597168214881564,0.6797585066733945,0.3202414933266055,0.8394570123127103,0.16054298768728964,0.3487986686653523,0.6512013313346477,0.6823278516299217,0.3176721483700784,0.90464,0.21769,0.63561,0.93299,0.13477,0.22714,0.82632,0.19226,0.73084,0.09548000000000001,0.16435,0.02790999999999999,0.00803551763737833,0.008362971377572637,520
-0.3,x1 = -0.3,0.0,x1 = 0.0,0.7402831785118437,0.2597168214881564,0.9030970910989804,0.09690290890101969,0.7064587518389582,0.2935412481610417,0.4813228237473579,0.5186771762526421,0.6846424255087514,0.3153575744912486,0.4591,0.08751,0.87325,0.99899,0.20737,0.24965,0.82632,0.19226,0.88543,-0.059109999999999996,0.21147,-0.019210000000000005,0.007427834930481096,0.0077204354147054,550
-0.8,x1 = -0.8,0.0,x1 = 0.0,0.7402831785118437,0.2597168214881564,0.9323484182567958,0.06765158174320428,0.6752823091205875,0.32471769087941255,0.5054480733929105,0.4945519266070894,0.6637927544394621,0.3362072455605381,0.3571,0.06307,0.90944,0.99991,0.21928,0.24997,0.82632,0.19226,0.91556,-0.08923999999999999,0.22136,-0.029100000000000015,0.013695127271305521,0.01439205589783829,580
0.2,x1 = 0.2,0.0,x1 = 0.0,0.7402831785118437,0.2597168214881564,0.6874104778304382,0.3125895221695618,0.8323039375785235,0.16769606242147655,0.3708112530717607,0.6291887469282393,0.6880461598438062,0.3119538401561939,0.89614,0.21488,0.65241,0.95129,0.13957,0.23331,0.82632,0.19226,0.74584,0.08048000000000011,0.16887,0.023389999999999994,0.006575025189225911,0.0068206461942315125,610
0.3,x1 = 0.3,0.0,x1 = 0.0,0.7402831785118437,0.2597168214881564,0.6777162057061076,0.3222837942938924,0.8286330816981836,0.1713669183018164,0.4121116035542542,0.5878883964457458,0.6943949593170574,0.30560504068294253,0.90685,0.21842,0.66082,0.9776,0.142,0.24228,0.82632,0.19226,0.76291,0.06341000000000008,0.17432,0.017939999999999984,0.00511575553799095,0.005286807526060533,640
