z_x1,z_note,x_x1,x_note,"p(y=0|x,D)","p(y=1|x,D)","p(u=0|z,D)","p(u=1|z,D)","p(y=0|x,u=0,z,D)","p(y=1|x,u=0,z,D)","p(y=0|x,u=1,z,D)","p(y=1|x,u=1,z,D)","p(y=0|x,z,D)","p(y=1|x,z,D)","H[p(u|z,D)]","Var[p(u|z,D)]","H[p(y|x,u=0,z,D)]","H[p(y|x,u=1,z,D)]","Var[p(y|x,u=0,z,D)]","Var[p(y|x,u=1,z,D)]","H[p(y|x,D)]","Var[p(y|x,D)]",Va,Ve,Va_variance,Ve_variance,kl_pyx_pyxz,kl_pyxz_pyx,api_calls
10.0,x1 = 10.0,10.0,x1 = 10.0,0.34381374908559414,0.6561862509144059,0.34381374908559414,0.6561862509144059,0.4813947525786376,0.5186052474213625,0.37509718148791543,0.6249028185120846,0.4116437479233091,0.588356252076691,0.92842,0.22561,0.999,0.95451,0.24965,0.2344,0.92842,0.22561,0.96981,-0.04138999999999993,0.23964,-0.014029999999999987,0.009691329956455275,0.00992308671510718,840
9.9,x1 = 9.9,10.0,x1 = 10.0,0.34381374908559414,0.6561862509144059,0.36135930137401806,0.6386406986259819,0.4922610132949263,0.5077389867050738,0.2687912558883601,0.7312087441116398,0.3495441313030182,0.6504558686969818,0.94381,0.23078,0.99983,0.83972,0.24994,0.19654,0.92842,0.22561,0.89758,0.03083999999999998,0.21584,0.009770000000000001,7.239833054162315e-05,7.258580663875667e-05,870
10.5,x1 = 10.5,10.0,x1 = 10.0,0.34381374908559414,0.6561862509144059,0.3518822250247463,0.6481177749752536,0.5157156933981565,0.48428430660184363,0.32203269852603805,0.6779673014739619,0.3901863017110956,0.6098136982889043,0.93574,0.22806,0.99929,0.90658,0.24975,0.21833,0.92842,0.22561,0.9392,-0.010780000000000012,0.22939,-0.0037800000000000056,0.004591885319334743,0.004674065200321813,900
10.1,x1 = 10.1,10.0,x1 = 10.0,0.34381374908559414,0.6561862509144059,0.3623454049210169,0.637654595078983,0.5094738200769773,0.4905261799230227,0.32226161755401356,0.6777383824459864,0.39009709888335226,0.6099029011166477,0.94461,0.23105,0.99974,0.90682,0.24991,0.21841,0.92842,0.22561,0.94049,-0.012070000000000025,0.22982,-0.0042099999999999915,0.0045745164958678475,0.004656257822205329,930
9.7,x1 = 9.7,10.0,x1 = 10.0,0.34381374908559414,0.6561862509144059,0.37881686823184874,0.6211831317681511,0.4797772644169565,0.5202227355830434,0.2785779666874665,0.7214220333125334,0.35479565454379913,0.6452043454562005,0.9572,0.23531,0.99882,0.85351,0.24959,0.20097,0.92842,0.22561,0.90856,0.01985999999999999,0.21939,0.006220000000000003,0.0002646760992290227,0.00026596414205393333,960
