z_x1,z_note,x_x1,x_note,"p(y=0|x,D)","p(y=1|x,D)","p(u=0|z,D)","p(u=1|z,D)","p(y=0|x,u=0,z,D)","p(y=1|x,u=0,z,D)","p(y=0|x,u=1,z,D)","p(y=1|x,u=1,z,D)","p(y=0|x,z,D)","p(y=1|x,z,D)","H[p(u|z,D)]","Var[p(u|z,D)]","H[p(y|x,u=0,z,D)]","H[p(y|x,u=1,z,D)]","Var[p(y|x,u=0,z,D)]","Var[p(y|x,u=1,z,D)]","H[p(y|x,D)]","Var[p(y|x,D)]",Va,Ve,Va_variance,Ve_variance,kl_pyx_pyxz,kl_pyxz_pyx,api_calls
-14.4,x1 = -14.4,-15.0,x1 = -15.0,0.6303325541750995,0.36966744582490046,0.6221087347815619,0.3778912652184381,0.7090123777132596,0.29098762228674036,0.4692185555401351,0.5307814444598649,0.6183963868606924,0.3816036131393076,0.95654,0.23509,0.86999,0.99726,0.20631,0.24905,0.95042,0.23301,0.91808,0.032340000000000035,0.22246,0.010550000000000004,0.0003031135719339384,0.0003043954587116232,40
-14.9,x1 = -14.9,-15.0,x1 = -15.0,0.6303325541750995,0.36966744582490046,0.6344828483488749,0.3655171516511251,0.7152174160243736,0.2847825839756264,0.46607558496545354,0.5339244150345465,0.6241518035785714,0.37584819642142864,0.94717,0.23191,0.86189,0.99668,0.20368,0.24885,0.95042,0.23301,0.91116,0.03926000000000007,0.22019,0.012819999999999998,8.160386819414025e-05,8.178707166570532e-05,70
-14.7,x1 = -14.7,-15.0,x1 = -15.0,0.6303325541750995,0.36966744582490046,0.6236804071351923,0.37631959286480765,0.713840700011039,0.28615929998896095,0.46591044249465075,0.5340895575053491,0.6205396864436048,0.3794603135563951,0.9554,0.2347,0.86371,0.99664,0.20427,0.24884,0.95042,0.23301,0.91373,0.03669,0.22104,0.011970000000000008,0.00020433365767452,0.0002050492634226419,100
-14.2,x1 = -14.2,-15.0,x1 = -15.0,0.6303325541750995,0.36966744582490046,0.6179449085531981,0.38205509144680194,0.70567595323825,0.29432404676174995,0.47210386799705917,0.5278961320029408,0.6164385488520067,0.38356145114799334,0.95948,0.23609,0.87424,0.99775,0.2077,0.24922,0.95042,0.23301,0.92143,0.02899000000000007,0.22356,0.009449999999999986,0.0004101570137303983,0.00041215889839870887,130
-15.3,x1 = -15.3,-15.0,x1 = -15.0,0.6303325541750995,0.36966744582490046,0.6275980457407935,0.3724019542592064,0.6947811010261461,0.3052188989738539,0.4628372080016521,0.5371627919983479,0.6084047419853362,0.39159525801466377,0.9525,0.23372,0.88758,0.99601,0.21206,0.24862,0.95042,0.23301,0.92796,0.022460000000000035,0.22568,0.007330000000000003,0.0010162194072518803,0.0010237728566432486,160
