z_x1,z_note,x_x1,x_note,"p(y=0|x,D)","p(y=1|x,D)","p(u=0|z,D)","p(u=1|z,D)","p(y=0|x,u=0,z,D)","p(y=1|x,u=0,z,D)","p(y=0|x,u=1,z,D)","p(y=1|x,u=1,z,D)","p(y=0|x,z,D)","p(y=1|x,z,D)","H[p(u|z,D)]","Var[p(u|z,D)]","H[p(y|x,u=0,z,D)]","H[p(y|x,u=1,z,D)]","Var[p(y|x,u=0,z,D)]","Var[p(y|x,u=1,z,D)]","H[p(y|x,D)]","Var[p(y|x,D)]",Va,Ve,Va_variance,Ve_variance,kl_pyx_pyxz,kl_pyxz_pyx,api_calls
-4.9,x1 = -4.9,-5.0,x1 = -5.0,0.5735919486184071,0.42640805138159293,0.5888448727084885,0.4111551272915115,0.6039981529312927,0.39600184706870734,0.5247751946655652,0.47522480533443473,0.5714252274411374,0.42857477255886256,0.9771,0.24211,0.96856,0.99823,0.23918,0.24939,0.98432,0.24458,0.98076,0.0035600000000000076,0.24338,0.0011999999999999789,9.589025552319327e-06,9.59313006002353e-06,360
-4.5,x1 = -4.5,-5.0,x1 = -5.0,0.5735919486184071,0.42640805138159293,0.5918938839688875,0.40810611603111235,0.5919836030468806,0.40801639695311936,0.5310647721846935,0.46893522781530655,0.5671222555905571,0.4328777444094428,0.9755,0.24156,0.97545,0.99721,0.24154,0.24903,0.98432,0.24458,0.98433,-1.0000000000065512e-05,0.2446,-2.0000000000020002e-05,8.535334490135469e-05,8.545911231490691e-05,390
-4.7,x1 = -4.7,-5.0,x1 = -5.0,0.5735919486184071,0.42640805138159293,0.5827468556019781,0.41725314439802175,0.598011886778852,0.4019881132211481,0.5279438348473179,0.4720561651526821,0.5687757717885754,0.4312242282114245,0.98015,0.24315,0.9721,0.99775,0.24039,0.24922,0.98432,0.24458,0.9828,0.0015199999999999658,0.24407,0.0005099999999999827,4.7329164008283985e-05,4.7373350172182777e-05,420
-5.0,x1 = -5.0,-5.0,x1 = -5.0,0.5735919486184071,0.42640805138159293,0.5735919486184071,0.42640805138159293,0.5801239280346656,0.4198760719653344,0.5217981121892865,0.47820188781071354,0.555253330554796,0.44474666944520413,0.98432,0.24458,0.9814,0.99863,0.24358,0.24952,0.98432,0.24458,0.98875,-0.004430000000000045,0.24611,-0.0015300000000000036,0.0006829515884063178,0.0006851436961874506,450
-4.8,x1 = -4.8,-5.0,x1 = -5.0,0.5735919486184071,0.42640805138159293,0.59189388331951,0.40810611668048996,0.5919836036962581,0.40801639630374176,0.5248471220961137,0.47515287790388633,0.564584794902832,0.4354152050971679,0.9755,0.24156,0.97545,0.99822,0.24154,0.24938,0.98432,0.24458,0.98474,-0.00041999999999997595,0.24474,-0.00016000000000002124,0.00016528087175387424,0.00016556074111620175,480
