z_x1,z_note,x_x1,x_note,"p(y=0|x,D)","p(y=1|x,D)","p(u=0|z,D)","p(u=1|z,D)","p(y=0|x,u=0,z,D)","p(y=1|x,u=0,z,D)","p(y=0|x,u=1,z,D)","p(y=1|x,u=1,z,D)","p(y=0|x,z,D)","p(y=1|x,z,D)","H[p(u|z,D)]","Var[p(u|z,D)]","H[p(y|x,u=0,z,D)]","H[p(y|x,u=1,z,D)]","Var[p(y|x,u=0,z,D)]","Var[p(y|x,u=1,z,D)]","H[p(y|x,D)]","Var[p(y|x,D)]",Va,Ve,Va_variance,Ve_variance,kl_pyx_pyxz,kl_pyxz_pyx,api_calls
4.5,x1 = 4.5,5.0,x1 = 5.0,0.18261039995926792,0.8173896000407321,0.21898877465169045,0.7810112253483095,0.2812807395289968,0.718719260471003,0.1376837250337614,0.8623162749662387,0.169129859281714,0.8308701407182859,0.75832,0.17103,0.85719,0.57814,0.20216,0.11873,0.68575,0.14926,0.63925,0.046499999999999986,0.137,0.012259999999999993,0.00063345907013743,0.000620848211279822,680
4.9,x1 = 4.9,5.0,x1 = 5.0,0.18261039995926792,0.8173896000407321,0.2079664409658093,0.7920335590341907,0.20609410489189703,0.7939058951081029,0.10478828369038137,0.8952117163096187,0.12585649477477923,0.8741435052252209,0.73758,0.16472,0.73395,0.48399,0.16362,0.09381,0.68575,0.14926,0.53597,0.14978000000000002,0.10833,0.04093000000000001,0.01309958288243182,0.011834751706765748,710
5.0,x1 = 5.0,5.0,x1 = 5.0,0.18261039995926792,0.8173896000407321,0.18436563685579382,0.8156343631442062,0.6218641734403254,0.3781358265596745,0.11979071845862041,0.8802092815413797,0.2123558107347112,0.787644189265289,0.68953,0.15037,0.95671,0.52876,0.23515,0.10544,0.68575,0.14926,0.60766,0.07808999999999999,0.12935,0.01991000000000001,0.002742714282118159,0.0028487594822620213,740
5.3,x1 = 5.3,5.0,x1 = 5.0,0.18261039995926792,0.8173896000407321,0.1694713214574389,0.830528678542561,0.42296163476195775,0.5770383652380422,0.1442073179106742,0.8557926820893258,0.19144818034942684,0.808551819650573,0.65649,0.14075,0.98281,0.59515,0.24407,0.12341,0.68575,0.14926,0.66085,0.024899999999999922,0.14386,0.005400000000000016,0.00025532680285838584,0.0002584427939010085,770
4.7,x1 = 4.7,5.0,x1 = 5.0,0.18261039995926792,0.8173896000407321,0.19762607014925654,0.8023739298507435,0.28078503361563245,0.7192149663843675,0.11477313366606276,0.8852268663339373,0.14758141305110778,0.8524185869488923,0.71715,0.15857,0.85652,0.51415,0.20194,0.1016,0.68575,0.14926,0.58181,0.10393999999999992,0.12143,0.027830000000000008,0.004592253899610724,0.004337924020929071,800
