z_x1,z_note,x_x1,x_note,"p(y=0|x,D)","p(y=1|x,D)","p(u=0|z,D)","p(u=1|z,D)","p(y=0|x,u=0,z,D)","p(y=1|x,u=0,z,D)","p(y=0|x,u=1,z,D)","p(y=1|x,u=1,z,D)","p(y=0|x,z,D)","p(y=1|x,z,D)","H[p(u|z,D)]","Var[p(u|z,D)]","H[p(y|x,u=0,z,D)]","H[p(y|x,u=1,z,D)]","Var[p(y|x,u=0,z,D)]","Var[p(y|x,u=1,z,D)]","H[p(y|x,D)]","Var[p(y|x,D)]",Va,Ve,Va_variance,Ve_variance,kl_pyx_pyxz,kl_pyxz_pyx,api_calls
2.0,x1 = 2.0,2.0,x1 = 2.0,0.5675446322086011,0.43245536779139904,0.5675446322086011,0.43245536779139904,0.8818996783358365,0.1181003216641636,0.16687491074856328,0.8331250892514367,0.5726833794889228,0.42731662051107744,0.9868,0.24544,0.52388,0.65051,0.10415,0.13903,0.9868,0.24544,0.57864,0.40815999999999997,0.11923,0.12621,5.3899719140456e-05,5.3846918414645305e-05,3440
