z_x1,z_note,x_x1,x_note,"p(y=0|x,D)","p(y=1|x,D)","p(u=0|z,D)","p(u=1|z,D)","p(y=0|x,u=0,z,D)","p(y=1|x,u=0,z,D)","p(y=0|x,u=1,z,D)","p(y=1|x,u=1,z,D)","p(y=0|x,z,D)","p(y=1|x,z,D)","H[p(u|z,D)]","Var[p(u|z,D)]","H[p(y|x,u=0,z,D)]","H[p(y|x,u=1,z,D)]","Var[p(y|x,u=0,z,D)]","Var[p(y|x,u=1,z,D)]","H[p(y|x,D)]","Var[p(y|x,D)]",Va,Ve,Va_variance,Ve_variance,kl_pyx_pyxz,kl_pyxz_pyx,api_calls
-6.2,x1 = -6.2,-6.2,x1 = -6.2,0.9466456016612934,0.0533543983387067,0.9474117135132651,0.052588286486734824,0.9789106240074762,0.021089375992523827,0.3752248060315537,0.6247751939684462,0.9471638212637795,0.052836178736220485,0.29729,0.04982,0.14751,0.9546,0.02064,0.23443,0.30048,0.05051,0.18995,0.11053000000000002,0.03188,0.01863,2.674884448211753e-06,2.66668250232735e-06,1800
