z_x1,z_note,x_x1,x_note,"p(y=0|x,D)","p(y=1|x,D)","p(u=0|z,D)","p(u=1|z,D)","p(y=0|x,u=0,z,D)","p(y=1|x,u=0,z,D)","p(y=0|x,u=1,z,D)","p(y=1|x,u=1,z,D)","p(y=0|x,z,D)","p(y=1|x,z,D)","H[p(u|z,D)]","Var[p(u|z,D)]","H[p(y|x,u=0,z,D)]","H[p(y|x,u=1,z,D)]","Var[p(y|x,u=0,z,D)]","Var[p(y|x,u=1,z,D)]","H[p(y|x,D)]","Var[p(y|x,D)]",Va,Ve,Va_variance,Ve_variance,kl_pyx_pyxz,kl_pyxz_pyx,api_calls
-13.0,x1 = -13.0,-13.0,x1 = -13.0,0.9445543507828441,0.055445649217155925,0.944554350722768,0.055445649277231966,0.9793051445735811,0.020694855426418975,0.24028501488914972,0.7597149851108502,0.9383296936542836,0.061670306345716436,0.30909,0.05237,0.14532,0.79551,0.02027,0.18255,0.30909,0.05237,0.18137,0.12771999999999997,0.02927,0.0231,0.0003458793153143704,0.0003575764429249338,440
