z_x1,z_note,x_x1,x_note,"p(y=0|x,D)","p(y=1|x,D)","p(u=0|z,D)","p(u=1|z,D)","p(y=0|x,u=0,z,D)","p(y=1|x,u=0,z,D)","p(y=0|x,u=1,z,D)","p(y=1|x,u=1,z,D)","p(y=0|x,z,D)","p(y=1|x,z,D)","H[p(u|z,D)]","Var[p(u|z,D)]","H[p(y|x,u=0,z,D)]","H[p(y|x,u=1,z,D)]","Var[p(y|x,u=0,z,D)]","Var[p(y|x,u=1,z,D)]","H[p(y|x,D)]","Var[p(y|x,D)]",Va,Ve,Va_variance,Ve_variance,kl_pyx_pyxz,kl_pyxz_pyx,api_calls
-14.8,x1 = -14.8,-14.8,x1 = -14.8,0.9482512005948187,0.05174879940518119,0.9492762414528041,0.050723758547195893,0.9810116734640151,0.018988326535985107,0.2668035929295991,0.7331964070704009,0.9447843552345311,0.05521564476546905,0.28946,0.04815,0.13572,0.83684,0.01863,0.19562,0.29378,0.04907,0.17128,0.1225,0.02761,0.021460000000000003,0.0001175421995211548,0.0001199638931492406,80
