z_x1,z_note,x_x1,x_note,"p(y=0|x,D)","p(y=1|x,D)","p(u=0|z,D)","p(u=1|z,D)","p(y=0|x,u=0,z,D)","p(y=1|x,u=0,z,D)","p(y=0|x,u=1,z,D)","p(y=1|x,u=1,z,D)","p(y=0|x,z,D)","p(y=1|x,z,D)","H[p(u|z,D)]","Var[p(u|z,D)]","H[p(y|x,u=0,z,D)]","H[p(y|x,u=1,z,D)]","Var[p(y|x,u=0,z,D)]","Var[p(y|x,u=1,z,D)]","H[p(y|x,D)]","Var[p(y|x,D)]",Va,Ve,Va_variance,Ve_variance,kl_pyx_pyxz,kl_pyxz_pyx,api_calls
-11.2,x1 = -11.2,-11.2,x1 = -11.2,0.9484217163349346,0.05157828366506536,0.9479976256017991,0.05200237439820092,0.9795126016286725,0.02048739837132751,0.27501468876346075,0.7249853112365392,0.9428770374011047,0.05712296259889538,0.29484,0.0493,0.14417,0.84857,0.02007,0.19938,0.29306,0.04892,0.1808,0.11226,0.02939,0.01953,0.0002945257910726973,0.00030412671167043097,800
