z_x1,z_note,x_x1,x_note,"p(y=0|x,D)","p(y=1|x,D)","p(u=0|z,D)","p(u=1|z,D)","p(y=0|x,u=0,z,D)","p(y=1|x,u=0,z,D)","p(y=0|x,u=1,z,D)","p(y=1|x,u=1,z,D)","p(y=0|x,z,D)","p(y=1|x,z,D)","H[p(u|z,D)]","Var[p(u|z,D)]","H[p(y|x,u=0,z,D)]","H[p(y|x,u=1,z,D)]","Var[p(y|x,u=0,z,D)]","Var[p(y|x,u=1,z,D)]","H[p(y|x,D)]","Var[p(y|x,D)]",Va,Ve,Va_variance,Ve_variance,kl_pyx_pyxz,kl_pyxz_pyx,api_calls
-13.4,x1 = -13.4,-13.4,x1 = -13.4,0.9451189335247223,0.054881066475277705,0.9451189335247223,0.054881066475277705,0.9776702572595652,0.02232974274043474,0.2735987046570871,0.726401295342913,0.9390300595778367,0.06096994042216333,0.30678,0.05187,0.15433,0.84658,0.02183,0.19874,0.30678,0.05187,0.19232,0.11446,0.03154,0.02033,0.000334395436868324,0.0003455846197506409,360
