z_x1,z_note,x_x1,x_note,"p(y=0|x,D)","p(y=1|x,D)","p(u=0|z,D)","p(u=1|z,D)","p(y=0|x,u=0,z,D)","p(y=1|x,u=0,z,D)","p(y=0|x,u=1,z,D)","p(y=1|x,u=1,z,D)","p(y=0|x,z,D)","p(y=1|x,z,D)","H[p(u|z,D)]","Var[p(u|z,D)]","H[p(y|x,u=0,z,D)]","H[p(y|x,u=1,z,D)]","Var[p(y|x,u=0,z,D)]","Var[p(y|x,u=1,z,D)]","H[p(y|x,D)]","Var[p(y|x,D)]",Va,Ve,Va_variance,Ve_variance,kl_pyx_pyxz,kl_pyxz_pyx,api_calls
-1.2,x1 = -1.2,-1.2,x1 = -1.2,0.6694149348233553,0.33058506517664465,0.664050020913766,0.3359499790862341,0.8286090875657679,0.17139091243423213,0.37909133691912367,0.6209086630808763,0.6775936086371369,0.32240639136286325,0.92089,0.22309,0.66088,0.9574,0.14202,0.23538,0.91552,0.2213,0.7605,0.15502000000000005,0.17338,0.04791999999999999,0.0001524292193913531,0.00015177480573912681,2800
