z_x1,z_note,x_x1,x_note,"p(y=0|x,D)","p(y=1|x,D)","p(u=0|z,D)","p(u=1|z,D)","p(y=0|x,u=0,z,D)","p(y=1|x,u=0,z,D)","p(y=0|x,u=1,z,D)","p(y=1|x,u=1,z,D)","p(y=0|x,z,D)","p(y=1|x,z,D)","H[p(u|z,D)]","Var[p(u|z,D)]","H[p(y|x,u=0,z,D)]","H[p(y|x,u=1,z,D)]","Var[p(y|x,u=0,z,D)]","Var[p(y|x,u=1,z,D)]","H[p(y|x,D)]","Var[p(y|x,D)]",Va,Ve,Va_variance,Ve_variance,kl_pyx_pyxz,kl_pyxz_pyx,api_calls
12.2,x1 = 12.2,12.2,x1 = 12.2,0.0651510279246122,0.9348489720753879,0.0677168674547232,0.9322831325452767,0.8079644864597493,0.1920355135402507,0.030786335992042512,0.9692136640079575,0.08341440579597113,0.9165855942040289,0.35735,0.06313,0.70571,0.19832,0.15516,0.02984,0.34756,0.06091,0.23268,0.11487999999999998,0.03833,0.022579999999999996,0.002344471905660884,0.0025289731059386783,5480
