z_x1,z_note,x_x1,x_note,"p(y=0|x,D)","p(y=1|x,D)","p(u=0|z,D)","p(u=1|z,D)","p(y=0|x,u=0,z,D)","p(y=1|x,u=0,z,D)","p(y=0|x,u=1,z,D)","p(y=1|x,u=1,z,D)","p(y=0|x,z,D)","p(y=1|x,z,D)","H[p(u|z,D)]","Var[p(u|z,D)]","H[p(y|x,u=0,z,D)]","H[p(y|x,u=1,z,D)]","Var[p(y|x,u=0,z,D)]","Var[p(y|x,u=1,z,D)]","H[p(y|x,D)]","Var[p(y|x,D)]",Va,Ve,Va_variance,Ve_variance,kl_pyx_pyxz,kl_pyxz_pyx,api_calls
-7.8,x1 = -7.8,-7.8,x1 = -7.8,0.9482581516124421,0.051741848387558,0.9484742603251443,0.05152573967485595,0.9801051971792492,0.019894802820750783,0.3183672497044009,0.6816327502955992,0.9460086599646869,0.05399134003531332,0.29284,0.04887,0.14085,0.9026,0.0195,0.21701,0.29375,0.04906,0.1801,0.11365,0.02968,0.019379999999999998,5.019844081999075e-05,5.0875306318886194e-05,1480
