z_x1,z_note,x_x1,x_note,"p(y=0|x,D)","p(y=1|x,D)","p(u=0|z,D)","p(u=1|z,D)","p(y=0|x,u=0,z,D)","p(y=1|x,u=0,z,D)","p(y=0|x,u=1,z,D)","p(y=1|x,u=1,z,D)","p(y=0|x,z,D)","p(y=1|x,z,D)","H[p(u|z,D)]","Var[p(u|z,D)]","H[p(y|x,u=0,z,D)]","H[p(y|x,u=1,z,D)]","Var[p(y|x,u=0,z,D)]","Var[p(y|x,u=1,z,D)]","H[p(y|x,D)]","Var[p(y|x,D)]",Va,Ve,Va_variance,Ve_variance,kl_pyx_pyxz,kl_pyxz_pyx,api_calls
14.8,x1 = 14.8,14.8,x1 = 14.8,0.0787150457692278,0.9212849542307723,0.07946105019336872,0.9205389498066312,0.8115440336405433,0.18845596635945663,0.0306858623939588,0.9693141376060412,0.09273367273328575,0.9072663272667142,0.40028,0.07315,0.69823,0.19782,0.15294,0.02974,0.39764,0.07252,0.23758,0.16005999999999998,0.03953,0.03299,0.001225191615380707,0.001287376392181943,6000
