z_x1,z_note,x_x1,x_note,"p(y=0|x,D)","p(y=1|x,D)","p(u=0|z,D)","p(u=1|z,D)","p(y=0|x,u=0,z,D)","p(y=1|x,u=0,z,D)","p(y=0|x,u=1,z,D)","p(y=1|x,u=1,z,D)","p(y=0|x,z,D)","p(y=1|x,z,D)","H[p(u|z,D)]","Var[p(u|z,D)]","H[p(y|x,u=0,z,D)]","H[p(y|x,u=1,z,D)]","Var[p(y|x,u=0,z,D)]","Var[p(y|x,u=1,z,D)]","H[p(y|x,D)]","Var[p(y|x,D)]",Va,Ve,Va_variance,Ve_variance,kl_pyx_pyxz,kl_pyxz_pyx,api_calls
-9.6,x1 = -9.6,-9.6,x1 = -9.6,0.9545711603554489,0.045428839644551224,0.954995251061777,0.04500474893822306,0.9798711875771818,0.0201288124228182,0.32267846782264004,0.67732153217736,0.9502943942206007,0.04970560577939934,0.26479,0.04298,0.14216,0.90727,0.01972,0.21856,0.26665,0.04337,0.17659,0.09006,0.02867,0.014699999999999998,0.00019911633875505878,0.00020487104851440053,1120
