z_x1,z_note,x_x1,x_note,"p(y=0|x,D)","p(y=1|x,D)","p(u=0|z,D)","p(u=1|z,D)","p(y=0|x,u=0,z,D)","p(y=1|x,u=0,z,D)","p(y=0|x,u=1,z,D)","p(y=1|x,u=1,z,D)","p(y=0|x,z,D)","p(y=1|x,z,D)","H[p(u|z,D)]","Var[p(u|z,D)]","H[p(y|x,u=0,z,D)]","H[p(y|x,u=1,z,D)]","Var[p(y|x,u=0,z,D)]","Var[p(y|x,u=1,z,D)]","H[p(y|x,D)]","Var[p(y|x,D)]",Va,Ve,Va_variance,Ve_variance,kl_pyx_pyxz,kl_pyxz_pyx,api_calls
-9.7,x1 = -9.7,-10.0,x1 = -10.0,0.7929936999142113,0.20700630008578874,0.8114137193329588,0.1885862806670412,0.8648360352417861,0.13516396475821407,0.5122911878604132,0.4877088121395867,0.7983509137058032,0.2016490862941968,0.6985,0.15302,0.57143,0.99956,0.11689,0.24985,0.73572,0.16415,0.65217,0.08355000000000001,0.14196,0.022189999999999988,8.855535961403791e-05,8.798199469416644e-05,200
-10.1,x1 = -10.1,-10.0,x1 = -10.0,0.7929936999142113,0.20700630008578874,0.796290527096857,0.20370947290314295,0.8878696007730585,0.1121303992269413,0.47591218343664765,0.5240878165633525,0.8039499724289182,0.1960500275710817,0.72929,0.16221,0.50631,0.99833,0.09956,0.24942,0.73572,0.16415,0.60654,0.12918000000000007,0.13009,0.03405999999999998,0.00037559511510853495,0.0003705393748992935,230
-10.0,x1 = -10.0,-10.0,x1 = -10.0,0.7929936999142113,0.20700630008578874,0.7963336260303195,0.2036663739696804,0.8950481981562912,0.1049518018437087,0.44676483215365054,0.5532351678463494,0.8037479504916102,0.19625204950838965,0.7292,0.16219,0.4845,0.99181,0.09394,0.24717,0.73572,0.16415,0.58782,0.14790000000000003,0.12515,0.03899999999999998,0.0003616868067071819,0.00035691089056849937,260
-9.9,x1 = -9.9,-10.0,x1 = -10.0,0.7929936999142113,0.20700630008578874,0.8126271645864277,0.18737283541357233,0.8605015633525523,0.1394984366474477,0.5243776661662894,0.47562233383371055,0.7975210756865022,0.20247892431349784,0.69594,0.15226,0.58292,0.99828,0.12004,0.24941,0.73572,0.16415,0.66075,0.07497000000000009,0.14428,0.01987,6.31172935683091e-05,6.277276819857767e-05,290
-9.5,x1 = -9.5,-10.0,x1 = -10.0,0.7929936999142113,0.20700630008578874,0.809460128224147,0.190539871775853,0.8654105833748673,0.1345894166251328,0.5301393220142279,0.46986067798577213,0.8015280402250826,0.19847195977491752,0.7026,0.15423,0.56989,0.99738,0.11648,0.24909,0.73572,0.16415,0.65134,0.08438000000000001,0.14175,0.022400000000000003,0.0002265115981267083,0.00022415343835420487,320
