z_x1,z_note,x_x1,x_note,"p(y=0|x,D)","p(y=1|x,D)","p(u=0|z,D)","p(u=1|z,D)","p(y=0|x,u=0,z,D)","p(y=1|x,u=0,z,D)","p(y=0|x,u=1,z,D)","p(y=1|x,u=1,z,D)","p(y=0|x,z,D)","p(y=1|x,z,D)","H[p(u|z,D)]","Var[p(u|z,D)]","H[p(y|x,u=0,z,D)]","H[p(y|x,u=1,z,D)]","Var[p(y|x,u=0,z,D)]","Var[p(y|x,u=1,z,D)]","H[p(y|x,D)]","Var[p(y|x,D)]",Va,Ve,Va_variance,Ve_variance,kl_pyx_pyxz,kl_pyxz_pyx,api_calls
-14.4,x1 = -14.4,-15.0,x1 = -15.0,0.8102813491687882,0.1897186508312118,0.8033693874463598,0.1966306125536402,0.8755683370926068,0.12443166290739316,0.40831978260559965,0.5916802173944004,0.7836929676090236,0.21630703239097632,0.71514,0.15797,0.54197,0.97561,0.10895,0.24159,0.70088,0.15373,0.62724,0.07363999999999993,0.13503,0.018699999999999994,0.0021515345159860977,0.002222809052657336,40
-14.9,x1 = -14.9,-15.0,x1 = -15.0,0.8102813491687882,0.1897186508312118,0.8058298110808501,0.1941701889191499,0.863245294243779,0.1367547057562209,0.40326181539342487,0.5967381846065751,0.773930215255718,0.22606978474428197,0.71011,0.15647,0.57568,0.97283,0.11805,0.24064,0.70088,0.15373,0.65279,0.048089999999999966,0.14185,0.011880000000000002,0.003933798610416268,0.004107121928564793,70
-14.7,x1 = -14.7,-15.0,x1 = -15.0,0.8102813491687882,0.1897186508312118,0.8090530794358208,0.1909469205641791,0.8746516048554869,0.12534839514451318,0.4053405098394685,0.5946594901605315,0.7850380964755752,0.21496190352442474,0.70345,0.15449,0.54454,0.97399,0.10964,0.24104,0.70088,0.15373,0.62654,0.07433999999999996,0.13473,0.019000000000000017,0.0019454313096919813,0.0020068521263237778,100
-14.2,x1 = -14.2,-15.0,x1 = -15.0,0.8102813491687882,0.1897186508312118,0.8071918756119558,0.19280812438804432,0.8792198521783499,0.12078014782165003,0.3962575338713648,0.6037424661286352,0.7861007934354786,0.2138992065645215,0.70731,0.15563,0.5316,0.96872,0.10619,0.23924,0.70088,0.15373,0.61588,0.08499999999999996,0.13184,0.021889999999999993,0.0017895336836222311,0.0018438179768749396,130
-15.3,x1 = -15.3,-15.0,x1 = -15.0,0.8102813491687882,0.1897186508312118,0.8084904442966698,0.19150955570333014,0.8785055821929152,0.12149441780708461,0.372643603693658,0.627356396306342,0.7816281794433149,0.21837182055668494,0.70462,0.15483,0.53364,0.95268,0.10673,0.23378,0.70088,0.15373,0.61389,0.0869899999999999,0.13106,0.022669999999999996,0.0024867958313274895,0.0025750558708288428,160
