z_x1,z_note,x_x1,x_note,"p(y=0|x,D)","p(y=1|x,D)","p(u=0|z,D)","p(u=1|z,D)","p(y=0|x,u=0,z,D)","p(y=1|x,u=0,z,D)","p(y=0|x,u=1,z,D)","p(y=1|x,u=1,z,D)","p(y=0|x,z,D)","p(y=1|x,z,D)","H[p(u|z,D)]","Var[p(u|z,D)]","H[p(y|x,u=0,z,D)]","H[p(y|x,u=1,z,D)]","Var[p(y|x,u=0,z,D)]","Var[p(y|x,u=1,z,D)]","H[p(y|x,D)]","Var[p(y|x,D)]",Va,Ve,Va_variance,Ve_variance,kl_pyx_pyxz,kl_pyxz_pyx,api_calls
10.5,x1 = 10.5,10.0,x1 = 10.0,0.062484273415376566,0.9375157265846236,0.06031477305553919,0.9396852269444608,0.44959986988034384,0.5504001301196562,0.04278511809326202,0.957214881906738,0.06732205752294536,0.9326779424770546,0.32869,0.05668,0.99266,0.25492,0.24746,0.04095,0.33723,0.05858,0.29942,0.037809999999999955,0.05341,0.005170000000000001,0.00019066747174191663,0.00019512940511158365,840
10.1,x1 = 10.1,10.0,x1 = 10.0,0.062484273415376566,0.9375157265846236,0.060790857605226234,0.9392091423947738,0.44635893059667736,0.5536410694033227,0.04273476169386449,0.9572652383061355,0.06727142107166317,0.9327285789283368,0.33058,0.0571,0.99168,0.25469,0.24712,0.04091,0.33723,0.05858,0.29949,0.037739999999999996,0.05345,0.005130000000000003,0.00018678513536248432,0.00019111174231910017,870
9.7,x1 = 9.7,10.0,x1 = 10.0,0.062484273415376566,0.9375157265846236,0.046946655264439155,0.9530533447355609,0.2818014207494151,0.7181985792505851,0.040791425809671926,0.9592085741903281,0.05210603895739228,0.9478939610426078,0.27328,0.04474,0.85789,0.24591,0.20239,0.03913,0.33723,0.05858,0.27464,0.06258999999999998,0.04679,0.011790000000000002,0.0010280597141117207,0.0009712361112663125,900
9.3,x1 = 9.3,10.0,x1 = 10.0,0.062484273415376566,0.9375157265846236,0.049682963957295226,0.9503170360427047,0.2814057254920673,0.7185942745079326,0.04166774077439499,0.9583322592256052,0.05357863442831769,0.9464213655716823,0.28505,0.04721,0.85736,0.24989,0.20222,0.03993,0.33723,0.05858,0.28007,0.05715999999999999,0.04799,0.010590000000000002,0.0007442576820619034,0.000709310719780018,930
9.9,x1 = 9.9,10.0,x1 = 10.0,0.062484273415376566,0.9375157265846236,0.04507733510496347,0.9549226648950366,0.30706233864230814,0.6929376613576919,0.040589504105178635,0.9594104958948215,0.05260138936397831,0.9473986106360219,0.26511,0.04305,0.88975,0.24499,0.21278,0.03894,0.33723,0.05858,0.27405,0.06317999999999996,0.04678,0.011799999999999998,0.0009269085065601122,0.0008782868179755248,960
