z_x1,z_note,x_x1,x_note,"p(y=0|x,D)","p(y=1|x,D)","p(u=0|z,D)","p(u=1|z,D)","p(y=0|x,u=0,z,D)","p(y=1|x,u=0,z,D)","p(y=0|x,u=1,z,D)","p(y=1|x,u=1,z,D)","p(y=0|x,z,D)","p(y=1|x,z,D)","H[p(u|z,D)]","Var[p(u|z,D)]","H[p(y|x,u=0,z,D)]","H[p(y|x,u=1,z,D)]","Var[p(y|x,u=0,z,D)]","Var[p(y|x,u=1,z,D)]","H[p(y|x,D)]","Var[p(y|x,D)]",Va,Ve,Va_variance,Ve_variance,kl_pyx_pyxz,kl_pyxz_pyx,api_calls
9.9,x1 = 9.9,10.0,x1 = 10.0,0.10616071145590414,0.8938392885440958,0.09345348406794321,0.9065465159320567,0.3841728609987568,0.6158271390012431,0.09673224367055741,0.9032677563294426,0.12359457082251804,0.8764054291774819,0.44789,0.08472,0.96094,0.45855,0.23658,0.08738,0.48823,0.09489,0.5055,-0.017269999999999952,0.10132,-0.006429999999999991,0.0014641176066818376,0.0015301427998111253,840
10.5,x1 = 10.5,10.0,x1 = 10.0,0.10616071145590414,0.8938392885440958,0.1079483128609664,0.8920516871390335,0.5457655540468925,0.45423444595310736,0.10857096804019324,0.8914290319598068,0.1557653859915651,0.8442346140084348,0.4937,0.0963,0.99395,0.49559,0.24791,0.09678,0.48823,0.09489,0.54939,-0.06116000000000005,0.11309,-0.018199999999999994,0.010332570512425893,0.011517911880402208,870
10.1,x1 = 10.1,10.0,x1 = 10.0,0.10616071145590414,0.8938392885440958,0.11015412648302003,0.8898458735169801,0.5566655396187078,0.4433344603812923,0.1101232923913841,0.8898767076086159,0.15931176357247473,0.8406882364275254,0.50038,0.09802,0.99072,0.50029,0.24679,0.098,0.48823,0.09489,0.55431,-0.06607999999999997,0.11439,-0.019500000000000003,0.01170532826197885,0.013127591371335144,900
9.7,x1 = 9.7,10.0,x1 = 10.0,0.10616071145590414,0.8938392885440958,0.09594017319399548,0.9040598268060046,0.36213252285976466,0.6378674771402353,0.09908900353474488,0.9009109964652551,0.12432544433634538,0.8756745556636547,0.45599,0.08674,0.94444,0.4661,0.23099,0.08927,0.48823,0.09489,0.51199,-0.023759999999999948,0.10287,-0.007980000000000001,0.0015839110665303302,0.0016581317117830771,930
9.3,x1 = 9.3,10.0,x1 = 10.0,0.10616071145590414,0.8938392885440958,0.10049522488781089,0.8995047751121892,0.34139457426953734,0.6586054257304628,0.09157375036783735,0.9084262496321627,0.1166795502474969,0.8833204497525032,0.47056,0.0904,0.92615,0.4417,0.22484,0.08319,0.48823,0.09489,0.49038,-0.0021499999999999853,0.09743,-0.0025400000000000006,0.0005514557326752774,0.0005668561485813288,960
