z_x1,z_note,x_x1,x_note,"p(y=0|x,D)","p(y=1|x,D)","p(u=0|z,D)","p(u=1|z,D)","p(y=0|x,u=0,z,D)","p(y=1|x,u=0,z,D)","p(y=0|x,u=1,z,D)","p(y=1|x,u=1,z,D)","p(y=0|x,z,D)","p(y=1|x,z,D)","H[p(u|z,D)]","Var[p(u|z,D)]","H[p(y|x,u=0,z,D)]","H[p(y|x,u=1,z,D)]","Var[p(y|x,u=0,z,D)]","Var[p(y|x,u=1,z,D)]","H[p(y|x,D)]","Var[p(y|x,D)]",Va,Ve,Va_variance,Ve_variance,kl_pyx_pyxz,kl_pyxz_pyx,api_calls
-0.1,x1 = -0.1,0.0,x1 = 0.0,0.45668929539548664,0.5433107046045134,0.48167165011904256,0.5183283498809574,0.4720561651526821,0.5279438348473179,0.3756185615574018,0.6243814384425982,0.42206982121466663,0.5779301787853335,0.99903,0.24966,0.99775,0.95489,0.24922,0.23453,0.99458,0.24812,0.97553,0.01905000000000001,0.24161,0.006510000000000016,0.002440741678063789,0.002426902989646207,520
0.1,x1 = 0.1,0.0,x1 = 0.0,0.45668929539548664,0.5433107046045134,0.4535228451618682,0.5464771548381318,0.4844437624854647,0.5155562375145353,0.3750274433835318,0.6249725566164682,0.4246502437297793,0.5753497562702207,0.99376,0.24784,0.9993,0.95445,0.24976,0.23438,0.99458,0.24812,0.97479,0.019789999999999974,0.24136,0.006760000000000016,0.002088445803558981,0.0020777259455430283,550
-0.3,x1 = -0.3,0.0,x1 = 0.0,0.45668929539548664,0.5433107046045134,0.5032626015499728,0.4967373984500272,0.4657665876335539,0.5342334123664462,0.3871534740464966,0.6128465259535034,0.42671651410626255,0.5732834858937375,0.99997,0.24999,0.99662,0.96294,0.24883,0.23727,0.99458,0.24812,0.97989,0.01468999999999998,0.24309,0.005030000000000007,0.0018263878394613846,0.0018177738666999912,580
-0.9,x1 = -0.9,0.0,x1 = 0.0,0.45668929539548664,0.5433107046045134,0.5279680594334893,0.47203194056651065,0.42316967441779163,0.5768303255822084,0.4136185969684246,0.5863814030315754,0.4186612607948659,0.5813387392051341,0.99774,0.24922,0.9829,0.97836,0.2441,0.24254,0.99458,0.24812,0.98076,0.013820000000000054,0.24336,0.004760000000000014,0.0029488892970713845,0.0029299936114268108,610
0.2,x1 = 0.2,0.0,x1 = 0.0,0.45668929539548664,0.5433107046045134,0.444277472776167,0.5557225272238331,0.48444376248546483,0.5155562375145352,0.39286311738735036,0.6071368826126496,0.43355033494675177,0.5664496650532483,0.99102,0.24689,0.9993,0.96662,0.24976,0.23852,0.99458,0.24812,0.98114,0.013440000000000007,0.24351,0.004610000000000003,0.0010859450857556227,0.0010822274832317687,640
