z_x1,z_note,x_x1,x_note,"p(y=0|x,D)","p(y=1|x,D)","p(u=0|z,D)","p(u=1|z,D)","p(y=0|x,u=0,z,D)","p(y=1|x,u=0,z,D)","p(y=0|x,u=1,z,D)","p(y=1|x,u=1,z,D)","p(y=0|x,z,D)","p(y=1|x,z,D)","H[p(u|z,D)]","Var[p(u|z,D)]","H[p(y|x,u=0,z,D)]","H[p(y|x,u=1,z,D)]","Var[p(y|x,u=0,z,D)]","Var[p(y|x,u=1,z,D)]","H[p(y|x,D)]","Var[p(y|x,D)]",Va,Ve,Va_variance,Ve_variance,kl_pyx_pyxz,kl_pyxz_pyx,api_calls
-4.7,x1 = -4.7,-5.0,x1 = -5.0,0.7441424552453122,0.2558575447546879,0.6737304770790652,0.32626952292093475,0.769076625022322,0.230923374977678,0.6577948462082284,0.34220515379177163,0.7327687721388546,0.26723122786114534,0.91107,0.21982,0.77962,0.92691,0.1776,0.2251,0.82043,0.19039,0.82768,-0.007249999999999979,0.1931,-0.00270999999999999,0.00033336287984008645,0.0003364989714548291,360
-5.0,x1 = -5.0,-5.0,x1 = -5.0,0.7441424552453122,0.2558575447546879,0.7441424552453122,0.2558575447546879,0.7880046850140415,0.21199531498595842,0.5896468005103095,0.41035319948969057,0.7372533237021828,0.26274667629781734,0.82043,0.19039,0.74528,0.97669,0.16705,0.24196,0.82043,0.19039,0.80449,0.015939999999999954,0.18622,0.004170000000000007,0.00012320258114407578,0.0001239137975455433,390
-4.9,x1 = -4.9,-5.0,x1 = -5.0,0.7441424552453122,0.2558575447546879,0.6759878828873045,0.3240121171126956,0.7665577068969993,0.23344229310300074,0.6399374640787716,0.3600625359212283,0.7255312139521418,0.2744687860478583,0.90869,0.21903,0.78396,0.94274,0.17895,0.23042,0.82043,0.19039,0.83541,-0.014979999999999993,0.19563,-0.005239999999999995,0.0008824554320146713,0.0008957576983649462,420
-4.5,x1 = -4.5,-5.0,x1 = -5.0,0.7441424552453122,0.2558575447546879,0.6568684450578792,0.34313155494212094,0.7689433486381636,0.23105665136183645,0.6556260918900734,0.34437390810992674,0.730060622128416,0.26993937787158423,0.92778,0.22539,0.77985,0.92894,0.17767,0.22578,0.82043,0.19039,0.83101,-0.010580000000000034,0.19418,-0.003789999999999988,0.000508804403993781,0.0005146843144356854,450
-5.1,x1 = -5.1,-5.0,x1 = -5.0,0.7441424552453122,0.2558575447546879,0.734384851547905,0.26561514845209494,0.7802583371316655,0.21974166286833458,0.5576523931967877,0.4423476068032123,0.7211308262870841,0.27886917371291586,0.8351,0.19506,0.7597,0.99039,0.17146,0.24668,0.82043,0.19039,0.82097,-0.0005399999999999849,0.19144,-0.0010499999999999954,0.0013399935035812924,0.0013646519175372768,480
