z_x1,z_note,x_x1,x_note,"p(y=0|x,D)","p(y=1|x,D)","p(u=0|z,D)","p(u=1|z,D)","p(y=0|x,u=0,z,D)","p(y=1|x,u=0,z,D)","p(y=0|x,u=1,z,D)","p(y=1|x,u=1,z,D)","p(y=0|x,z,D)","p(y=1|x,z,D)","H[p(u|z,D)]","Var[p(u|z,D)]","H[p(y|x,u=0,z,D)]","H[p(y|x,u=1,z,D)]","Var[p(y|x,u=0,z,D)]","Var[p(y|x,u=1,z,D)]","H[p(y|x,D)]","Var[p(y|x,D)]",Va,Ve,Va_variance,Ve_variance,kl_pyx_pyxz,kl_pyxz_pyx,api_calls
-9.7,x1 = -9.7,-10.0,x1 = -10.0,0.7487371102949131,0.2512628897050869,0.7631750224046573,0.23682497759534288,0.858376650202664,0.14162334979733604,0.4176795820605414,0.5823204179394585,0.7540085769135727,0.24599142308642752,0.78972,0.18074,0.58847,0.98036,0.12157,0.24322,0.81327,0.18813,0.68128,0.13199000000000005,0.15038,0.03774999999999998,7.45533606807125e-05,7.420162545650113e-05,200
-10.0,x1 = -10.0,-10.0,x1 = -10.0,0.7487371102949131,0.2512628897050869,0.7487371102949131,0.2512628897050869,0.8853448477358477,0.11465515226415228,0.36610492879366585,0.6338950712063341,0.7548791252521999,0.2451208747478,0.81327,0.18813,0.5138,0.94763,0.10151,0.23207,0.81327,0.18813,0.62281,0.19046000000000007,0.13431,0.05381999999999998,0.0001013707722688894,0.00010081212695469983,230
-9.9,x1 = -9.9,-10.0,x1 = -10.0,0.7487371102949131,0.2512628897050869,0.762736358631386,0.237263641368614,0.8570530595876157,0.1429469404123842,0.41742472040976997,0.5825752795902301,0.7527452389854439,0.24725476101455604,0.79046,0.18097,0.5919,0.98024,0.12251,0.24318,0.81327,0.18813,0.68404,0.12923000000000007,0.15114,0.036989999999999995,4.300278945403458e-05,4.28490920559273e-05,260
-9.5,x1 = -9.5,-10.0,x1 = -10.0,0.7487371102949131,0.2512628897050869,0.7620716511685524,0.2379283488314476,0.8536048294662985,0.14639517053370146,0.4234412386088454,0.5765587613911545,0.7512567165661782,0.24874328343382163,0.79158,0.18132,0.60075,0.98302,0.12496,0.24414,0.81327,0.18813,0.6917,0.12157000000000007,0.15332,0.03480999999999998,1.6948038225623324e-05,1.6910123397131244e-05,290
-9.8,x1 = -9.8,-10.0,x1 = -10.0,0.7487371102949131,0.2512628897050869,0.7603507206274369,0.23964927937256303,0.8543350168691779,0.1456649831308221,0.4175621424341157,0.5824378575658844,0.7496627122613323,0.2503372877386677,0.79446,0.18222,0.59888,0.9803,0.12445,0.2432,0.81327,0.18813,0.69029,0.12298000000000009,0.15291,0.03522,2.280715923213953e-06,2.2788501897145087e-06,320
