z_x1,z_note,x_x1,x_note,"p(y=0|x,D)","p(y=1|x,D)","p(u=0|z,D)","p(u=1|z,D)","p(y=0|x,u=0,z,D)","p(y=1|x,u=0,z,D)","p(y=0|x,u=1,z,D)","p(y=1|x,u=1,z,D)","p(y=0|x,z,D)","p(y=1|x,z,D)","H[p(u|z,D)]","Var[p(u|z,D)]","H[p(y|x,u=0,z,D)]","H[p(y|x,u=1,z,D)]","Var[p(y|x,u=0,z,D)]","Var[p(y|x,u=1,z,D)]","H[p(y|x,D)]","Var[p(y|x,D)]",Va,Ve,Va_variance,Ve_variance,kl_pyx_pyxz,kl_pyxz_pyx,api_calls
-4.7,x1 = -4.7,-5.0,x1 = -5.0,0.6970117740675793,0.3029882259324206,0.5701221883168565,0.42987781168314354,0.7501507791313928,0.24984922086860717,0.5692576674327933,0.4307423325672068,0.6723888441258443,0.3276111558741556,0.98577,0.24508,0.81104,0.98612,0.18742,0.2452,0.88491,0.21119,0.8863,-0.0013900000000000023,0.21226,-0.0010700000000000154,0.0013948540563503697,0.0014145964238648084,360
-5.0,x1 = -5.0,-5.0,x1 = -5.0,0.6970117740675793,0.3029882259324206,0.6946261345425724,0.3053738654574275,0.7774344190736028,0.22256558092639728,0.49103446145438345,0.5089655385456165,0.6899753569485783,0.31002464305142163,0.88776,0.21212,0.76482,0.99977,0.17303,0.24992,0.88491,0.21119,0.83657,0.04833999999999994,0.19651,0.014679999999999999,0.00011621901551835123,0.00011671638253222139,390
-4.8,x1 = -4.8,-5.0,x1 = -5.0,0.6970117740675793,0.3029882259324206,0.5788830295842894,0.4211169704157106,0.7473403496589376,0.2526596503410624,0.581687280436822,0.4183127195631779,0.6775810310080563,0.32241896899194367,0.98197,0.24378,0.81547,0.98066,0.18882,0.24333,0.88491,0.21119,0.88503,-0.00012000000000000899,0.21178,-0.0005900000000000072,0.0008736099773414691,0.000883532594122622,420
-4.9,x1 = -4.9,-5.0,x1 = -5.0,0.6970117740675793,0.3029882259324206,0.5785686991247099,0.4214313008752901,0.7536324195825819,0.24636758041741827,0.5545506212814775,0.44544937871852264,0.6697331183439553,0.3302668816560448,0.98211,0.24383,0.80547,0.9914,0.18567,0.24702,0.88491,0.21119,0.88383,0.0010799999999999699,0.21152,-0.0003300000000000247,0.0017070613212344168,0.001733598645004119,450
-4.5,x1 = -4.5,-5.0,x1 = -5.0,0.6970117740675793,0.3029882259324206,0.5726653802540086,0.4273346197459915,0.7557291935167525,0.24427080648324737,0.5807448269185067,0.4192551730814932,0.680952315754998,0.31904768424500196,0.98471,0.24472,0.80207,0.98111,0.1846,0.24348,0.88491,0.21119,0.87858,0.006329999999999947,0.20976,0.0014299999999999868,0.0005990391703487898,0.0006047239595809717,480
