z_x1,z_note,x_x1,x_note,"p(y=0|x,D)","p(y=1|x,D)","p(u=0|z,D)","p(u=1|z,D)","p(y=0|x,u=0,z,D)","p(y=1|x,u=0,z,D)","p(y=0|x,u=1,z,D)","p(y=1|x,u=1,z,D)","p(y=0|x,z,D)","p(y=1|x,z,D)","H[p(u|z,D)]","Var[p(u|z,D)]","H[p(y|x,u=0,z,D)]","H[p(y|x,u=1,z,D)]","Var[p(y|x,u=0,z,D)]","Var[p(y|x,u=1,z,D)]","H[p(y|x,D)]","Var[p(y|x,D)]",Va,Ve,Va_variance,Ve_variance,kl_pyx_pyxz,kl_pyxz_pyx,api_calls
-5.0,x1 = -5.0,-5.0,x1 = -5.0,0.48164742415571943,0.5183525758442805,0.48164742415571943,0.5183525758442805,0.6313970856154016,0.3686029143845983,0.2234539330576705,0.7765460669423294,0.41993870168906533,0.5800612983109346,0.99903,0.24966,0.94959,0.76642,0.23273,0.17352,0.99903,0.24966,0.85464,0.14439000000000002,0.20204,0.047619999999999996,0.007732273954854173,0.007669096037777302,360
-4.9,x1 = -4.9,-5.0,x1 = -5.0,0.48164742415571943,0.5183525758442805,0.48509589955470833,0.5149041004452917,0.5424271875973727,0.45757281240262726,0.3177254853065811,0.6822745146934189,0.42672735971080694,0.573272640289193,0.99936,0.24978,0.9948,0.90189,0.2482,0.21678,0.99903,0.24966,0.94696,0.05206999999999995,0.23202,0.01763999999999999,0.006110546316956039,0.006069230715893055,390
-4.6,x1 = -4.6,-5.0,x1 = -5.0,0.48164742415571943,0.5183525758442805,0.4878715065062402,0.5121284934937598,0.5428899535839918,0.45711004641600816,0.33915819293361926,0.6608418070663806,0.4385531139252853,0.5614468860747146,0.99958,0.24985,0.99469,0.92401,0.24816,0.22413,0.99903,0.24966,0.95849,0.04054000000000002,0.23585,0.013809999999999989,0.003749078576866016,0.0037317897809668044,420
-5.1,x1 = -5.1,-5.0,x1 = -5.0,0.48164742415571943,0.5183525758442805,0.49114163264862487,0.508858367351375,0.5781078377398013,0.4218921622601986,0.2763214591994867,0.7236785408005133,0.42454131386689276,0.5754586861331071,0.99977,0.24992,0.98232,0.85039,0.2439,0.19997,0.99903,0.24966,0.91519,0.08384000000000003,0.22155,0.028109999999999996,0.006611417794606604,0.006563807896149826,450
-5.2,x1 = -5.2,-5.0,x1 = -5.0,0.48164742415571943,0.5183525758442805,0.49134878869688736,0.5086512113031126,0.5809276520084266,0.4190723479915735,0.28051535822986307,0.719484641770137,0.42812257488761374,0.5718774251123864,0.99978,0.24993,0.98102,0.85615,0.24345,0.20183,0.99903,0.24966,0.9175,0.08152999999999999,0.22228,0.027379999999999988,0.005801424844682067,0.005763787517783718,480
