z_x1,z_note,x_x1,x_note,"p(y=0|x,D)","p(y=1|x,D)","p(u=0|z,D)","p(u=1|z,D)","p(y=0|x,u=0,z,D)","p(y=1|x,u=0,z,D)","p(y=0|x,u=1,z,D)","p(y=1|x,u=1,z,D)","p(y=0|x,z,D)","p(y=1|x,z,D)","H[p(u|z,D)]","Var[p(u|z,D)]","H[p(y|x,u=0,z,D)]","H[p(y|x,u=1,z,D)]","Var[p(y|x,u=0,z,D)]","Var[p(y|x,u=1,z,D)]","H[p(y|x,D)]","Var[p(y|x,D)]",Va,Ve,Va_variance,Ve_variance,kl_pyx_pyxz,kl_pyxz_pyx,api_calls
-0.7,x1 = -0.7,0.0,x1 = 0.0,0.7215818765710834,0.27841812342891664,0.5775949299857875,0.42240507001421246,0.7234744175196975,0.27652558248030246,0.7065488145958759,0.29345118540412396,0.7163249570316279,0.28367504296837204,0.98256,0.24398,0.85067,0.87314,0.20006,0.20734,0.85329,0.2009,0.86016,-0.006870000000000043,0.20314,-0.002239999999999992,6.825552154760602e-05,6.851523390450157e-05,520
0.2,x1 = 0.2,0.0,x1 = 0.0,0.7215818765710834,0.27841812342891664,0.6835425917424637,0.3164574082575363,0.7550640708285137,0.24493592917148627,0.6246465580755982,0.37535344192440173,0.7137924827513318,0.2862075172486681,0.90049,0.21631,0.80315,0.95469,0.18494,0.23446,0.85329,0.2009,0.85111,0.0021799999999999597,0.20061,0.0002899999999999847,0.00014932041698440934,0.00015015592048885865,550
-0.2,x1 = -0.2,0.0,x1 = 0.0,0.7215818765710834,0.27841812342891664,0.7388440201083968,0.2611559798916032,0.7413126843850455,0.25868731561495456,0.6426242797061026,0.35737572029389736,0.7155396173571771,0.284460382642823,0.82849,0.19295,0.82476,0.94048,0.19177,0.22966,0.85329,0.2009,0.85498,-0.0016899999999999693,0.20167,-0.0007699999999999929,9.007138561267173e-05,9.046438084930712e-05,580
0.6,x1 = 0.6,0.0,x1 = 0.0,0.7215818765710834,0.27841812342891664,0.590369661316347,0.40963033868365295,0.7358925251602654,0.2641074748397346,0.6783149493725233,0.3216850506274766,0.7123070032897489,0.28769299671025106,0.97631,0.24183,0.83288,0.9062,0.19435,0.2182,0.85329,0.2009,0.86291,-0.009619999999999962,0.20412,-0.0032200000000000006,0.0002112615427646604,0.00021266279944284414,610
-0.4,x1 = -0.4,0.0,x1 = 0.0,0.7215818765710834,0.27841812342891664,0.7464943358325419,0.2535056641674581,0.7094009885455878,0.29059901145441225,0.6232937417688376,0.3767062582311623,0.6875723137618165,0.3124276862381835,0.81679,0.18924,0.86949,0.95568,0.20615,0.2348,0.85329,0.2009,0.89134,-0.03805000000000003,0.21341,-0.012509999999999993,0.0027497256200767137,0.002811785359706616,640
