z_x1,z_note,x_x1,x_note,"p(y=0|x,D)","p(y=1|x,D)","p(u=0|z,D)","p(u=1|z,D)","p(y=0|x,u=0,z,D)","p(y=1|x,u=0,z,D)","p(y=0|x,u=1,z,D)","p(y=1|x,u=1,z,D)","p(y=0|x,z,D)","p(y=1|x,z,D)","H[p(u|z,D)]","Var[p(u|z,D)]","H[p(y|x,u=0,z,D)]","H[p(y|x,u=1,z,D)]","Var[p(y|x,u=0,z,D)]","Var[p(y|x,u=1,z,D)]","H[p(y|x,D)]","Var[p(y|x,D)]",Va,Ve,Va_variance,Ve_variance,kl_pyx_pyxz,kl_pyxz_pyx,api_calls
14.9,x1 = 14.9,15.0,x1 = 15.0,0.4548121901117968,0.5451878098882033,0.466169545633308,0.5338304543666921,0.6052904656225637,0.3947095343774363,0.38515652417031065,0.6148434758296893,0.4877762636355767,0.5122237363644233,0.9967,0.24886,0.96777,0.9616,0.23891,0.23681,0.9941,0.24796,0.96448,0.02961999999999998,0.23779,0.010170000000000012,0.0021784868790466136,0.002184014401321051,1000
15.1,x1 = 15.1,15.0,x1 = 15.0,0.4548121901117968,0.5451878098882033,0.45713427100600834,0.5428657289939917,0.6658626764507345,0.33413732354926545,0.3833823641573017,0.6166176358426982,0.5125137957911097,0.4874862042088902,0.99469,0.24816,0.9191,0.9604,0.22249,0.2364,0.9941,0.24796,0.94152,0.05257999999999996,0.23004,0.01792000000000002,0.006665098760585103,0.006681941246923388,1030
15.5,x1 = 15.5,15.0,x1 = 15.0,0.4548121901117968,0.5451878098882033,0.4636185468736954,0.5363814531263046,0.6689454532266582,0.33105454677334156,0.3625640921734406,0.6374359078265595,0.5046081735741184,0.49539182642588153,0.99618,0.24868,0.916,0.94479,0.22146,0.23111,0.9941,0.24796,0.93144,0.06265999999999994,0.22664,0.021320000000000006,0.004964882917850577,0.004978328868879868,1060
14.8,x1 = 14.8,15.0,x1 = 15.0,0.4548121901117968,0.5451878098882033,0.4570445505508638,0.5429554494491362,0.6323053714295093,0.3676946285704907,0.3583762100447327,0.6416237899552674,0.4835740404926129,0.516425959507387,0.99467,0.24815,0.94889,0.94133,0.2325,0.22994,0.9941,0.24796,0.94479,0.049309999999999965,0.23111,0.016850000000000004,0.0016592882771185348,0.0016632313688165097,1090
14.6,x1 = 14.6,15.0,x1 = 15.0,0.4548121901117968,0.5451878098882033,0.4539955406440367,0.5460044593559634,0.6323950931223592,0.3676049068776407,0.3661035312653286,0.6338964687346714,0.4869987128595562,0.5130012871404439,0.99388,0.24788,0.94882,0.94763,0.23247,0.23207,0.9941,0.24796,0.94817,0.045930000000000026,0.23225,0.015710000000000002,0.0020771065725337552,0.0020823224121282666,1120
