z_x1,z_note,x_x1,x_note,"p(y=0|x,D)","p(y=1|x,D)","p(u=0|z,D)","p(u=1|z,D)","p(y=0|x,u=0,z,D)","p(y=1|x,u=0,z,D)","p(y=0|x,u=1,z,D)","p(y=1|x,u=1,z,D)","p(y=0|x,z,D)","p(y=1|x,z,D)","H[p(u|z,D)]","Var[p(u|z,D)]","H[p(y|x,u=0,z,D)]","H[p(y|x,u=1,z,D)]","Var[p(y|x,u=0,z,D)]","Var[p(y|x,u=1,z,D)]","H[p(y|x,D)]","Var[p(y|x,D)]",Va,Ve,Va_variance,Ve_variance,kl_pyx_pyxz,kl_pyxz_pyx,api_calls
-10.3,x1 = -10.3,-10.0,x1 = -10.0,0.6019263882131302,0.3980736117868698,0.602298906404567,0.39770109359543315,0.7314364062870926,0.2685635937129074,0.3312429993040626,0.6687570006959375,0.5722790506802594,0.42772094931974075,0.96959,0.23953,0.8394,0.91619,0.19644,0.22152,0.96981,0.23961,0.86994,0.0998699999999999,0.20641,0.03319999999999998,0.0018071194613850684,0.0018200095990118619,200
-9.7,x1 = -9.7,-10.0,x1 = -10.0,0.6019263882131302,0.3980736117868698,0.566999060381969,0.43300093961803093,0.7189860324179049,0.28101396758209507,0.31454879067966307,0.6854512093203369,0.5438643267287214,0.45613567327127846,0.98701,0.24551,0.85683,0.89835,0.20205,0.21561,0.96981,0.23961,0.87481,0.09499999999999997,0.20792,0.031689999999999996,0.006857552940224394,0.00693733645974446,230
-10.0,x1 = -10.0,-10.0,x1 = -10.0,0.6019263882131302,0.3980736117868698,0.6019263882131302,0.3980736117868698,0.7362104559356861,0.26378954406431376,0.3314565327760377,0.6685434672239624,0.5750885998586197,0.4249114001413803,0.96981,0.23961,0.83241,0.91641,0.1942,0.22159,0.96981,0.23961,0.86585,0.10395999999999994,0.2051,0.034509999999999985,0.0014826816188351216,0.0014924154510370866,260
-9.9,x1 = -9.9,-10.0,x1 = -10.0,0.6019263882131302,0.3980736117868698,0.5759293545380946,0.4240706454619055,0.7359133794337913,0.26408662056620885,0.3177133355764868,0.6822866644235133,0.558567016903027,0.4414329830969731,0.9833,0.24423,0.83285,0.90188,0.19434,0.21677,0.96981,0.23961,0.86212,0.10768999999999995,0.20385,0.035759999999999986,0.003843808760633699,0.003880655684503763,290
-9.6,x1 = -9.6,-10.0,x1 = -10.0,0.6019263882131302,0.3980736117868698,0.5699783341287169,0.43002166587128315,0.7134358500067516,0.2865641499932484,0.33081718793806375,0.6691828120619363,0.5489015355505329,0.45109846444946716,0.98582,0.2451,0.86424,0.91576,0.20445,0.22138,0.96981,0.23961,0.88639,0.08341999999999994,0.21173,0.027879999999999988,0.005728708765108059,0.0057917243970163,320
