z_x1,z_note,x_x1,x_note,"p(y=0|x,D)","p(y=1|x,D)","p(u=0|z,D)","p(u=1|z,D)","p(y=0|x,u=0,z,D)","p(y=1|x,u=0,z,D)","p(y=0|x,u=1,z,D)","p(y=1|x,u=1,z,D)","p(y=0|x,z,D)","p(y=1|x,z,D)","H[p(u|z,D)]","Var[p(u|z,D)]","H[p(y|x,u=0,z,D)]","H[p(y|x,u=1,z,D)]","Var[p(y|x,u=0,z,D)]","Var[p(y|x,u=1,z,D)]","H[p(y|x,D)]","Var[p(y|x,D)]",Va,Ve,Va_variance,Ve_variance,kl_pyx_pyxz,kl_pyxz_pyx,api_calls
0.1,x1 = 0.1,0.0,x1 = 0.0,0.6968848013743827,0.3031151986256174,0.6559924218893747,0.34400757811062527,0.7120287302370377,0.2879712697629623,0.6448284369154107,0.3551715630845892,0.6889113200831412,0.3110886799168588,0.9286,0.22567,0.86609,0.9386,0.20504,0.22902,0.88507,0.21124,0.89103,-0.005959999999999965,0.21329,-0.0020499999999999963,0.00014903378012114804,0.0001497537250548294,520
-0.3,x1 = -0.3,0.0,x1 = 0.0,0.6968848013743827,0.3031151986256174,0.6615426127652562,0.33845738723474394,0.6930891578394778,0.3069108421605221,0.6585458860759915,0.3414541139240085,0.6813977323318686,0.31860226766813143,0.92333,0.2239,0.88958,0.9262,0.21272,0.22486,0.88507,0.21124,0.90197,-0.016900000000000026,0.21683,-0.005589999999999984,0.000557339956512401,0.0005624452971038311,550
-0.8,x1 = -0.8,0.0,x1 = 0.0,0.6968848013743827,0.3031151986256174,0.6938473921929719,0.30615260780702824,0.6955819646720616,0.30441803532793854,0.661435438208849,0.338564561791151,0.6851279165477975,0.31487208345220274,0.88868,0.21242,0.88662,0.92344,0.21175,0.22394,0.88507,0.21124,0.89789,-0.012819999999999943,0.21548,-0.004239999999999994,0.0003225796081467898,0.0003248497519833318,580
0.2,x1 = 0.2,0.0,x1 = 0.0,0.6968848013743827,0.3031151986256174,0.6353169486295532,0.36468305137044676,0.7080012657129325,0.2919987342870675,0.6358906200060852,0.36410937999391474,0.6817037354002662,0.31829626459973376,0.9465,0.23169,0.87129,0.94604,0.20674,0.23153,0.88507,0.21124,0.89855,-0.013479999999999936,0.21578,-0.0045399999999999885,0.0005357205202440943,0.0005405355869450897,610
0.3,x1 = 0.3,0.0,x1 = 0.0,0.6968848013743827,0.3031151986256174,0.6127191002810226,0.38728089971897733,0.698002147812592,0.30199785218740804,0.6666554595732023,0.3333445404267978,0.6858621741880307,0.31413782581196914,0.96302,0.23729,0.88372,0.91831,0.2108,0.22223,0.88507,0.21124,0.89712,-0.012050000000000005,0.21523,-0.0039899999999999936,0.0002837888485974563,0.0002856656729701493,640
