z_x1,z_note,x_x1,x_note,"p(y=0|x,D)","p(y=1|x,D)","p(u=0|z,D)","p(u=1|z,D)","p(y=0|x,u=0,z,D)","p(y=1|x,u=0,z,D)","p(y=0|x,u=1,z,D)","p(y=1|x,u=1,z,D)","p(y=0|x,z,D)","p(y=1|x,z,D)","H[p(u|z,D)]","Var[p(u|z,D)]","H[p(y|x,u=0,z,D)]","H[p(y|x,u=1,z,D)]","Var[p(y|x,u=0,z,D)]","Var[p(y|x,u=1,z,D)]","H[p(y|x,D)]","Var[p(y|x,D)]",Va,Ve,Va_variance,Ve_variance,kl_pyx_pyxz,kl_pyxz_pyx,api_calls
-5.0,x1 = -5.0,-5.0,x1 = -5.0,0.5310889967708649,0.46891100322913515,0.5310889967708649,0.46891100322913515,0.6008537366315172,0.3991462633684829,0.5338126599649443,0.4661873400350557,0.5694174381142332,0.43058256188576693,0.99721,0.24903,0.97045,0.9967,0.23983,0.24886,0.99721,0.24903,0.98276,0.014450000000000074,0.24406,0.004970000000000002,0.002977365578020204,0.0029619366919739,360
-4.9,x1 = -4.9,-5.0,x1 = -5.0,0.5310889967708649,0.46891100322913515,0.5401178405369549,0.45988215946304506,0.5735677220841026,0.42643227791589744,0.5061214980718599,0.4938785019281401,0.542550406937724,0.45744959306227584,0.99535,0.24839,0.98433,0.99989,0.24459,0.24996,0.99721,0.24903,0.99149,0.005720000000000058,0.24706,0.0019699999999999995,0.0002643216798576629,0.00026402273869608785,390
-4.5,x1 = -4.5,-5.0,x1 = -5.0,0.5310889967708649,0.46891100322913515,0.5370211277857507,0.46297887221424927,0.5674917368574977,0.43250826314250235,0.4999515508276571,0.5000484491723429,0.5362220577002614,0.4637779422997385,0.99604,0.24863,0.98682,1.0,0.24544,0.25,0.99721,0.24903,0.99292,0.004290000000000016,0.24755,0.001480000000000009,5.294919731133659e-05,5.292469863436584e-05,420
-5.1,x1 = -5.1,-5.0,x1 = -5.0,0.5310889967708649,0.46891100322913515,0.5373785742899931,0.46262142571000686,0.5981990638367038,0.4018009361632961,0.4968548380764529,0.5031451619235471,0.5513150536280198,0.4486849463719802,0.99596,0.2486,0.97199,0.99997,0.24036,0.24999,0.99721,0.24903,0.98493,0.012280000000000069,0.24482,0.0042099999999999915,0.0008248188549633238,0.0008229747450338928,450
-5.3,x1 = -5.3,-5.0,x1 = -5.0,0.5310889967708649,0.46891100322913515,0.5217504093449096,0.47824959065509043,0.5952197907119254,0.40478020928807457,0.4999515508276571,0.5000484491723429,0.5496577939848432,0.45034220601515684,0.99863,0.24953,0.97368,1.0,0.24093,0.25,0.99721,0.24903,0.98627,0.01094000000000006,0.24527,0.0037600000000000133,0.0006949073047069348,0.0006935099380295552,480
