z_x1,z_note,x_x1,x_note,"p(y|x,D)_mean","p(y|x,D)_std","p(y|x,z,D)_mean","p(y|x,z,D)_std","H[p(y|x,D)]","Var[y|x,D]",Va,Ve,Va_variance,Ve_variance,yxz_std,kl_pyx_pyxz,kl_pyxz_pyx,api_calls
-7.7,x1 = -7.7,-7.8,x1 = -7.8,8.68,12.085602085861417,-2.7275401852467276,16.876867752447477,3.91095,146.06178,2.92618,0.9847700000000001,120.10654,25.95524,6.661815830574173,0.318770993343809,0.5865679349816373,28838
-8.1,x1 = -8.1,-7.8,x1 = -7.8,8.68,12.085602085861417,5.805999171051392,9.903042429337107,3.91095,146.06178,2.88623,1.0247200000000003,41.77733,104.28445,5.264202820453941,0.08761859709142739,0.06316307186525494,28995
-7.9,x1 = -7.9,-7.8,x1 = -7.8,8.68,12.085602085861417,11.917243694659376,22.67296275274608,3.91095,146.06178,2.90724,1.0037100000000003,73.24088,72.8209,6.460539407674293,0.2814173269999378,0.6664619882949012,29152
-8.0,x1 = -8.0,-7.8,x1 = -7.8,8.68,12.085602085861417,12.311299533446034,78.55041563914132,3.91095,146.06178,3.41527,0.4956800000000001,4367.36744,-4221.30566,25.577264958759073,1.3846305048502436,18.795188025643554,29309
-7.8,x1 = -7.8,-7.8,x1 = -7.8,8.68,12.085602085861417,2.8446347914004155,8.238912120027166,3.91095,146.06178,2.67664,1.2343100000000002,101.99837,44.06341,5.907187068170859,0.4435633531447034,0.23207819273999974,29465
