z_x1,z_note,x_x1,x_note,"p(y|x,D)_mean","p(y|x,D)_std","p(y|x,z,D)_mean","p(y|x,z,D)_std","H[p(y|x,D)]","Var[y|x,D]",Va,Ve,Va_variance,Ve_variance,yxz_std,kl_pyx_pyxz,kl_pyxz_pyx,api_calls
13.1,x1 = 13.1,12.4,x1 = 12.4,-7.8,13.595587519485873,-6.017608850067216,10.297983802758212,4.02868,184.84,2.30712,1.7215599999999998,9.48994,175.35006,2.7342794760718796,0.10866973858602436,0.07325644959511157,108984
12.4,x1 = 12.4,12.4,x1 = 12.4,-7.8,13.595587519485873,-5.707727851351844,19.308679475276357,4.02868,184.84,2.60335,1.4253299999999998,16.31699,168.52301,3.6314817976256015,0.10457130174226104,0.16953982113544197,109141
12.8,x1 = 12.8,12.4,x1 = 12.4,-7.8,13.595587519485873,2.8014157280200904,52.13323553223562,4.02868,184.84,-inf,inf,273.27119,-88.43119,7.023014924177478,0.8987379753041764,5.811926892951063,109297
12.5,x1 = 12.5,12.4,x1 = 12.4,-7.8,13.595587519485873,-4.323739098049506,9.85920441927193,4.02868,184.84,2.22533,1.8033499999999996,13.61891,171.22109,2.9718932761430827,0.191604963578081,0.11696928309686228,109454
12.1,x1 = 12.1,12.4,x1 = 12.4,-7.8,13.595587519485873,151.27846100170717,499.012096484687,4.02868,184.84,2.39215,1.6365299999999996,2225.23458,-2040.39458,17.263616944101397,3.154068695644767,737.9416648173608,109612
