z_x1,z_note,x_x1,x_note,"p(y|x,D)_mean","p(y|x,D)_std","p(y|x,z,D)_mean","p(y|x,z,D)_std","H[p(y|x,D)]","Var[y|x,D]",Va,Ve,Va_variance,Ve_variance,yxz_std,kl_pyx_pyxz,kl_pyxz_pyx,api_calls
0.3,x1 = 0.3,0.2,x1 = 0.2,3.4899999999999998,0.5989806155275627,3.6903470642821166,0.9936825243703089,0.90641,0.35878,1.05255,-0.14614000000000005,0.76934,-0.41056,0.7701189460088317,0.20819112031948317,0.42581753458271643,60559
-0.2,x1 = -0.2,0.2,x1 = 0.2,3.4899999999999998,0.5989806155275627,3.5821077729056157,0.8349968831026753,0.90641,0.35878,1.06998,-0.16356999999999988,0.53772,-0.17894,0.7197231136634694,0.09557453944374261,0.15128416915967213,60715
-0.1,x1 = -0.1,0.2,x1 = 0.2,3.4899999999999998,0.5989806155275627,3.648961578817577,0.8767277329546171,0.90641,0.35878,1.24262,-0.33621,0.90755,-0.54877,0.8975226979109813,0.13078564007106264,0.22545620580956593,60871
0.1,x1 = 0.1,0.2,x1 = 0.2,3.4899999999999998,0.5989806155275627,3.1193175503646766,1.2010304527650644,0.90641,0.35878,1.16153,-0.2551199999999999,1.24488,-0.8861,0.9529434895036325,0.3676962878909622,1.0060464030248877,61027
-0.0,x1 = -0.0,0.2,x1 = 0.2,3.4899999999999998,0.5989806155275627,3.751962469085841,0.8469822144439384,0.90641,0.35878,1.03056,-0.12414999999999987,0.53064,-0.17186,0.703020605820127,0.14434194372119724,0.24893957740627592,61183
