z_x1,z_note,x_x1,x_note,"p(y|x,D)_mean","p(y|x,D)_std","p(y|x,z,D)_mean","p(y|x,z,D)_std","H[p(y|x,D)]","Var[y|x,D]",Va,Ve,Va_variance,Ve_variance,yxz_std,kl_pyx_pyxz,kl_pyxz_pyx,api_calls
6.2,x1 = 6.2,6.2,x1 = 6.2,0.31999999999999984,4.766037254482082,381.776881150444,1511.1831958135347,2.98045,22.71511,3.26086,-0.28041000000000027,1418363.92257,-1418341.20746,354.0548651098548,5.290996573858756,53464.40168842011,84405
6.3,x1 = 6.3,6.2,x1 = 6.2,0.31999999999999984,4.766037254482082,-0.6418111099904885,2.5738841902213183,2.98045,22.71511,1.99066,0.9897899999999997,4.67135,18.04376,1.9709792210123034,0.6680986984280763,0.28228713801523075,84561
6.4,x1 = 6.4,6.2,x1 = 6.2,0.31999999999999984,4.766037254482082,0.6058725752708146,17.97080623092877,2.98045,22.71511,2.82831,0.15213999999999972,182.40086,-159.68575,7.001638866904087,0.862528063957573,5.283266731618216,84718
6.0,x1 = 6.0,6.2,x1 = 6.2,0.31999999999999984,4.766037254482082,6.2855697902651215,25.423172324561833,2.98045,22.71511,2.76059,0.21985999999999972,70.03016,-47.31505,5.436676841420617,1.219248546695763,12.836252078977482,84874
6.1,x1 = 6.1,6.2,x1 = 6.2,0.31999999999999984,4.766037254482082,-3.039405162672997,8.546732650061358,2.98045,22.71511,2.55016,0.43028999999999984,34.38319,-11.66808,4.094061715330393,0.31676678137858594,0.772268784669141,85031
