z_x1,z_note,x_x1,x_note,"p(y|x,D)_mean","p(y|x,D)_std","p(y|x,z,D)_mean","p(y|x,z,D)_std","H[p(y|x,D)]","Var[y|x,D]",Va,Ve,Va_variance,Ve_variance,yxz_std,kl_pyx_pyxz,kl_pyxz_pyx,api_calls
-8.7,x1 = -8.7,-8.6,x1 = -8.6,2.4200000000000004,2.5637645931108595,1.1951158960576413,8.2177432770725,2.36042,6.57289,1.99026,0.37016000000000004,7.66753,-1.09464,2.2437845464765624,0.7245928903118619,3.5864219693215285,25642
-8.5,x1 = -8.5,-8.6,x1 = -8.6,2.4200000000000004,2.5637645931108595,3.636366775064339,5.071985741680796,2.36042,6.57289,1.71392,0.6464999999999999,3.58909,2.9838,1.5666597907745947,0.3387653957814306,0.8871987037295372,25799
-8.6,x1 = -8.6,-8.6,x1 = -8.6,2.4200000000000004,2.5637645931108595,10.439574267949467,18.04509688084843,2.36042,6.57289,2.36312,-0.0026999999999999247,25.33223,-18.75934,3.8016702988154134,1.560243882238865,27.211289813275027,25955
-8.3,x1 = -8.3,-8.6,x1 = -8.6,2.4200000000000004,2.5637645931108595,4.987889082877772,4.361865965640954,2.36042,6.57289,1.93019,0.4302299999999999,9.99334,-3.42045,2.2500883293267786,0.37745049407589437,0.9174861192179209,26113
-8.4,x1 = -8.4,-8.6,x1 = -8.6,2.4200000000000004,2.5637645931108595,3.621548070731129,9.870040713636586,2.36042,6.57289,1.74648,0.6139399999999999,22.5414,-15.96851,2.6172366186839064,0.8891727887941387,5.6723662214413855,26269
