z_x1,z_note,x_x1,x_note,"p(y|x,D)_mean","p(y|x,D)_std","p(y|x,z,D)_mean","p(y|x,z,D)_std","H[p(y|x,D)]","Var[y|x,D]",Va,Ve,Va_variance,Ve_variance,yxz_std,kl_pyx_pyxz,kl_pyxz_pyx,api_calls
-2.1,x1 = -2.1,-2.0,x1 = -2.0,4.619999999999999,1.1905180945005978,4.894558455733506,1.4334162614193886,1.59333,1.41733,1.60205,-0.008720000000000061,1.8832,-0.46587,1.2849585965993757,0.048919345002432335,0.06576185990807026,51831
-1.9,x1 = -1.9,-2.0,x1 = -2.0,4.619999999999999,1.1905180945005978,4.7792567080168205,1.739496763572735,1.59333,1.41733,1.76162,-0.16829000000000005,2.52694,-1.10961,1.4925608112208237,0.11760251572921843,0.197184436937479,51987
-1.7,x1 = -1.7,-2.0,x1 = -2.0,4.619999999999999,1.1905180945005978,4.783484550792068,1.6116709452010924,1.59333,1.41733,1.82944,-0.23611000000000004,2.59425,-1.17692,1.5564953377376147,0.08085593153375059,0.12287335880292205,52143
-2.0,x1 = -2.0,-2.0,x1 = -2.0,4.619999999999999,1.1905180945005978,4.81868669599231,2.0654195381211617,1.59333,1.41733,1.49104,0.10228999999999999,2.76494,-1.34761,1.3868379268801476,0.2216930425105752,0.46790549793435654,52299
-2.3,x1 = -2.3,-2.0,x1 = -2.0,4.619999999999999,1.1905180945005978,4.58476601671709,1.6220672274351182,1.59333,1.41733,1.60636,-0.013030000000000097,2.03072,-0.61339,1.3347790256024086,0.07889087096335645,0.11931260382549413,52455
