z_x1,z_note,x_x1,x_note,"p(y|x,D)_mean","p(y|x,D)_std","p(y|x,z,D)_mean","p(y|x,z,D)_std","H[p(y|x,D)]","Var[y|x,D]",Va,Ve,Va_variance,Ve_variance,yxz_std,kl_pyx_pyxz,kl_pyxz_pyx,api_calls
-0.3,x1 = -0.3,-0.2,x1 = -0.2,3.999999999999999,1.1352924243950935,3.7910773486800555,0.9216137356887433,1.54583,1.28889,1.16996,0.3758699999999999,0.79288,0.49601,0.8337743680915737,0.07590594462786449,0.054949731932543155,58970
0.0,x1 = 0.0,-0.2,x1 = -0.2,3.999999999999999,1.1352924243950935,3.7701262143448298,0.6464329171528962,1.54583,1.28889,0.92596,0.61987,0.46659,0.8223,0.6465614486811352,0.5422432002084023,0.24578202617213174,59127
-0.5,x1 = -0.5,-0.2,x1 = -0.2,3.999999999999999,1.1352924243950935,3.8047730883911015,0.9499870735246875,1.54583,1.28889,0.9326,0.61323,0.52481,0.76408,0.6695433457948644,0.0570042506140922,0.04308082038787564,59283
-0.2,x1 = -0.2,-0.2,x1 = -0.2,3.999999999999999,1.1352924243950935,3.57751053539838,1.142916853346756,1.54583,1.28889,1.05445,0.49137999999999993,0.71888,0.57001,0.7716852461904248,0.06836847839407012,0.06928966263400849,59440
0.2,x1 = 0.2,-0.2,x1 = -0.2,3.999999999999999,1.1352924243950935,4.034533789036485,0.8515890879670046,1.54583,1.28889,0.98741,0.55842,1.01853,0.27036,0.8064609454344489,0.10191969466767314,0.06933318792880139,59596
