z_x1,z_note,x_x1,x_note,"p(y|x,D)_mean","p(y|x,D)_std","p(y|x,z,D)_mean","p(y|x,z,D)_std","H[p(y|x,D)]","Var[y|x,D]",Va,Ve,Va_variance,Ve_variance,yxz_std,kl_pyx_pyxz,kl_pyxz_pyx,api_calls
6.6,x1 = 6.6,6.8,x1 = 6.8,0.9499999999999998,3.565030777489087,-4.540640867299983,8.651822624702026,2.69011,12.70944,2.50214,0.18796999999999997,21.17523,-8.46579,3.7581379721951635,0.672864998784467,2.7442351616460243,86789
6.8,x1 = 6.8,6.8,x1 = 6.8,0.9499999999999998,3.565030777489087,-0.6085527383461157,6.46576370511932,2.69011,12.70944,2.6566,0.03350999999999971,20.23585,-7.52641,4.006376518208916,0.2764049316674637,0.644900196948825,86945
6.9,x1 = 6.9,6.8,x1 = 6.8,0.9499999999999998,3.565030777489087,-4.519998930048124,17.187337717089843,2.69011,12.70944,2.97062,-0.28051000000000004,296.38938,-283.67994,8.99445982777815,1.1451560895109325,10.725571222166053,87101
6.7,x1 = 6.7,6.8,x1 = 6.8,0.9499999999999998,3.565030777489087,-7.127968232901009,16.873832160065305,2.69011,12.70944,2.61544,0.07466999999999979,370.31607,-357.60663,8.099387462966282,1.1915000844630248,11.7139012175467,87257
6.5,x1 = 6.5,6.8,x1 = 6.8,0.9499999999999998,3.565030777489087,-2.85669425500127,12.680453478748545,2.69011,12.70944,2.79723,-0.1071200000000001,144.13279,-131.42335,7.054781959493958,0.8534704842424448,5.1269600561235675,87413
