z_x1,z_note,x_x1,x_note,"p(y|x,D)_mean","p(y|x,D)_std","p(y|x,z,D)_mean","p(y|x,z,D)_std","H[p(y|x,D)]","Var[y|x,D]",Va,Ve,Va_variance,Ve_variance,yxz_std,kl_pyx_pyxz,kl_pyxz_pyx,api_calls
-6.8,x1 = -6.8,-7.2,x1 = -7.2,4.89,3.3623569775448368,29.652019286167473,100.19940332331032,2.63158,11.30544,2.59513,0.03644999999999987,1406.51787,-1395.21243,13.158061167036637,2.9256190279419294,467.25361032234247,31190
-7.3,x1 = -7.3,-7.2,x1 = -7.2,4.89,3.3623569775448368,6.250804155840879,6.848645040774616,2.63158,11.30544,1.98149,0.6500900000000001,3.82551,7.47993,1.8543722551559858,0.3516658415595646,0.9448855048256743,31346
-7.1,x1 = -7.1,-7.2,x1 = -7.2,4.89,3.3623569775448368,10.056103124865695,9.375689994665114,2.63158,11.30544,2.27888,0.3527,11.44268,-0.13724,2.829107771394313,0.7415901660499353,3.5425308633565162,31502
-7.2,x1 = -7.2,-7.2,x1 = -7.2,4.89,3.3623569775448368,17.37508016269682,17.670205040658118,2.63158,11.30544,1.78365,0.8479300000000001,5.74735,5.55809,1.9085542138663072,1.4269559976700585,18.54376851903513,31658
-7.5,x1 = -7.5,-7.2,x1 = -7.2,4.89,3.3623569775448368,157.08533077197274,716.4391850855776,2.63158,11.30544,2.73511,-0.10353000000000012,292367.71023,-292356.40479,158.15041648955383,4.884226060609562,23719.367696128975,31816
