z_x1,z_note,x_x1,x_note,"p(y|x,D)_mean","p(y|x,D)_std","p(y|x,z,D)_mean","p(y|x,z,D)_std","H[p(y|x,D)]","Var[y|x,D]",Va,Ve,Va_variance,Ve_variance,yxz_std,kl_pyx_pyxz,kl_pyxz_pyx,api_calls
6.0,x1 = 6.0,6.2,x1 = 6.2,-2.87,2.4097256644227736,-2.8067536081027047,2.8213584786130586,2.29845,5.80678,1.92571,0.37273999999999985,3.41544,2.39134,1.7531722195010335,0.02270128165165597,0.02805026929414345,84349
6.3,x1 = 6.3,6.2,x1 = 6.2,-2.87,2.4097256644227736,-3.690014635735181,1.9989994470795462,2.29845,5.80678,1.78451,0.5139399999999998,3.01426,2.79252,1.582646192506421,0.12384504919685824,0.0888466233046159,84505
6.6,x1 = 6.6,6.2,x1 = 6.2,-2.87,2.4097256644227736,-3.0862521065130055,2.8728484685181948,2.29845,5.80678,1.87202,0.42642999999999986,3.14709,2.65969,1.6714922835564945,0.03041123663565548,0.038892956008043655,84661
6.4,x1 = 6.4,6.2,x1 = 6.2,-2.87,2.4097256644227736,-2.788925023700575,2.7010349162676146,2.29845,5.80678,1.72974,0.5687099999999998,2.96078,2.846,1.5148755611746514,0.012537521639779392,0.014639937292132754,84817
6.2,x1 = 6.2,6.2,x1 = 6.2,-2.87,2.4097256644227736,-4.7634800366711465,3.0573780111660187,2.29845,5.80678,1.96391,0.33453999999999984,4.19759,1.60919,1.8750039532628435,0.24042423174611505,0.3755527640244757,84973
