z_x1,z_note,x_x1,x_note,"p(y|x,D)_mean","p(y|x,D)_std","p(y|x,z,D)_mean","p(y|x,z,D)_std","H[p(y|x,D)]","Var[y|x,D]",Va,Ve,Va_variance,Ve_variance,yxz_std,kl_pyx_pyxz,kl_pyxz_pyx,api_calls
-8.5,x1 = -8.5,-8.6,x1 = -8.6,-5.9799999999999995,17.116320996185028,23.979511209882833,93.76130981223032,4.25897,292.96844,3.01786,1.2411099999999995,1718.35921,-1425.39077,15.459582231778684,1.2684320455267155,14.334773506792523,25661
-8.6,x1 = -8.6,-8.6,x1 = -8.6,-5.9799999999999995,17.116320996185028,7.571790925629005,8.144314018136328,4.25897,292.96844,2.64664,1.6123299999999996,26.67369,266.29475,4.244949986539888,2.350085345843406,0.669346929272423,25818
-8.4,x1 = -8.4,-8.6,x1 = -8.6,-5.9799999999999995,17.116320996185028,13.036082159919236,20.917571765353806,4.25897,292.96844,3.06881,1.1901599999999997,133.84701,159.12143,8.08909346399241,0.44857172494133246,0.6633375446613929,25974
-8.7,x1 = -8.7,-8.6,x1 = -8.6,-5.9799999999999995,17.116320996185028,-2.3010056963640007,46.9990917304913,4.25897,292.96844,3.5011,0.7578699999999996,1113.91342,-820.94498,17.640429290385764,0.579474567914271,2.2828888210386564,26132
-8.8,x1 = -8.8,-8.6,x1 = -8.6,-5.9799999999999995,17.116320996185028,18.58567468797698,38.79201243833704,4.25897,292.96844,3.31015,0.9488199999999996,344.68901,-51.72057,11.472153094061147,0.6160383561508014,2.2799745520651484,26288
