z_x1,z_note,x_x1,x_note,"p(y|x,D)_mean","p(y|x,D)_std","p(y|x,z,D)_mean","p(y|x,z,D)_std","H[p(y|x,D)]","Var[y|x,D]",Va,Ve,Va_variance,Ve_variance,yxz_std,kl_pyx_pyxz,kl_pyxz_pyx,api_calls
13.8,x1 = 13.8,13.6,x1 = 13.6,-9.49,8.27868078594383,12.754564238512755,34.46082089155733,3.53262,68.53656,1.85746,1.67516,12.31598,56.22058,2.2427749879243195,1.163332828126874,10.34737506261325,113773
13.6,x1 = 13.6,13.6,x1 = 13.6,-9.49,8.27868078594383,-69.63715386368686,204.8063995184551,3.53262,68.53656,2.36687,1.16575,1130.67352,-1062.13696,12.357560105312338,2.7523218909586618,328.69336404228926,113929
13.4,x1 = 13.4,13.6,x1 = 13.6,-9.49,8.27868078594383,1.5919276222780392,16.19563243877414,3.53262,68.53656,1.95604,1.57658,14.21796,54.3186,2.6702011893688264,0.5358058995495742,1.638447310671364,114087
13.5,x1 = 13.5,13.6,x1 = 13.6,-9.49,8.27868078594383,-1.121021278411287,4.681668029486148,3.53262,68.53656,1.84287,1.68975,3.83568,64.70088,1.7504294166956695,2.0912141522324528,0.7408961202863822,114243
13.2,x1 = 13.2,13.6,x1 = 13.6,-9.49,8.27868078594383,-168.46890422385002,399.31462944440756,3.53262,68.53656,2.65581,0.8768100000000003,96.58494,-28.04838,5.809423113325823,3.455534453302834,1343.2731102410787,114400
