z_x1,z_note,x_x1,x_note,"p(y|x,D)_mean","p(y|x,D)_std","p(y|x,z,D)_mean","p(y|x,z,D)_std","H[p(y|x,D)]","Var[y|x,D]",Va,Ve,Va_variance,Ve_variance,yxz_std,kl_pyx_pyxz,kl_pyxz_pyx,api_calls
0.9,x1 = 0.9,1.0,x1 = 1.0,1.8200000000000003,2.7144878788538445,2.108468778134718,2.617506917350459,2.41754,7.36844,2.21272,0.20481999999999978,5.76715,1.60129,2.3029982148780612,0.007429113613427685,0.006938713225590698,63772
0.7,x1 = 0.7,1.0,x1 = 1.0,1.8200000000000003,2.7144878788538445,1.916447257406308,2.7725669407834306,2.41754,7.36844,2.2039,0.21363999999999983,5.6464,1.72204,2.2859510505044454,0.001046963782629473,0.0010857836183731928,63928
1.2,x1 = 1.2,1.0,x1 = 1.0,1.8200000000000003,2.7144878788538445,2.4369467876964457,2.5158632730835735,2.41754,7.36844,2.29566,0.12187999999999999,6.70471,0.66373,2.4951576130560675,0.036145122564092746,0.03132028200863335,64085
1.1,x1 = 1.1,1.0,x1 = 1.0,1.8200000000000003,2.7144878788538445,2.166612770883774,2.56392324289263,2.41754,7.36844,2.19593,0.22160999999999964,5.04335,2.32509,2.210273073809893,0.012521837118358081,0.011288312611638318,64241
1.0,x1 = 1.0,1.0,x1 = 1.0,1.8200000000000003,2.7144878788538445,1.1605128259484332,2.431803653944259,2.41754,7.36844,1.94909,0.4684499999999998,4.69364,2.6748,1.9359676090265054,0.04980371963130725,0.0407660526011141,64397
