z_x1,z_note,x_x1,x_note,"p(y|x,D)_mean","p(y|x,D)_std","p(y|x,z,D)_mean","p(y|x,z,D)_std","H[p(y|x,D)]","Var[y|x,D]",Va,Ve,Va_variance,Ve_variance,yxz_std,kl_pyx_pyxz,kl_pyxz_pyx,api_calls
14.3,x1 = 14.3,14.0,x1 = 14.0,6.517,10.705730604577054,-7.734202803296179,29.07322624156483,3.78972,114.61267,2.72089,1.0688300000000002,280.34367,-165.731,8.212291387880802,0.686976123155933,3.0744056087805074,115444
14.0,x1 = 14.0,14.0,x1 = 14.0,6.517,10.705730604577054,80.9321307269872,258.22494386429264,3.78972,114.61267,-inf,inf,1486.22681,-1371.61414,19.082153961981174,2.7254350405423198,311.3682190996916,115601
13.8,x1 = 13.8,14.0,x1 = 14.0,6.517,10.705730604577054,-0.1409189008853656,8.084186008487691,3.78972,114.61267,2.39228,1.39744,15.03728,99.57539,3.412538408681844,0.4351265824609515,0.2593589964889156,115759
14.4,x1 = 14.4,14.0,x1 = 14.0,6.517,10.705730604577054,-7.199760570274365,37.91646220907266,3.78972,114.61267,3.17073,0.6189900000000002,577.41893,-462.80626,13.294647668010583,0.8699032141675738,5.328011294334139,115915
14.1,x1 = 14.1,14.0,x1 = 14.0,6.517,10.705730604577054,-22.07649842204507,82.53346769609946,3.78972,114.61267,3.02225,0.7674699999999999,817.04148,-702.42881,12.310926593716244,1.610850419470324,30.74081347621515,116071
