z_x1,z_note,x_x1,x_note,"p(y|x,D)_mean","p(y|x,D)_std","p(y|x,z,D)_mean","p(y|x,z,D)_std","H[p(y|x,D)]","Var[y|x,D]",Va,Ve,Va_variance,Ve_variance,yxz_std,kl_pyx_pyxz,kl_pyxz_pyx,api_calls
14.5,x1 = 14.5,14.4,x1 = 14.4,-0.7900000000000003,7.505916185102108,1.4535449290161595,36.470118827359556,3.43463,56.33878,2.76508,0.6695499999999996,114.69012,-58.35134,7.04766110540402,1.1038728045788442,9.768080282799511,116952
14.4,x1 = 14.4,14.4,x1 = 14.4,-0.7900000000000003,7.505916185102108,-2.037645951734409,5.083932671341731,3.43463,56.33878,1.93864,1.49599,5.20763,51.13115,1.9955934959422814,0.23038441095406725,0.13280474085086724,117108
14.3,x1 = 14.3,14.4,x1 = 14.4,-0.7900000000000003,7.505916185102108,-15.123684415175898,17.910810159292918,3.43463,56.33878,2.60738,0.8272499999999998,23.86268,32.4761,4.097988945534235,0.7777485088868215,3.3007081532428653,117264
14.7,x1 = 14.7,14.4,x1 = 14.4,-0.7900000000000003,7.505916185102108,-1.0558379795918171,3.592737843994841,3.43463,56.33878,2.19251,1.24212,5.8116,50.52718,2.2854812138237226,0.9483203766123629,0.35195907026060413,117421
14.2,x1 = 14.2,14.4,x1 = 14.4,-0.7900000000000003,7.505916185102108,-6.709036724029694,203.3298408226066,3.43463,56.33878,3.27073,0.16389999999999993,4918.55424,-4862.21546,34.0566777153997,2.8002430266213745,363.426250990977,117578
