z_x1,z_note,x_x1,x_note,"p(y|x,D)_mean","p(y|x,D)_std","p(y|x,z,D)_mean","p(y|x,z,D)_std","H[p(y|x,D)]","Var[y|x,D]",Va,Ve,Va_variance,Ve_variance,yxz_std,kl_pyx_pyxz,kl_pyxz_pyx,api_calls
-3.1,x1 = -3.1,-3.2,x1 = -3.2,3.6699999999999995,1.7682697129617355,3.0791486034207822,2.506304232805448,1.98894,3.12678,1.55487,0.43406999999999996,2.54269,0.58409,1.3517804523032126,0.12548126697135764,0.21149566430351263,47070
-3.2,x1 = -3.2,-3.2,x1 = -3.2,3.6699999999999995,1.7682697129617355,3.6498020210628668,1.6064386931449257,1.98894,3.12678,1.60641,0.38253000000000004,2.2065,0.92028,1.3401650149731825,0.009910441650046176,0.008715485751113361,47227
-3.4,x1 = -3.4,-3.2,x1 = -3.2,3.6699999999999995,1.7682697129617355,4.712453527628869,3.3080578510147243,1.98894,3.12678,1.63375,0.3551899999999999,2.50269,0.62409,1.3802419415022908,0.318875163990473,0.7973388456430865,47383
-2.7,x1 = -2.7,-3.2,x1 = -3.2,3.6699999999999995,1.7682697129617355,3.4411775697872815,2.4323078754310807,1.98894,3.12678,1.89329,0.09565000000000001,3.62649,-0.49971,1.7560993828720237,0.08752330221071436,0.13557500887501772,47539
-3.3,x1 = -3.3,-3.2,x1 = -3.2,3.6699999999999995,1.7682697129617355,2.9628364514297494,2.017532360060586,1.98894,3.12678,1.48384,0.5050999999999999,1.65098,1.4758,1.16855356866827,0.07738579824718617,0.0989932996850631,47696
