z_x1,z_note,x_x1,x_note,"p(y|x,D)_mean","p(y|x,D)_std","p(y|x,z,D)_mean","p(y|x,z,D)_std","H[p(y|x,D)]","Var[y|x,D]",Va,Ve,Va_variance,Ve_variance,yxz_std,kl_pyx_pyxz,kl_pyxz_pyx,api_calls
-5.1,x1 = -5.1,-4.8,x1 = -4.8,3.79,1.4790762883187152,3.592096718685511,3.9999614739865725,1.81036,2.18767,1.90119,-0.09082999999999997,4.6469,-2.45923,1.8896583353938432,0.564456818393676,2.170878310879194,40722
-4.9,x1 = -4.9,-4.8,x1 = -4.8,3.79,1.4790762883187152,2.8291107046260504,1.867511621601746,1.81036,2.18767,1.68485,0.12551,1.97202,0.21565,1.351367792166031,0.17919426035761343,0.27494161117485394,40878
-4.6,x1 = -4.6,-4.8,x1 = -4.8,3.79,1.4790762883187152,4.333335727454242,3.3610742670944163,1.81036,2.18767,1.72304,0.08732000000000006,2.39331,-0.20564,1.456118501748161,0.43073576888527654,1.3285630167823586,41034
-5.0,x1 = -5.0,-4.8,x1 = -4.8,3.79,1.4790762883187152,1.7456685588709169,2.8258656535222633,1.81036,2.18767,1.78019,0.03017000000000003,3.80712,-1.61945,1.6681468408439384,0.5460535702989189,1.6329186679695855,41191
-5.2,x1 = -5.2,-4.8,x1 = -4.8,3.79,1.4790762883187152,5.493325548110722,6.961952131440551,1.81036,2.18767,2.09317,-0.28281000000000023,7.26606,-5.07839,2.2685081344404963,1.1015397049162972,9.691799401614816,41347
