z_x1,z_note,x_x1,x_note,"p(y|x,D)_mean","p(y|x,D)_std","p(y|x,z,D)_mean","p(y|x,z,D)_std","H[p(y|x,D)]","Var[y|x,D]",Va,Ve,Va_variance,Ve_variance,yxz_std,kl_pyx_pyxz,kl_pyxz_pyx,api_calls
6.6,x1 = 6.6,6.6,x1 = 6.6,-3.7,3.012935076927111,-2.5899575131978683,3.9883858462054755,2.52185,9.07778,2.19243,0.32942000000000027,8.30945,0.76833,2.52153196937938,0.10453765789883263,0.1635595930047513,85934
6.7,x1 = 6.7,6.6,x1 = 6.6,-3.7,3.012935076927111,-3.729335023710099,2.5333386965838933,2.52185,9.07778,1.84833,0.6735200000000001,2.87924,6.19854,1.6345155597376462,0.03392425445449221,0.0269139037492252,86090
6.3,x1 = 6.3,6.6,x1 = 6.6,-3.7,3.012935076927111,-2.946444434278243,2.403870732751356,2.52185,9.07778,1.97805,0.5438000000000001,4.17302,4.90476,1.8981737701831383,0.1087649973076057,0.07539361451025373,86247
6.5,x1 = 6.5,6.6,x1 = 6.6,-3.7,3.012935076927111,-4.0010285077558345,2.626739870427097,2.52185,9.07778,1.83903,0.6828200000000002,3.92617,5.15161,1.7428554363635251,0.027228172973267406,0.02219830623923902,86404
6.4,x1 = 6.4,6.6,x1 = 6.6,-3.7,3.012935076927111,-2.324526451026301,2.676817948811993,2.52185,9.07778,1.93325,0.5886000000000002,3.55406,5.52372,1.7858202998089683,0.14718248833339387,0.11715704711459052,86560
