z_x1,z_note,x_x1,x_note,"p(y|x,D)_mean","p(y|x,D)_std","p(y|x,z,D)_mean","p(y|x,z,D)_std","H[p(y|x,D)]","Var[y|x,D]",Va,Ve,Va_variance,Ve_variance,yxz_std,kl_pyx_pyxz,kl_pyxz_pyx,api_calls
-12.9,x1 = -12.9,-13.0,x1 = -13.0,6.9799999999999995,8.719938837705993,57.272985057510994,125.4609337781634,3.58455,76.03733,3.10192,0.48263000000000034,1701.38576,-1625.34843,20.526093376391163,2.249144205144551,116.97085466329308,8144
-13.1,x1 = -13.1,-13.0,x1 = -13.0,6.9799999999999995,8.719938837705993,4.18798806160524,7.939357889249352,3.58455,76.03733,2.67213,0.91242,29.31493,46.7224,4.397213814118367,0.07120619377117376,0.059529548426681345,8301
-13.0,x1 = -13.0,-13.0,x1 = -13.0,6.9799999999999995,8.719938837705993,14.991208855165082,44.960824779042014,3.58455,76.03733,3.22172,0.3628300000000002,515.87479,-439.83746,14.03937715018027,1.1748611174434187,11.574499639317294,8457
-13.2,x1 = -13.2,-13.0,x1 = -13.0,6.9799999999999995,8.719938837705993,-4.010228302868013,17.027974690813572,3.58455,76.03733,2.48297,1.1015800000000002,87.51644,-11.47911,5.238203836831948,0.508650660683619,1.5316452788186088,8614
-12.8,x1 = -12.8,-13.0,x1 = -13.0,6.9799999999999995,8.719938837705993,21.316814694294678,71.06917181795144,3.58455,76.03733,2.96002,0.62453,3184.26531,-3108.22798,22.926348157769795,1.6259162292380918,31.96637060328097,8770
