z_x1,z_note,x_x1,x_note,"p(y|x,D)_mean","p(y|x,D)_std","p(y|x,z,D)_mean","p(y|x,z,D)_std","H[p(y|x,D)]","Var[y|x,D]",Va,Ve,Va_variance,Ve_variance,yxz_std,kl_pyx_pyxz,kl_pyxz_pyx,api_calls
-11.2,x1 = -11.2,-11.2,x1 = -11.2,17.360000000000003,34.1049751991309,-0.21484930863296,3.9134272904476974,4.94838,1163.14933,2.48086,2.4675200000000004,12.68591,1150.46342,3.2077514472885595,45.3935079231086,1.8043885608031243,15316
-11.1,x1 = -11.1,-11.2,x1 = -11.2,17.360000000000003,34.1049751991309,9.900018025933342,25.342589558757247,4.94838,1163.14933,2.68933,2.2590500000000002,161.18319,1001.96614,6.617771493074677,0.15189995916604837,0.09696059851089789,15472
-11.4,x1 = -11.4,-11.2,x1 = -11.2,17.360000000000003,34.1049751991309,12.099020298639939,15.920093253986712,4.94838,1163.14933,2.50359,2.4447900000000002,34.65401,1128.49532,4.388538384878776,1.0873796488977763,0.3827086922276379,15628
-11.0,x1 = -11.0,-11.2,x1 = -11.2,17.360000000000003,34.1049751991309,-32.032750321334824,329.3659175282053,4.94838,1163.14933,3.75395,1.19443,74979.79246,-73816.64313,93.50741243130744,1.7843315723615372,44.91383477280002,15784
-11.5,x1 = -11.5,-11.2,x1 = -11.2,17.360000000000003,34.1049751991309,230.15334951772354,589.790814835976,4.94838,1163.14933,3.60659,1.34179,39207.61446,-38044.46513,70.81692070781476,2.417082922638628,165.64526499607132,15942
