z_x1,z_note,x_x1,x_note,"p(y|x,D)_mean","p(y|x,D)_std","p(y|x,z,D)_mean","p(y|x,z,D)_std","H[p(y|x,D)]","Var[y|x,D]",Va,Ve,Va_variance,Ve_variance,yxz_std,kl_pyx_pyxz,kl_pyxz_pyx,api_calls
-12.9,x1 = -12.9,-13.0,x1 = -13.0,6.16,5.93879898071431,7.333131468459039,8.872644518726423,3.20045,35.26933,1.76437,1.43608,15.61357,19.65576,2.5261443692909835,0.13421363673550046,0.23408225901179747,8136
-13.2,x1 = -13.2,-13.0,x1 = -13.0,6.16,5.93879898071431,-2.084053814175127,23.18805842304527,3.20045,35.26933,1.9311,1.26935,10.22894,25.04039,2.434580503324139,0.9581286740158004,6.723947252943362,8292
-13.3,x1 = -13.3,-13.0,x1 = -13.0,6.16,5.93879898071431,25.409226853620805,30.79565105417244,3.20045,35.26933,2.56291,0.63754,57.52358,-22.25425,5.133477091085463,1.3598132041149014,16.551748814440586,8449
-13.0,x1 = -13.0,-13.0,x1 = -13.0,6.16,5.93879898071431,8.758336579147167,19.18344431512963,3.20045,35.26933,2.1884,1.01205,56.69382,-21.42449,4.309474098856336,0.7296333307718395,3.6402317938174704,8606
-12.7,x1 = -12.7,-13.0,x1 = -13.0,6.16,5.93879898071431,4.524884210334617,11.731241711494416,3.20045,35.26933,2.22116,0.9792900000000002,13.29322,21.97611,2.8700705038848806,0.3186005655045834,0.8081695751523761,8762
