z_x1,z_note,x_x1,x_note,"p(y|x,D)_mean","p(y|x,D)_std","p(y|x,z,D)_mean","p(y|x,z,D)_std","H[p(y|x,D)]","Var[y|x,D]",Va,Ve,Va_variance,Ve_variance,yxz_std,kl_pyx_pyxz,kl_pyxz_pyx,api_calls
-9.1,x1 = -9.1,-8.8,x1 = -8.8,7.94,15.50363398260765,4.856698806181052,8.478666472356386,4.16001,240.36267,2.80223,1.3577799999999995,36.16539,204.19728,4.808422230926253,0.634391597262413,0.2728373501192628,24862
-8.5,x1 = -8.5,-8.8,x1 = -8.8,7.94,15.50363398260765,-127.57529939609627,530.0295247428062,4.16001,240.36267,3.31062,0.8493899999999996,44538.84518,-44298.48251,66.10899632830166,3.0649709144207717,618.5600309415345,25022
-8.6,x1 = -8.6,-8.8,x1 = -8.8,7.94,15.50363398260765,2.620002016469324,11.371487819465056,4.16001,240.36267,2.48963,1.6703799999999998,52.26902,188.09365,4.491953565751946,0.22886974557146833,0.1378305058284548,25179
-8.8,x1 = -8.8,-8.8,x1 = -8.8,7.94,15.50363398260765,8.62177249757353,12.208620506215748,4.16001,240.36267,2.90648,1.2535299999999996,51.34047,189.0222,5.583861938599497,0.06894041507665305,0.04995221913578374,25336
-8.9,x1 = -8.9,-8.8,x1 = -8.8,7.94,15.50363398260765,5.619896625557032,12.494838131069299,4.16001,240.36267,2.96883,1.1911799999999997,46.28216,194.08051,5.664263872924874,0.07127678858931863,0.05171754064608358,25492
