z_x1,z_note,x_x1,x_note,"p(y|x,D)_mean","p(y|x,D)_std","p(y|x,z,D)_mean","p(y|x,z,D)_std","H[p(y|x,D)]","Var[y|x,D]",Va,Ve,Va_variance,Ve_variance,yxz_std,kl_pyx_pyxz,kl_pyxz_pyx,api_calls
-6.3,x1 = -6.3,-6.2,x1 = -6.2,8.379999999999999,9.77386537887874,67.87583167768244,207.50371203549577,3.69865,95.52844,3.08587,0.6127800000000003,6233.18388,-6137.65544,26.607543261328587,2.5976511952825687,240.33812123622164,35200
-6.2,x1 = -6.2,-6.2,x1 = -6.2,8.379999999999999,9.77386537887874,3.17574757464937,8.160757300625896,3.69865,95.52844,2.39832,1.3003300000000002,10.78733,84.74111,2.994821205617473,0.24016882027800435,0.17071174700173575,35356
-6.0,x1 = -6.0,-6.2,x1 = -6.2,8.379999999999999,9.77386537887874,184.5214231409295,658.7312844762458,3.69865,95.52844,3.2006,0.4980500000000001,101311.71973,-101216.19129,95.83611785068707,3.746463769151828,2428.8719214044577,35514
-6.4,x1 = -6.4,-6.2,x1 = -6.2,8.379999999999999,9.77386537887874,2.286766439941654,10.652947059486257,3.69865,95.52844,3.00681,0.69184,83.44764,12.0808,6.716496956644569,0.17058774167138202,0.2021892217896668,35671
-6.1,x1 = -6.1,-6.2,x1 = -6.2,8.379999999999999,9.77386537887874,4.912700575275,12.69022697111883,3.69865,95.52844,2.88511,0.8135400000000002,58.3881,37.14034,5.683134976574795,0.09504142609382527,0.14470443663806154,35828
