z_x1,z_note,x_x1,x_note,"p(y=0|x,D)","p(y=1|x,D)","p(u=0|z,D)","p(u=1|z,D)","p(y=0|x,u=0,z,D)","p(y=1|x,u=0,z,D)","p(y=0|x,u=1,z,D)","p(y=1|x,u=1,z,D)","p(y=0|x,z,D)","p(y=1|x,z,D)","H[p(u|z,D)]","Var[p(u|z,D)]","H[p(y|x,u=0,z,D)]","H[p(y|x,u=1,z,D)]","Var[p(y|x,u=0,z,D)]","Var[p(y|x,u=1,z,D)]","H[p(y|x,D)]","Var[p(y|x,D)]",Va,Ve,Va_variance,Ve_variance,kl_pyx_pyxz,kl_pyxz_pyx,api_calls
-9.7,x1 = -9.7,-10.0,x1 = -10.0,0.9289506908576511,0.0710493091423489,0.9302515156015524,0.06974848439844761,0.9664249359098287,0.033575064090171206,0.5127838670628367,0.48721613293716326,0.9347841588968592,0.06521584110314073,0.36498,0.06488,0.21202,0.99953,0.03245,0.24984,0.36983,0.066,0.26695,0.10287999999999997,0.04761,0.018390000000000004,0.0002716888737032035,0.0002645919153041656,200
-10.0,x1 = -10.0,-10.0,x1 = -10.0,0.9289506908576511,0.0710493091423489,0.9299757352006516,0.07002426479934852,0.9652773699853558,0.034722630014644,0.3573869725178736,0.6426130274821265,0.9227102918241117,0.0772897081758882,0.36601,0.06512,0.21755,0.94049,0.03352,0.22966,0.36983,0.066,0.26817,0.10165999999999997,0.04725,0.018750000000000003,0.00028004884141435635,0.0002873720815712256,230
-9.9,x1 = -9.9,-10.0,x1 = -10.0,0.9289506908576511,0.0710493091423489,0.9265071698314504,0.07349283016854957,0.9669874365547283,0.03301256344527164,0.5053554878060897,0.4946445121939103,0.9330607981449681,0.06693920185503192,0.37883,0.06809,0.20928,0.99992,0.03192,0.24997,0.36983,0.066,0.26739,0.10243999999999998,0.04795,0.018050000000000004,0.00013274124490244166,0.00013032231529298399,260
-9.5,x1 = -9.5,-10.0,x1 = -10.0,0.9289506908576511,0.0710493091423489,0.931057931943361,0.06894206805663916,0.9652095340134395,0.03479046598656065,0.5105696033119054,0.48943039668809457,0.9338657169697486,0.06613428303025151,0.36196,0.06419,0.21787,0.99968,0.03358,0.24989,0.36983,0.066,0.27177,0.09805999999999998,0.04849,0.017510000000000005,0.00019123296927195908,0.00018704641575288065,290
-9.8,x1 = -9.8,-10.0,x1 = -10.0,0.9289506908576511,0.0710493091423489,0.9294980393621582,0.07050196063784168,0.9666100624586775,0.033389937541322405,0.5135068595027024,0.48649314049729764,0.9346653982789953,0.06533460172100455,0.36779,0.06553,0.21112,0.99947,0.03228,0.24982,0.36983,0.066,0.2667,0.10313,0.04762,0.01838,0.0002604499405237824,0.0002537896593066604,320
