z_x1,z_note,x_x1,x_note,"p(y=0|x,D)","p(y=1|x,D)","p(u=0|z,D)","p(u=1|z,D)","p(y=0|x,u=0,z,D)","p(y=1|x,u=0,z,D)","p(y=0|x,u=1,z,D)","p(y=1|x,u=1,z,D)","p(y=0|x,z,D)","p(y=1|x,z,D)","H[p(u|z,D)]","Var[p(u|z,D)]","H[p(y|x,u=0,z,D)]","H[p(y|x,u=1,z,D)]","Var[p(y|x,u=0,z,D)]","Var[p(y|x,u=1,z,D)]","H[p(y|x,D)]","Var[p(y|x,D)]",Va,Ve,Va_variance,Ve_variance,kl_pyx_pyxz,kl_pyxz_pyx,api_calls
0.0,x1 = 0.0,0.0,x1 = 0.0,0.6196517584011836,0.38034824159881647,0.6167622037011917,0.3832377962988084,0.7921234718237002,0.20787652817629976,0.3350474242264082,0.6649525757735919,0.6169546546015449,0.38304534539845525,0.9603,0.23637,0.7374,0.92,0.16466,0.22279,0.95829,0.23568,0.80738,0.15091,0.18694,0.048740000000000006,1.5404617863540825e-05,1.5418508838118024e-05,520
0.3,x1 = 0.3,0.0,x1 = 0.0,0.6196517584011836,0.38034824159881647,0.5109861071056393,0.4890138928943607,0.6935612771167542,0.30643872288324575,0.6385015891160288,0.36149841088397117,0.6666363247459706,0.33336367525402943,0.99965,0.24988,0.88902,0.94392,0.21253,0.23082,0.95829,0.23568,0.91587,0.04242000000000001,0.22147,0.01421,0.004861651986623965,0.004767377401840793,550
0.1,x1 = 0.1,0.0,x1 = 0.0,0.6196517584011836,0.38034824159881647,0.5226508488461715,0.47734915115382837,0.7042045025553183,0.2957954974446816,0.6249524840844438,0.37504751591555624,0.6663736188110188,0.33362638118898114,0.99852,0.24949,0.87609,0.95447,0.2083,0.23439,0.95829,0.23568,0.9135,0.044789999999999996,0.22075,0.014929999999999999,0.004806276621129167,0.004713693633386085,580
-0.2,x1 = -0.2,0.0,x1 = 0.0,0.6196517584011836,0.38034824159881647,0.6187891768089846,0.3812108231910155,0.6840258434524252,0.31597415654757477,0.6735872802803623,0.32641271971963776,0.6800465501926718,0.31995344980732837,0.95889,0.23589,0.89995,0.91122,0.21613,0.21987,0.95829,0.23568,0.90425,0.05403999999999998,0.21756,0.018119999999999997,0.00813682563567799,0.007923076816096497,610
-0.3,x1 = -0.3,0.0,x1 = 0.0,0.6196517584011836,0.38034824159881647,0.6262252942899947,0.37377470571000526,0.6787180901945893,0.3212819098054108,0.6866282106113326,0.31337178938866733,0.6816746931254882,0.3183253068745118,0.95353,0.23407,0.90577,0.89703,0.21806,0.21517,0.95829,0.23568,0.9025,0.055790000000000006,0.21698,0.018699999999999994,0.008595465232907516,0.008362122087245183,640
