z_x1,z_note,x_x1,x_note,"p(y=0|x,D)","p(y=1|x,D)","p(u=0|z,D)","p(u=1|z,D)","p(y=0|x,u=0,z,D)","p(y=1|x,u=0,z,D)","p(y=0|x,u=1,z,D)","p(y=1|x,u=1,z,D)","p(y=0|x,z,D)","p(y=1|x,z,D)","H[p(u|z,D)]","Var[p(u|z,D)]","H[p(y|x,u=0,z,D)]","H[p(y|x,u=1,z,D)]","Var[p(y|x,u=0,z,D)]","Var[p(y|x,u=1,z,D)]","H[p(y|x,D)]","Var[p(y|x,D)]",Va,Ve,Va_variance,Ve_variance,kl_pyx_pyxz,kl_pyxz_pyx,api_calls
4.5,x1 = 4.5,5.0,x1 = 5.0,0.22812841061350034,0.7718715893864997,0.3814220014993897,0.6185779985006103,0.22328203069430574,0.7767179693056943,0.20609279034258216,0.7939072096574178,0.21264914480179065,0.7873508551982094,0.95904,0.23594,0.76612,0.73395,0.17343,0.16362,0.77473,0.17609,0.74622,0.028510000000000035,0.16736,0.008729999999999988,0.0007033617692555356,0.0006916426084004092,680
5.0,x1 = 5.0,5.0,x1 = 5.0,0.22812841061350034,0.7718715893864997,0.22812840850973828,0.7718715914902617,0.4783699672579818,0.5216300327420182,0.16277592561767773,0.8372240743823223,0.23477189207223637,0.7652281079277637,0.77473,0.17609,0.99865,0.64091,0.24953,0.13628,0.77473,0.17609,0.72252,0.05220999999999998,0.16212,0.01397000000000001,0.00012365195431721966,0.00012448159561684064,710
4.9,x1 = 4.9,5.0,x1 = 5.0,0.22812841061350034,0.7718715893864997,0.4044208092928619,0.595579190707138,0.22650925445219702,0.7734907455478031,0.21180226085322956,0.7881977391467705,0.2177500751067889,0.7822499248932111,0.97348,0.24086,0.77188,0.74491,0.1752,0.16694,0.77473,0.17609,0.75582,0.018909999999999982,0.17028,0.00581000000000001,0.00031263891137760236,0.0003091977367558861,740
5.5,x1 = 5.5,5.0,x1 = 5.0,0.22812841061350034,0.7718715893864997,0.1897052689740152,0.8102947310259848,0.37559911423740777,0.6244008857625922,0.20438263398899278,0.7956173660110071,0.23686330242730252,0.7631366975726974,0.70085,0.15372,0.95487,0.73061,0.23452,0.16261,0.77473,0.17609,0.77315,0.0015800000000000258,0.17625,-0.00015999999999999348,0.00021287730973212904,0.0002147440777893351,770
5.1,x1 = 5.1,5.0,x1 = 5.0,0.22812841061350034,0.7718715893864997,0.21476366358531324,0.7852363364146868,0.3589219262590765,0.6410780737409234,0.20619742944641364,0.7938025705535864,0.2389971019011246,0.7610028980988754,0.75049,0.16864,0.94178,0.73415,0.2301,0.16368,0.77473,0.17609,0.77874,-0.004009999999999958,0.17794,-0.0018499999999999905,0.00032821425059420886,0.00033177383464670814,800
