z_x1,z_note,x_x1,x_note,"p(y=0|x,D)","p(y=1|x,D)","p(u=0|z,D)","p(u=1|z,D)","p(y=0|x,u=0,z,D)","p(y=1|x,u=0,z,D)","p(y=0|x,u=1,z,D)","p(y=1|x,u=1,z,D)","p(y=0|x,z,D)","p(y=1|x,z,D)","H[p(u|z,D)]","Var[p(u|z,D)]","H[p(y|x,u=0,z,D)]","H[p(y|x,u=1,z,D)]","Var[p(y|x,u=0,z,D)]","Var[p(y|x,u=1,z,D)]","H[p(y|x,D)]","Var[p(y|x,D)]",Va,Ve,Va_variance,Ve_variance,kl_pyx_pyxz,kl_pyxz_pyx,api_calls
-14.4,x1 = -14.4,-15.0,x1 = -15.0,0.7881319280818682,0.21186807191813192,0.793126140645035,0.20687385935496513,0.8919210155459387,0.10807898445406128,0.37455861979063065,0.6254413802093693,0.7848922600509074,0.21510773994909269,0.73546,0.16408,0.49409,0.95411,0.0964,0.23426,0.74504,0.16698,0.58926,0.15578000000000003,0.12492,0.042059999999999986,3.119593588277831e-05,3.1311117183086164e-05,40
-14.9,x1 = -14.9,-15.0,x1 = -15.0,0.7881319280818682,0.21186807191813192,0.7899818763115409,0.21001812368845907,0.8867517259465723,0.11324827405342763,0.3723601548914002,0.6276398451085998,0.7787201733524064,0.22127982664759357,0.74152,0.16591,0.50964,0.95247,0.10042,0.23371,0.74504,0.16698,0.60264,0.14240000000000008,0.12841,0.03856999999999999,0.0002597043908089663,0.0002624412617507083,70
-14.7,x1 = -14.7,-15.0,x1 = -15.0,0.7881319280818682,0.21186807191813192,0.7899880273163695,0.21001197268363056,0.8946260374952475,0.10537396250475246,0.37169678743127277,0.6283032125687271,0.7848046341153407,0.21519536588465932,0.74151,0.16591,0.4858,0.95197,0.09427,0.23354,0.74504,0.16698,0.5837,0.16134000000000004,0.12352,0.043459999999999985,3.289980647053995e-05,3.302453292376717e-05,100
-14.3,x1 = -14.3,-15.0,x1 = -15.0,0.7881319280818682,0.21186807191813192,0.7943062856321614,0.20569371436783862,0.8925052262557527,0.10749477374424717,0.3657105213336487,0.6342894786663513,0.7841468666910156,0.2158531333089843,0.73317,0.16338,0.49231,0.94732,0.09594,0.23197,0.74504,0.16698,0.5859,0.15914000000000006,0.12392,0.04305999999999999,4.712341684457409e-05,4.733697937129352e-05,130
-15.3,x1 = -15.3,-15.0,x1 = -15.0,0.7881319280818682,0.21186807191813192,0.792815096377715,0.2071849036222851,0.8873675591915484,0.11263244080845136,0.38314444249324875,0.6168555575067513,0.7829001413542831,0.21709985864571682,0.73607,0.16426,0.50781,0.96023,0.09995,0.23634,0.74504,0.16698,0.60154,0.14350000000000007,0.12821,0.03877,8.099383765671798e-05,8.147401451590909e-05,160
