z_x1,z_note,x_x1,x_note,"p(y=0|x,D)","p(y=1|x,D)","p(u=0|z,D)","p(u=1|z,D)","p(y=0|x,u=0,z,D)","p(y=1|x,u=0,z,D)","p(y=0|x,u=1,z,D)","p(y=1|x,u=1,z,D)","p(y=0|x,z,D)","p(y=1|x,z,D)","H[p(u|z,D)]","Var[p(u|z,D)]","H[p(y|x,u=0,z,D)]","H[p(y|x,u=1,z,D)]","Var[p(y|x,u=0,z,D)]","Var[p(y|x,u=1,z,D)]","H[p(y|x,D)]","Var[p(y|x,D)]",Va,Ve,Va_variance,Ve_variance,kl_pyx_pyxz,kl_pyxz_pyx,api_calls
15.4,x1 = 15.4,15.0,x1 = 15.0,0.16874329038326077,0.8312567096167391,0.1529851634997145,0.8470148365002854,0.6430860815933611,0.35691391840663905,0.07364278747403048,0.9263572125259696,0.1607591629286923,0.8392408370713077,0.61726,0.12958,0.94009,0.37937,0.22953,0.06822,0.65482,0.14027,0.46515,0.18966999999999995,0.0929,0.04737000000000001,0.00023316283554829578,0.00023015815501434798,1000
14.9,x1 = 14.9,15.0,x1 = 15.0,0.16874329038326077,0.8312567096167391,0.14520738624131138,0.8547926137586886,0.6346476001070164,0.3653523998929836,0.08321911594267015,0.9167808840573299,0.16329060482718322,0.8367093951728168,0.59772,0.12412,0.94704,0.41342,0.23187,0.07629,0.65482,0.14027,0.49091,0.16390999999999994,0.09888,0.04139000000000001,0.00010784851989868467,0.00010690687251970789,1030
14.7,x1 = 14.7,15.0,x1 = 15.0,0.16874329038326077,0.8312567096167391,0.14706988730814793,0.852930112691852,0.6321770877746019,0.36782291222539826,0.0795478821130438,0.9204521178869562,0.16082299711288045,0.8391770028871196,0.60246,0.12544,0.94899,0.40058,0.23253,0.07322,0.65482,0.14027,0.48123,0.17358999999999997,0.09665,0.043620000000000006,0.00022940091839702102,0.0002264689404036695,1060
14.5,x1 = 14.5,15.0,x1 = 15.0,0.16874329038326077,0.8312567096167391,0.15257039033216652,0.8474296096678333,0.634852297364737,0.365147702635263,0.07769168788109135,0.9223083121189088,0.16269789954771896,0.837302100452281,0.61624,0.12929,0.94687,0.39399,0.23181,0.07166,0.65482,0.14027,0.47834,0.17647999999999997,0.09609,0.04418000000000001,0.00013282576805960945,0.0001315375908075107,1090
15.6,x1 = 15.6,15.0,x1 = 15.0,0.16874329038326077,0.8312567096167391,0.14623243164447175,0.8537675683555281,0.6405350801748486,0.3594649198251514,0.07154637593150379,0.9284536240684963,0.15475097773124524,0.8452490222687548,0.60033,0.12485,0.94224,0.37167,0.23025,0.06643,0.65482,0.14027,0.45511,0.19970999999999994,0.09039,0.04988000000000001,0.0007307917250763789,0.0007139699627982006,1120
