z_x1,z_note,x_x1,x_note,"p(y=0|x,D)","p(y=1|x,D)","p(u=0|z,D)","p(u=1|z,D)","p(y=0|x,u=0,z,D)","p(y=1|x,u=0,z,D)","p(y=0|x,u=1,z,D)","p(y=1|x,u=1,z,D)","p(y=0|x,z,D)","p(y=1|x,z,D)","H[p(u|z,D)]","Var[p(u|z,D)]","H[p(y|x,u=0,z,D)]","H[p(y|x,u=1,z,D)]","Var[p(y|x,u=0,z,D)]","Var[p(y|x,u=1,z,D)]","H[p(y|x,D)]","Var[p(y|x,D)]",Va,Ve,Va_variance,Ve_variance,kl_pyx_pyxz,kl_pyxz_pyx,api_calls
10.1,x1 = 10.1,10.0,x1 = 10.0,0.09564754695875215,0.904352453041248,0.08697312869976939,0.9130268713002307,0.5122679670578572,0.4877320329421429,0.07776649684354225,0.9222335031564578,0.11555644913273089,0.8844435508672693,0.42628,0.07941,0.99957,0.39426,0.24985,0.07172,0.45504,0.0865,0.44691,0.008130000000000026,0.08721,-0.0007100000000000023,0.0020454067049033783,0.002162331268837747,840
9.7,x1 = 9.7,10.0,x1 = 10.0,0.09564754695875215,0.904352453041248,0.0710320496381113,0.9289679503618886,0.3658649700919101,0.6341350299080901,0.08473883044951674,0.9152611695504833,0.10470779635516583,0.8952922036448342,0.36976,0.06599,0.94744,0.41866,0.23201,0.07756,0.45504,0.0865,0.45622,-0.0011800000000000144,0.08853,-0.002030000000000004,0.00044949927464398194,0.0004617130736083615,870
9.4,x1 = 9.4,10.0,x1 = 10.0,0.09564754695875215,0.904352453041248,0.07284260848085697,0.927157391519143,0.3494997457672467,0.6505002542327532,0.08709982803615199,0.9129001719638481,0.1062137225088472,0.8937862774911528,0.37644,0.06754,0.93362,0.42671,0.22735,0.07951,0.45504,0.0865,0.46363,-0.008589999999999987,0.09028,-0.0037800000000000056,0.0006061243294668839,0.000625212835988917,900
9.9,x1 = 9.9,10.0,x1 = 10.0,0.09564754695875215,0.904352453041248,0.07289635702105134,0.9271036429789486,0.3854948234340748,0.6145051765659252,0.08617493665640558,0.9138250633435945,0.10799426598645122,0.8920057340135488,0.37664,0.06758,0.96183,0.42357,0.23689,0.07875,0.45504,0.0865,0.46281,-0.007769999999999999,0.09028,-0.0037800000000000056,0.000819390829285279,0.0008493261375844847,930
10.4,x1 = 10.4,10.0,x1 = 10.0,0.09564754695875215,0.904352453041248,0.08586294241888118,0.9141370575811187,0.4938777556001742,0.5061222443998259,0.08353516790623186,0.9164648320937682,0.11876838988541152,0.8812316101145884,0.42251,0.07849,0.99989,0.41451,0.24996,0.07656,0.45504,0.0865,0.46477,-0.009730000000000016,0.09145,-0.00495000000000001,0.002713339460976537,0.002891243583919151,960
