z_x1,z_note,x_x1,x_note,"p(y=0|x,D)","p(y=1|x,D)","p(u=0|z,D)","p(u=1|z,D)","p(y=0|x,u=0,z,D)","p(y=1|x,u=0,z,D)","p(y=0|x,u=1,z,D)","p(y=1|x,u=1,z,D)","p(y=0|x,z,D)","p(y=1|x,z,D)","H[p(u|z,D)]","Var[p(u|z,D)]","H[p(y|x,u=0,z,D)]","H[p(y|x,u=1,z,D)]","Var[p(y|x,u=0,z,D)]","Var[p(y|x,u=1,z,D)]","H[p(y|x,D)]","Var[p(y|x,D)]",Va,Ve,Va_variance,Ve_variance,kl_pyx_pyxz,kl_pyxz_pyx,api_calls
-1.4,x1 = -1.4,-1.4,x1 = -1.4,0.6228045754157612,0.3771954245842387,0.6228045754157612,0.3771954245842387,0.7583211262875633,0.24167887371243682,0.4036614884059547,0.5963385115940453,0.6245451335939175,0.37545486640608244,0.95604,0.23492,0.79782,0.97305,0.18327,0.24072,0.95604,0.23492,0.86392,0.09211999999999998,0.20494,0.02997999999999998,6.455932227097429e-06,6.451985975826574e-06,2760
