z_x1,z_note,x_x1,x_note,"p(y=0|x,D)","p(y=1|x,D)","p(u=0|z,D)","p(u=1|z,D)","p(y=0|x,u=0,z,D)","p(y=1|x,u=0,z,D)","p(y=0|x,u=1,z,D)","p(y=1|x,u=1,z,D)","p(y=0|x,z,D)","p(y=1|x,z,D)","H[p(u|z,D)]","Var[p(u|z,D)]","H[p(y|x,u=0,z,D)]","H[p(y|x,u=1,z,D)]","Var[p(y|x,u=0,z,D)]","Var[p(y|x,u=1,z,D)]","H[p(y|x,D)]","Var[p(y|x,D)]",Va,Ve,Va_variance,Ve_variance,kl_pyx_pyxz,kl_pyxz_pyx,api_calls
-14.0,x1 = -14.0,-14.0,x1 = -14.0,0.9031556081929585,0.09684439180704149,0.9031556081929585,0.09684439180704149,0.9881135012906685,0.011886498709331481,0.19874196981137304,0.8012580301886268,0.9116672954147633,0.08833270458523675,0.45891,0.08747,0.09305,0.7194,0.01175,0.15924,0.45891,0.08747,0.15371,0.30519999999999997,0.02603,0.06144000000000001,0.00043737716769160634,0.00042549781856681887,240
