z_x1,z_note,x_x1,x_note,"p(y=0|x,D)","p(y=1|x,D)","p(u=0|z,D)","p(u=1|z,D)","p(y=0|x,u=0,z,D)","p(y=1|x,u=0,z,D)","p(y=0|x,u=1,z,D)","p(y=1|x,u=1,z,D)","p(y=0|x,z,D)","p(y=1|x,z,D)","H[p(u|z,D)]","Var[p(u|z,D)]","H[p(y|x,u=0,z,D)]","H[p(y|x,u=1,z,D)]","Var[p(y|x,u=0,z,D)]","Var[p(y|x,u=1,z,D)]","H[p(y|x,D)]","Var[p(y|x,D)]",Va,Ve,Va_variance,Ve_variance,kl_pyx_pyxz,kl_pyxz_pyx,api_calls
3.8,x1 = 3.8,3.8,x1 = 3.8,0.10931687669422671,0.8906831233057732,0.10913263674490456,0.8908673632550954,0.5088936098711294,0.49110639012887064,0.04781433011225081,0.9521856698877492,0.09813312766077872,0.9018668723392212,0.49729,0.09722,0.99977,0.27704,0.24992,0.04553,0.49785,0.09737,0.35591,0.14194,0.06784,0.02953,0.0006839924131459719,0.0006625755148398464,3800
