z_x1,z_note,x_x1,x_note,"p(y=0|x,D)","p(y=1|x,D)","p(u=0|z,D)","p(u=1|z,D)","p(y=0|x,u=0,z,D)","p(y=1|x,u=0,z,D)","p(y=0|x,u=1,z,D)","p(y=1|x,u=1,z,D)","p(y=0|x,z,D)","p(y=1|x,z,D)","H[p(u|z,D)]","Var[p(u|z,D)]","H[p(y|x,u=0,z,D)]","H[p(y|x,u=1,z,D)]","Var[p(y|x,u=0,z,D)]","Var[p(y|x,u=1,z,D)]","H[p(y|x,D)]","Var[p(y|x,D)]",Va,Ve,Va_variance,Ve_variance,kl_pyx_pyxz,kl_pyxz_pyx,api_calls
6.6,x1 = 6.6,6.6,x1 = 6.6,0.03085521749408941,0.9691447825059105,0.03085521749408941,0.9691447825059105,0.46609980955162494,0.5339001904483751,0.017112711807196302,0.9828872881928035,0.030966306360140628,0.9690336936398591,0.19866,0.0299,0.99668,0.12491,0.24885,0.01682,0.19866,0.0299,0.15181,0.04685,0.02398,0.005919999999999998,2.0586671575958916e-07,2.061056063951068e-07,4360
