z_x1,z_note,x_x1,x_note,"p(y=0|x,D)","p(y=1|x,D)","p(u=0|z,D)","p(u=1|z,D)","p(y=0|x,u=0,z,D)","p(y=1|x,u=0,z,D)","p(y=0|x,u=1,z,D)","p(y=1|x,u=1,z,D)","p(y=0|x,z,D)","p(y=1|x,z,D)","H[p(u|z,D)]","Var[p(u|z,D)]","H[p(y|x,u=0,z,D)]","H[p(y|x,u=1,z,D)]","Var[p(y|x,u=0,z,D)]","Var[p(y|x,u=1,z,D)]","H[p(y|x,D)]","Var[p(y|x,D)]",Va,Ve,Va_variance,Ve_variance,kl_pyx_pyxz,kl_pyxz_pyx,api_calls
-10.8,x1 = -10.8,-10.8,x1 = -10.8,0.9204283854073001,0.07957161459269989,0.9204283854073001,0.07957161459269989,0.9888127727808997,0.011187227219100185,0.20381299073191733,0.7961870092680827,0.9263490726683447,0.07365092733165524,0.40067,0.07324,0.08856,0.72949,0.01106,0.16227,0.40067,0.07324,0.13956,0.26111000000000006,0.02309,0.05015,0.00025080650624897775,0.0002449482019641156,880
