z_x1,z_note,x_x1,x_note,"p(y=0|x,D)","p(y=1|x,D)","p(u=0|z,D)","p(u=1|z,D)","p(y=0|x,u=0,z,D)","p(y=1|x,u=0,z,D)","p(y=0|x,u=1,z,D)","p(y=1|x,u=1,z,D)","p(y=0|x,z,D)","p(y=1|x,z,D)","H[p(u|z,D)]","Var[p(u|z,D)]","H[p(y|x,u=0,z,D)]","H[p(y|x,u=1,z,D)]","Var[p(y|x,u=0,z,D)]","Var[p(y|x,u=1,z,D)]","H[p(y|x,D)]","Var[p(y|x,D)]",Va,Ve,Va_variance,Ve_variance,kl_pyx_pyxz,kl_pyxz_pyx,api_calls
-7.4,x1 = -7.4,-7.4,x1 = -7.4,0.9201309847125956,0.07986901528740438,0.9201309847125956,0.07986901528740438,0.9857547289402386,0.014245271059761375,0.25089119781097824,0.7491088021890216,0.9270619023383198,0.07293809766168022,0.40172,0.07349,0.10778,0.81269,0.01404,0.18794,0.40172,0.07349,0.16408,0.23764000000000002,0.02793,0.04556,0.00034531570639231065,0.00033586309473733304,1560
