z_x1,z_note,x_x1,x_note,"p(y=0|x,D)","p(y=1|x,D)","p(u=0|z,D)","p(u=1|z,D)","p(y=0|x,u=0,z,D)","p(y=1|x,u=0,z,D)","p(y=0|x,u=1,z,D)","p(y=1|x,u=1,z,D)","p(y=0|x,z,D)","p(y=1|x,z,D)","H[p(u|z,D)]","Var[p(u|z,D)]","H[p(y|x,u=0,z,D)]","H[p(y|x,u=1,z,D)]","Var[p(y|x,u=0,z,D)]","Var[p(y|x,u=1,z,D)]","H[p(y|x,D)]","Var[p(y|x,D)]",Va,Ve,Va_variance,Ve_variance,kl_pyx_pyxz,kl_pyxz_pyx,api_calls
8.2,x1 = 8.2,8.2,x1 = 8.2,0.03382317354376712,0.9661768264562329,0.03382317354376712,0.9661768264562329,0.660624510297434,0.339375489702566,0.015227636954678114,0.9847723630453219,0.037057007406354835,0.9629429925936452,0.21322,0.03268,0.92422,0.11373,0.2242,0.015,0.21322,0.03268,0.14114,0.07208,0.02208,0.010600000000000002,0.0001508201721135598,0.00015530730706726087,4680
