z_x1,z_note,x_x1,x_note,"p(y=0|x,D)","p(y=1|x,D)","p(u=0|z,D)","p(u=1|z,D)","p(y=0|x,u=0,z,D)","p(y=1|x,u=0,z,D)","p(y=0|x,u=1,z,D)","p(y=1|x,u=1,z,D)","p(y=0|x,z,D)","p(y=1|x,z,D)","H[p(u|z,D)]","Var[p(u|z,D)]","H[p(y|x,u=0,z,D)]","H[p(y|x,u=1,z,D)]","Var[p(y|x,u=0,z,D)]","Var[p(y|x,u=1,z,D)]","H[p(y|x,D)]","Var[p(y|x,D)]",Va,Ve,Va_variance,Ve_variance,kl_pyx_pyxz,kl_pyxz_pyx,api_calls
-1.0,x1 = -1.0,-1.0,x1 = -1.0,0.6651492666969672,0.33485073330303294,0.6651492666969672,0.33485073330303294,0.8657737158983567,0.13422628410164325,0.36232900599876106,0.6376709940012388,0.6971948856109444,0.30280511438905555,0.91981,0.22273,0.56892,0.9446,0.11621,0.23105,0.91981,0.22273,0.69472,0.22509,0.15466,0.06807000000000002,0.0023868578046869274,0.0023446441767523245,2840
