z_x1,z_note,x_x1,x_note,"p(y=0|x,D)","p(y=1|x,D)","p(u=0|z,D)","p(u=1|z,D)","p(y=0|x,u=0,z,D)","p(y=1|x,u=0,z,D)","p(y=0|x,u=1,z,D)","p(y=1|x,u=1,z,D)","p(y=0|x,z,D)","p(y=1|x,z,D)","H[p(u|z,D)]","Var[p(u|z,D)]","H[p(y|x,u=0,z,D)]","H[p(y|x,u=1,z,D)]","Var[p(y|x,u=0,z,D)]","Var[p(y|x,u=1,z,D)]","H[p(y|x,D)]","Var[p(y|x,D)]",Va,Ve,Va_variance,Ve_variance,kl_pyx_pyxz,kl_pyxz_pyx,api_calls
-1.8,x1 = -1.8,-1.8,x1 = -1.8,0.8319447973449277,0.16805520265507246,0.8319447973449277,0.16805520265507246,0.9076349431186749,0.09236505688132501,0.5789158092968284,0.4210841907031716,0.8523919824676447,0.14760801753235533,0.65324,0.13981,0.44432,0.98196,0.08383,0.24377,0.65324,0.13981,0.53467,0.11857000000000006,0.11071,0.029099999999999987,0.001602228374105022,0.001546897562910092,2680
