z_x1,z_note,x_x1,x_note,"p(y=0|x,D)","p(y=1|x,D)","p(u=0|z,D)","p(u=1|z,D)","p(y=0|x,u=0,z,D)","p(y=1|x,u=0,z,D)","p(y=0|x,u=1,z,D)","p(y=1|x,u=1,z,D)","p(y=0|x,z,D)","p(y=1|x,z,D)","H[p(u|z,D)]","Var[p(u|z,D)]","H[p(y|x,u=0,z,D)]","H[p(y|x,u=1,z,D)]","Var[p(y|x,u=0,z,D)]","Var[p(y|x,u=1,z,D)]","H[p(y|x,D)]","Var[p(y|x,D)]",Va,Ve,Va_variance,Ve_variance,kl_pyx_pyxz,kl_pyxz_pyx,api_calls
-11.6,x1 = -11.6,-11.6,x1 = -11.6,0.9166473246371087,0.0833526753628914,0.9166473246371087,0.0833526753628914,0.9885858842789418,0.011414115721058203,0.1967061071814006,0.8032938928185993,0.9225805862920918,0.07741941370790835,0.41388,0.07641,0.09003,0.71529,0.01128,0.15801,0.41388,0.07641,0.14215,0.27173,0.02351,0.0529,0.00024088105592535124,0.00023553055362210938,720
