z_x1,z_note,x_x1,x_note,"p(y=0|x,D)","p(y=1|x,D)","p(u=0|z,D)","p(u=1|z,D)","p(y=0|x,u=0,z,D)","p(y=1|x,u=0,z,D)","p(y=0|x,u=1,z,D)","p(y=1|x,u=1,z,D)","p(y=0|x,z,D)","p(y=1|x,z,D)","H[p(u|z,D)]","Var[p(u|z,D)]","H[p(y|x,u=0,z,D)]","H[p(y|x,u=1,z,D)]","Var[p(y|x,u=0,z,D)]","Var[p(y|x,u=1,z,D)]","H[p(y|x,D)]","Var[p(y|x,D)]",Va,Ve,Va_variance,Ve_variance,kl_pyx_pyxz,kl_pyxz_pyx,api_calls
8.8,x1 = 8.8,8.8,x1 = 8.8,0.03195600732587462,0.9680439926741256,0.03195600732587462,0.9680439926741256,0.6986139758769094,0.3013860241230906,0.013862532793282287,0.9861374672067177,0.0357444549248659,0.9642555450751342,0.20411,0.03093,0.88298,0.10543,0.21055,0.01367,0.20411,0.03093,0.13028,0.07383,0.01996,0.01097,0.0002156899178794077,0.00022360387915066303,4800
