z_x1,z_note,x_x1,x_note,"p(y=0|x,D)","p(y=1|x,D)","p(u=0|z,D)","p(u=1|z,D)","p(y=0|x,u=0,z,D)","p(y=1|x,u=0,z,D)","p(y=0|x,u=1,z,D)","p(y=1|x,u=1,z,D)","p(y=0|x,z,D)","p(y=1|x,z,D)","H[p(u|z,D)]","Var[p(u|z,D)]","H[p(y|x,u=0,z,D)]","H[p(y|x,u=1,z,D)]","Var[p(y|x,u=0,z,D)]","Var[p(y|x,u=1,z,D)]","H[p(y|x,D)]","Var[p(y|x,D)]",Va,Ve,Va_variance,Ve_variance,kl_pyx_pyxz,kl_pyxz_pyx,api_calls
10.8,x1 = 10.8,10.8,x1 = 10.8,0.04567691118399779,0.9543230888160021,0.04567691118399779,0.9543230888160021,0.8212332781647165,0.1787667218352835,0.015640359545184238,0.9843596404548156,0.05243735573942617,0.9475626442605737,0.26774,0.04359,0.67737,0.11621,0.14681,0.0154,0.26774,0.04359,0.14184,0.12589999999999998,0.0214,0.022189999999999998,0.0004798892848237521,0.0005012913523591437,5200
