z_x1,z_note,x_x1,x_note,"p(y=0|x,D)","p(y=1|x,D)","p(u=0|z,D)","p(u=1|z,D)","p(y=0|x,u=0,z,D)","p(y=1|x,u=0,z,D)","p(y=0|x,u=1,z,D)","p(y=1|x,u=1,z,D)","p(y=0|x,z,D)","p(y=1|x,z,D)","H[p(u|z,D)]","Var[p(u|z,D)]","H[p(y|x,u=0,z,D)]","H[p(y|x,u=1,z,D)]","Var[p(y|x,u=0,z,D)]","Var[p(y|x,u=1,z,D)]","H[p(y|x,D)]","Var[p(y|x,D)]",Va,Ve,Va_variance,Ve_variance,kl_pyx_pyxz,kl_pyxz_pyx,api_calls
5.0,x1 = 5.0,5.0,x1 = 5.0,0.17354348925284185,0.826456510747158,0.1735434905873993,0.8264565094126006,0.3000327176093841,0.6999672823906159,0.1492765388679702,0.8507234611320298,0.17543929235437306,0.824560707645627,0.66575,0.14343,0.88133,0.60803,0.21001,0.12699,0.66575,0.14343,0.65546,0.01028999999999991,0.1414,0.002030000000000004,1.245786942972592e-05,1.2493501226936831e-05,680
4.9,x1 = 4.9,5.0,x1 = 5.0,0.17354348925284185,0.826456510747158,0.20387160472881338,0.7961283952711866,0.23134261669933145,0.7686573833006685,0.15614922373095833,0.8438507762690417,0.17147902142042482,0.8285209785795752,0.7296,0.16231,0.78034,0.62502,0.17782,0.13177,0.66575,0.14343,0.65669,0.009059999999999957,0.14116,0.0022699999999999942,1.4951891505317946e-05,1.4904755784247731e-05,710
5.4,x1 = 5.4,5.0,x1 = 5.0,0.17354348925284185,0.826456510747158,0.17446757766148457,0.8255324223385155,0.2732986259535549,0.7267013740464451,0.15022219392169406,0.8497778060783059,0.17169504088551119,0.8283049591144889,0.66782,0.14403,0.84616,0.6104,0.19861,0.12766,0.66575,0.14343,0.65153,0.0142199999999999,0.14004,0.003390000000000004,1.1978609344535929e-05,1.1944820581709197e-05,740
5.1,x1 = 5.1,5.0,x1 = 5.0,0.17354348925284185,0.826456510747158,0.14944730649196672,0.8505526935080333,0.2706495223996951,0.7293504776003049,0.1588808341438858,0.8411191658561142,0.1755843635538568,0.8244156364461432,0.60846,0.12711,0.8424,0.63163,0.1974,0.13364,0.66575,0.14343,0.66313,0.0026199999999999557,0.14317,0.0002600000000000102,1.4431148454595484e-05,1.4475563143215124e-05,770
4.7,x1 = 4.7,5.0,x1 = 5.0,0.17354348925284185,0.826456510747158,0.2498001723609732,0.7501998276390267,0.22103591093438824,0.7789640890656118,0.15672109639404402,0.843278903605956,0.17278694815158602,0.8272130518484139,0.81096,0.1874,0.76205,0.62641,0.17218,0.13216,0.66575,0.14343,0.66029,0.005459999999999909,0.14216,0.0012699999999999934,1.9998902515325732e-06,1.9975890902309158e-06,800
