z_x1,z_note,x_x1,x_note,"p(y=0|x,D)","p(y=1|x,D)","p(u=0|z,D)","p(u=1|z,D)","p(y=0|x,u=0,z,D)","p(y=1|x,u=0,z,D)","p(y=0|x,u=1,z,D)","p(y=1|x,u=1,z,D)","p(y=0|x,z,D)","p(y=1|x,z,D)","H[p(u|z,D)]","Var[p(u|z,D)]","H[p(y|x,u=0,z,D)]","H[p(y|x,u=1,z,D)]","Var[p(y|x,u=0,z,D)]","Var[p(y|x,u=1,z,D)]","H[p(y|x,D)]","Var[p(y|x,D)]",Va,Ve,Va_variance,Ve_variance,kl_pyx_pyxz,kl_pyxz_pyx,api_calls
-10.3,x1 = -10.3,-10.0,x1 = -10.0,0.8785124535882586,0.12148754641174145,0.8775771604961566,0.12242283950384336,0.9275522973521427,0.07244770264785727,0.4200199274796378,0.5799800725203621,0.8654187434922358,0.1345812565077642,0.53629,0.10744,0.37499,0.98146,0.0672,0.2436,0.53362,0.10673,0.44924,0.08438000000000001,0.0888,0.01793,0.0007572402977406439,0.0007796076397655182,200
-9.7,x1 = -9.7,-10.0,x1 = -10.0,0.8785124535882586,0.12148754641174145,0.8891994959917998,0.11080050400820025,0.923288386803684,0.07671161319631606,0.48456120211189047,0.5154387978881095,0.8746771936177345,0.12532280638226556,0.50233,0.09852,0.39049,0.99931,0.07083,0.24976,0.53362,0.10673,0.45795,0.07566999999999996,0.09066,0.01607,6.768941343143677e-05,6.82946666832494e-05,230
-10.0,x1 = -10.0,-10.0,x1 = -10.0,0.8785124535882586,0.12148754641174145,0.8785124535882586,0.12148754641174145,0.9128461492932871,0.08715385070671278,0.438867576144924,0.561132423855076,0.8552636553897544,0.14473634461024554,0.53362,0.10673,0.4269,0.98919,0.07956,0.24626,0.53362,0.10673,0.49521,0.03841,0.09981,0.0069200000000000095,0.0022892473786419384,0.0024052036259496895,260
-9.9,x1 = -9.9,-10.0,x1 = -10.0,0.8785124535882586,0.12148754641174145,0.8876326671482522,0.1123673328517479,0.9218543967463043,0.07814560325369557,0.48137052799246616,0.5186294720075338,0.8723583992502162,0.12764160074978376,0.50702,0.09974,0.39561,0.999,0.07204,0.24965,0.53362,0.10673,0.46341,0.07021,0.092,0.014730000000000007,0.00017245384996924205,0.00017490755816648718,290
-9.5,x1 = -9.5,-10.0,x1 = -10.0,0.8785124535882586,0.12148754641174145,0.8874973063381077,0.1125026936618924,0.926909385534737,0.07309061446526294,0.48151219150469765,0.5184878084953024,0.8768010014569092,0.12319899854309094,0.50742,0.09985,0.37735,0.99901,0.06775,0.24966,0.53362,0.10673,0.44729,0.08632999999999996,0.08822,0.01851,1.3612211135890324e-05,1.3666947214428706e-05,320
