z_x1,z_note,x_x1,x_note,"p(y=0|x,D)","p(y=1|x,D)","p(u=0|z,D)","p(u=1|z,D)","p(y=0|x,u=0,z,D)","p(y=1|x,u=0,z,D)","p(y=0|x,u=1,z,D)","p(y=1|x,u=1,z,D)","p(y=0|x,z,D)","p(y=1|x,z,D)","H[p(u|z,D)]","Var[p(u|z,D)]","H[p(y|x,u=0,z,D)]","H[p(y|x,u=1,z,D)]","Var[p(y|x,u=0,z,D)]","Var[p(y|x,u=1,z,D)]","H[p(y|x,D)]","Var[p(y|x,D)]",Va,Ve,Va_variance,Ve_variance,kl_pyx_pyxz,kl_pyxz_pyx,api_calls
15.4,x1 = 15.4,15.0,x1 = 15.0,0.12701642010528225,0.8729835798947176,0.12968838913846775,0.8703116108615323,0.5881647637969756,0.41183523620302437,0.09085237216552666,0.9091476278344732,0.1553480151348081,0.8446519848651919,0.55658,0.11287,0.97745,0.43931,0.24223,0.0826,0.5492,0.11088,0.5091,0.040100000000000025,0.1033,0.007580000000000003,0.003226578345251356,0.0034127480779828426,1000
14.9,x1 = 14.9,15.0,x1 = 15.0,0.12701642010528225,0.8729835798947176,0.11801696836489724,0.8819830316351027,0.5568643842131948,0.4431356157868052,0.09129780188873365,0.9087021981112665,0.1462425585066729,0.8537574414933272,0.52363,0.10409,0.99065,0.44079,0.24677,0.08296,0.5492,0.11088,0.50568,0.04352,0.10229,0.00859,0.0015380184176547844,0.0016000690522798983,1030
14.7,x1 = 14.7,15.0,x1 = 15.0,0.12701642010528225,0.8729835798947176,0.11536311508355038,0.8846368849164497,0.5684988918933516,0.43150110810664843,0.08502347770175307,0.914976522298247,0.14079870754920565,0.8592012924507944,0.51588,0.10205,0.98642,0.41964,0.24531,0.07779,0.5492,0.11088,0.48503,0.06417,0.09712,0.013760000000000008,0.0008076575774498048,0.0008314479945021307,1060
14.5,x1 = 14.5,15.0,x1 = 15.0,0.12701642010528225,0.8729835798947176,0.11810756977031926,0.8818924302296807,0.5571499037584215,0.44285009624157834,0.08640133785101622,0.9135986621489837,0.14200030694320281,0.857999693056797,0.5239,0.10416,0.99056,0.42434,0.24673,0.07894,0.5492,0.11088,0.49121,0.05799000000000004,0.09876,0.012120000000000006,0.0009500063000137376,0.0009803057180088667,1090
15.6,x1 = 15.6,15.0,x1 = 15.0,0.12701642010528225,0.8729835798947176,0.12507765404753468,0.8749223459524653,0.599592038971187,0.40040796102881293,0.09363292880241926,0.9063670711975809,0.15691710734630687,0.8430828926536933,0.54378,0.10943,0.97119,0.44848,0.24008,0.08487,0.5492,0.11088,0.51386,0.03534000000000004,0.10428,0.006600000000000009,0.00357331655163972,0.0037898108077971428,1120
