z_x1,z_note,x_x1,x_note,"p(y=0|x,D)","p(y=1|x,D)","p(u=0|z,D)","p(u=1|z,D)","p(y=0|x,u=0,z,D)","p(y=1|x,u=0,z,D)","p(y=0|x,u=1,z,D)","p(y=1|x,u=1,z,D)","p(y=0|x,z,D)","p(y=1|x,z,D)","H[p(u|z,D)]","Var[p(u|z,D)]","H[p(y|x,u=0,z,D)]","H[p(y|x,u=1,z,D)]","Var[p(y|x,u=0,z,D)]","Var[p(y|x,u=1,z,D)]","H[p(y|x,D)]","Var[p(y|x,D)]",Va,Ve,Va_variance,Ve_variance,kl_pyx_pyxz,kl_pyxz_pyx,api_calls
14.9,x1 = 14.9,15.0,x1 = 15.0,0.0714463374923022,0.9285536625076978,0.06498958659432827,0.9350104134056718,0.49998208224292506,0.5000179177570749,0.04811475172638594,0.951885248273614,0.07748142273213851,0.9225185772678615,0.34694,0.06077,1.0,0.27833,0.25,0.0458,0.3713,0.06634,0.32523,0.04607,0.05907,0.007269999999999999,0.00026108820113719764,0.00026765900193671983,1000
15.0,x1 = 15.0,15.0,x1 = 15.0,0.0714463374923022,0.9285536625076978,0.07211467045701925,0.9278853295429809,0.5362637978059985,0.46373620219400147,0.06702071077542535,0.9329792892245747,0.10086002136086955,0.8991399786391306,0.37377,0.06691,0.9962,0.35471,0.24868,0.06253,0.3713,0.06634,0.40097,-0.029669999999999974,0.07595,-0.009610000000000007,0.005255861404529154,0.005832404188790472,1030
15.4,x1 = 15.4,15.0,x1 = 15.0,0.0714463374923022,0.9285536625076978,0.0694702396437549,0.9305297603562451,0.5246305845596977,0.4753694154403023,0.05258944628385896,0.9474105537161412,0.08538225728159232,0.9146177427184079,0.36394,0.06464,0.99825,0.2973,0.24939,0.04982,0.3713,0.06634,0.346,0.025300000000000045,0.06368,0.0026599999999999957,0.0013104119873978276,0.001383591382697738,1060
14.7,x1 = 14.7,15.0,x1 = 15.0,0.0714463374923022,0.9285536625076978,0.06262079302278734,0.9373792069772128,0.5038522762633304,0.4961477237366695,0.0439046157428664,0.9560953842571335,0.07270690299363364,0.9272930970063663,0.33776,0.0587,0.99996,0.25992,0.24999,0.04198,0.3713,0.06634,0.30626,0.06504000000000004,0.05501,0.011329999999999993,1.1847736943694379e-05,1.1911614456274356e-05,1090
14.6,x1 = 14.6,15.0,x1 = 15.0,0.0714463374923022,0.9285536625076978,0.06341243446224179,0.936587565537758,0.49388187448998977,0.5061181255100102,0.04619366581380704,0.953806334186193,0.07458266500600388,0.9254173349939959,0.34084,0.05939,0.99989,0.27,0.24996,0.04406,0.3713,0.06634,0.31628,0.05502000000000001,0.05712,0.009219999999999999,7.219689864438727e-05,7.315566533130057e-05,1120
