z_x1,z_note,x_x1,x_note,"p(y=0|x,D)","p(y=1|x,D)","p(u=0|z,D)","p(u=1|z,D)","p(y=0|x,u=0,z,D)","p(y=1|x,u=0,z,D)","p(y=0|x,u=1,z,D)","p(y=1|x,u=1,z,D)","p(y=0|x,z,D)","p(y=1|x,z,D)","H[p(u|z,D)]","Var[p(u|z,D)]","H[p(y|x,u=0,z,D)]","H[p(y|x,u=1,z,D)]","Var[p(y|x,u=0,z,D)]","Var[p(y|x,u=1,z,D)]","H[p(y|x,D)]","Var[p(y|x,D)]",Va,Ve,Va_variance,Ve_variance,kl_pyx_pyxz,kl_pyxz_pyx,api_calls
10.5,x1 = 10.5,10.0,x1 = 10.0,0.2909914925155129,0.7090085074844872,0.29324275343974265,0.7067572465602574,0.5282471469456079,0.4717528530543921,0.1998308465244236,0.8001691534755763,0.2961365467344254,0.7038634532655745,0.87287,0.20725,0.9977,0.72159,0.2492,0.1599,0.87,0.20632,0.80256,0.06743999999999994,0.18609,0.020229999999999998,6.371484337388232e-05,6.393276794484058e-05,840
10.4,x1 = 10.4,10.0,x1 = 10.0,0.2909914925155129,0.7090085074844872,0.3105577037485443,0.6894422962514557,0.5341857095220691,0.4658142904779309,0.19563666815688893,0.804363331843111,0.30077568104953023,0.6992243189504698,0.89382,0.21411,0.99663,0.71312,0.24883,0.15736,0.87,0.20632,0.80117,0.06882999999999995,0.18577,0.020550000000000013,0.00022903091747474708,0.00023049945228918907,870
10.0,x1 = 10.0,10.0,x1 = 10.0,0.2909914925155129,0.7090085074844872,0.2939707650543421,0.7060292349456578,0.583221128834454,0.41677887116554596,0.16323098928240581,0.8367690107175942,0.28669581192180127,0.7133041880781986,0.8738,0.20755,0.97992,0.64198,0.24307,0.13659,0.87,0.20632,0.74132,0.12868000000000002,0.16789,0.03842999999999999,4.498325936238504e-05,4.485102638336364e-05,900
10.1,x1 = 10.1,10.0,x1 = 10.0,0.2909914925155129,0.7090085074844872,0.2927824007419469,0.707217599258053,0.5336876977764649,0.4663123022235352,0.19234845087063346,0.8076515491293664,0.2922865750471709,0.707713424952829,0.87229,0.20706,0.99672,0.70636,0.24887,0.15535,0.87,0.20632,0.79137,0.07862999999999998,0.18273,0.02359,4.057663504389471e-06,4.061198495739458e-06,930
9.7,x1 = 9.7,10.0,x1 = 10.0,0.2909914925155129,0.7090085074844872,0.29764526536120967,0.7023547346387904,0.4577209094991348,0.5422790905008653,0.20316888396064675,0.7968311160393533,0.2789350891502834,0.7210649108497167,0.87839,0.20905,0.99484,0.72822,0.24821,0.16189,0.87,0.20632,0.80758,0.06242000000000003,0.18758,0.018740000000000007,0.00035824155555619873,0.00035521502334860504,960
