z_x1,z_note,x_x1,x_note,"p(y=0|x,D)","p(y=1|x,D)","p(u=0|z,D)","p(u=1|z,D)","p(y=0|x,u=0,z,D)","p(y=1|x,u=0,z,D)","p(y=0|x,u=1,z,D)","p(y=1|x,u=1,z,D)","p(y=0|x,z,D)","p(y=1|x,z,D)","H[p(u|z,D)]","Var[p(u|z,D)]","H[p(y|x,u=0,z,D)]","H[p(y|x,u=1,z,D)]","Var[p(y|x,u=0,z,D)]","Var[p(y|x,u=1,z,D)]","H[p(y|x,D)]","Var[p(y|x,D)]",Va,Ve,Va_variance,Ve_variance,kl_pyx_pyxz,kl_pyxz_pyx,api_calls
-9.7,x1 = -9.7,-10.0,x1 = -10.0,0.40011484545361614,0.5998851545463839,0.4178454714576998,0.5821545285423001,0.6324562391408415,0.36754376085915846,0.24895094580656468,0.7510490541934354,0.409196895906349,0.5908031040936509,0.98044,0.24325,0.94877,0.80961,0.23246,0.18697,0.97102,0.24002,0.86776,0.10326000000000002,0.20598,0.034040000000000015,0.0001709926622121133,0.00017140292730639071,200
-10.0,x1 = -10.0,-10.0,x1 = -10.0,0.40011484545361614,0.5998851545463839,0.4001148467836086,0.5998851532163915,0.6803473329895312,0.3196526670104688,0.26246767976889573,0.7375323202311043,0.42966753319125783,0.5703324668087423,0.97102,0.24002,0.904,0.83045,0.21747,0.19358,0.97102,0.24002,0.85988,0.11114000000000002,0.20314,0.036880000000000024,0.0017932268085376346,0.0018056662096719855,230
-9.9,x1 = -9.9,-10.0,x1 = -10.0,0.40011484545361614,0.5998851545463839,0.40025650966621323,0.5997434903337867,0.6295969705573607,0.37040302944263925,0.25492434270652986,0.74507565729347,0.4048895009975714,0.5951104990024284,0.9711,0.24005,0.95098,0.81899,0.2332,0.18994,0.97102,0.24002,0.87182,0.09919999999999995,0.20726,0.03276000000000001,4.7366707284120235e-05,4.742787243095653e-05,260
-9.6,x1 = -9.6,-10.0,x1 = -10.0,0.40011484545361614,0.5998851545463839,0.41454763020092145,0.5854523697990786,0.636617679007169,0.36338232099283096,0.24909809892978813,0.7509019010702118,0.4097434225073226,0.5902565774926773,0.97883,0.2427,0.94546,0.80985,0.23134,0.18705,0.97102,0.24002,0.86607,0.10494999999999999,0.20541,0.03461,0.00019213751871254535,0.00019262479019127587,290
-9.8,x1 = -9.8,-10.0,x1 = -10.0,0.40011484545361614,0.5998851545463839,0.41452764379710194,0.5854723562028982,0.6267290753377976,0.3732709246622023,0.2446907130290601,0.7553092869709398,0.40305617519700465,0.5969438248029953,0.97882,0.24269,0.95315,0.80275,0.23394,0.18482,0.97102,0.24002,0.86509,0.10592999999999997,0.20518,0.03484000000000001,1.799303394315428e-05,1.8007488797808224e-05,320
