z_x1,z_note,x_x1,x_note,"p(y=0|x,D)","p(y=1|x,D)","p(u=0|z,D)","p(u=1|z,D)","p(y=0|x,u=0,z,D)","p(y=1|x,u=0,z,D)","p(y=0|x,u=1,z,D)","p(y=1|x,u=1,z,D)","p(y=0|x,z,D)","p(y=1|x,z,D)","H[p(u|z,D)]","Var[p(u|z,D)]","H[p(y|x,u=0,z,D)]","H[p(y|x,u=1,z,D)]","Var[p(y|x,u=0,z,D)]","Var[p(y|x,u=1,z,D)]","H[p(y|x,D)]","Var[p(y|x,D)]",Va,Ve,Va_variance,Ve_variance,kl_pyx_pyxz,kl_pyxz_pyx,api_calls
10.5,x1 = 10.5,10.0,x1 = 10.0,0.11512963391307222,0.8848703660869278,0.1218468071298318,0.8781531928701682,0.4844437624854647,0.5155562375145352,0.10765212415565191,0.8923478758443482,0.15356298223935794,0.8464370177606422,0.53465,0.107,0.9993,0.49279,0.24976,0.09606,0.5152,0.10187,0.55451,-0.039309999999999956,0.11479,-0.012920000000000001,0.0061296602292635755,0.006647791032417694,840
10.4,x1 = 10.4,10.0,x1 = 10.0,0.11512963391307222,0.8848703660869278,0.12212584646260338,0.8778741535373967,0.48151219220506336,0.5184878077949368,0.10870130394843722,0.8912986960515628,0.15423114924725273,0.8457688507527474,0.53544,0.10721,0.99901,0.49599,0.24966,0.09689,0.5152,0.10187,0.55742,-0.042220000000000035,0.11555,-0.013679999999999998,0.006328588672500628,0.006871643418108857,870
10.0,x1 = 10.0,10.0,x1 = 10.0,0.11512963391307222,0.8848703660869278,0.11512963391307222,0.8848703660869278,0.5029792738251441,0.49702072617485593,0.10656861705408212,0.893431382945918,0.15220723084737503,0.847792769152625,0.5152,0.10187,0.99997,0.48948,0.24999,0.09521,0.5152,0.10187,0.54825,-0.033050000000000024,0.11303,-0.011160000000000003,0.005734434278311745,0.006204149034244197,900
10.1,x1 = 10.1,10.0,x1 = 10.0,0.11512963391307222,0.8848703660869278,0.12312191276869186,0.8768780872313082,0.4937126138297372,0.5062873861702629,0.10786993960113551,0.8921300603988644,0.1553756276799482,0.8446243723200518,0.53827,0.10796,0.99989,0.49346,0.24996,0.09623,0.5152,0.10187,0.55581,-0.040610000000000035,0.11516,-0.013289999999999996,0.006675619521312633,0.007263017025821883,930
9.7,x1 = 9.7,10.0,x1 = 10.0,0.11512963391307222,0.8848703660869278,0.10072191096930846,0.8992780890306916,0.3733884338927325,0.6266115661072675,0.09903664252124898,0.9009633574787511,0.12666987922603784,0.8733301207739623,0.47128,0.09058,0.95324,0.46593,0.23397,0.08923,0.5152,0.10187,0.51501,0.00019000000000002348,0.10381,-0.0019399999999999973,0.0006183332904144967,0.0006355502164670235,960
