z_x1,z_note,x_x1,x_note,"p(y=0|x,D)","p(y=1|x,D)","p(u=0|z,D)","p(u=1|z,D)","p(y=0|x,u=0,z,D)","p(y=1|x,u=0,z,D)","p(y=0|x,u=1,z,D)","p(y=1|x,u=1,z,D)","p(y=0|x,z,D)","p(y=1|x,z,D)","H[p(u|z,D)]","Var[p(u|z,D)]","H[p(y|x,u=0,z,D)]","H[p(y|x,u=1,z,D)]","Var[p(y|x,u=0,z,D)]","Var[p(y|x,u=1,z,D)]","H[p(y|x,D)]","Var[p(y|x,D)]",Va,Ve,Va_variance,Ve_variance,kl_pyx_pyxz,kl_pyxz_pyx,api_calls
0.1,x1 = 0.1,0.0,x1 = 0.0,0.688155491079502,0.3118445089204981,0.6720821785864393,0.3279178214135608,0.7111060006595908,0.2888939993404092,0.5830554976382809,0.416944502361719,0.6691159586779324,0.3308840413220677,0.91278,0.22039,0.86729,0.98,0.20543,0.2431,0.89529,0.2146,0.90425,-0.008959999999999968,0.21778,-0.0031799999999999884,0.0008269498266910598,0.0008355960669186036,520
-0.3,x1 = -0.3,0.0,x1 = 0.0,0.688155491079502,0.3118445089204981,0.6133620531895947,0.3866379468104054,0.6779672990407783,0.32203270095922154,0.6534970955227024,0.3465029044772977,0.6685061897945168,0.3314938102054833,0.9626,0.23715,0.90658,0.93091,0.21833,0.22644,0.89529,0.2146,0.91599,-0.02069999999999994,0.22147,-0.006869999999999987,0.000880202408734921,0.0008896809697556997,550
-0.8,x1 = -0.8,0.0,x1 = 0.0,0.688155491079502,0.3118445089204981,0.6477874547533753,0.3522125452466248,0.6860248765789315,0.3139751234210684,0.6216746413498188,0.37832535865018135,0.6633599164416668,0.3366400835583333,0.93603,0.22816,0.89771,0.95685,0.21539,0.2352,0.89529,0.2146,0.91854,-0.023249999999999993,0.22237,-0.007769999999999999,0.0013942017550263516,0.0014128253378722644,580
0.2,x1 = 0.2,0.0,x1 = 0.0,0.688155491079502,0.3118445089204981,0.6665174096306338,0.3334825903693661,0.7018438727365331,0.2981561272634669,0.5889940629218862,0.4110059370781138,0.6642104258368542,0.33578957416314564,0.91845,0.22227,0.87903,0.97703,0.20926,0.24208,0.89529,0.2146,0.91171,-0.01641999999999999,0.2202,-0.005599999999999994,0.0013013276732945708,0.001318162203564139,610
0.3,x1 = 0.3,0.0,x1 = 0.0,0.688155491079502,0.3118445089204981,0.6613893660576234,0.33861063394237667,0.7066151563760303,0.29338484362396955,0.5979421492964374,0.4020578507035625,0.6698173205563851,0.3301826794436149,0.92348,0.22395,0.87305,0.97214,0.20731,0.24041,0.89529,0.2146,0.9066,-0.011309999999999931,0.21852,-0.003919999999999979,0.0007677147175733576,0.0007754639376295891,640
