z_x1,z_note,x_x1,x_note,"p(y=0|x,D)","p(y=1|x,D)","p(u=0|z,D)","p(u=1|z,D)","p(y=0|x,u=0,z,D)","p(y=1|x,u=0,z,D)","p(y=0|x,u=1,z,D)","p(y=1|x,u=1,z,D)","p(y=0|x,z,D)","p(y=1|x,z,D)","H[p(u|z,D)]","Var[p(u|z,D)]","H[p(y|x,u=0,z,D)]","H[p(y|x,u=1,z,D)]","Var[p(y|x,u=0,z,D)]","Var[p(y|x,u=1,z,D)]","H[p(y|x,D)]","Var[p(y|x,D)]",Va,Ve,Va_variance,Ve_variance,kl_pyx_pyxz,kl_pyxz_pyx,api_calls
0.1,x1 = 0.1,0.0,x1 = 0.0,0.555562325689032,0.44443767431096803,0.6215351716382839,0.37846482836171613,0.5730462340284257,0.4269537659715743,0.5493866911808617,0.4506133088191384,0.5640919292055058,0.43590807079449434,0.95695,0.23523,0.98455,0.99295,0.24466,0.24756,0.99107,0.24691,0.98773,0.0033400000000000096,0.24576,0.0011499999999999844,0.00014772754796222795,0.00014752372712169455,520
-0.3,x1 = -0.3,0.0,x1 = 0.0,0.555562325689032,0.44443767431096803,0.6158055406215515,0.38419445937844854,0.567214841292634,0.432785158707366,0.5555566384250644,0.4444433615749356,0.5627358243446039,0.43726417565539616,0.96095,0.23659,0.98692,0.99108,0.24548,0.24691,0.99107,0.24691,0.98852,0.0025500000000000522,0.24603,0.0008799999999999919,0.00010444070372525333,0.00010432091691416675,550
-0.8,x1 = -0.8,0.0,x1 = 0.0,0.555562325689032,0.44443767431096803,0.6527465222750614,0.3472534777249386,0.5764814999892857,0.42351850001071434,0.5673742985298273,0.43262570147017276,0.5733189926101471,0.42668100738985293,0.93159,0.22667,0.98306,0.98686,0.24415,0.24546,0.99107,0.24691,0.98438,0.006689999999999974,0.2446,0.0023099999999999787,0.0006423182885258658,0.0006403277775000119,580
0.2,x1 = 0.2,0.0,x1 = 0.0,0.555562325689032,0.44443767431096803,0.6007202224078777,0.3992797775921222,0.5733128617830744,0.42668713821692555,0.5524834032317001,0.4475165967682999,0.5649960802053172,0.43500391979468256,0.97053,0.23986,0.98444,0.99204,0.24463,0.24725,0.99107,0.24691,0.98747,0.0036000000000000476,0.24568,0.0012299999999999811,0.00018076132867844187,0.00018048336669776802,610
0.3,x1 = 0.3,0.0,x1 = 0.0,0.555562325689032,0.44443767431096803,0.5675878888742176,0.4324121111257825,0.5702161497360645,0.4297838502639354,0.5582867352110771,0.4417132647889228,0.5650577264168202,0.43494227358317983,0.98678,0.24543,0.98573,0.99018,0.24507,0.2466,0.99107,0.24691,0.98765,0.0034199999999999786,0.24573,0.0011799999999999866,0.0001831353035313954,0.00018285170280795196,640
