x1,label,note,p(u=0|z),p(u=1|z),"p(u=0|z,x)","p(u=1|z,x)","p(y=0|x,u=0,z)","p(y=1|x,u=0,z)","p(y=0|x,u=1,z)","p(y=1|x,u=1,z)","p(y=0|x,z)","p(y=1|x,z)",p(y=0|x),p(y=1|x),"H[p(y|x,u=0,z)]","H[p(y|x,u=1,z)]",H[p(y|x)],"H[p(y|x,z)]","Va = E[H[p(y|x,u,z)]]"
0.6,1,x1 = 0.6,0.22270000000000004,0.7773,0.070174,0.9298259999999999,0.73106,0.26894,0.7575419999999999,0.24245799999999998,0.7516444586,0.2483555414,0.6024879999999999,0.397512,0.83994,0.7991,0.96948,0.80866,0.80197
1.6,1,x1 = 1.6,0.19048400000000001,0.809516,0.12697,0.87303,0.73106,0.26894,0.66638,0.33361999999999997,0.67870050512,0.32129949488,0.6024879999999999,0.397512,0.83994,0.91858,0.96948,0.90579,0.9086
1.2,1,x1 = 1.2,0.315152,0.684848,0.13651,0.86349,0.90465,0.09535,0.558524,0.44147600000000004,0.6676063011519999,0.332393698848,0.6024879999999999,0.397512,0.45408,0.99009,0.96948,0.91735,0.91692
