z_x1,z_note,x_x1,x_note,"p(y=0|x,D)","p(y=1|x,D)","p(u=0|z,D)","p(u=1|z,D)","p(y=0|x,u=0,z,D)","p(y=1|x,u=0,z,D)","p(y=0|x,u=1,z,D)","p(y=1|x,u=1,z,D)","p(y=0|x,z,D)","p(y=1|x,z,D)","H[p(u|z,D)]","Var[p(u|z,D)]","H[p(y|x,u=0,z,D)]","H[p(y|x,u=1,z,D)]","Var[p(y|x,u=0,z,D)]","Var[p(y|x,u=1,z,D)]","H[p(y|x,D)]","Var[p(y|x,D)]",Va,Ve,Va_variance,Ve_variance,kl_pyx_pyxz,kl_pyxz_pyx,api_calls
-0.8,x1 = -0.8,0.0,x1 = 0.0,0.6208997346582035,0.37910026534179647,0.6642236793217355,0.33577632067826435,0.6116540895042235,0.3883459104957767,0.5945617679197147,0.4054382320802854,0.6059148926507274,0.3940851073492727,0.92072,0.22303,0.96372,0.97404,0.23753,0.24106,0.9574,0.23538,0.96719,-0.009789999999999965,0.23872,-0.003339999999999982,0.0004723615955879463,0.0004746241962878695,520
0.2,x1 = 0.2,0.0,x1 = 0.0,0.6208997346582035,0.37910026534179647,0.4720084609075738,0.5279915390924261,0.6284943598814566,0.37150564011854337,0.5671981386739552,0.4328018613260446,0.5961304737055582,0.4038695262944417,0.99774,0.24922,0.95182,0.98693,0.23349,0.24548,0.9574,0.23538,0.97036,-0.012959999999999972,0.23982,-0.0044399999999999995,0.0012831694295983923,0.0012928634557671272,550
0.3,x1 = 0.3,0.0,x1 = 0.0,0.6208997346582035,0.37910026534179647,0.38173667287354984,0.6182633271264503,0.6116540882328764,0.3883459117671237,0.5962770548749369,0.4037229451250631,0.6021470324276623,0.3978529675723378,0.95926,0.23601,0.96372,0.97309,0.23753,0.24073,0.9574,0.23538,0.96951,-0.012109999999999954,0.23951,-0.004129999999999995,0.0007380874826616694,0.0007424335200790569,580
-0.2,x1 = -0.2,0.0,x1 = 0.0,0.6208997346582035,0.37910026534179647,0.6399446658169949,0.36005533418300517,0.6176780610134467,0.3823219389865534,0.5764890252623122,0.42351097473768784,0.6028477289813963,0.39715227101860395,0.94273,0.23042,0.95967,0.98305,0.23615,0.24415,0.9574,0.23538,0.96809,-0.010689999999999977,0.23903,-0.0036499999999999866,0.0006842471835438388,0.0006881386315216349,610
0.7,x1 = 0.7,0.0,x1 = 0.0,0.6208997346582035,0.37910026534179647,0.47543839697758045,0.5245616030224196,0.6259511622081145,0.3740488377918854,0.5942716619030316,0.4057283380969684,0.609333312745131,0.39066668725486897,0.99826,0.2494,0.95373,0.9742,0.23414,0.24111,0.9574,0.23538,0.96447,-0.007070000000000021,0.2378,-0.0024200000000000055,0.00028202746240666744,0.0002830870138678318,640
