z_x1,z_note,x_x1,x_note,"p(y=0|x,D)","p(y=1|x,D)","p(u=0|z,D)","p(u=1|z,D)","p(y=0|x,u=0,z,D)","p(y=1|x,u=0,z,D)","p(y=0|x,u=1,z,D)","p(y=1|x,u=1,z,D)","p(y=0|x,z,D)","p(y=1|x,z,D)","H[p(u|z,D)]","Var[p(u|z,D)]","H[p(y|x,u=0,z,D)]","H[p(y|x,u=1,z,D)]","Var[p(y|x,u=0,z,D)]","Var[p(y|x,u=1,z,D)]","H[p(y|x,D)]","Var[p(y|x,D)]",Va,Ve,Va_variance,Ve_variance,kl_pyx_pyxz,kl_pyxz_pyx,api_calls
0.1,x1 = 0.1,0.0,x1 = 0.0,0.544493231879544,0.45550676812045604,0.4084606624262178,0.5915393375737822,0.733180872209038,0.2668191277909619,0.3605536023628183,0.6394463976371817,0.5127571838422782,0.48724281615772175,0.97569,0.24162,0.83686,0.94314,0.19563,0.23055,0.99428,0.24802,0.89973,0.09455000000000002,0.21629,0.03172999999999998,0.0020192085785070736,0.002024126570564569,520
0.5,x1 = 0.5,0.0,x1 = 0.0,0.544493231879544,0.45550676812045604,0.3931838132731087,0.6068161867268913,0.69796876471345,0.30203123528655007,0.40134132734593236,0.5986586726540677,0.5179704342915232,0.48202956570847694,0.96682,0.23859,0.88376,0.97173,0.21081,0.24027,0.99428,0.24802,0.93714,0.05714000000000008,0.22869,0.019329999999999986,0.00141119887917485,0.0014143337587439603,550
-0.1,x1 = -0.1,0.0,x1 = 0.0,0.544493231879544,0.45550676812045604,0.7028842209101535,0.29711577908984665,0.6387558305008514,0.36124416949914856,0.40797486567592633,0.5920251343240736,0.5701871643377874,0.42981283566221273,0.87774,0.20884,0.94371,0.97542,0.23075,0.24153,0.99428,0.24802,0.95313,0.04115000000000002,0.23395,0.01407,0.0013409324230600171,0.0013356014459822395,580
-0.3,x1 = -0.3,0.0,x1 = 0.0,0.544493231879544,0.45550676812045604,0.7323508510706924,0.2676491489293075,0.5835447118602183,0.4164552881397817,0.441804832284733,0.5581951677152669,0.545608153722497,0.45439184627750284,0.83807,0.19601,0.97977,0.99021,0.24302,0.24661,0.99428,0.24802,0.98256,0.011720000000000064,0.24398,0.004039999999999988,2.5066197534577474e-06,2.5062812876463798e-06,610
-0.9,x1 = -0.9,0.0,x1 = 0.0,0.544493231879544,0.45550676812045604,0.7802443367891279,0.21975566321087223,0.530254756390774,0.4697452436092259,0.4621345029455813,0.5378654970544188,0.5152849449168331,0.48471505508316703,0.75972,0.17146,0.99736,0.99586,0.24908,0.24857,0.99428,0.24802,0.99703,-0.002749999999999919,0.24897,-0.0009500000000000064,0.0017108606158070805,0.0017148654878705316,640
