z_x1,z_note,x_x1,x_note,"p(y=0|x,D)","p(y=1|x,D)","p(u=0|z,D)","p(u=1|z,D)","p(y=0|x,u=0,z,D)","p(y=1|x,u=0,z,D)","p(y=0|x,u=1,z,D)","p(y=1|x,u=1,z,D)","p(y=0|x,z,D)","p(y=1|x,z,D)","H[p(u|z,D)]","Var[p(u|z,D)]","H[p(y|x,u=0,z,D)]","H[p(y|x,u=1,z,D)]","Var[p(y|x,u=0,z,D)]","Var[p(y|x,u=1,z,D)]","H[p(y|x,D)]","Var[p(y|x,D)]",Va,Ve,Va_variance,Ve_variance,kl_pyx_pyxz,kl_pyxz_pyx,api_calls
-4.7,x1 = -4.7,-5.0,x1 = -5.0,0.9047052061757347,0.0952947938242652,0.8884947692455277,0.11150523075447213,0.9385476812543804,0.06145231874561972,0.601080974189029,0.39891902581097105,0.9009183782111064,0.09908162178889357,0.50444,0.09907,0.33318,0.97031,0.05768,0.23978,0.4539,0.08621,0.40422,0.04968,0.07799,0.008219999999999991,8.125231217446767e-05,8.219960907694408e-05,360
-5.0,x1 = -5.0,-5.0,x1 = -5.0,0.9047052061757347,0.0952947938242652,0.9047052061757347,0.0952947938242652,0.9200538534423481,0.07994614655765192,0.4570940907510934,0.5429059092489066,0.8759361983077542,0.12406380169224576,0.4539,0.08621,0.40199,0.99468,0.07355,0.24816,0.4539,0.08621,0.45847,-0.004569999999999963,0.09019,-0.003980000000000011,0.004095612481957684,0.0044239459812398275,390
-4.8,x1 = -4.8,-5.0,x1 = -5.0,0.9047052061757347,0.0952947938242652,0.8882847442623263,0.11171525573767363,0.9375320002160367,0.062467999783963446,0.6101859901739568,0.3898140098260433,0.9009624569894785,0.09903754301052148,0.50507,0.09923,0.33717,0.96468,0.05857,0.23786,0.4539,0.08621,0.40727,0.046630000000000005,0.0786,0.007609999999999992,7.939289252118864e-05,8.030790884479277e-05,420
-4.9,x1 = -4.9,-5.0,x1 = -5.0,0.9047052061757347,0.0952947938242652,0.8875157982915022,0.11248420170849778,0.9395777589278564,0.06042224107214354,0.5953847659211425,0.40461523407885736,0.9008614848758377,0.0991385151241623,0.50736,0.09983,0.32912,0.97359,0.05677,0.2409,0.4539,0.08621,0.40161,0.05229,0.07748,0.008730000000000002,8.368338195517862e-05,8.467343971838969e-05,450
-4.5,x1 = -4.5,-5.0,x1 = -5.0,0.9047052061757347,0.0952947938242652,0.8908536401851782,0.10914635981482197,0.9388507154926599,0.06114928450734003,0.5987305269827424,0.4012694730172576,0.9017278350172715,0.09827216498272859,0.49734,0.09723,0.33199,0.97169,0.05741,0.24025,0.4539,0.08621,0.40181,0.052090000000000025,0.07737,0.00884,5.0475544087455124e-05,5.093983710446675e-05,480
