z_x1,z_note,x_x1,x_note,"p(y=0|x,D)","p(y=1|x,D)","p(u=0|z,D)","p(u=1|z,D)","p(y=0|x,u=0,z,D)","p(y=1|x,u=0,z,D)","p(y=0|x,u=1,z,D)","p(y=1|x,u=1,z,D)","p(y=0|x,z,D)","p(y=1|x,z,D)","H[p(u|z,D)]","Var[p(u|z,D)]","H[p(y|x,u=0,z,D)]","H[p(y|x,u=1,z,D)]","Var[p(y|x,u=0,z,D)]","Var[p(y|x,u=1,z,D)]","H[p(y|x,D)]","Var[p(y|x,D)]",Va,Ve,Va_variance,Ve_variance,kl_pyx_pyxz,kl_pyxz_pyx,api_calls
-10.3,x1 = -10.3,-10.0,x1 = -10.0,0.7618653246441458,0.23813467535585428,0.7685725540466591,0.2314274459533409,0.8623096839913538,0.1376903160086461,0.44809652881495243,0.5519034711850475,0.7664493914086044,0.23355060859139554,0.78049,0.17787,0.57816,0.99221,0.11873,0.24731,0.79192,0.18143,0.67398,0.11793999999999993,0.14849,0.03294,5.843178187493834e-05,5.8170619291197066e-05,200
-9.7,x1 = -9.7,-10.0,x1 = -10.0,0.7618653246441458,0.23813467535585428,0.7818318597031159,0.21816814029688408,0.8626779300902682,0.1373220699097319,0.469141013187222,0.530858986812778,0.7768207127913611,0.22317928720863886,0.75681,0.17057,0.57718,0.99725,0.11846,0.24905,0.79192,0.18143,0.66883,0.12308999999999992,0.14695,0.03448000000000001,0.0006351467638823129,0.0006256033688903477,230
-10.0,x1 = -10.0,-10.0,x1 = -10.0,0.7618653246441458,0.23813467535585428,0.7618653246441458,0.23813467535585428,0.8663043496928612,0.13369565030713884,0.35344094127129383,0.6465590587287063,0.7441737884264944,0.2558262115735057,0.79192,0.18143,0.56749,0.9371,0.11582,0.22852,0.79192,0.18143,0.65551,0.13640999999999992,0.14266,0.03877,0.0008349817124192194,0.0008484950377041743,260
-9.9,x1 = -9.9,-10.0,x1 = -10.0,0.7618653246441458,0.23813467535585428,0.7517255899193998,0.24827441008060025,0.8663768657910161,0.13362313420898383,0.4660623784373086,0.5339376215626914,0.7669890225965565,0.2330109774034435,0.80853,0.18663,0.56729,0.99667,0.11577,0.24885,0.79192,0.18143,0.67389,0.11802999999999997,0.14881,0.03262000000000001,7.307638445368594e-05,7.271075050403145e-05,290
-9.6,x1 = -9.6,-10.0,x1 = -10.0,0.7618653246441458,0.23813467535585428,0.7919825628278663,0.20801743717213386,0.8644688421470768,0.1355311578529233,0.47825848713886876,0.5217415128611312,0.7841303538889294,0.21586964611107073,0.73768,0.16475,0.57241,0.99864,0.11716,0.24953,0.79192,0.18143,0.66107,0.1308499999999999,0.1447,0.03673000000000001,0.0014297991439826338,0.0013971273774325936,320
