z_x1,z_note,x_x1,x_note,"p(y=0|x,D)","p(y=1|x,D)","p(u=0|z,D)","p(u=1|z,D)","p(y=0|x,u=0,z,D)","p(y=1|x,u=0,z,D)","p(y=0|x,u=1,z,D)","p(y=1|x,u=1,z,D)","p(y=0|x,z,D)","p(y=1|x,z,D)","H[p(u|z,D)]","Var[p(u|z,D)]","H[p(y|x,u=0,z,D)]","H[p(y|x,u=1,z,D)]","Var[p(y|x,u=0,z,D)]","Var[p(y|x,u=1,z,D)]","H[p(y|x,D)]","Var[p(y|x,D)]",Va,Ve,Va_variance,Ve_variance,kl_pyx_pyxz,kl_pyxz_pyx,api_calls
-10.3,x1 = -10.3,-10.0,x1 = -10.0,0.788766232973734,0.21123376702626606,0.8055852138166205,0.19441478618337932,0.8593949001086834,0.14060509989131667,0.4407186498384066,0.5592813501615934,0.7779980464323284,0.2220019535676715,0.71062,0.15662,0.58582,0.98984,0.12084,0.24649,0.74383,0.16661,0.66437,0.07945999999999998,0.14527,0.021339999999999998,0.0003396621205411527,0.00034375959643950967,200
-9.7,x1 = -9.7,-10.0,x1 = -10.0,0.788766232973734,0.21123376702626606,0.8166575083380504,0.1833424916619494,0.864550537793329,0.13544946220667103,0.4536347213649151,0.5463652786350849,0.7892122081460393,0.2107877918539606,0.68733,0.14973,0.5722,0.99379,0.1171,0.24785,0.74383,0.16661,0.6495,0.09433000000000002,0.14107,0.025540000000000007,5.974861464013684e-07,5.971778689366691e-07,230
-10.0,x1 = -10.0,-10.0,x1 = -10.0,0.788766232973734,0.21123376702626606,0.788766232973734,0.21123376702626606,0.866868787593105,0.1331312124068949,0.3860884556111527,0.6139115443888473,0.7653117469564186,0.23468825304358154,0.74383,0.16661,0.56596,0.96223,0.11541,0.23702,0.74383,0.16661,0.64967,0.09416000000000002,0.1411,0.025510000000000005,0.0015689153300378206,0.0016086834470838904,260
-9.9,x1 = -9.9,-10.0,x1 = -10.0,0.788766232973734,0.21123376702626606,0.7915389487743516,0.2084610512256484,0.8737706640250776,0.1262293359749223,0.4300749753038559,0.569925024696144,0.7812773943299637,0.21872260567003626,0.73853,0.16501,0.54701,0.98585,0.1103,0.24511,0.74383,0.16661,0.63849,0.10533999999999999,0.1384,0.028210000000000013,0.0001654714135363184,0.0001668727196492475,290
-9.6,x1 = -9.6,-10.0,x1 = -10.0,0.788766232973734,0.21123376702626606,0.8289812126541246,0.17101878734587547,0.8671037333324044,0.13289626666759563,0.4563473696876045,0.5436526303123954,0.7968566781272693,0.20314332187273076,0.66003,0.14177,0.56533,0.99449,0.11523,0.24809,0.74383,0.16661,0.63872,0.10511000000000004,0.13795,0.02866000000000002,0.00020021970228715873,0.00019830359914720617,320
