z_x1,z_x2,z_note,x_x1,x_x2,x_note,"p(y=0|x,D)","p(y=1|x,D)","p(y=2|x,D)","p(u=0|z,D)","p(u=1|z,D)","p(u=2|z,D)","p(y=0|x,u=0,z,D)","p(y=1|x,u=0,z,D)","p(y=2|x,u=0,z,D)","p(y=0|x,u=1,z,D)","p(y=1|x,u=1,z,D)","p(y=2|x,u=1,z,D)","p(y=0|x,u=2,z,D)","p(y=1|x,u=2,z,D)","p(y=2|x,u=2,z,D)","p(y=0|x,z,D)","p(y=1|x,z,D)","p(y=2|x,z,D)","H[p(u|z,D)]","Var[p(u|z,D)]","H[p(y|x,u=0,z,D)]","H[p(y|x,u=1,z,D)]","H[p(y|x,u=2,z,D)]","Var[p(y|x,u=0,z,D)]","Var[p(y|x,u=1,z,D)]","Var[p(y|x,u=2,z,D)]","H[p(y|x,D)]","Var[p(y|x,D)]",Va,Ve,Va_variance,Ve_variance,kl_pyx_pyxz,kl_pyxz_pyx,api_calls
3.1,3.8,x1 = 3.1; x2 = 3.8,3.1,3.8,x1 = 3.1; x2 = 3.8,0.41463723148596066,0.3111708203905156,0.2741919481235238,0.41322067355238523,0.314003934266255,0.2727753921813597,0.8784742554625694,0.06595835835921693,0.055567386178213704,0.14304761125447046,0.7109491359516759,0.14600325279385365,0.10841680968285464,0.10202169203851426,0.7895614982786312,0.43749467404225917,0.27832519007643763,0.2841801358813032,1.56285,0.66627,0.65461,1.15652,0.95262,0.25687,0.28904,0.43402,1.56255,0.6691,0.8935,0.6690500000000001,0.31529,0.35381,0.002651458200166679,0.0025964515720755775,47950
