z_x1,z_x2,z_note,x_x1,x_x2,x_note,"p(y=0|x,D)","p(y=1|x,D)","p(y=2|x,D)","p(u=0|z,D)","p(u=1|z,D)","p(u=2|z,D)","p(y=0|x,u=0,z,D)","p(y=1|x,u=0,z,D)","p(y=2|x,u=0,z,D)","p(y=0|x,u=1,z,D)","p(y=1|x,u=1,z,D)","p(y=2|x,u=1,z,D)","p(y=0|x,u=2,z,D)","p(y=1|x,u=2,z,D)","p(y=2|x,u=2,z,D)","p(y=0|x,z,D)","p(y=1|x,z,D)","p(y=2|x,z,D)","H[p(u|z,D)]","Var[p(u|z,D)]","H[p(y|x,u=0,z,D)]","H[p(y|x,u=1,z,D)]","H[p(y|x,u=2,z,D)]","Var[p(y|x,u=0,z,D)]","Var[p(y|x,u=1,z,D)]","Var[p(y|x,u=2,z,D)]","H[p(y|x,D)]","Var[p(y|x,D)]",Va,Ve,Va_variance,Ve_variance,kl_pyx_pyxz,kl_pyxz_pyx,api_calls
0.8,0.0,x1 = 0.8; x2 = 0.0,0.8,0.0,x1 = 0.8; x2 = 0.0,0.22593801760722196,0.39636715099260844,0.37769483140016963,0.23247494164829882,0.3834947673430483,0.3840302910086528,0.6793811622188995,0.18867524184578385,0.1319435959353165,0.15482085944358942,0.63432273371819,0.21085640683822052,0.1399449168423053,0.19449629812934083,0.6655587850283539,0.2710551726560944,0.3618141849969574,0.36713064234694803,1.54983,0.59354,1.21839,1.30675,1.24739,0.51164,0.36254,0.52923,1.5446,0.5806,1.26341,0.28119000000000005,0.46122,0.11937999999999999,0.00573279572635787,0.00593258408925405,34050
