z_x1,z_x2,z_note,x_x1,x_x2,x_note,"p(y=0|x,D)","p(y=1|x,D)","p(y=2|x,D)","p(u=0|z,D)","p(u=1|z,D)","p(u=2|z,D)","p(y=0|x,u=0,z,D)","p(y=1|x,u=0,z,D)","p(y=2|x,u=0,z,D)","p(y=0|x,u=1,z,D)","p(y=1|x,u=1,z,D)","p(y=2|x,u=1,z,D)","p(y=0|x,u=2,z,D)","p(y=1|x,u=2,z,D)","p(y=2|x,u=2,z,D)","p(y=0|x,z,D)","p(y=1|x,z,D)","p(y=2|x,z,D)","H[p(u|z,D)]","Var[p(u|z,D)]","H[p(y|x,u=0,z,D)]","H[p(y|x,u=1,z,D)]","H[p(y|x,u=2,z,D)]","Var[p(y|x,u=0,z,D)]","Var[p(y|x,u=1,z,D)]","Var[p(y|x,u=2,z,D)]","H[p(y|x,D)]","Var[p(y|x,D)]",Va,Ve,Va_variance,Ve_variance,kl_pyx_pyxz,kl_pyxz_pyx,api_calls
-2.2,1.1,x1 = -2.2; x2 = 1.1,-2.2,1.1,x1 = -2.2; x2 = 1.1,0.21331464953335666,0.19066169146729559,0.5960236589993477,0.21116963430143648,0.18991918664336477,0.5989111790551988,0.580966292384681,0.1198777194033815,0.29915598821193756,0.1442823243366087,0.5489178176099409,0.3067998580534504,0.10573119841216871,0.09392221954164114,0.8003465820461901,0.21340801789330852,0.18581562686699862,0.6007763552396929,1.37186,0.65974,1.34288,1.40097,0.92038,0.80071,0.42467,0.42359,1.37629,0.66287,1.10087,0.27542,0.50343,0.15943999999999992,8.151959928232554e-05,8.103421499339961e-05,74600
