z_x1,z_x2,z_note,x_x1,x_x2,x_note,"p(y=0|x,D)","p(y=1|x,D)","p(y=2|x,D)","p(u=0|z,D)","p(u=1|z,D)","p(u=2|z,D)","p(y=0|x,u=0,z,D)","p(y=1|x,u=0,z,D)","p(y=2|x,u=0,z,D)","p(y=0|x,u=1,z,D)","p(y=1|x,u=1,z,D)","p(y=2|x,u=1,z,D)","p(y=0|x,u=2,z,D)","p(y=1|x,u=2,z,D)","p(y=2|x,u=2,z,D)","p(y=0|x,z,D)","p(y=1|x,z,D)","p(y=2|x,z,D)","H[p(u|z,D)]","Var[p(u|z,D)]","H[p(y|x,u=0,z,D)]","H[p(y|x,u=1,z,D)]","H[p(y|x,u=2,z,D)]","Var[p(y|x,u=0,z,D)]","Var[p(y|x,u=1,z,D)]","Var[p(y|x,u=2,z,D)]","H[p(y|x,D)]","Var[p(y|x,D)]",Va,Ve,Va_variance,Ve_variance,kl_pyx_pyxz,kl_pyxz_pyx,api_calls
1.1,2.7,x1 = 1.1; x2 = 2.7,1.1,2.7,x1 = 1.1; x2 = 2.7,0.3113376133975361,0.30327570019504485,0.385386686407419,0.3103182224916349,0.3059666018330149,0.38371517567535013,0.6936914613967884,0.14690087492356654,0.15940766367964493,0.17776490504147965,0.6030100898574299,0.21922500510109053,0.14706156613453394,0.14729798241062814,0.7056404514548379,0.3260849798633908,0.28660743765076474,0.3873075824858443,1.57689,0.68865,1.19481,1.36302,1.16865,0.56764,0.39527,0.54069,1.57629,0.69124,1.23624,0.34004999999999996,0.50456,0.18667999999999996,0.0008189512597465154,0.0008153466379557663,47400
