z_x1,z_x2,z_note,x_x1,x_x2,x_note,"p(y=0|x,D)","p(y=1|x,D)","p(y=2|x,D)","p(u=0|z,D)","p(u=1|z,D)","p(u=2|z,D)","p(y=0|x,u=0,z,D)","p(y=1|x,u=0,z,D)","p(y=2|x,u=0,z,D)","p(y=0|x,u=1,z,D)","p(y=1|x,u=1,z,D)","p(y=2|x,u=1,z,D)","p(y=0|x,u=2,z,D)","p(y=1|x,u=2,z,D)","p(y=2|x,u=2,z,D)","p(y=0|x,z,D)","p(y=1|x,z,D)","p(y=2|x,z,D)","H[p(u|z,D)]","Var[p(u|z,D)]","H[p(y|x,u=0,z,D)]","H[p(y|x,u=1,z,D)]","H[p(y|x,u=2,z,D)]","Var[p(y|x,u=0,z,D)]","Var[p(y|x,u=1,z,D)]","Var[p(y|x,u=2,z,D)]","H[p(y|x,D)]","Var[p(y|x,D)]",Va,Ve,Va_variance,Ve_variance,kl_pyx_pyxz,kl_pyxz_pyx,api_calls
-2.1,-1.2,x1 = -2.1; x2 = -1.2,-2.1,-1.2,x1 = -2.1; x2 = -1.2,0.3710896825018797,0.21835253434598645,0.4105577831521338,0.3720875894721948,0.22097749041707285,0.40693492011073235,0.7249332028006364,0.10659893004234591,0.16846786715701761,0.2655489544113513,0.5319659532487104,0.20248509233993825,0.22352571709113653,0.12232318109049492,0.6541511018183684,0.41937940931432044,0.20699421418074876,0.37362637650493075,1.53985,0.77781,1.11358,1.45894,1.25448,0.58375,0.46406,0.69224,1.53736,0.78009,1.24723,0.29013,0.60145,0.1786399999999999,0.004967495353036831,0.00502782617832722,77450
