z_x1,z_x2,z_note,x_x1,x_x2,x_note,"p(y=0|x,D)","p(y=1|x,D)","p(y=2|x,D)","p(u=0|z,D)","p(u=1|z,D)","p(u=2|z,D)","p(y=0|x,u=0,z,D)","p(y=1|x,u=0,z,D)","p(y=2|x,u=0,z,D)","p(y=0|x,u=1,z,D)","p(y=1|x,u=1,z,D)","p(y=2|x,u=1,z,D)","p(y=0|x,u=2,z,D)","p(y=1|x,u=2,z,D)","p(y=2|x,u=2,z,D)","p(y=0|x,z,D)","p(y=1|x,z,D)","p(y=2|x,z,D)","H[p(u|z,D)]","Var[p(u|z,D)]","H[p(y|x,u=0,z,D)]","H[p(y|x,u=1,z,D)]","H[p(y|x,u=2,z,D)]","Var[p(y|x,u=0,z,D)]","Var[p(y|x,u=1,z,D)]","Var[p(y|x,u=2,z,D)]","H[p(y|x,D)]","Var[p(y|x,D)]",Va,Ve,Va_variance,Ve_variance,kl_pyx_pyxz,kl_pyxz_pyx,api_calls
1.5,-3.8,x1 = 1.5; x2 = -3.8,1.5,-3.8,x1 = 1.5; x2 = -3.8,0.6585705392417334,0.19845822236939123,0.1429712383888754,0.6618091348164372,0.195592931038463,0.14259793414509986,0.8946699872995542,0.05793204490865349,0.04739796779179244,0.20120439011510002,0.6853113324159521,0.11348427746894778,0.13178823478294016,0.11265700361297512,0.7555547616040846,0.6502476566660461,0.18844666468244078,0.1613056786515131,1.25525,0.53483,0.59024,1.19533,1.04572,0.2242,0.30699,0.49826,1.26108,0.5357,0.77354,0.48754,0.27947,0.25622999999999996,0.001398249276235556,0.0014380296915122194,60150
