z_x1,z_x2,z_note,x_x1,x_x2,x_note,"p(y=0|x,D)","p(y=1|x,D)","p(y=2|x,D)","p(u=0|z,D)","p(u=1|z,D)","p(u=2|z,D)","p(y=0|x,u=0,z,D)","p(y=1|x,u=0,z,D)","p(y=2|x,u=0,z,D)","p(y=0|x,u=1,z,D)","p(y=1|x,u=1,z,D)","p(y=2|x,u=1,z,D)","p(y=0|x,u=2,z,D)","p(y=1|x,u=2,z,D)","p(y=2|x,u=2,z,D)","p(y=0|x,z,D)","p(y=1|x,z,D)","p(y=2|x,z,D)","H[p(u|z,D)]","Var[p(u|z,D)]","H[p(y|x,u=0,z,D)]","H[p(y|x,u=1,z,D)]","H[p(y|x,u=2,z,D)]","Var[p(y|x,u=0,z,D)]","Var[p(y|x,u=1,z,D)]","Var[p(y|x,u=2,z,D)]","H[p(y|x,D)]","Var[p(y|x,D)]",Va,Ve,Va_variance,Ve_variance,kl_pyx_pyxz,kl_pyxz_pyx,api_calls
2.0,-3.7,x1 = 2.0; x2 = -3.7,2.0,-3.7,x1 = 2.0; x2 = -3.7,0.6647671865607945,0.18255223202685422,0.15268058141235125,0.6555329888312416,0.18770591959542537,0.15676109157333318,0.9060214991360496,0.04998272513818613,0.043995775725764116,0.16328126504138898,0.7118359969046931,0.12488273805391784,0.1301801667333157,0.10158054803791812,0.7682392852287663,0.644983026319628,0.18230503319292882,0.17271194048744307,1.27149,0.56352,0.54332,1.1508,1.01028,0.20693,0.28669,0.4913,1.25349,0.55522,0.73055,0.52294,0.26648,0.28874000000000005,0.0015098824771924077,0.0015575966060754967,200
