z_x1,z_x2,z_note,x_x1,x_x2,x_note,"p(y=0|x,D)","p(y=1|x,D)","p(y=2|x,D)","p(u=0|z,D)","p(u=1|z,D)","p(u=2|z,D)","p(y=0|x,u=0,z,D)","p(y=1|x,u=0,z,D)","p(y=2|x,u=0,z,D)","p(y=0|x,u=1,z,D)","p(y=1|x,u=1,z,D)","p(y=2|x,u=1,z,D)","p(y=0|x,u=2,z,D)","p(y=1|x,u=2,z,D)","p(y=2|x,u=2,z,D)","p(y=0|x,z,D)","p(y=1|x,z,D)","p(y=2|x,z,D)","H[p(u|z,D)]","Var[p(u|z,D)]","H[p(y|x,u=0,z,D)]","H[p(y|x,u=1,z,D)]","H[p(y|x,u=2,z,D)]","Var[p(y|x,u=0,z,D)]","Var[p(y|x,u=1,z,D)]","Var[p(y|x,u=2,z,D)]","H[p(y|x,D)]","Var[p(y|x,D)]",Va,Ve,Va_variance,Ve_variance,kl_pyx_pyxz,kl_pyxz_pyx,api_calls
-2.0,-1.9,x1 = -2.0; x2 = -1.9,-2.0,-1.9,x1 = -2.0; x2 = -1.9,0.23626394841451584,0.21741912029422336,0.5463169312912608,0.23778653910357384,0.21872908997278592,0.5434843709236403,0.7368143309644124,0.10110690028197525,0.16207876875361224,0.1694073243842985,0.6199888903798991,0.2106037852358023,0.12801354829141856,0.11129176592492454,0.7606946857836568,0.28183220238210965,0.22013680107626238,0.498030996541628,1.45048,0.68782,1.08442,1.33483,1.03234,0.56857,0.37831,0.48842,1.44692,0.68645,1.11089,0.33603000000000005,0.48339,0.20306000000000002,0.006185622727826613,0.006352890460911073,1100
