z_x1,z_x2,z_note,x_x1,x_x2,x_note,"p(y=0|x,D)","p(y=1|x,D)","p(y=2|x,D)","p(u=0|z,D)","p(u=1|z,D)","p(u=2|z,D)","p(y=0|x,u=0,z,D)","p(y=1|x,u=0,z,D)","p(y=2|x,u=0,z,D)","p(y=0|x,u=1,z,D)","p(y=1|x,u=1,z,D)","p(y=2|x,u=1,z,D)","p(y=0|x,u=2,z,D)","p(y=1|x,u=2,z,D)","p(y=2|x,u=2,z,D)","p(y=0|x,z,D)","p(y=1|x,z,D)","p(y=2|x,z,D)","H[p(u|z,D)]","Var[p(u|z,D)]","H[p(y|x,u=0,z,D)]","H[p(y|x,u=1,z,D)]","H[p(y|x,u=2,z,D)]","Var[p(y|x,u=0,z,D)]","Var[p(y|x,u=1,z,D)]","Var[p(y|x,u=2,z,D)]","H[p(y|x,D)]","Var[p(y|x,D)]",Va,Ve,Va_variance,Ve_variance,kl_pyx_pyxz,kl_pyxz_pyx,api_calls
-1.0,-1.9,x1 = -1.0; x2 = -1.9,-1.0,-1.9,x1 = -1.0; x2 = -1.9,0.20617934948425037,0.399081273523897,0.39473937699185263,0.20617934948425037,0.399081273523897,0.39473937699185263,0.7140131872126956,0.15581093293360648,0.13017587985369788,0.1331484417366347,0.681494112778059,0.18535744548530617,0.11884700599286702,0.1845960914594069,0.696556902547726,0.24726541726163973,0.3769638813591085,0.3757707013792516,1.52792,0.56536,1.14781,1.21505,1.17854,0.50332,0.31578,0.48166,1.52792,0.56536,1.18677,0.34114999999999984,0.41993,0.14542999999999995,0.004727416451445674,0.00493375757822051,41100
