z_x1,z_x2,z_note,x_x1,x_x2,x_note,"p(y=0|x,D)","p(y=1|x,D)","p(y=2|x,D)","p(u=0|z,D)","p(u=1|z,D)","p(u=2|z,D)","p(y=0|x,u=0,z,D)","p(y=1|x,u=0,z,D)","p(y=2|x,u=0,z,D)","p(y=0|x,u=1,z,D)","p(y=1|x,u=1,z,D)","p(y=2|x,u=1,z,D)","p(y=0|x,u=2,z,D)","p(y=1|x,u=2,z,D)","p(y=2|x,u=2,z,D)","p(y=0|x,z,D)","p(y=1|x,z,D)","p(y=2|x,z,D)","H[p(u|z,D)]","Var[p(u|z,D)]","H[p(y|x,u=0,z,D)]","H[p(y|x,u=1,z,D)]","H[p(y|x,u=2,z,D)]","Var[p(y|x,u=0,z,D)]","Var[p(y|x,u=1,z,D)]","Var[p(y|x,u=2,z,D)]","H[p(y|x,D)]","Var[p(y|x,D)]",Va,Ve,Va_variance,Ve_variance,kl_pyx_pyxz,kl_pyxz_pyx,api_calls
-1.1,0.2,x1 = -1.1; x2 = 0.2,-1.1,0.2,x1 = -1.1; x2 = 0.2,0.23178650974133358,0.37001137781788374,0.3982021124407826,0.23178650974133358,0.37001137781788374,0.3982021124407826,0.6772966334693248,0.17549273701116935,0.14721062951950586,0.13364077164140023,0.6675495947771825,0.1988096335814173,0.12260471011900645,0.20186564523410722,0.6755296446468864,0.2552582833436679,0.368061120683491,0.376680595972841,1.54858,0.60229,1.22821,1.24059,1.21954,0.54352,0.3282,0.49241,1.54858,0.60229,1.22934,0.31923999999999997,0.4435,0.15879,0.0017224221147565666,0.00174773297393805,38150
