z_x1,z_x2,z_note,x_x1,x_x2,x_note,"p(y=0|x,D)","p(y=1|x,D)","p(y=2|x,D)","p(u=0|z,D)","p(u=1|z,D)","p(u=2|z,D)","p(y=0|x,u=0,z,D)","p(y=1|x,u=0,z,D)","p(y=2|x,u=0,z,D)","p(y=0|x,u=1,z,D)","p(y=1|x,u=1,z,D)","p(y=2|x,u=1,z,D)","p(y=0|x,u=2,z,D)","p(y=1|x,u=2,z,D)","p(y=2|x,u=2,z,D)","p(y=0|x,z,D)","p(y=1|x,z,D)","p(y=2|x,z,D)","H[p(u|z,D)]","Var[p(u|z,D)]","H[p(y|x,u=0,z,D)]","H[p(y|x,u=1,z,D)]","H[p(y|x,u=2,z,D)]","Var[p(y|x,u=0,z,D)]","Var[p(y|x,u=1,z,D)]","Var[p(y|x,u=2,z,D)]","H[p(y|x,D)]","Var[p(y|x,D)]",Va,Ve,Va_variance,Ve_variance,kl_pyx_pyxz,kl_pyxz_pyx,api_calls
-2.2,0.0,x1 = -2.2; x2 = 0.0,-2.2,0.0,x1 = -2.2; x2 = 0.0,0.3847141023471222,0.3403371123848199,0.2749487852680579,0.3870497210654191,0.3410837883757214,0.2718664905588595,0.6974368319512867,0.1732425605583167,0.1293206074903967,0.20641710328706572,0.6196363240271004,0.17394657268583377,0.17977235772205066,0.1900674631565815,0.6301601791213678,0.3892223388355758,0.33007436373293003,0.2807032974314941,1.57017,0.64565,1.18235,1.33666,1.32018,0.504,0.37931,0.60708,1.57157,0.64761,1.27245,0.29911999999999983,0.48949,0.15812000000000004,0.00024351965536509312,0.00024242959200689116,74050
