z_x1,z_x2,z_note,x_x1,x_x2,x_note,"p(y=0|x,D)","p(y=1|x,D)","p(y=2|x,D)","p(u=0|z,D)","p(u=1|z,D)","p(u=2|z,D)","p(y=0|x,u=0,z,D)","p(y=1|x,u=0,z,D)","p(y=2|x,u=0,z,D)","p(y=0|x,u=1,z,D)","p(y=1|x,u=1,z,D)","p(y=2|x,u=1,z,D)","p(y=0|x,u=2,z,D)","p(y=1|x,u=2,z,D)","p(y=2|x,u=2,z,D)","p(y=0|x,z,D)","p(y=1|x,z,D)","p(y=2|x,z,D)","H[p(u|z,D)]","Var[p(u|z,D)]","H[p(y|x,u=0,z,D)]","H[p(y|x,u=1,z,D)]","H[p(y|x,u=2,z,D)]","Var[p(y|x,u=0,z,D)]","Var[p(y|x,u=1,z,D)]","Var[p(y|x,u=2,z,D)]","H[p(y|x,D)]","Var[p(y|x,D)]",Va,Ve,Va_variance,Ve_variance,kl_pyx_pyxz,kl_pyxz_pyx,api_calls
-1.0,0.0,x1 = -1.0; x2 = 0.0,-1.0,0.0,x1 = -1.0; x2 = 0.0,0.2588294886726981,0.3683371818974196,0.3728333294298823,0.2588294886726981,0.3683371818974196,0.3728333294298823,0.6698625435138669,0.1948016030686188,0.13533585341751425,0.16687206543251756,0.6370618275258144,0.196066107041668,0.14913518657417676,0.22242369470663131,0.6284411187191918,0.2904479340830995,0.36800092420172004,0.3415511417151805,1.56613,0.61867,1.23744,1.30634,1.31292,0.51948,0.36209,0.54784,1.56613,0.61867,1.29096,0.2751699999999999,0.47208,0.14659000000000005,0.00317795971433631,0.003207911047662878,42050
