z_x1,z_x2,z_note,x_x1,x_x2,x_note,"p(y=0|x,D)","p(y=1|x,D)","p(y=2|x,D)","p(u=0|z,D)","p(u=1|z,D)","p(u=2|z,D)","p(y=0|x,u=0,z,D)","p(y=1|x,u=0,z,D)","p(y=2|x,u=0,z,D)","p(y=0|x,u=1,z,D)","p(y=1|x,u=1,z,D)","p(y=2|x,u=1,z,D)","p(y=0|x,u=2,z,D)","p(y=1|x,u=2,z,D)","p(y=2|x,u=2,z,D)","p(y=0|x,z,D)","p(y=1|x,z,D)","p(y=2|x,z,D)","H[p(u|z,D)]","Var[p(u|z,D)]","H[p(y|x,u=0,z,D)]","H[p(y|x,u=1,z,D)]","H[p(y|x,u=2,z,D)]","Var[p(y|x,u=0,z,D)]","Var[p(y|x,u=1,z,D)]","Var[p(y|x,u=2,z,D)]","H[p(y|x,D)]","Var[p(y|x,D)]",Va,Ve,Va_variance,Ve_variance,kl_pyx_pyxz,kl_pyxz_pyx,api_calls
1.1,-4.0,x1 = 1.1; x2 = -4.0,1.1,-4.0,x1 = 1.1; x2 = -4.0,0.6026632736416672,0.22218236312857403,0.17515436322975875,0.5977877663128321,0.2255833841808706,0.1766288495062973,0.8870068324703022,0.06097252679791114,0.05202064073178686,0.19382718244456854,0.6842703958975933,0.12190242165783823,0.1354087668532823,0.11673334274008,0.7478578904066376,0.597883119551093,0.21142713822954046,0.19068974221936677,1.37013,0.59704,0.62136,1.20348,1.0658,0.24183,0.31056,0.50817,1.36268,0.59505,0.83118,0.5314999999999999,0.30438,0.29067,0.000938842081639869,0.0009530747590300748,44050
