z_x1,z_x2,z_note,x_x1,x_x2,x_note,"p(y=0|x,D)","p(y=1|x,D)","p(y=2|x,D)","p(u=0|z,D)","p(u=1|z,D)","p(u=2|z,D)","p(y=0|x,u=0,z,D)","p(y=1|x,u=0,z,D)","p(y=2|x,u=0,z,D)","p(y=0|x,u=1,z,D)","p(y=1|x,u=1,z,D)","p(y=2|x,u=1,z,D)","p(y=0|x,u=2,z,D)","p(y=1|x,u=2,z,D)","p(y=2|x,u=2,z,D)","p(y=0|x,z,D)","p(y=1|x,z,D)","p(y=2|x,z,D)","H[p(u|z,D)]","Var[p(u|z,D)]","H[p(y|x,u=0,z,D)]","H[p(y|x,u=1,z,D)]","H[p(y|x,u=2,z,D)]","Var[p(y|x,u=0,z,D)]","Var[p(y|x,u=1,z,D)]","Var[p(y|x,u=2,z,D)]","H[p(y|x,D)]","Var[p(y|x,D)]",Va,Ve,Va_variance,Ve_variance,kl_pyx_pyxz,kl_pyxz_pyx,api_calls
0.4,-3.4,x1 = 0.4; x2 = -3.4,0.4,-3.4,x1 = 0.4; x2 = -3.4,0.5275484848758873,0.29027439527134197,0.18217711985277077,0.5310526392323006,0.28981601884161595,0.17913134192608343,0.8505763061409194,0.08057928153303315,0.06884441232604746,0.17320503384080208,0.6832045187349741,0.1435904474242238,0.12219556599907148,0.11729317024765462,0.7605112637532738,0.5237874413104961,0.2618063367851592,0.21440622190434466,1.44714,0.58634,0.75715,1.21566,1.03361,0.30832,0.31592,0.47526,1.45226,0.59044,0.93956,0.5127000000000002,0.34043,0.25000999999999995,0.004061717835431366,0.0041536072375564365,16350
