z_x1,z_x2,z_note,x_x1,x_x2,x_note,"p(y=0|x,D)","p(y=1|x,D)","p(y=2|x,D)","p(u=0|z,D)","p(u=1|z,D)","p(u=2|z,D)","p(y=0|x,u=0,z,D)","p(y=1|x,u=0,z,D)","p(y=2|x,u=0,z,D)","p(y=0|x,u=1,z,D)","p(y=1|x,u=1,z,D)","p(y=2|x,u=1,z,D)","p(y=0|x,u=2,z,D)","p(y=1|x,u=2,z,D)","p(y=2|x,u=2,z,D)","p(y=0|x,z,D)","p(y=1|x,z,D)","p(y=2|x,z,D)","H[p(u|z,D)]","Var[p(u|z,D)]","H[p(y|x,u=0,z,D)]","H[p(y|x,u=1,z,D)]","H[p(y|x,u=2,z,D)]","Var[p(y|x,u=0,z,D)]","Var[p(y|x,u=1,z,D)]","Var[p(y|x,u=2,z,D)]","H[p(y|x,D)]","Var[p(y|x,D)]",Va,Ve,Va_variance,Ve_variance,kl_pyx_pyxz,kl_pyxz_pyx,api_calls
2.2,0.8,x1 = 2.2; x2 = 0.8,2.2,0.8,x1 = 2.2; x2 = 0.8,0.27102000313376173,0.4669404455162466,0.26203955134999163,0.27102000313376173,0.4669404455162466,0.26203955134999163,0.5905202484799337,0.2906127752259814,0.11886697629408496,0.10408538405044107,0.7445645947929819,0.15135002115657709,0.10072416298268347,0.26792680928761764,0.6313490277296989,0.2350381896719098,0.49663661976107737,0.2683251905670129,1.52979,0.53298,1.3321,1.06887,1.26153,0.48693,0.2532,0.45051,1.52979,0.53298,1.1907,0.3390899999999999,0.36825,0.16473,0.003603811405013614,0.0035015740148028156,10450
