z_x1,z_x2,z_note,x_x1,x_x2,x_note,"p(y=0|x,D)","p(y=1|x,D)","p(y=2|x,D)","p(u=0|z,D)","p(u=1|z,D)","p(u=2|z,D)","p(y=0|x,u=0,z,D)","p(y=1|x,u=0,z,D)","p(y=2|x,u=0,z,D)","p(y=0|x,u=1,z,D)","p(y=1|x,u=1,z,D)","p(y=2|x,u=1,z,D)","p(y=0|x,u=2,z,D)","p(y=1|x,u=2,z,D)","p(y=2|x,u=2,z,D)","p(y=0|x,z,D)","p(y=1|x,z,D)","p(y=2|x,z,D)","H[p(u|z,D)]","Var[p(u|z,D)]","H[p(y|x,u=0,z,D)]","H[p(y|x,u=1,z,D)]","H[p(y|x,u=2,z,D)]","Var[p(y|x,u=0,z,D)]","Var[p(y|x,u=1,z,D)]","Var[p(y|x,u=2,z,D)]","H[p(y|x,D)]","Var[p(y|x,D)]",Va,Ve,Va_variance,Ve_variance,kl_pyx_pyxz,kl_pyxz_pyx,api_calls
0.6,-1.3,x1 = 0.6; x2 = -1.3,0.6,-1.3,x1 = 0.6; x2 = -1.3,0.3234649161213913,0.36929347073781943,0.3072416131407894,0.3222650824810068,0.3677631724144676,0.3099717451045256,0.704966951575796,0.1698190429358212,0.1252140054883828,0.14756080864131393,0.6771314622274355,0.17530772913125067,0.14112845114813705,0.18260911654244188,0.6762624323094211,0.32519949619221844,0.3603544290956234,0.31444607471215824,1.581,0.63209,1.16528,1.22862,1.22829,0.49407,0.3221,0.53102,1.58053,0.63044,1.20811,0.37242,0.44228,0.18816,0.00019777125767260137,0.00019753006389546662,25400
