z_x1,z_x2,z_note,x_x1,x_x2,x_note,"p(y=0|x,D)","p(y=1|x,D)","p(y=2|x,D)","p(u=0|z,D)","p(u=1|z,D)","p(u=2|z,D)","p(y=0|x,u=0,z,D)","p(y=1|x,u=0,z,D)","p(y=2|x,u=0,z,D)","p(y=0|x,u=1,z,D)","p(y=1|x,u=1,z,D)","p(y=2|x,u=1,z,D)","p(y=0|x,u=2,z,D)","p(y=1|x,u=2,z,D)","p(y=2|x,u=2,z,D)","p(y=0|x,z,D)","p(y=1|x,z,D)","p(y=2|x,z,D)","H[p(u|z,D)]","Var[p(u|z,D)]","H[p(y|x,u=0,z,D)]","H[p(y|x,u=1,z,D)]","H[p(y|x,u=2,z,D)]","Var[p(y|x,u=0,z,D)]","Var[p(y|x,u=1,z,D)]","Var[p(y|x,u=2,z,D)]","H[p(y|x,D)]","Var[p(y|x,D)]",Va,Ve,Va_variance,Ve_variance,kl_pyx_pyxz,kl_pyxz_pyx,api_calls
0.7,-3.2,x1 = 0.7; x2 = -3.2,0.7,-3.2,x1 = 0.7; x2 = -3.2,0.5812323306937748,0.27510684107715305,0.14366082822907217,0.5860799547935823,0.2709746800059495,0.14294536520046816,0.8343392877090545,0.0977466622662275,0.06791405002471781,0.1937425110332915,0.6760455131742991,0.13021197579240937,0.1498372984087004,0.13201631168146916,0.7181463899098304,0.562907394295511,0.2593496958898042,0.17774290981468477,1.36339,0.53266,0.80945,1.22354,1.139,0.31485,0.31992,0.54501,1.36937,0.53342,0.96877,0.40059999999999996,0.34912,0.18430000000000002,0.004263485201569758,0.004508449571526928,28450
