z_x1,z_x2,z_note,x_x1,x_x2,x_note,"p(y=0|x,D)","p(y=1|x,D)","p(y=2|x,D)","p(u=0|z,D)","p(u=1|z,D)","p(u=2|z,D)","p(y=0|x,u=0,z,D)","p(y=1|x,u=0,z,D)","p(y=2|x,u=0,z,D)","p(y=0|x,u=1,z,D)","p(y=1|x,u=1,z,D)","p(y=2|x,u=1,z,D)","p(y=0|x,u=2,z,D)","p(y=1|x,u=2,z,D)","p(y=2|x,u=2,z,D)","p(y=0|x,z,D)","p(y=1|x,z,D)","p(y=2|x,z,D)","H[p(u|z,D)]","Var[p(u|z,D)]","H[p(y|x,u=0,z,D)]","H[p(y|x,u=1,z,D)]","H[p(y|x,u=2,z,D)]","Var[p(y|x,u=0,z,D)]","Var[p(y|x,u=1,z,D)]","Var[p(y|x,u=2,z,D)]","H[p(y|x,D)]","Var[p(y|x,D)]",Va,Ve,Va_variance,Ve_variance,kl_pyx_pyxz,kl_pyxz_pyx,api_calls
-1.0,-2.0,x1 = -1.0; x2 = -2.0,-1.0,-2.0,x1 = -1.0; x2 = -2.0,0.2099408661259532,0.38920633823137535,0.40085279564267146,0.2099408661259532,0.38920633823137535,0.40085279564267146,0.7042050269967877,0.1606515549999002,0.13514341800331217,0.1388759221345118,0.6571448221042486,0.2039792557612396,0.11195795948645179,0.18984164092272998,0.6982003995908181,0.24677146347502796,0.36559080899333185,0.3876377275316401,1.5313,0.57435,1.1703,1.26141,1.17062,0.51552,0.33862,0.46648,1.5313,0.57435,1.20589,0.3254100000000002,0.42701,0.14734000000000003,0.003865995141019811,0.004008405203744169,41050
