z_x1,z_x2,z_note,x_x1,x_x2,x_note,"p(y=0|x,D)","p(y=1|x,D)","p(y=2|x,D)","p(u=0|z,D)","p(u=1|z,D)","p(u=2|z,D)","p(y=0|x,u=0,z,D)","p(y=1|x,u=0,z,D)","p(y=2|x,u=0,z,D)","p(y=0|x,u=1,z,D)","p(y=1|x,u=1,z,D)","p(y=2|x,u=1,z,D)","p(y=0|x,u=2,z,D)","p(y=1|x,u=2,z,D)","p(y=2|x,u=2,z,D)","p(y=0|x,z,D)","p(y=1|x,z,D)","p(y=2|x,z,D)","H[p(u|z,D)]","Var[p(u|z,D)]","H[p(y|x,u=0,z,D)]","H[p(y|x,u=1,z,D)]","H[p(y|x,u=2,z,D)]","Var[p(y|x,u=0,z,D)]","Var[p(y|x,u=1,z,D)]","Var[p(y|x,u=2,z,D)]","H[p(y|x,D)]","Var[p(y|x,D)]",Va,Ve,Va_variance,Ve_variance,kl_pyx_pyxz,kl_pyxz_pyx,api_calls
-2.1,1.3,x1 = -2.1; x2 = 1.3,-2.1,1.3,x1 = -2.1; x2 = 1.3,0.2155335311928653,0.1902709091124492,0.5941955596946855,0.21466303708208617,0.18825013496271098,0.5970868279552027,0.6246223095876855,0.10647905536735433,0.2688986350449603,0.15690158599548443,0.5572158353330766,0.28588257867143885,0.11864859137001844,0.09078794641206359,0.7905634622179181,0.23446357780731034,0.1819613605553453,0.5835750616373443,1.37429,0.6655,1.27768,1.40582,0.94716,0.76698,0.42615,0.45774,1.37891,0.66634,1.10445,0.27446000000000015,0.51818,0.14816000000000007,0.0010685936083216635,0.0010876129626022878,78700
