z_x1,z_x2,z_note,x_x1,x_x2,x_note,"p(y=0|x,D)","p(y=1|x,D)","p(y=2|x,D)","p(u=0|z,D)","p(u=1|z,D)","p(u=2|z,D)","p(y=0|x,u=0,z,D)","p(y=1|x,u=0,z,D)","p(y=2|x,u=0,z,D)","p(y=0|x,u=1,z,D)","p(y=1|x,u=1,z,D)","p(y=2|x,u=1,z,D)","p(y=0|x,u=2,z,D)","p(y=1|x,u=2,z,D)","p(y=2|x,u=2,z,D)","p(y=0|x,z,D)","p(y=1|x,z,D)","p(y=2|x,z,D)","H[p(u|z,D)]","Var[p(u|z,D)]","H[p(y|x,u=0,z,D)]","H[p(y|x,u=1,z,D)]","H[p(y|x,u=2,z,D)]","Var[p(y|x,u=0,z,D)]","Var[p(y|x,u=1,z,D)]","Var[p(y|x,u=2,z,D)]","H[p(y|x,D)]","Var[p(y|x,D)]",Va,Ve,Va_variance,Ve_variance,kl_pyx_pyxz,kl_pyxz_pyx,api_calls
1.5,1.1,x1 = 1.5; x2 = 1.1,1.5,1.1,x1 = 1.5; x2 = 1.1,0.5057501231806958,0.22229772147845117,0.2719521553408531,0.5069623155862242,0.21995793938481398,0.2730797450289618,0.7942819820512659,0.09758021269396608,0.10813780525476809,0.3499374366025089,0.48176564415862994,0.1682969192388611,0.3053760619721134,0.13238310534602793,0.5622408326818586,0.5630345674591105,0.19158881359229457,0.24537661894859486,1.48876,0.72534,0.93854,1.47036,1.37587,0.43163,0.48524,0.80164,1.49055,0.72304,1.17494,0.31560999999999995,0.54446,0.17857999999999996,0.0067473593542492945,0.006697350673218316,62600
