z_x1,z_x2,z_note,x_x1,x_x2,x_note,"p(y=0|x,D)","p(y=1|x,D)","p(y=2|x,D)","p(u=0|z,D)","p(u=1|z,D)","p(u=2|z,D)","p(y=0|x,u=0,z,D)","p(y=1|x,u=0,z,D)","p(y=2|x,u=0,z,D)","p(y=0|x,u=1,z,D)","p(y=1|x,u=1,z,D)","p(y=2|x,u=1,z,D)","p(y=0|x,u=2,z,D)","p(y=1|x,u=2,z,D)","p(y=2|x,u=2,z,D)","p(y=0|x,z,D)","p(y=1|x,z,D)","p(y=2|x,z,D)","H[p(u|z,D)]","Var[p(u|z,D)]","H[p(y|x,u=0,z,D)]","H[p(y|x,u=1,z,D)]","H[p(y|x,u=2,z,D)]","Var[p(y|x,u=0,z,D)]","Var[p(y|x,u=1,z,D)]","Var[p(y|x,u=2,z,D)]","H[p(y|x,D)]","Var[p(y|x,D)]",Va,Ve,Va_variance,Ve_variance,kl_pyx_pyxz,kl_pyxz_pyx,api_calls
-3.4,-2.6,x1 = -3.4; x2 = -2.6,-3.4,-2.6,x1 = -3.4; x2 = -2.6,0.2628730308256408,0.1305697465573409,0.6065572226170183,0.2638657896772775,0.1315547255982987,0.6045794847244239,0.7751832342718671,0.055858080691466826,0.16895868503666625,0.13917177404624578,0.6060527693699613,0.25477545658379286,0.08557715739020329,0.06219824102719897,0.8522246015825978,0.2745912345205645,0.1320719228550547,0.5933368426243809,1.33107,0.75236,0.9507,1.33641,0.74934,0.57663,0.38058,0.35005,1.3277,0.75131,0.8797,0.44800000000000006,0.41385,0.33746000000000004,0.0004084502008131468,0.00041112759372045025,24750
