z_x1,z_x2,z_note,x_x1,x_x2,x_note,"p(y=0|x,D)","p(y=1|x,D)","p(y=2|x,D)","p(u=0|z,D)","p(u=1|z,D)","p(u=2|z,D)","p(y=0|x,u=0,z,D)","p(y=1|x,u=0,z,D)","p(y=2|x,u=0,z,D)","p(y=0|x,u=1,z,D)","p(y=1|x,u=1,z,D)","p(y=2|x,u=1,z,D)","p(y=0|x,u=2,z,D)","p(y=1|x,u=2,z,D)","p(y=2|x,u=2,z,D)","p(y=0|x,z,D)","p(y=1|x,z,D)","p(y=2|x,z,D)","H[p(u|z,D)]","Var[p(u|z,D)]","H[p(y|x,u=0,z,D)]","H[p(y|x,u=1,z,D)]","H[p(y|x,u=2,z,D)]","Var[p(y|x,u=0,z,D)]","Var[p(y|x,u=1,z,D)]","Var[p(y|x,u=2,z,D)]","H[p(y|x,D)]","Var[p(y|x,D)]",Va,Ve,Va_variance,Ve_variance,kl_pyx_pyxz,kl_pyxz_pyx,api_calls
-3.0,-2.4,x1 = -3.0; x2 = -2.4,-3.0,-2.4,x1 = -3.0; x2 = -2.4,0.25642679056099327,0.1286851061814447,0.6148881032575619,0.2589761645231857,0.12998720969171332,0.611036625785101,0.7631772418745932,0.057652239014200614,0.1791705191112063,0.13748970932492294,0.6021070342275947,0.2604032564474823,0.0837781770772473,0.06823825894917844,0.8479835639735743,0.26670815326424513,0.13489284454882558,0.5983990021869294,1.32164,0.74607,0.97934,1.33976,0.76573,0.60128,0.38279,0.34775,1.31553,0.74282,0.89567,0.4198600000000001,0.41796,0.32486000000000004,0.0005709708887791168,0.0005738847394972692,40850
