z_x1,z_x2,z_note,x_x1,x_x2,x_note,"p(y=0|x,D)","p(y=1|x,D)","p(y=2|x,D)","p(u=0|z,D)","p(u=1|z,D)","p(u=2|z,D)","p(y=0|x,u=0,z,D)","p(y=1|x,u=0,z,D)","p(y=2|x,u=0,z,D)","p(y=0|x,u=1,z,D)","p(y=1|x,u=1,z,D)","p(y=2|x,u=1,z,D)","p(y=0|x,u=2,z,D)","p(y=1|x,u=2,z,D)","p(y=2|x,u=2,z,D)","p(y=0|x,z,D)","p(y=1|x,z,D)","p(y=2|x,z,D)","H[p(u|z,D)]","Var[p(u|z,D)]","H[p(y|x,u=0,z,D)]","H[p(y|x,u=1,z,D)]","H[p(y|x,u=2,z,D)]","Var[p(y|x,u=0,z,D)]","Var[p(y|x,u=1,z,D)]","Var[p(y|x,u=2,z,D)]","H[p(y|x,D)]","Var[p(y|x,D)]",Va,Ve,Va_variance,Ve_variance,kl_pyx_pyxz,kl_pyxz_pyx,api_calls
3.3,-3.2,x1 = 3.3; x2 = -3.2,3.3,-3.2,x1 = 3.3; x2 = -3.2,0.6965734317734354,0.1451512688307162,0.1582752993958483,0.6965734317734354,0.1451512688307162,0.1582752993958483,0.9311213426253102,0.03272250093461619,0.036156156440073514,0.1616388474387342,0.7183156628596186,0.12004548970164716,0.10825739356018735,0.07474117461437313,0.8170014318254395,0.6891909442056208,0.13888773644657293,0.17192131934780616,1.18846,0.56508,0.43048,1.13497,0.86514,0.16631,0.27995,0.42294,1.18846,0.56508,0.60153,0.5869300000000001,0.22342,0.34166,0.000735051841619188,0.0007484344835033182,52450
