z_x1,z_x2,z_note,x_x1,x_x2,x_note,"p(y=0|x,D)","p(y=1|x,D)","p(y=2|x,D)","p(u=0|z,D)","p(u=1|z,D)","p(u=2|z,D)","p(y=0|x,u=0,z,D)","p(y=1|x,u=0,z,D)","p(y=2|x,u=0,z,D)","p(y=0|x,u=1,z,D)","p(y=1|x,u=1,z,D)","p(y=2|x,u=1,z,D)","p(y=0|x,u=2,z,D)","p(y=1|x,u=2,z,D)","p(y=2|x,u=2,z,D)","p(y=0|x,z,D)","p(y=1|x,z,D)","p(y=2|x,z,D)","H[p(u|z,D)]","Var[p(u|z,D)]","H[p(y|x,u=0,z,D)]","H[p(y|x,u=1,z,D)]","H[p(y|x,u=2,z,D)]","Var[p(y|x,u=0,z,D)]","Var[p(y|x,u=1,z,D)]","Var[p(y|x,u=2,z,D)]","H[p(y|x,D)]","Var[p(y|x,D)]",Va,Ve,Va_variance,Ve_variance,kl_pyx_pyxz,kl_pyxz_pyx,api_calls
1.5,-3.1,x1 = 1.5; x2 = -3.1,1.5,-3.1,x1 = 1.5; x2 = -3.1,0.6976551141104695,0.1780407746772758,0.12430411121225468,0.6946826930584624,0.18039835958740552,0.12491894735413214,0.8871898007351083,0.06086361817822712,0.051946581086664625,0.2087553610154001,0.6746065608338448,0.11663807815075497,0.13665958203277978,0.1130263260210778,0.7503140919461424,0.6710458958443111,0.1780979487965177,0.1508561553591714,1.1857,0.49497,0.62064,1.21647,1.05885,0.24151,0.31691,0.5104,1.17956,0.49323,0.78287,0.39669,0.2887,0.20453,0.0030080463997290453,0.003167095178863065,60500
