z_x1,z_x2,z_note,x_x1,x_x2,x_note,"p(y=0|x,D)","p(y=1|x,D)","p(y=2|x,D)","p(u=0|z,D)","p(u=1|z,D)","p(u=2|z,D)","p(y=0|x,u=0,z,D)","p(y=1|x,u=0,z,D)","p(y=2|x,u=0,z,D)","p(y=0|x,u=1,z,D)","p(y=1|x,u=1,z,D)","p(y=2|x,u=1,z,D)","p(y=0|x,u=2,z,D)","p(y=1|x,u=2,z,D)","p(y=2|x,u=2,z,D)","p(y=0|x,z,D)","p(y=1|x,z,D)","p(y=2|x,z,D)","H[p(u|z,D)]","Var[p(u|z,D)]","H[p(y|x,u=0,z,D)]","H[p(y|x,u=1,z,D)]","H[p(y|x,u=2,z,D)]","Var[p(y|x,u=0,z,D)]","Var[p(y|x,u=1,z,D)]","Var[p(y|x,u=2,z,D)]","H[p(y|x,D)]","Var[p(y|x,D)]",Va,Ve,Va_variance,Ve_variance,kl_pyx_pyxz,kl_pyxz_pyx,api_calls
1.6,2.1,x1 = 1.6; x2 = 2.1,1.6,2.1,x1 = 1.6; x2 = 2.1,0.31407888462079125,0.3140326859280538,0.37188842945115486,0.3191688568755121,0.3133159263779665,0.3675152167465213,0.6179439610489894,0.17742211404113606,0.20463392490987448,0.1735217704878943,0.5530958851403247,0.273382344371781,0.15298072785925187,0.162046934914709,0.6849723372260391,0.30781834728552493,0.28947607735981706,0.4027055753546579,1.58119,0.68435,1.34014,1.42252,1.21373,0.65175,0.43693,0.55494,1.58022,0.68263,1.31949,0.2607299999999999,0.54886,0.13376999999999994,0.0022869867070478625,0.002291981882263129,67100
