z_x1,z_x2,z_note,x_x1,x_x2,x_note,"p(y=0|x,D)","p(y=1|x,D)","p(y=2|x,D)","p(u=0|z,D)","p(u=1|z,D)","p(u=2|z,D)","p(y=0|x,u=0,z,D)","p(y=1|x,u=0,z,D)","p(y=2|x,u=0,z,D)","p(y=0|x,u=1,z,D)","p(y=1|x,u=1,z,D)","p(y=2|x,u=1,z,D)","p(y=0|x,u=2,z,D)","p(y=1|x,u=2,z,D)","p(y=2|x,u=2,z,D)","p(y=0|x,z,D)","p(y=1|x,z,D)","p(y=2|x,z,D)","H[p(u|z,D)]","Var[p(u|z,D)]","H[p(y|x,u=0,z,D)]","H[p(y|x,u=1,z,D)]","H[p(y|x,u=2,z,D)]","Var[p(y|x,u=0,z,D)]","Var[p(y|x,u=1,z,D)]","Var[p(y|x,u=2,z,D)]","H[p(y|x,D)]","Var[p(y|x,D)]",Va,Ve,Va_variance,Ve_variance,kl_pyx_pyxz,kl_pyxz_pyx,api_calls
-2.5,0.1,x1 = -2.5; x2 = 0.1,-2.5,0.1,x1 = -2.5; x2 = 0.1,0.3412504009299814,0.3282792029225798,0.33047039614743884,0.34475874437553744,0.3286977363167041,0.3265435193077585,0.6762219238555364,0.16465263791866527,0.1591254382257984,0.20202075870902875,0.6033675881033859,0.1946116531875854,0.1685274789723179,0.1633230027657853,0.6681495182618968,0.35456874354797074,0.3084230651904618,0.33700819126156745,1.58454,0.67097,1.23215,1.36548,1.2486,0.56796,0.39658,0.58705,1.58475,0.6716,1.28135,0.3034000000000001,0.51786,0.15374,0.0009430269044663694,0.0009338169400198793,62100
