z_x1,z_x2,z_note,x_x1,x_x2,x_note,"p(y=0|x,D)","p(y=1|x,D)","p(y=2|x,D)","p(u=0|z,D)","p(u=1|z,D)","p(u=2|z,D)","p(y=0|x,u=0,z,D)","p(y=1|x,u=0,z,D)","p(y=2|x,u=0,z,D)","p(y=0|x,u=1,z,D)","p(y=1|x,u=1,z,D)","p(y=2|x,u=1,z,D)","p(y=0|x,u=2,z,D)","p(y=1|x,u=2,z,D)","p(y=2|x,u=2,z,D)","p(y=0|x,z,D)","p(y=1|x,z,D)","p(y=2|x,z,D)","H[p(u|z,D)]","Var[p(u|z,D)]","H[p(y|x,u=0,z,D)]","H[p(y|x,u=1,z,D)]","H[p(y|x,u=2,z,D)]","Var[p(y|x,u=0,z,D)]","Var[p(y|x,u=1,z,D)]","Var[p(y|x,u=2,z,D)]","H[p(y|x,D)]","Var[p(y|x,D)]",Va,Ve,Va_variance,Ve_variance,kl_pyx_pyxz,kl_pyxz_pyx,api_calls
3.3,-3.8,x1 = 3.3; x2 = -3.8,3.3,-3.8,x1 = 3.3; x2 = -3.8,0.6569604296797744,0.17100058587236866,0.17203898444785698,0.6559809087443379,0.17021484233516698,0.1738042489204952,0.9281286722074753,0.03588725687325093,0.03598407091927367,0.16007197373328802,0.7184845042672268,0.12144352199948523,0.10586506055232099,0.08174741012132883,0.81238752932635,0.6544811129338448,0.16004612920749647,0.18547275785865863,1.2726,0.59729,0.44474,1.13519,0.88182,0.16819,0.28002,0.41908,1.27074,0.59385,0.63823,0.63251,0.23083,0.36302,0.0008700044783266931,0.0008746525828434246,52150
