z_x1,z_x2,z_note,x_x1,x_x2,x_note,"p(y=0|x,D)","p(y=1|x,D)","p(y=2|x,D)","p(u=0|z,D)","p(u=1|z,D)","p(u=2|z,D)","p(y=0|x,u=0,z,D)","p(y=1|x,u=0,z,D)","p(y=2|x,u=0,z,D)","p(y=0|x,u=1,z,D)","p(y=1|x,u=1,z,D)","p(y=2|x,u=1,z,D)","p(y=0|x,u=2,z,D)","p(y=1|x,u=2,z,D)","p(y=2|x,u=2,z,D)","p(y=0|x,z,D)","p(y=1|x,z,D)","p(y=2|x,z,D)","H[p(u|z,D)]","Var[p(u|z,D)]","H[p(y|x,u=0,z,D)]","H[p(y|x,u=1,z,D)]","H[p(y|x,u=2,z,D)]","Var[p(y|x,u=0,z,D)]","Var[p(y|x,u=1,z,D)]","Var[p(y|x,u=2,z,D)]","H[p(y|x,D)]","Var[p(y|x,D)]",Va,Ve,Va_variance,Ve_variance,kl_pyx_pyxz,kl_pyxz_pyx,api_calls
3.1,-0.1,x1 = 3.1; x2 = -0.1,3.1,-0.1,x1 = 3.1; x2 = -0.1,0.855601272463173,0.07790124035593642,0.06649748718089062,0.8543945107803947,0.0774563711420382,0.06814911807756699,0.9210996771222645,0.041375657192802555,0.03752466568493286,0.3267272774021966,0.5655185261917495,0.10775419640605391,0.3021975410653996,0.11996354975863802,0.5778389091759624,0.8328841131843653,0.08732955735537395,0.07978632946026062,0.74391,0.30436,0.47706,1.33868,1.34595,0.17792,0.38653,0.80406,0.73939,0.29941,0.60301,0.13637999999999995,0.23675,0.06266000000000002,0.0020091524741752322,0.0021003909429768725,46000
