z_x1,z_x2,z_note,x_x1,x_x2,x_note,"p(y=0|x,D)","p(y=1|x,D)","p(y=2|x,D)","p(u=0|z,D)","p(u=1|z,D)","p(u=2|z,D)","p(y=0|x,u=0,z,D)","p(y=1|x,u=0,z,D)","p(y=2|x,u=0,z,D)","p(y=0|x,u=1,z,D)","p(y=1|x,u=1,z,D)","p(y=2|x,u=1,z,D)","p(y=0|x,u=2,z,D)","p(y=1|x,u=2,z,D)","p(y=2|x,u=2,z,D)","p(y=0|x,z,D)","p(y=1|x,z,D)","p(y=2|x,z,D)","H[p(u|z,D)]","Var[p(u|z,D)]","H[p(y|x,u=0,z,D)]","H[p(y|x,u=1,z,D)]","H[p(y|x,u=2,z,D)]","Var[p(y|x,u=0,z,D)]","Var[p(y|x,u=1,z,D)]","Var[p(y|x,u=2,z,D)]","H[p(y|x,D)]","Var[p(y|x,D)]",Va,Ve,Va_variance,Ve_variance,kl_pyx_pyxz,kl_pyxz_pyx,api_calls
3.1,0.0,x1 = 3.1; x2 = 0.0,3.1,0.0,x1 = 3.1; x2 = 0.0,0.6339117685648121,0.22407260260359146,0.14201562883159638,0.6280670790850047,0.22368167680942955,0.1482512441055658,0.875399796549212,0.0671815885172778,0.05741861493351023,0.2026134037293083,0.6349696334207453,0.16241696284994647,0.1687119771857864,0.16538377999764511,0.6659042428165686,0.6201424596538112,0.20874396753449054,0.1711135728116983,1.31297,0.5461,0.66649,1.30861,1.25313,0.26373,0.36341,0.58742,1.30033,0.53397,0.89709,0.40323999999999993,0.33401,0.19995999999999997,0.0033288595174178204,0.003483311689299679,46050
