z_x1,z_x2,z_note,x_x1,x_x2,x_note,"p(y=0|x,D)","p(y=1|x,D)","p(y=2|x,D)","p(u=0|z,D)","p(u=1|z,D)","p(u=2|z,D)","p(y=0|x,u=0,z,D)","p(y=1|x,u=0,z,D)","p(y=2|x,u=0,z,D)","p(y=0|x,u=1,z,D)","p(y=1|x,u=1,z,D)","p(y=2|x,u=1,z,D)","p(y=0|x,u=2,z,D)","p(y=1|x,u=2,z,D)","p(y=2|x,u=2,z,D)","p(y=0|x,z,D)","p(y=1|x,z,D)","p(y=2|x,z,D)","H[p(u|z,D)]","Var[p(u|z,D)]","H[p(y|x,u=0,z,D)]","H[p(y|x,u=1,z,D)]","H[p(y|x,u=2,z,D)]","Var[p(y|x,u=0,z,D)]","Var[p(y|x,u=1,z,D)]","Var[p(y|x,u=2,z,D)]","H[p(y|x,D)]","Var[p(y|x,D)]",Va,Ve,Va_variance,Ve_variance,kl_pyx_pyxz,kl_pyxz_pyx,api_calls
-0.2,3.6,x1 = -0.2; x2 = 3.6,-0.2,3.6,x1 = -0.2; x2 = 3.6,0.32086177441155633,0.22513967253010234,0.4539985530583414,0.31077390163522456,0.22690769316322906,0.4623184052015462,0.7852775662437539,0.09402904145320025,0.12069339230304603,0.12450268198504784,0.6603828669427152,0.21511445107223698,0.09464616981171389,0.09077910075606416,0.8145747294322219,0.3160510557758335,0.2210365741090965,0.4629123701150698,1.52411,0.75013,0.96274,1.24642,0.87717,0.4643,0.33141,0.39092,1.52772,0.75713,0.98755,0.5401699999999999,0.40022,0.35690999999999995,0.0001606560388252489,0.00016080337729117676,75850
