z_x1,z_x2,z_note,x_x1,x_x2,x_note,"p(y=0|x,D)","p(y=1|x,D)","p(y=2|x,D)","p(u=0|z,D)","p(u=1|z,D)","p(u=2|z,D)","p(y=0|x,u=0,z,D)","p(y=1|x,u=0,z,D)","p(y=2|x,u=0,z,D)","p(y=0|x,u=1,z,D)","p(y=1|x,u=1,z,D)","p(y=2|x,u=1,z,D)","p(y=0|x,u=2,z,D)","p(y=1|x,u=2,z,D)","p(y=2|x,u=2,z,D)","p(y=0|x,z,D)","p(y=1|x,z,D)","p(y=2|x,z,D)","H[p(u|z,D)]","Var[p(u|z,D)]","H[p(y|x,u=0,z,D)]","H[p(y|x,u=1,z,D)]","H[p(y|x,u=2,z,D)]","Var[p(y|x,u=0,z,D)]","Var[p(y|x,u=1,z,D)]","Var[p(y|x,u=2,z,D)]","H[p(y|x,D)]","Var[p(y|x,D)]",Va,Ve,Va_variance,Ve_variance,kl_pyx_pyxz,kl_pyxz_pyx,api_calls
2.3,3.4,x1 = 2.3; x2 = 3.4,2.3,3.4,x1 = 2.3; x2 = 3.4,0.3145209958696392,0.36121208143327044,0.32426692269709034,0.31923540407704587,0.3547216347001537,0.3260429612228004,0.8259556006094375,0.09844303157544171,0.07560136781512086,0.14068220145288607,0.6941343397577209,0.16518345878939306,0.11744960520949972,0.12842351713594272,0.7541268776545575,0.3518709074597911,0.319522552481576,0.3286065400586329,1.58344,0.64523,0.83875,1.19279,1.05019,0.33853,0.30527,0.46622,1.58237,0.63869,1.03327,0.5491000000000001,0.36836,0.27032999999999996,0.004693766132509721,0.004667786651370063,15750
