z_x1,z_x2,z_note,x_x1,x_x2,x_note,"p(y=0|x,D)","p(y=1|x,D)","p(y=2|x,D)","p(u=0|z,D)","p(u=1|z,D)","p(u=2|z,D)","p(y=0|x,u=0,z,D)","p(y=1|x,u=0,z,D)","p(y=2|x,u=0,z,D)","p(y=0|x,u=1,z,D)","p(y=1|x,u=1,z,D)","p(y=2|x,u=1,z,D)","p(y=0|x,u=2,z,D)","p(y=1|x,u=2,z,D)","p(y=2|x,u=2,z,D)","p(y=0|x,z,D)","p(y=1|x,z,D)","p(y=2|x,z,D)","H[p(u|z,D)]","Var[p(u|z,D)]","H[p(y|x,u=0,z,D)]","H[p(y|x,u=1,z,D)]","H[p(y|x,u=2,z,D)]","Var[p(y|x,u=0,z,D)]","Var[p(y|x,u=1,z,D)]","Var[p(y|x,u=2,z,D)]","H[p(y|x,D)]","Var[p(y|x,D)]",Va,Ve,Va_variance,Ve_variance,kl_pyx_pyxz,kl_pyxz_pyx,api_calls
-2.7,1.6,x1 = -2.7; x2 = 1.6,-2.7,1.6,x1 = -2.7; x2 = 1.6,0.19382298878068743,0.14538780992611733,0.6607892012931952,0.1964050244702943,0.14419046609991715,0.6594045094297887,0.58932924445221,0.07909794245117058,0.33157281309661946,0.12376033980829401,0.5442460462184842,0.3319936139732217,0.08181659484894031,0.0610469053667377,0.857136499784322,0.18754251734891966,0.13426492908551277,0.6781925535655677,1.26019,0.64144,1.26715,1.37885,0.73237,0.85446,0.41239,0.33783,1.25827,0.63655,0.93062,0.32765,0.45005,0.18649999999999994,0.0007777430728729759,0.000766825748695299,54850
