z_x1,z_x2,z_note,x_x1,x_x2,x_note,"p(y=0|x,D)","p(y=1|x,D)","p(y=2|x,D)","p(u=0|z,D)","p(u=1|z,D)","p(u=2|z,D)","p(y=0|x,u=0,z,D)","p(y=1|x,u=0,z,D)","p(y=2|x,u=0,z,D)","p(y=0|x,u=1,z,D)","p(y=1|x,u=1,z,D)","p(y=2|x,u=1,z,D)","p(y=0|x,u=2,z,D)","p(y=1|x,u=2,z,D)","p(y=2|x,u=2,z,D)","p(y=0|x,z,D)","p(y=1|x,z,D)","p(y=2|x,z,D)","H[p(u|z,D)]","Var[p(u|z,D)]","H[p(y|x,u=0,z,D)]","H[p(y|x,u=1,z,D)]","H[p(y|x,u=2,z,D)]","Var[p(y|x,u=0,z,D)]","Var[p(y|x,u=1,z,D)]","Var[p(y|x,u=2,z,D)]","H[p(y|x,D)]","Var[p(y|x,D)]",Va,Ve,Va_variance,Ve_variance,kl_pyx_pyxz,kl_pyxz_pyx,api_calls
-1.9,-3.4,x1 = -1.9; x2 = -3.4,-1.9,-3.4,x1 = -1.9; x2 = -3.4,0.2210341263591594,0.24491609976108825,0.5340497738797525,0.2210341263591594,0.24491609976108825,0.5340497738797525,0.7401687387740989,0.08866860957493154,0.17116265165096944,0.131226153208934,0.6346479361177855,0.2341259106732804,0.09033688102954081,0.09287505768599144,0.8167880612844678,0.24398633905070533,0.2246341894445414,0.5313794715047534,1.46172,0.65711,1.0671,1.2912,0.87024,0.58756,0.35476,0.37939,1.46172,0.65711,1.01685,0.4448699999999999,0.41937,0.23773999999999995,0.0020110527363068433,0.0020231173101302236,4350
