z_x1,z_x2,z_note,x_x1,x_x2,x_note,"p(y=0|x,D)","p(y=1|x,D)","p(y=2|x,D)","p(u=0|z,D)","p(u=1|z,D)","p(u=2|z,D)","p(y=0|x,u=0,z,D)","p(y=1|x,u=0,z,D)","p(y=2|x,u=0,z,D)","p(y=0|x,u=1,z,D)","p(y=1|x,u=1,z,D)","p(y=2|x,u=1,z,D)","p(y=0|x,u=2,z,D)","p(y=1|x,u=2,z,D)","p(y=2|x,u=2,z,D)","p(y=0|x,z,D)","p(y=1|x,z,D)","p(y=2|x,z,D)","H[p(u|z,D)]","Var[p(u|z,D)]","H[p(y|x,u=0,z,D)]","H[p(y|x,u=1,z,D)]","H[p(y|x,u=2,z,D)]","Var[p(y|x,u=0,z,D)]","Var[p(y|x,u=1,z,D)]","Var[p(y|x,u=2,z,D)]","H[p(y|x,D)]","Var[p(y|x,D)]",Va,Ve,Va_variance,Ve_variance,kl_pyx_pyxz,kl_pyxz_pyx,api_calls
2.6,3.8,x1 = 2.6; x2 = 3.8,2.6,3.8,x1 = 2.6; x2 = 3.8,0.3426141293152184,0.3427133976499901,0.31467247303479157,0.341083215277063,0.34150014509523624,0.31741663962770084,0.8590393595117141,0.07802284026868009,0.062937800219606,0.1382882106132919,0.7059105399128301,0.1558012494738779,0.10908066081867722,0.11350174130692518,0.7774175978743976,0.37485336758663756,0.30370817434591496,0.3214384580674476,1.58413,0.65794,0.72654,1.16728,0.98737,0.2882,0.29378,0.43982,1.58382,0.65651,0.95984,0.62398,0.33823,0.31828000000000006,0.0039035170097781536,0.003852592336929803,27950
