z_x1,z_x2,z_note,x_x1,x_x2,x_note,"p(y=0|x,D)","p(y=1|x,D)","p(y=2|x,D)","p(u=0|z,D)","p(u=1|z,D)","p(u=2|z,D)","p(y=0|x,u=0,z,D)","p(y=1|x,u=0,z,D)","p(y=2|x,u=0,z,D)","p(y=0|x,u=1,z,D)","p(y=1|x,u=1,z,D)","p(y=2|x,u=1,z,D)","p(y=0|x,u=2,z,D)","p(y=1|x,u=2,z,D)","p(y=2|x,u=2,z,D)","p(y=0|x,z,D)","p(y=1|x,z,D)","p(y=2|x,z,D)","H[p(u|z,D)]","Var[p(u|z,D)]","H[p(y|x,u=0,z,D)]","H[p(y|x,u=1,z,D)]","H[p(y|x,u=2,z,D)]","Var[p(y|x,u=0,z,D)]","Var[p(y|x,u=1,z,D)]","Var[p(y|x,u=2,z,D)]","H[p(y|x,D)]","Var[p(y|x,D)]",Va,Ve,Va_variance,Ve_variance,kl_pyx_pyxz,kl_pyxz_pyx,api_calls
3.3,3.6,x1 = 3.3; x2 = 3.6,3.3,3.6,x1 = 3.3; x2 = 3.6,0.4092809570259024,0.2953148604773111,0.2954041824967867,0.42111906456652914,0.28942371125054833,0.28945722418292263,0.8742480703977924,0.06897733432693066,0.05677459527527691,0.14321372591535877,0.7094715041316724,0.14731476995296902,0.10954012658216765,0.10424241060098734,0.7862174628168449,0.4413191586385736,0.2645592650750454,0.2941215762863811,1.56085,0.69324,0.67057,1.15989,0.96234,0.26276,0.29051,0.43787,1.56684,0.69172,0.89665,0.6701900000000001,0.32148,0.37024,0.002917125936741884,0.0028854639249975035,55850
