z_x1,z_x2,z_note,x_x1,x_x2,x_note,"p(y=0|x,D)","p(y=1|x,D)","p(y=2|x,D)","p(u=0|z,D)","p(u=1|z,D)","p(u=2|z,D)","p(y=0|x,u=0,z,D)","p(y=1|x,u=0,z,D)","p(y=2|x,u=0,z,D)","p(y=0|x,u=1,z,D)","p(y=1|x,u=1,z,D)","p(y=2|x,u=1,z,D)","p(y=0|x,u=2,z,D)","p(y=1|x,u=2,z,D)","p(y=2|x,u=2,z,D)","p(y=0|x,z,D)","p(y=1|x,z,D)","p(y=2|x,z,D)","H[p(u|z,D)]","Var[p(u|z,D)]","H[p(y|x,u=0,z,D)]","H[p(y|x,u=1,z,D)]","H[p(y|x,u=2,z,D)]","Var[p(y|x,u=0,z,D)]","Var[p(y|x,u=1,z,D)]","Var[p(y|x,u=2,z,D)]","H[p(y|x,D)]","Var[p(y|x,D)]",Va,Ve,Va_variance,Ve_variance,kl_pyx_pyxz,kl_pyxz_pyx,api_calls
-3.7,3.4,x1 = -3.7; x2 = 3.4,-3.7,3.4,x1 = -3.7; x2 = 3.4,0.3395114044984805,0.2548291404096861,0.4056594550918334,0.33361563237265635,0.2570269465752887,0.40935742105205486,0.8389301929260549,0.0632709559504554,0.09779885112348954,0.11641864409578247,0.6924566741551155,0.19112468174910205,0.07329384954421117,0.07466640054569919,0.8520397499100897,0.33980633667431026,0.2296534497406298,0.43054021358505984,1.55962,0.73724,0.79255,1.18464,0.75266,0.38745,0.30196,0.31889,1.55977,0.7408,0.877,0.6827700000000001,0.33741,0.40339,0.0020654243999102574,0.002034723169149124,15750
