z_x1,z_x2,z_note,x_x1,x_x2,x_note,"p(y=0|x,D)","p(y=1|x,D)","p(y=2|x,D)","p(u=0|z,D)","p(u=1|z,D)","p(u=2|z,D)","p(y=0|x,u=0,z,D)","p(y=1|x,u=0,z,D)","p(y=2|x,u=0,z,D)","p(y=0|x,u=1,z,D)","p(y=1|x,u=1,z,D)","p(y=2|x,u=1,z,D)","p(y=0|x,u=2,z,D)","p(y=1|x,u=2,z,D)","p(y=2|x,u=2,z,D)","p(y=0|x,z,D)","p(y=1|x,z,D)","p(y=2|x,z,D)","H[p(u|z,D)]","Var[p(u|z,D)]","H[p(y|x,u=0,z,D)]","H[p(y|x,u=1,z,D)]","H[p(y|x,u=2,z,D)]","Var[p(y|x,u=0,z,D)]","Var[p(y|x,u=1,z,D)]","Var[p(y|x,u=2,z,D)]","H[p(y|x,D)]","Var[p(y|x,D)]",Va,Ve,Va_variance,Ve_variance,kl_pyx_pyxz,kl_pyxz_pyx,api_calls
-3.4,-3.8,x1 = -3.4; x2 = -3.8,-3.4,-3.8,x1 = -3.4; x2 = -3.8,0.2271740716650707,0.18790320814215689,0.5849227201927724,0.22341742864322253,0.18401007181646303,0.5925724995403143,0.81336274923047,0.0598737927774863,0.1267634579920438,0.12121915785923813,0.6559037585485014,0.22287708359226038,0.06473365204891847,0.06440492042687732,0.8708614275242044,0.242384341929464,0.17223433122071063,0.5853813268498254,1.3798,0.67971,0.86334,1.25079,0.68421,0.46871,0.33376,0.28575,1.39148,0.68411,0.82849,0.5629900000000001,0.33546,0.34865,0.0011797814313664,0.0011706320685841475,24150
