z_x1,z_x2,z_note,x_x1,x_x2,x_note,"p(y=0|x,D)","p(y=1|x,D)","p(y=2|x,D)","p(u=0|z,D)","p(u=1|z,D)","p(u=2|z,D)","p(y=0|x,u=0,z,D)","p(y=1|x,u=0,z,D)","p(y=2|x,u=0,z,D)","p(y=0|x,u=1,z,D)","p(y=1|x,u=1,z,D)","p(y=2|x,u=1,z,D)","p(y=0|x,u=2,z,D)","p(y=1|x,u=2,z,D)","p(y=2|x,u=2,z,D)","p(y=0|x,z,D)","p(y=1|x,z,D)","p(y=2|x,z,D)","H[p(u|z,D)]","Var[p(u|z,D)]","H[p(y|x,u=0,z,D)]","H[p(y|x,u=1,z,D)]","H[p(y|x,u=2,z,D)]","Var[p(y|x,u=0,z,D)]","Var[p(y|x,u=1,z,D)]","Var[p(y|x,u=2,z,D)]","H[p(y|x,D)]","Var[p(y|x,D)]",Va,Ve,Va_variance,Ve_variance,kl_pyx_pyxz,kl_pyxz_pyx,api_calls
-3.9,0.9,x1 = -3.9; x2 = 0.9,-3.9,0.9,x1 = -3.9; x2 = 0.9,0.3415050542970186,0.205163897581073,0.45333104812190833,0.34304501610743615,0.208394783806194,0.44856020008636976,0.8165154573405262,0.07306296326835128,0.11042157939112245,0.13080121331818712,0.6801758171420756,0.18902296953973732,0.09409785023221931,0.08420297307743098,0.8216991766903498,0.34956839931424444,0.20457908022625243,0.4458525204595031,1.51983,0.78047,0.8656,1.21633,0.85425,0.42837,0.31643,0.38639,1.51559,0.78233,0.9336,0.58199,0.38621,0.39611999999999997,0.00015692830767411684,0.00015731450800062202,6500
