z_x1,z_x2,z_note,x_x1,x_x2,x_note,"p(y=0|x,D)","p(y=1|x,D)","p(y=2|x,D)","p(u=0|z,D)","p(u=1|z,D)","p(u=2|z,D)","p(y=0|x,u=0,z,D)","p(y=1|x,u=0,z,D)","p(y=2|x,u=0,z,D)","p(y=0|x,u=1,z,D)","p(y=1|x,u=1,z,D)","p(y=2|x,u=1,z,D)","p(y=0|x,u=2,z,D)","p(y=1|x,u=2,z,D)","p(y=2|x,u=2,z,D)","p(y=0|x,z,D)","p(y=1|x,z,D)","p(y=2|x,z,D)","H[p(u|z,D)]","Var[p(u|z,D)]","H[p(y|x,u=0,z,D)]","H[p(y|x,u=1,z,D)]","H[p(y|x,u=2,z,D)]","Var[p(y|x,u=0,z,D)]","Var[p(y|x,u=1,z,D)]","Var[p(y|x,u=2,z,D)]","H[p(y|x,D)]","Var[p(y|x,D)]",Va,Ve,Va_variance,Ve_variance,kl_pyx_pyxz,kl_pyxz_pyx,api_calls
2.4,0.4,x1 = 2.4; x2 = 0.4,2.4,0.4,x1 = 2.4; x2 = 0.4,0.20475677210219753,0.5019681988061823,0.29327502909162023,0.20467671883324168,0.49488422844218843,0.30043905272456994,0.5130704743910423,0.3619688785698697,0.12496064703908798,0.10547694418524878,0.7277357905950343,0.16678726521971693,0.08939797221216757,0.3030529532112165,0.6075490745766159,0.18407109945705094,0.5252805098119799,0.2906483907309692,1.49186,0.49595,1.39958,1.10691,1.27018,0.4874,0.26851,0.42847,1.48661,0.4902,1.21587,0.27074,0.36137,0.12883,0.0016580363716468,0.0016269107267298504,18250
