z_x1,z_x2,z_note,x_x1,x_x2,x_note,"p(y=0|x,D)","p(y=1|x,D)","p(y=2|x,D)","p(u=0|z,D)","p(u=1|z,D)","p(u=2|z,D)","p(y=0|x,u=0,z,D)","p(y=1|x,u=0,z,D)","p(y=2|x,u=0,z,D)","p(y=0|x,u=1,z,D)","p(y=1|x,u=1,z,D)","p(y=2|x,u=1,z,D)","p(y=0|x,u=2,z,D)","p(y=1|x,u=2,z,D)","p(y=2|x,u=2,z,D)","p(y=0|x,z,D)","p(y=1|x,z,D)","p(y=2|x,z,D)","H[p(u|z,D)]","Var[p(u|z,D)]","H[p(y|x,u=0,z,D)]","H[p(y|x,u=1,z,D)]","H[p(y|x,u=2,z,D)]","Var[p(y|x,u=0,z,D)]","Var[p(y|x,u=1,z,D)]","Var[p(y|x,u=2,z,D)]","H[p(y|x,D)]","Var[p(y|x,D)]",Va,Ve,Va_variance,Ve_variance,kl_pyx_pyxz,kl_pyxz_pyx,api_calls
0.6,2.9,x1 = 0.6; x2 = 2.9,0.6,2.9,x1 = 0.6; x2 = 2.9,0.34719449298217087,0.2781918928310365,0.37461361418679273,0.3500208425302287,0.276954451562772,0.3730247059069994,0.7047711695655423,0.12806955760842337,0.16715927282603432,0.18142413684556052,0.5887833680334535,0.2297924951209859,0.14614995203597544,0.10694103112287771,0.7469090168411469,0.35144836375919913,0.24778483592356357,0.4007668003172374,1.57379,0.72252,1.16686,1.38424,1.06483,0.5829,0.40888,0.53215,1.57403,0.72106,1.189,0.38503,0.51577,0.20529000000000008,0.0026921484484228493,0.0026442185373694096,27500
