z_x1,z_x2,z_note,x_x1,x_x2,x_note,"p(y=0|x,D)","p(y=1|x,D)","p(y=2|x,D)","p(u=0|z,D)","p(u=1|z,D)","p(u=2|z,D)","p(y=0|x,u=0,z,D)","p(y=1|x,u=0,z,D)","p(y=2|x,u=0,z,D)","p(y=0|x,u=1,z,D)","p(y=1|x,u=1,z,D)","p(y=2|x,u=1,z,D)","p(y=0|x,u=2,z,D)","p(y=1|x,u=2,z,D)","p(y=2|x,u=2,z,D)","p(y=0|x,z,D)","p(y=1|x,z,D)","p(y=2|x,z,D)","H[p(u|z,D)]","Var[p(u|z,D)]","H[p(y|x,u=0,z,D)]","H[p(y|x,u=1,z,D)]","H[p(y|x,u=2,z,D)]","Var[p(y|x,u=0,z,D)]","Var[p(y|x,u=1,z,D)]","Var[p(y|x,u=2,z,D)]","H[p(y|x,D)]","Var[p(y|x,D)]",Va,Ve,Va_variance,Ve_variance,kl_pyx_pyxz,kl_pyxz_pyx,api_calls
-1.2,-0.1,x1 = -1.2; x2 = -0.1,-1.2,-0.1,x1 = -1.2; x2 = -0.1,0.3503409134177575,0.3368341581328423,0.3128249284494002,0.3503409134177575,0.3368341581328423,0.3128249284494002,0.6872414876492378,0.17290438722188,0.1398541251288822,0.16424463016111882,0.6347142706360345,0.20104109920284677,0.1625582568358946,0.20347225709937877,0.6339694860647266,0.34694428731332094,0.3380201222263919,0.3150355904602872,1.58339,0.66176,1.20657,1.30959,1.3103,0.52746,0.36393,0.5743,1.58339,0.66176,1.27372,0.3096700000000001,0.48703,0.17473,2.6430158999293362e-05,2.6397138833879775e-05,34000
