z_x1,z_x2,z_note,x_x1,x_x2,x_note,"p(y=0|x,D)","p(y=1|x,D)","p(y=2|x,D)","p(u=0|z,D)","p(u=1|z,D)","p(u=2|z,D)","p(y=0|x,u=0,z,D)","p(y=1|x,u=0,z,D)","p(y=2|x,u=0,z,D)","p(y=0|x,u=1,z,D)","p(y=1|x,u=1,z,D)","p(y=2|x,u=1,z,D)","p(y=0|x,u=2,z,D)","p(y=1|x,u=2,z,D)","p(y=2|x,u=2,z,D)","p(y=0|x,z,D)","p(y=1|x,z,D)","p(y=2|x,z,D)","H[p(u|z,D)]","Var[p(u|z,D)]","H[p(y|x,u=0,z,D)]","H[p(y|x,u=1,z,D)]","H[p(y|x,u=2,z,D)]","Var[p(y|x,u=0,z,D)]","Var[p(y|x,u=1,z,D)]","Var[p(y|x,u=2,z,D)]","H[p(y|x,D)]","Var[p(y|x,D)]",Va,Ve,Va_variance,Ve_variance,kl_pyx_pyxz,kl_pyxz_pyx,api_calls
3.5,-0.5,x1 = 3.5; x2 = -0.5,3.5,-0.5,x1 = 3.5; x2 = -0.5,0.8962642236695701,0.056842871227273016,0.04689290510315659,0.895994311246695,0.057642272879017784,0.04636341587428723,0.9317933683164353,0.035483897413161956,0.03272273427040282,0.2966514104914024,0.5848937664779288,0.11845482303066872,0.244487308640626,0.1254603388848265,0.6300523524745474,0.8633164855889041,0.07132474618305792,0.06535876822803821,0.58469,0.22049,0.42732,1.3372,1.29246,0.15619,0.38335,0.72588,0.58377,0.22173,0.51988,0.06389,0.1957,0.026029999999999998,0.0050983403728426975,0.005553511544242079,61800
