z_x1,z_x2,z_note,x_x1,x_x2,x_note,"p(y=0|x,D)","p(y=1|x,D)","p(y=2|x,D)","p(u=0|z,D)","p(u=1|z,D)","p(u=2|z,D)","p(y=0|x,u=0,z,D)","p(y=1|x,u=0,z,D)","p(y=2|x,u=0,z,D)","p(y=0|x,u=1,z,D)","p(y=1|x,u=1,z,D)","p(y=2|x,u=1,z,D)","p(y=0|x,u=2,z,D)","p(y=1|x,u=2,z,D)","p(y=2|x,u=2,z,D)","p(y=0|x,z,D)","p(y=1|x,z,D)","p(y=2|x,z,D)","H[p(u|z,D)]","Var[p(u|z,D)]","H[p(y|x,u=0,z,D)]","H[p(y|x,u=1,z,D)]","H[p(y|x,u=2,z,D)]","Var[p(y|x,u=0,z,D)]","Var[p(y|x,u=1,z,D)]","Var[p(y|x,u=2,z,D)]","H[p(y|x,D)]","Var[p(y|x,D)]",Va,Ve,Va_variance,Ve_variance,kl_pyx_pyxz,kl_pyxz_pyx,api_calls
3.7,-2.4,x1 = 3.7; x2 = -2.4,3.7,-2.4,x1 = 3.7; x2 = -2.4,0.8713888111027843,0.0654545085310624,0.06315668036615318,0.8665512425766149,0.06580927112216975,0.06763948630121534,0.9147482621028343,0.04145889419964781,0.04379284369751781,0.2035804322124914,0.6665822843716601,0.1298372834158485,0.147400899158017,0.09229496324704836,0.7603041375949346,0.816043844128036,0.08603633446422695,0.09791982140773703,0.70025,0.29593,0.50562,1.23993,1.02501,0.19998,0.32798,0.53205,0.6822,0.28131,0.58908,0.09311999999999998,0.23086,0.050449999999999995,0.01158837634759164,0.012915429890792536,68850
