z_x1,z_x2,z_note,x_x1,x_x2,x_note,"p(y=0|x,D)","p(y=1|x,D)","p(y=2|x,D)","p(u=0|z,D)","p(u=1|z,D)","p(u=2|z,D)","p(y=0|x,u=0,z,D)","p(y=1|x,u=0,z,D)","p(y=2|x,u=0,z,D)","p(y=0|x,u=1,z,D)","p(y=1|x,u=1,z,D)","p(y=2|x,u=1,z,D)","p(y=0|x,u=2,z,D)","p(y=1|x,u=2,z,D)","p(y=2|x,u=2,z,D)","p(y=0|x,z,D)","p(y=1|x,z,D)","p(y=2|x,z,D)","H[p(u|z,D)]","Var[p(u|z,D)]","H[p(y|x,u=0,z,D)]","H[p(y|x,u=1,z,D)]","H[p(y|x,u=2,z,D)]","Var[p(y|x,u=0,z,D)]","Var[p(y|x,u=1,z,D)]","Var[p(y|x,u=2,z,D)]","H[p(y|x,D)]","Var[p(y|x,D)]",Va,Ve,Va_variance,Ve_variance,kl_pyx_pyxz,kl_pyxz_pyx,api_calls
0.2,-1.2,x1 = 0.2; x2 = -1.2,0.2,-1.2,x1 = 0.2; x2 = -1.2,0.3282878191083757,0.3673195528709199,0.3043926280207044,0.32520531059615315,0.36895700921928654,0.30583768018456026,0.7229108360931403,0.16608405747018357,0.11100510643667609,0.16271457107109777,0.6777388685511715,0.1595465603777308,0.1478625468290085,0.19250143257265848,0.6596360205983332,0.3403510627921506,0.3629421150371902,0.2967068221706592,1.58048,0.63067,1.12059,1.22906,1.2613,0.45949,0.32225,0.54559,1.58062,0.63211,1.20365,0.3769699999999998,0.43519,0.19691999999999993,0.0003413429003224855,0.00034301846233301264,9450
