z_x1,z_x2,z_note,x_x1,x_x2,x_note,"p(y=0|x,D)","p(y=1|x,D)","p(y=2|x,D)","p(u=0|z,D)","p(u=1|z,D)","p(u=2|z,D)","p(y=0|x,u=0,z,D)","p(y=1|x,u=0,z,D)","p(y=2|x,u=0,z,D)","p(y=0|x,u=1,z,D)","p(y=1|x,u=1,z,D)","p(y=2|x,u=1,z,D)","p(y=0|x,u=2,z,D)","p(y=1|x,u=2,z,D)","p(y=2|x,u=2,z,D)","p(y=0|x,z,D)","p(y=1|x,z,D)","p(y=2|x,z,D)","H[p(u|z,D)]","Var[p(u|z,D)]","H[p(y|x,u=0,z,D)]","H[p(y|x,u=1,z,D)]","H[p(y|x,u=2,z,D)]","Var[p(y|x,u=0,z,D)]","Var[p(y|x,u=1,z,D)]","Var[p(y|x,u=2,z,D)]","H[p(y|x,D)]","Var[p(y|x,D)]",Va,Ve,Va_variance,Ve_variance,kl_pyx_pyxz,kl_pyxz_pyx,api_calls
-1.8,2.9,x1 = -1.8; x2 = 2.9,-1.8,2.9,x1 = -1.8; x2 = 2.9,0.3023174400535663,0.2455320555933594,0.45215050435307436,0.3023174400535663,0.2455320555933594,0.45215050435307436,0.7631448765855313,0.09970091322627508,0.13715421018819351,0.14212929361646146,0.6544405032609026,0.20343020312263582,0.10681054235653475,0.09315320077896702,0.8000362568644983,0.31390374369774715,0.23294671360108543,0.4531495427011675,1.53698,0.73202,1.02234,1.26771,0.92115,0.50843,0.3418,0.42628,1.53698,0.73202,1.03683,0.5001500000000001,0.43037,0.30165000000000003,0.0005516198621028907,0.0005485448356794625,11500
