z_x1,z_x2,z_note,x_x1,x_x2,x_note,"p(y=0|x,D)","p(y=1|x,D)","p(y=2|x,D)","p(u=0|z,D)","p(u=1|z,D)","p(u=2|z,D)","p(y=0|x,u=0,z,D)","p(y=1|x,u=0,z,D)","p(y=2|x,u=0,z,D)","p(y=0|x,u=1,z,D)","p(y=1|x,u=1,z,D)","p(y=2|x,u=1,z,D)","p(y=0|x,u=2,z,D)","p(y=1|x,u=2,z,D)","p(y=2|x,u=2,z,D)","p(y=0|x,z,D)","p(y=1|x,z,D)","p(y=2|x,z,D)","H[p(u|z,D)]","Var[p(u|z,D)]","H[p(y|x,u=0,z,D)]","H[p(y|x,u=1,z,D)]","H[p(y|x,u=2,z,D)]","Var[p(y|x,u=0,z,D)]","Var[p(y|x,u=1,z,D)]","Var[p(y|x,u=2,z,D)]","H[p(y|x,D)]","Var[p(y|x,D)]",Va,Ve,Va_variance,Ve_variance,kl_pyx_pyxz,kl_pyxz_pyx,api_calls
-0.1,-3.5,x1 = -0.1; x2 = -3.5,-0.1,-3.5,x1 = -0.1; x2 = -3.5,0.25315087367946615,0.36975737107543594,0.3770917552450978,0.2494147932614305,0.3692123943815799,0.3813728123569896,0.7921684332493545,0.1018214273842116,0.10601013936643384,0.11601007196183837,0.7041587964335139,0.17983113160464784,0.08522657050805123,0.13356831045385714,0.7812051190380916,0.27291397933072553,0.33631924771624505,0.3907667729530294,1.56079,0.61337,0.94509,1.16198,0.96899,0.42737,0.29177,0.38205,1.56303,0.61488,1.03428,0.5287499999999998,0.36002,0.25486,0.002585390480519192,0.0025568304525635382,76300
