z_x1,z_x2,z_note,x_x1,x_x2,x_note,"p(y=0|x,D)","p(y=1|x,D)","p(y=2|x,D)","p(u=0|z,D)","p(u=1|z,D)","p(u=2|z,D)","p(y=0|x,u=0,z,D)","p(y=1|x,u=0,z,D)","p(y=2|x,u=0,z,D)","p(y=0|x,u=1,z,D)","p(y=1|x,u=1,z,D)","p(y=2|x,u=1,z,D)","p(y=0|x,u=2,z,D)","p(y=1|x,u=2,z,D)","p(y=2|x,u=2,z,D)","p(y=0|x,z,D)","p(y=1|x,z,D)","p(y=2|x,z,D)","H[p(u|z,D)]","Var[p(u|z,D)]","H[p(y|x,u=0,z,D)]","H[p(y|x,u=1,z,D)]","H[p(y|x,u=2,z,D)]","Var[p(y|x,u=0,z,D)]","Var[p(y|x,u=1,z,D)]","Var[p(y|x,u=2,z,D)]","H[p(y|x,D)]","Var[p(y|x,D)]",Va,Ve,Va_variance,Ve_variance,kl_pyx_pyxz,kl_pyxz_pyx,api_calls
0.1,3.9,x1 = 0.1; x2 = 3.9,0.1,3.9,x1 = 0.1; x2 = 3.9,0.379111896741178,0.2971753633408344,0.32371273991798766,0.3793219932605727,0.29736267665498606,0.3233153300844412,0.8204212743913895,0.09571804504525105,0.08386068056335946,0.16658956430145466,0.6714824758859281,0.16192795981261726,0.14335722521971286,0.12048249093687242,0.7361602838434147,0.40709094045089056,0.2749356223205772,0.3179734372285321,1.57746,0.6995,0.85817,1.24187,1.09489,0.36176,0.3285,0.5281,1.57748,0.69976,1.0488,0.52868,0.40565,0.29411000000000004,0.0019119699311250671,0.0019128800236332842,8000
