z_x1,z_x2,z_note,x_x1,x_x2,x_note,"p(y=0|x,D)","p(y=1|x,D)","p(y=2|x,D)","p(u=0|z,D)","p(u=1|z,D)","p(u=2|z,D)","p(y=0|x,u=0,z,D)","p(y=1|x,u=0,z,D)","p(y=2|x,u=0,z,D)","p(y=0|x,u=1,z,D)","p(y=1|x,u=1,z,D)","p(y=2|x,u=1,z,D)","p(y=0|x,u=2,z,D)","p(y=1|x,u=2,z,D)","p(y=2|x,u=2,z,D)","p(y=0|x,z,D)","p(y=1|x,z,D)","p(y=2|x,z,D)","H[p(u|z,D)]","Var[p(u|z,D)]","H[p(y|x,u=0,z,D)]","H[p(y|x,u=1,z,D)]","H[p(y|x,u=2,z,D)]","Var[p(y|x,u=0,z,D)]","Var[p(y|x,u=1,z,D)]","Var[p(y|x,u=2,z,D)]","H[p(y|x,D)]","Var[p(y|x,D)]",Va,Ve,Va_variance,Ve_variance,kl_pyx_pyxz,kl_pyxz_pyx,api_calls
-1.7,-0.5,x1 = -1.7; x2 = -0.5,-1.7,-0.5,x1 = -1.7; x2 = -0.5,0.35573637774021794,0.30321636886743236,0.34104725339234976,0.35573637774021794,0.30321636886743236,0.34104725339234976,0.6980907240918628,0.1530476668055713,0.14886160910256593,0.17184397093973966,0.6215885288321357,0.20656750022812465,0.1575473989108756,0.16020269192735706,0.6822499091617675,0.35417327808025656,0.2975571273210211,0.3482695945987224,1.58175,0.69657,1.18548,1.33302,1.21965,0.5453,0.37721,0.56448,1.58175,0.69657,1.24187,0.33987999999999996,0.50087,0.19569999999999999,0.00013233361599697315,0.0001325223721171647,13800
