z_x1,z_x2,z_note,x_x1,x_x2,x_note,"p(y=0|x,D)","p(y=1|x,D)","p(y=2|x,D)","p(u=0|z,D)","p(u=1|z,D)","p(u=2|z,D)","p(y=0|x,u=0,z,D)","p(y=1|x,u=0,z,D)","p(y=2|x,u=0,z,D)","p(y=0|x,u=1,z,D)","p(y=1|x,u=1,z,D)","p(y=2|x,u=1,z,D)","p(y=0|x,u=2,z,D)","p(y=1|x,u=2,z,D)","p(y=2|x,u=2,z,D)","p(y=0|x,z,D)","p(y=1|x,z,D)","p(y=2|x,z,D)","H[p(u|z,D)]","Var[p(u|z,D)]","H[p(y|x,u=0,z,D)]","H[p(y|x,u=1,z,D)]","H[p(y|x,u=2,z,D)]","Var[p(y|x,u=0,z,D)]","Var[p(y|x,u=1,z,D)]","Var[p(y|x,u=2,z,D)]","H[p(y|x,D)]","Var[p(y|x,D)]",Va,Ve,Va_variance,Ve_variance,kl_pyx_pyxz,kl_pyxz_pyx,api_calls
-0.9,-1.8,x1 = -0.9; x2 = -1.8,-0.9,-1.8,x1 = -0.9; x2 = -1.8,0.2311890658211769,0.38219340343812325,0.3866175307406999,0.2311890658211769,0.38219340343812325,0.3866175307406999,0.637830565082197,0.19337021813921748,0.16879921677858556,0.14150728792581435,0.625385796364667,0.23310691570951883,0.13070648497091777,0.2232086205837019,0.6460848944453803,0.25207602294846454,0.3700197717938246,0.3779042052577109,1.54887,0.59365,1.30544,1.31244,1.27379,0.58664,0.36622,0.51118,1.54887,0.59365,1.29588,0.25299000000000005,0.47322,0.12043000000000004,0.0011880705190248555,0.0012112305345028471,45150
