z_x1,z_x2,z_note,x_x1,x_x2,x_note,"p(y=0|x,D)","p(y=1|x,D)","p(y=2|x,D)","p(u=0|z,D)","p(u=1|z,D)","p(u=2|z,D)","p(y=0|x,u=0,z,D)","p(y=1|x,u=0,z,D)","p(y=2|x,u=0,z,D)","p(y=0|x,u=1,z,D)","p(y=1|x,u=1,z,D)","p(y=2|x,u=1,z,D)","p(y=0|x,u=2,z,D)","p(y=1|x,u=2,z,D)","p(y=2|x,u=2,z,D)","p(y=0|x,z,D)","p(y=1|x,z,D)","p(y=2|x,z,D)","H[p(u|z,D)]","Var[p(u|z,D)]","H[p(y|x,u=0,z,D)]","H[p(y|x,u=1,z,D)]","H[p(y|x,u=2,z,D)]","Var[p(y|x,u=0,z,D)]","Var[p(y|x,u=1,z,D)]","Var[p(y|x,u=2,z,D)]","H[p(y|x,D)]","Var[p(y|x,D)]",Va,Ve,Va_variance,Ve_variance,kl_pyx_pyxz,kl_pyxz_pyx,api_calls
-0.8,0.3,x1 = -0.8; x2 = 0.3,-0.8,0.3,x1 = -0.8; x2 = 0.3,0.20243146473350276,0.3112701222145732,0.486298413051924,0.20022056855501486,0.31217069632051564,0.48760873512446956,0.671403423215391,0.1705862315247539,0.15801034525985505,0.1270100776687379,0.6501330227373735,0.2228568995938885,0.11195532367711185,0.1714102355949197,0.7166344407279686,0.2286679932801886,0.32068847883825724,0.45064352788155415,1.49416,0.60524,1.24174,1.26463,1.1343,0.56584,0.34068,0.46295,1.4964,0.60815,1.1965,0.29990000000000006,0.44538,0.16276999999999997,0.0030806455876917563,0.003112517229623045,50200
