z_x1,z_x2,z_note,x_x1,x_x2,x_note,"p(y=0|x,D)","p(y=1|x,D)","p(y=2|x,D)","p(u=0|z,D)","p(u=1|z,D)","p(u=2|z,D)","p(y=0|x,u=0,z,D)","p(y=1|x,u=0,z,D)","p(y=2|x,u=0,z,D)","p(y=0|x,u=1,z,D)","p(y=1|x,u=1,z,D)","p(y=2|x,u=1,z,D)","p(y=0|x,u=2,z,D)","p(y=1|x,u=2,z,D)","p(y=2|x,u=2,z,D)","p(y=0|x,z,D)","p(y=1|x,z,D)","p(y=2|x,z,D)","H[p(u|z,D)]","Var[p(u|z,D)]","H[p(y|x,u=0,z,D)]","H[p(y|x,u=1,z,D)]","H[p(y|x,u=2,z,D)]","Var[p(y|x,u=0,z,D)]","Var[p(y|x,u=1,z,D)]","Var[p(y|x,u=2,z,D)]","H[p(y|x,D)]","Var[p(y|x,D)]",Va,Ve,Va_variance,Ve_variance,kl_pyx_pyxz,kl_pyxz_pyx,api_calls
-3.1,-3.2,x1 = -3.1; x2 = -3.2,-3.1,-3.2,x1 = -3.1; x2 = -3.2,0.2077574667727578,0.16149426734561803,0.6307482658816241,0.2077574667727578,0.16149426734561803,0.6307482658816241,0.8062373371272382,0.05364037808959593,0.14012228478316574,0.11238273268035356,0.6543526533195961,0.23326461400005027,0.05854559189970985,0.05552820707173178,0.8859262010285581,0.22257852442143633,0.15184271172014732,0.6255787638584162,1.31516,0.65958,0.87419,1.24462,0.6261,0.50265,0.33103,0.25991,1.31516,0.65958,0.77753,0.53763,0.32183,0.33775000000000005,0.0008265255502501682,0.0008320872765397794,36450
