z_x1,z_x2,z_note,x_x1,x_x2,x_note,"p(y=0|x,D)","p(y=1|x,D)","p(y=2|x,D)","p(u=0|z,D)","p(u=1|z,D)","p(u=2|z,D)","p(y=0|x,u=0,z,D)","p(y=1|x,u=0,z,D)","p(y=2|x,u=0,z,D)","p(y=0|x,u=1,z,D)","p(y=1|x,u=1,z,D)","p(y=2|x,u=1,z,D)","p(y=0|x,u=2,z,D)","p(y=1|x,u=2,z,D)","p(y=2|x,u=2,z,D)","p(y=0|x,z,D)","p(y=1|x,z,D)","p(y=2|x,z,D)","H[p(u|z,D)]","Var[p(u|z,D)]","H[p(y|x,u=0,z,D)]","H[p(y|x,u=1,z,D)]","H[p(y|x,u=2,z,D)]","Var[p(y|x,u=0,z,D)]","Var[p(y|x,u=1,z,D)]","Var[p(y|x,u=2,z,D)]","H[p(y|x,D)]","Var[p(y|x,D)]",Va,Ve,Va_variance,Ve_variance,kl_pyx_pyxz,kl_pyxz_pyx,api_calls
1.7,-1.3,x1 = 1.7; x2 = -1.3,1.7,-1.3,x1 = 1.7; x2 = -1.3,0.34241777252984207,0.2862669354604794,0.37131529200967844,0.3424177733788933,0.2862669360440232,0.3713152905770835,0.6635211872096424,0.15913665942482141,0.17734215336553627,0.1716854086609721,0.5882769136230915,0.24003767771593632,0.14280868076817604,0.1743354841833806,0.6828558350484432,0.32937635021125333,0.287628881158968,0.38299476862977866,1.57674,0.7129,1.25718,1.3809,1.21613,0.60449,0.40705,0.53401,1.57674,0.7129,1.27735,0.29939000000000004,0.5218,0.19109999999999994,0.00043799280195445586,0.0004365876547238086,69400
