z_x1,z_x2,z_note,x_x1,x_x2,x_note,"p(y=0|x,D)","p(y=1|x,D)","p(y=2|x,D)","p(u=0|z,D)","p(u=1|z,D)","p(u=2|z,D)","p(y=0|x,u=0,z,D)","p(y=1|x,u=0,z,D)","p(y=2|x,u=0,z,D)","p(y=0|x,u=1,z,D)","p(y=1|x,u=1,z,D)","p(y=2|x,u=1,z,D)","p(y=0|x,u=2,z,D)","p(y=1|x,u=2,z,D)","p(y=2|x,u=2,z,D)","p(y=0|x,z,D)","p(y=1|x,z,D)","p(y=2|x,z,D)","H[p(u|z,D)]","Var[p(u|z,D)]","H[p(y|x,u=0,z,D)]","H[p(y|x,u=1,z,D)]","H[p(y|x,u=2,z,D)]","Var[p(y|x,u=0,z,D)]","Var[p(y|x,u=1,z,D)]","Var[p(y|x,u=2,z,D)]","H[p(y|x,D)]","Var[p(y|x,D)]",Va,Ve,Va_variance,Ve_variance,kl_pyx_pyxz,kl_pyxz_pyx,api_calls
1.5,0.3,x1 = 1.5; x2 = 0.3,1.5,0.3,x1 = 1.5; x2 = 0.3,0.47892520770650276,0.2978637233028456,0.22321106899065163,0.47099544708841723,0.3037681302067501,0.22523642270483263,0.8211441388956523,0.0994921832041832,0.07936367790016445,0.2842155654329356,0.5874482655454186,0.12833616902164569,0.23290484398041594,0.16336869574120697,0.6037264602783771,0.5255494355991842,0.2621050071386909,0.21234555726212473,1.51814,0.63583,0.85479,1.34681,1.35615,0.35027,0.38825,0.69912,1.51205,0.63675,1.11717,0.3948799999999999,0.44038,0.19637000000000004,0.004740861464226365,0.004705954249505163,62200
