z_x1,z_x2,z_note,x_x1,x_x2,x_note,"p(y=0|x,D)","p(y=1|x,D)","p(y=2|x,D)","p(u=0|z,D)","p(u=1|z,D)","p(u=2|z,D)","p(y=0|x,u=0,z,D)","p(y=1|x,u=0,z,D)","p(y=2|x,u=0,z,D)","p(y=0|x,u=1,z,D)","p(y=1|x,u=1,z,D)","p(y=2|x,u=1,z,D)","p(y=0|x,u=2,z,D)","p(y=1|x,u=2,z,D)","p(y=2|x,u=2,z,D)","p(y=0|x,z,D)","p(y=1|x,z,D)","p(y=2|x,z,D)","H[p(u|z,D)]","Var[p(u|z,D)]","H[p(y|x,u=0,z,D)]","H[p(y|x,u=1,z,D)]","H[p(y|x,u=2,z,D)]","Var[p(y|x,u=0,z,D)]","Var[p(y|x,u=1,z,D)]","Var[p(y|x,u=2,z,D)]","H[p(y|x,D)]","Var[p(y|x,D)]",Va,Ve,Va_variance,Ve_variance,kl_pyx_pyxz,kl_pyxz_pyx,api_calls
-2.7,3.0,x1 = -2.7; x2 = 3.0,-2.7,3.0,x1 = -2.7; x2 = 3.0,0.27193244891798674,0.20330298320093024,0.524764567881083,0.26985939258826447,0.20784973808432533,0.5222908693274102,0.7863251055123939,0.06273412270341436,0.15094077178419177,0.11285445396369553,0.6397394671664174,0.24740607886988708,0.07071425045568716,0.062324440898702885,0.8669613086456099,0.2725873913928183,0.1824505593573751,0.5449620492498066,1.47045,0.72843,0.93506,1.26602,0.69837,0.53355,0.34216,0.30367,1.46629,0.73277,0.88023,0.5860600000000001,0.37371,0.35906000000000005,0.001528432401627082,0.0014925411004981064,55550
