z_x1,z_x2,z_note,x_x1,x_x2,x_note,"p(y=0|x,D)","p(y=1|x,D)","p(y=2|x,D)","p(u=0|z,D)","p(u=1|z,D)","p(u=2|z,D)","p(y=0|x,u=0,z,D)","p(y=1|x,u=0,z,D)","p(y=2|x,u=0,z,D)","p(y=0|x,u=1,z,D)","p(y=1|x,u=1,z,D)","p(y=2|x,u=1,z,D)","p(y=0|x,u=2,z,D)","p(y=1|x,u=2,z,D)","p(y=2|x,u=2,z,D)","p(y=0|x,z,D)","p(y=1|x,z,D)","p(y=2|x,z,D)","H[p(u|z,D)]","Var[p(u|z,D)]","H[p(y|x,u=0,z,D)]","H[p(y|x,u=1,z,D)]","H[p(y|x,u=2,z,D)]","Var[p(y|x,u=0,z,D)]","Var[p(y|x,u=1,z,D)]","Var[p(y|x,u=2,z,D)]","H[p(y|x,D)]","Var[p(y|x,D)]",Va,Ve,Va_variance,Ve_variance,kl_pyx_pyxz,kl_pyxz_pyx,api_calls
-3.1,3.4,x1 = -3.1; x2 = 3.4,-3.1,3.4,x1 = -3.1; x2 = 3.4,0.32482885124553945,0.2414941128074962,0.4336770359469643,0.3234072357525404,0.24389138422134313,0.43270138002611647,0.841625771480618,0.05950015034851778,0.09887407817086416,0.10898308911540588,0.707316324577703,0.18370058630689112,0.07050440327292226,0.07277379447252322,0.8567218022545544,0.32927525334783153,0.22324045793268127,0.4474842887194871,1.54612,0.74416,0.78164,1.15093,0.73601,0.38882,0.2871,0.30909,1.54472,0.74666,0.85196,0.69276,0.32951,0.41714999999999997,0.0009721200528847607,0.0009557263952114665,39750
