z_x1,z_x2,z_note,x_x1,x_x2,x_note,"p(y=0|x,D)","p(y=1|x,D)","p(y=2|x,D)","p(u=0|z,D)","p(u=1|z,D)","p(u=2|z,D)","p(y=0|x,u=0,z,D)","p(y=1|x,u=0,z,D)","p(y=2|x,u=0,z,D)","p(y=0|x,u=1,z,D)","p(y=1|x,u=1,z,D)","p(y=2|x,u=1,z,D)","p(y=0|x,u=2,z,D)","p(y=1|x,u=2,z,D)","p(y=2|x,u=2,z,D)","p(y=0|x,z,D)","p(y=1|x,z,D)","p(y=2|x,z,D)","H[p(u|z,D)]","Var[p(u|z,D)]","H[p(y|x,u=0,z,D)]","H[p(y|x,u=1,z,D)]","H[p(y|x,u=2,z,D)]","Var[p(y|x,u=0,z,D)]","Var[p(y|x,u=1,z,D)]","Var[p(y|x,u=2,z,D)]","H[p(y|x,D)]","Var[p(y|x,D)]",Va,Ve,Va_variance,Ve_variance,kl_pyx_pyxz,kl_pyxz_pyx,api_calls
1.8,0.3,x1 = 1.8; x2 = 0.3,1.8,0.3,x1 = 1.8; x2 = 0.3,0.4103220840770593,0.33453732456595375,0.2551405913569869,0.40749573446086707,0.33612623283806475,0.2563780327010682,0.7390889275020457,0.15661473349546554,0.10429633900248873,0.22042522875013218,0.6270682686632133,0.1525065025866546,0.1796501506875556,0.21090356468053884,0.6094462846319055,0.42132463931431724,0.3286649717336201,0.2500103889520627,1.5599,0.64104,1.08141,1.31686,1.3539,0.44042,0.36832,0.60437,1.55861,0.64138,1.23041,0.32820000000000005,0.45822,0.18315999999999993,0.00024935979896752256,0.00024998404772378583,74200
