z_x1,z_x2,z_note,x_x1,x_x2,x_note,"p(y=0|x,D)","p(y=1|x,D)","p(y=2|x,D)","p(u=0|z,D)","p(u=1|z,D)","p(u=2|z,D)","p(y=0|x,u=0,z,D)","p(y=1|x,u=0,z,D)","p(y=2|x,u=0,z,D)","p(y=0|x,u=1,z,D)","p(y=1|x,u=1,z,D)","p(y=2|x,u=1,z,D)","p(y=0|x,u=2,z,D)","p(y=1|x,u=2,z,D)","p(y=2|x,u=2,z,D)","p(y=0|x,z,D)","p(y=1|x,z,D)","p(y=2|x,z,D)","H[p(u|z,D)]","Var[p(u|z,D)]","H[p(y|x,u=0,z,D)]","H[p(y|x,u=1,z,D)]","H[p(y|x,u=2,z,D)]","Var[p(y|x,u=0,z,D)]","Var[p(y|x,u=1,z,D)]","Var[p(y|x,u=2,z,D)]","H[p(y|x,D)]","Var[p(y|x,D)]",Va,Ve,Va_variance,Ve_variance,kl_pyx_pyxz,kl_pyxz_pyx,api_calls
1.0,1.0,x1 = 1.0; x2 = 1.0,1.0,1.0,x1 = 1.0; x2 = 1.0,0.3523594091422304,0.2852403101043803,0.36240028075338937,0.3525918265969371,0.27920129254025483,0.3682068808628082,0.816906576299588,0.0919922901913386,0.09110113350907335,0.17290325201967624,0.6569678362865503,0.17012891169377348,0.14410039971439215,0.13789028186296817,0.7180093184226397,0.3893681520547491,0.2666341492660359,0.34399769867921504,1.57491,0.72055,0.86989,1.27071,1.14004,0.38121,0.34302,0.53274,1.57715,0.71466,1.08127,0.4958800000000001,0.42634,0.28831999999999997,0.0029356143305087866,0.0029746909782153164,42550
