z_x1,z_x2,z_note,x_x1,x_x2,x_note,"p(y=0|x,D)","p(y=1|x,D)","p(y=2|x,D)","p(u=0|z,D)","p(u=1|z,D)","p(u=2|z,D)","p(y=0|x,u=0,z,D)","p(y=1|x,u=0,z,D)","p(y=2|x,u=0,z,D)","p(y=0|x,u=1,z,D)","p(y=1|x,u=1,z,D)","p(y=2|x,u=1,z,D)","p(y=0|x,u=2,z,D)","p(y=1|x,u=2,z,D)","p(y=2|x,u=2,z,D)","p(y=0|x,z,D)","p(y=1|x,z,D)","p(y=2|x,z,D)","H[p(u|z,D)]","Var[p(u|z,D)]","H[p(y|x,u=0,z,D)]","H[p(y|x,u=1,z,D)]","H[p(y|x,u=2,z,D)]","Var[p(y|x,u=0,z,D)]","Var[p(y|x,u=1,z,D)]","Var[p(y|x,u=2,z,D)]","H[p(y|x,D)]","Var[p(y|x,D)]",Va,Ve,Va_variance,Ve_variance,kl_pyx_pyxz,kl_pyxz_pyx,api_calls
1.1,-2.6,x1 = 1.1; x2 = -2.6,1.1,-2.6,x1 = 1.1; x2 = -2.6,0.79261780652453,0.14104000017247437,0.06634219330299565,0.7956409462151871,0.14002986777298182,0.06432918601183107,0.9047320227369207,0.05595564978588065,0.0393123274771987,0.4084309395249697,0.5021068433522424,0.08946221712278772,0.29803705690669724,0.12684977065885145,0.5751131724344514,0.7962068543698295,0.12299070351651889,0.08080244211365153,0.9142,0.32515,0.54697,1.33825,1.35735,0.19509,0.39615,0.79638,0.92398,0.33148,0.7099,0.21408000000000005,0.26192,0.06956000000000001,0.002650906875799471,0.0026881719262244336,44750
