z_x1,z_x2,z_note,x_x1,x_x2,x_note,"p(y=0|x,D)","p(y=1|x,D)","p(y=2|x,D)","p(u=0|z,D)","p(u=1|z,D)","p(u=2|z,D)","p(y=0|x,u=0,z,D)","p(y=1|x,u=0,z,D)","p(y=2|x,u=0,z,D)","p(y=0|x,u=1,z,D)","p(y=1|x,u=1,z,D)","p(y=2|x,u=1,z,D)","p(y=0|x,u=2,z,D)","p(y=1|x,u=2,z,D)","p(y=2|x,u=2,z,D)","p(y=0|x,z,D)","p(y=1|x,z,D)","p(y=2|x,z,D)","H[p(u|z,D)]","Var[p(u|z,D)]","H[p(y|x,u=0,z,D)]","H[p(y|x,u=1,z,D)]","H[p(y|x,u=2,z,D)]","Var[p(y|x,u=0,z,D)]","Var[p(y|x,u=1,z,D)]","Var[p(y|x,u=2,z,D)]","H[p(y|x,D)]","Var[p(y|x,D)]",Va,Ve,Va_variance,Ve_variance,kl_pyx_pyxz,kl_pyxz_pyx,api_calls
-0.4,3.0,x1 = -0.4; x2 = 3.0,-0.4,3.0,x1 = -0.4; x2 = 3.0,0.29585473062169526,0.20167606122760215,0.5024692081507025,0.29585473062169526,0.20167606122760215,0.5024692081507025,0.7403970586498884,0.10149562127263538,0.15810732007747616,0.140433503268825,0.6099147647788403,0.24965173195233464,0.09881912115204841,0.08728792387148164,0.8138929549764699,0.2970256136990266,0.1968926611248753,0.506081725176098,1.48458,0.75563,1.07677,1.33258,0.87885,0.55944,0.37816,0.40138,1.48458,0.75563,1.02891,0.45567,0.44346,0.31217,7.287524617268382e-05,7.244983318319305e-05,67550
