z_x1,z_x2,z_note,x_x1,x_x2,x_note,"p(y=0|x,D)","p(y=1|x,D)","p(y=2|x,D)","p(u=0|z,D)","p(u=1|z,D)","p(u=2|z,D)","p(y=0|x,u=0,z,D)","p(y=1|x,u=0,z,D)","p(y=2|x,u=0,z,D)","p(y=0|x,u=1,z,D)","p(y=1|x,u=1,z,D)","p(y=2|x,u=1,z,D)","p(y=0|x,u=2,z,D)","p(y=1|x,u=2,z,D)","p(y=2|x,u=2,z,D)","p(y=0|x,z,D)","p(y=1|x,z,D)","p(y=2|x,z,D)","H[p(u|z,D)]","Var[p(u|z,D)]","H[p(y|x,u=0,z,D)]","H[p(y|x,u=1,z,D)]","H[p(y|x,u=2,z,D)]","Var[p(y|x,u=0,z,D)]","Var[p(y|x,u=1,z,D)]","Var[p(y|x,u=2,z,D)]","H[p(y|x,D)]","Var[p(y|x,D)]",Va,Ve,Va_variance,Ve_variance,kl_pyx_pyxz,kl_pyxz_pyx,api_calls
-2.4,3.9,x1 = -2.4; x2 = 3.9,-2.4,3.9,x1 = -2.4; x2 = 3.9,0.28300443239126866,0.20311113778345352,0.5138844298252778,0.279784518188944,0.20614781413150998,0.5140676676795459,0.8226205654296181,0.060149966238418805,0.11722946833196306,0.10315715863316303,0.6895842353619008,0.20725860600493612,0.06801178607667994,0.061772742784501976,0.870215471138818,0.28638478155844543,0.19074068191189925,0.5228745365296552,1.47728,0.73896,0.8382,1.17839,0.68642,0.44227,0.29958,0.2947,1.47604,0.74358,0.8303,0.64574,0.33699,0.40659,0.0004905026812851293,0.0004828921733834382,68000
