z_x1,z_x2,z_note,x_x1,x_x2,x_note,"p(y=0|x,D)","p(y=1|x,D)","p(y=2|x,D)","p(u=0|z,D)","p(u=1|z,D)","p(u=2|z,D)","p(y=0|x,u=0,z,D)","p(y=1|x,u=0,z,D)","p(y=2|x,u=0,z,D)","p(y=0|x,u=1,z,D)","p(y=1|x,u=1,z,D)","p(y=2|x,u=1,z,D)","p(y=0|x,u=2,z,D)","p(y=1|x,u=2,z,D)","p(y=2|x,u=2,z,D)","p(y=0|x,z,D)","p(y=1|x,z,D)","p(y=2|x,z,D)","H[p(u|z,D)]","Var[p(u|z,D)]","H[p(y|x,u=0,z,D)]","H[p(y|x,u=1,z,D)]","H[p(y|x,u=2,z,D)]","Var[p(y|x,u=0,z,D)]","Var[p(y|x,u=1,z,D)]","Var[p(y|x,u=2,z,D)]","H[p(y|x,D)]","Var[p(y|x,D)]",Va,Ve,Va_variance,Ve_variance,kl_pyx_pyxz,kl_pyxz_pyx,api_calls
-1.4,0.1,x1 = -1.4; x2 = 0.1,-1.4,0.1,x1 = -1.4; x2 = 0.1,0.25781155539866013,0.37159293636799723,0.37059550823334264,0.2529965149411621,0.3736399685405404,0.37336351651829747,0.6748092926349759,0.17527550266687714,0.14991520469814684,0.1519187144542594,0.6536293276019541,0.1944519579437865,0.14136210829519533,0.1952105958997078,0.6634272958050969,0.28026675683150304,0.36145064727839626,0.35828259589010064,1.563,0.61187,1.2337,1.27338,1.25183,0.54921,0.34456,0.53224,1.56561,0.61569,1.2553,0.31030999999999986,0.46641,0.14927999999999997,0.001274776834429829,0.0012972383436612132,26100
