z_x1,z_x2,z_note,x_x1,x_x2,x_note,"p(y=0|x,D)","p(y=1|x,D)","p(y=2|x,D)","p(u=0|z,D)","p(u=1|z,D)","p(u=2|z,D)","p(y=0|x,u=0,z,D)","p(y=1|x,u=0,z,D)","p(y=2|x,u=0,z,D)","p(y=0|x,u=1,z,D)","p(y=1|x,u=1,z,D)","p(y=2|x,u=1,z,D)","p(y=0|x,u=2,z,D)","p(y=1|x,u=2,z,D)","p(y=2|x,u=2,z,D)","p(y=0|x,z,D)","p(y=1|x,z,D)","p(y=2|x,z,D)","H[p(u|z,D)]","Var[p(u|z,D)]","H[p(y|x,u=0,z,D)]","H[p(y|x,u=1,z,D)]","H[p(y|x,u=2,z,D)]","Var[p(y|x,u=0,z,D)]","Var[p(y|x,u=1,z,D)]","Var[p(y|x,u=2,z,D)]","H[p(y|x,D)]","Var[p(y|x,D)]",Va,Ve,Va_variance,Ve_variance,kl_pyx_pyxz,kl_pyxz_pyx,api_calls
-3.2,1.4,x1 = -3.2; x2 = 1.4,-3.2,1.4,x1 = -3.2; x2 = 1.4,0.2748697624688053,0.14776348221117114,0.5773667553200236,0.2727642797195061,0.14676892258302904,0.5804667976974649,0.7399692820395755,0.0679376471555376,0.1920930708048869,0.11699285040511975,0.6460014183685251,0.2370057312263552,0.08463552151884478,0.0733138036975117,0.8420506747836434,0.2681362129814605,0.15590012441259038,0.5759636626059491,1.37305,0.75855,1.04227,1.26165,0.78674,0.63189,0.3396,0.35301,1.37729,0.76073,0.92614,0.45114999999999994,0.42711,0.33362,0.0003016812810980611,0.0003048857859385052,34750
