z_x1,z_x2,z_note,x_x1,x_x2,x_note,"p(y=0|x,D)","p(y=1|x,D)","p(y=2|x,D)","p(u=0|z,D)","p(u=1|z,D)","p(u=2|z,D)","p(y=0|x,u=0,z,D)","p(y=1|x,u=0,z,D)","p(y=2|x,u=0,z,D)","p(y=0|x,u=1,z,D)","p(y=1|x,u=1,z,D)","p(y=2|x,u=1,z,D)","p(y=0|x,u=2,z,D)","p(y=1|x,u=2,z,D)","p(y=2|x,u=2,z,D)","p(y=0|x,z,D)","p(y=1|x,z,D)","p(y=2|x,z,D)","H[p(u|z,D)]","Var[p(u|z,D)]","H[p(y|x,u=0,z,D)]","H[p(y|x,u=1,z,D)]","H[p(y|x,u=2,z,D)]","Var[p(y|x,u=0,z,D)]","Var[p(y|x,u=1,z,D)]","Var[p(y|x,u=2,z,D)]","H[p(y|x,D)]","Var[p(y|x,D)]",Va,Ve,Va_variance,Ve_variance,kl_pyx_pyxz,kl_pyxz_pyx,api_calls
-3.2,2.3,x1 = -3.2; x2 = 2.3,-3.2,2.3,x1 = -3.2; x2 = 2.3,0.3273059799596983,0.17480087649636347,0.4978931435439383,0.3273059779356593,0.17480087554027518,0.4978931465240656,0.8014568891651017,0.06021516580242943,0.13832794503246876,0.11438508005743006,0.6876071318441654,0.19800778809840447,0.08298962754111146,0.07122390762235212,0.8457864648365364,0.32363620980954244,0.17536500787745185,0.5009987823130058,1.46815,0.7961,0.89477,1.19196,0.77385,0.50004,0.3054,0.34692,1.46815,0.7961,0.88651,0.58164,0.38978,0.40632,3.128196561250204e-05,3.1225196755633663e-05,35200
