z_x1,z_x2,z_note,x_x1,x_x2,x_note,"p(y=0|x,D)","p(y=1|x,D)","p(y=2|x,D)","p(u=0|z,D)","p(u=1|z,D)","p(u=2|z,D)","p(y=0|x,u=0,z,D)","p(y=1|x,u=0,z,D)","p(y=2|x,u=0,z,D)","p(y=0|x,u=1,z,D)","p(y=1|x,u=1,z,D)","p(y=2|x,u=1,z,D)","p(y=0|x,u=2,z,D)","p(y=1|x,u=2,z,D)","p(y=2|x,u=2,z,D)","p(y=0|x,z,D)","p(y=1|x,z,D)","p(y=2|x,z,D)","H[p(u|z,D)]","Var[p(u|z,D)]","H[p(y|x,u=0,z,D)]","H[p(y|x,u=1,z,D)]","H[p(y|x,u=2,z,D)]","Var[p(y|x,u=0,z,D)]","Var[p(y|x,u=1,z,D)]","Var[p(y|x,u=2,z,D)]","H[p(y|x,D)]","Var[p(y|x,D)]",Va,Ve,Va_variance,Ve_variance,kl_pyx_pyxz,kl_pyxz_pyx,api_calls
-2.8,1.5,x1 = -2.8; x2 = 1.5,-2.8,1.5,x1 = -2.8; x2 = 1.5,0.20441887461284236,0.14363051008934408,0.6519506152978136,0.20248240749218774,0.14406176158594447,0.6534558309218679,0.5994138558319062,0.07845399346148604,0.32213215070660783,0.12505708560407386,0.5312367738618746,0.34370614053405146,0.08846545298820171,0.06839541831963163,0.8431391286921667,0.19719497075423142,0.13710984384453737,0.6656951854012313,1.27035,0.65256,1.25713,1.38945,0.78175,0.84466,0.42096,0.36207,1.27267,0.65608,0.96555,0.30711999999999995,0.46827,0.18780999999999998,0.00042626301782250353,0.0004233557269827798,50800
