z_x1,z_x2,z_note,x_x1,x_x2,x_note,"p(y=0|x,D)","p(y=1|x,D)","p(y=2|x,D)","p(u=0|z,D)","p(u=1|z,D)","p(u=2|z,D)","p(y=0|x,u=0,z,D)","p(y=1|x,u=0,z,D)","p(y=2|x,u=0,z,D)","p(y=0|x,u=1,z,D)","p(y=1|x,u=1,z,D)","p(y=2|x,u=1,z,D)","p(y=0|x,u=2,z,D)","p(y=1|x,u=2,z,D)","p(y=2|x,u=2,z,D)","p(y=0|x,z,D)","p(y=1|x,z,D)","p(y=2|x,z,D)","H[p(u|z,D)]","Var[p(u|z,D)]","H[p(y|x,u=0,z,D)]","H[p(y|x,u=1,z,D)]","H[p(y|x,u=2,z,D)]","Var[p(y|x,u=0,z,D)]","Var[p(y|x,u=1,z,D)]","Var[p(y|x,u=2,z,D)]","H[p(y|x,D)]","Var[p(y|x,D)]",Va,Ve,Va_variance,Ve_variance,kl_pyx_pyxz,kl_pyxz_pyx,api_calls
-3.0,2.9,x1 = -3.0; x2 = 2.9,-3.0,2.9,x1 = -3.0; x2 = 2.9,0.312972196251171,0.20173677015877883,0.48529103359005016,0.3166954580723171,0.20395440971429588,0.47935013221338696,0.82970396072087,0.06802212799978388,0.10227391127934608,0.12564812940868333,0.6822486449605081,0.1921032256308085,0.08246261092705523,0.07953049149919314,0.8380068975737516,0.3279184294207102,0.19881287026237787,0.4732687003169118,1.50167,0.76959,0.82367,1.20957,0.80101,0.40282,0.31334,0.34962,1.49661,0.76857,0.89151,0.6051,0.35907,0.4095,0.0005187337450156242,0.000522789963300508,43500
