z_x1,z_x2,z_note,x_x1,x_x2,x_note,"p(y=0|x,D)","p(y=1|x,D)","p(y=2|x,D)","p(u=0|z,D)","p(u=1|z,D)","p(u=2|z,D)","p(y=0|x,u=0,z,D)","p(y=1|x,u=0,z,D)","p(y=2|x,u=0,z,D)","p(y=0|x,u=1,z,D)","p(y=1|x,u=1,z,D)","p(y=2|x,u=1,z,D)","p(y=0|x,u=2,z,D)","p(y=1|x,u=2,z,D)","p(y=2|x,u=2,z,D)","p(y=0|x,z,D)","p(y=1|x,z,D)","p(y=2|x,z,D)","H[p(u|z,D)]","Var[p(u|z,D)]","H[p(y|x,u=0,z,D)]","H[p(y|x,u=1,z,D)]","H[p(y|x,u=2,z,D)]","Var[p(y|x,u=0,z,D)]","Var[p(y|x,u=1,z,D)]","Var[p(y|x,u=2,z,D)]","H[p(y|x,D)]","Var[p(y|x,D)]",Va,Ve,Va_variance,Ve_variance,kl_pyx_pyxz,kl_pyxz_pyx,api_calls
2.6,-3.7,x1 = 2.6; x2 = -3.7,2.6,-3.7,x1 = 2.6; x2 = -3.7,0.64340402128226,0.17902751449120916,0.17756846422653078,0.6431385704446273,0.17892640786175812,0.17793502169361464,0.9034590218646779,0.04999809536256267,0.04654288277275967,0.17386458516490114,0.6981594958005306,0.12797591903456834,0.12770635796165253,0.08764131448041758,0.7846523275579299,0.6348817430295999,0.17266933346792784,0.1924489235024725,1.29691,0.60466,0.55439,1.18032,0.96152,0.2157,0.29973,0.48078,1.29641,0.60397,0.73883,0.5575800000000001,0.2779,0.32607,0.0007633162829043943,0.0007777377028156725,24200
