z_x1,z_x2,z_note,x_x1,x_x2,x_note,"p(y=0|x,D)","p(y=1|x,D)","p(y=2|x,D)","p(u=0|z,D)","p(u=1|z,D)","p(u=2|z,D)","p(y=0|x,u=0,z,D)","p(y=1|x,u=0,z,D)","p(y=2|x,u=0,z,D)","p(y=0|x,u=1,z,D)","p(y=1|x,u=1,z,D)","p(y=2|x,u=1,z,D)","p(y=0|x,u=2,z,D)","p(y=1|x,u=2,z,D)","p(y=2|x,u=2,z,D)","p(y=0|x,z,D)","p(y=1|x,z,D)","p(y=2|x,z,D)","H[p(u|z,D)]","Var[p(u|z,D)]","H[p(y|x,u=0,z,D)]","H[p(y|x,u=1,z,D)]","H[p(y|x,u=2,z,D)]","Var[p(y|x,u=0,z,D)]","Var[p(y|x,u=1,z,D)]","Var[p(y|x,u=2,z,D)]","H[p(y|x,D)]","Var[p(y|x,D)]",Va,Ve,Va_variance,Ve_variance,kl_pyx_pyxz,kl_pyxz_pyx,api_calls
-3.4,2.8,x1 = -3.4; x2 = 2.8,-3.4,2.8,x1 = -3.4; x2 = 2.8,0.31907745602485205,0.19464086600983244,0.4862816779653155,0.31907745602485205,0.19464086600983244,0.4862816779653155,0.8196115480141873,0.06266904025406105,0.11771941173175175,0.11881818473239696,0.6947323708278021,0.18644944443980097,0.08049421204871164,0.07166900409101193,0.8478367838602765,0.3237893025445312,0.19007091180625263,0.4861397856492162,1.49121,0.7774,0.849,1.182,0.76702,0.44468,0.30069,0.33952,1.49121,0.7774,0.87395,0.6172599999999999,0.36552,0.41187999999999997,8.897566438133392e-05,8.871447420093369e-05,27450
