z_x1,z_x2,z_note,x_x1,x_x2,x_note,"p(y=0|x,D)","p(y=1|x,D)","p(y=2|x,D)","p(u=0|z,D)","p(u=1|z,D)","p(u=2|z,D)","p(y=0|x,u=0,z,D)","p(y=1|x,u=0,z,D)","p(y=2|x,u=0,z,D)","p(y=0|x,u=1,z,D)","p(y=1|x,u=1,z,D)","p(y=2|x,u=1,z,D)","p(y=0|x,u=2,z,D)","p(y=1|x,u=2,z,D)","p(y=2|x,u=2,z,D)","p(y=0|x,z,D)","p(y=1|x,z,D)","p(y=2|x,z,D)","H[p(u|z,D)]","Var[p(u|z,D)]","H[p(y|x,u=0,z,D)]","H[p(y|x,u=1,z,D)]","H[p(y|x,u=2,z,D)]","Var[p(y|x,u=0,z,D)]","Var[p(y|x,u=1,z,D)]","Var[p(y|x,u=2,z,D)]","H[p(y|x,D)]","Var[p(y|x,D)]",Va,Ve,Va_variance,Ve_variance,kl_pyx_pyxz,kl_pyxz_pyx,api_calls
1.9,-0.3,x1 = 1.9; x2 = -0.3,1.9,-0.3,x1 = 1.9; x2 = -0.3,0.3382508890645727,0.2879578855173833,0.37379122541804405,0.33733124630847466,0.2905960181620958,0.3720727355294296,0.7189917564602337,0.1454888478315084,0.13551939570825772,0.20925072290392274,0.5854293701905746,0.20531990690550264,0.15886201438915315,0.18942395828892172,0.6517140273219251,0.3624540364311578,0.28968086859088293,0.34786509497795925,1.57767,0.7082,1.13757,1.39338,1.27888,0.51407,0.41456,0.56767,1.57683,0.71078,1.26448,0.3123499999999999,0.5051,0.20567999999999997,0.0017748212959102262,0.0017717710264626499,77900
