z_x1,z_x2,z_note,x_x1,x_x2,x_note,"p(y=0|x,D)","p(y=1|x,D)","p(y=2|x,D)","p(u=0|z,D)","p(u=1|z,D)","p(u=2|z,D)","p(y=0|x,u=0,z,D)","p(y=1|x,u=0,z,D)","p(y=2|x,u=0,z,D)","p(y=0|x,u=1,z,D)","p(y=1|x,u=1,z,D)","p(y=2|x,u=1,z,D)","p(y=0|x,u=2,z,D)","p(y=1|x,u=2,z,D)","p(y=2|x,u=2,z,D)","p(y=0|x,z,D)","p(y=1|x,z,D)","p(y=2|x,z,D)","H[p(u|z,D)]","Var[p(u|z,D)]","H[p(y|x,u=0,z,D)]","H[p(y|x,u=1,z,D)]","H[p(y|x,u=2,z,D)]","Var[p(y|x,u=0,z,D)]","Var[p(y|x,u=1,z,D)]","Var[p(y|x,u=2,z,D)]","H[p(y|x,D)]","Var[p(y|x,D)]",Va,Ve,Va_variance,Ve_variance,kl_pyx_pyxz,kl_pyxz_pyx,api_calls
1.2,-3.6,x1 = 1.2; x2 = -3.6,1.2,-3.6,x1 = 1.2; x2 = -3.6,0.7164196802025101,0.16849698725201684,0.1150833325454729,0.7181600685931147,0.16652274641897422,0.11531718498791096,0.8922628676565063,0.058785611165151054,0.048951521178342686,0.21255953752407808,0.6827174798742401,0.10472298260168174,0.1373589568029691,0.10864211740578204,0.7539989257912489,0.6920234084367368,0.1684337714739132,0.13954282008934998,1.13304,0.47006,0.60014,1.19171,1.04846,0.23004,0.30565,0.51111,1.13656,0.4699,0.75035,0.38621000000000005,0.27504,0.19485999999999998,0.0027062749781716355,0.0028527011427653994,48250
