z_x1,z_x2,z_note,x_x1,x_x2,x_note,"p(y=0|x,D)","p(y=1|x,D)","p(y=2|x,D)","p(u=0|z,D)","p(u=1|z,D)","p(u=2|z,D)","p(y=0|x,u=0,z,D)","p(y=1|x,u=0,z,D)","p(y=2|x,u=0,z,D)","p(y=0|x,u=1,z,D)","p(y=1|x,u=1,z,D)","p(y=2|x,u=1,z,D)","p(y=0|x,u=2,z,D)","p(y=1|x,u=2,z,D)","p(y=2|x,u=2,z,D)","p(y=0|x,z,D)","p(y=1|x,z,D)","p(y=2|x,z,D)","H[p(u|z,D)]","Var[p(u|z,D)]","H[p(y|x,u=0,z,D)]","H[p(y|x,u=1,z,D)]","H[p(y|x,u=2,z,D)]","Var[p(y|x,u=0,z,D)]","Var[p(y|x,u=1,z,D)]","Var[p(y|x,u=2,z,D)]","H[p(y|x,D)]","Var[p(y|x,D)]",Va,Ve,Va_variance,Ve_variance,kl_pyx_pyxz,kl_pyxz_pyx,api_calls
-0.2,-3.3,x1 = -0.2; x2 = -3.3,-0.2,-3.3,x1 = -0.2; x2 = -3.3,0.2230712066125416,0.3898878887416539,0.38704090464580443,0.23025915029191682,0.38608625822255843,0.3836545914855248,0.7531785544312075,0.133424826741169,0.11339661882762349,0.11353393817423338,0.7171925804856827,0.16927348134008383,0.08745983389697994,0.16627233387740414,0.7462678322256159,0.2508145141775228,0.3714116313870464,0.37777385443543077,1.5482,0.59038,1.05185,1.13408,1.05292,0.45725,0.2797,0.3997,1.54266,0.58323,1.08401,0.45865,0.36662,0.21661000000000002,0.0021591797781419786,0.002214538007309235,72400
