z_x1,z_x2,z_note,x_x1,x_x2,x_note,"p(y=0|x,D)","p(y=1|x,D)","p(y=2|x,D)","p(u=0|z,D)","p(u=1|z,D)","p(u=2|z,D)","p(y=0|x,u=0,z,D)","p(y=1|x,u=0,z,D)","p(y=2|x,u=0,z,D)","p(y=0|x,u=1,z,D)","p(y=1|x,u=1,z,D)","p(y=2|x,u=1,z,D)","p(y=0|x,u=2,z,D)","p(y=1|x,u=2,z,D)","p(y=2|x,u=2,z,D)","p(y=0|x,z,D)","p(y=1|x,z,D)","p(y=2|x,z,D)","H[p(u|z,D)]","Var[p(u|z,D)]","H[p(y|x,u=0,z,D)]","H[p(y|x,u=1,z,D)]","H[p(y|x,u=2,z,D)]","Var[p(y|x,u=0,z,D)]","Var[p(y|x,u=1,z,D)]","Var[p(y|x,u=2,z,D)]","H[p(y|x,D)]","Var[p(y|x,D)]",Va,Ve,Va_variance,Ve_variance,kl_pyx_pyxz,kl_pyxz_pyx,api_calls
-2.9,-3.2,x1 = -2.9; x2 = -3.2,-2.9,-3.2,x1 = -2.9; x2 = -3.2,0.17834876426362195,0.18180067044245743,0.6398505652939207,0.1764784338351636,0.18362297559117713,0.6398985905736592,0.716345583850901,0.061206711115478665,0.22244770503362038,0.10969354632747289,0.6126509051940003,0.27765554847852675,0.06239774408332138,0.059430155602870995,0.8781721003138075,0.18649003059643532,0.1613277195360619,0.6521822498675026,1.30277,0.60162,1.0738,1.2961,0.65637,0.69486,0.35914,0.27508,1.30293,0.60522,0.84751,0.45541999999999994,0.3646,0.24062,0.0015450054069069338,0.001499764852705721,44450
