z_x1,z_x2,z_note,x_x1,x_x2,x_note,"p(y=0|x,D)","p(y=1|x,D)","p(y=2|x,D)","p(u=0|z,D)","p(u=1|z,D)","p(u=2|z,D)","p(y=0|x,u=0,z,D)","p(y=1|x,u=0,z,D)","p(y=2|x,u=0,z,D)","p(y=0|x,u=1,z,D)","p(y=1|x,u=1,z,D)","p(y=2|x,u=1,z,D)","p(y=0|x,u=2,z,D)","p(y=1|x,u=2,z,D)","p(y=2|x,u=2,z,D)","p(y=0|x,z,D)","p(y=1|x,z,D)","p(y=2|x,z,D)","H[p(u|z,D)]","Var[p(u|z,D)]","H[p(y|x,u=0,z,D)]","H[p(y|x,u=1,z,D)]","H[p(y|x,u=2,z,D)]","Var[p(y|x,u=0,z,D)]","Var[p(y|x,u=1,z,D)]","Var[p(y|x,u=2,z,D)]","H[p(y|x,D)]","Var[p(y|x,D)]",Va,Ve,Va_variance,Ve_variance,kl_pyx_pyxz,kl_pyxz_pyx,api_calls
-0.5,-2.8,x1 = -0.5; x2 = -2.8,-0.5,-2.8,x1 = -0.5; x2 = -2.8,0.2188586436872316,0.4359339767750733,0.34520737953769515,0.2188586436872316,0.4359339767750733,0.34520737953769515,0.7335197119084033,0.15382074853979008,0.11265953955180649,0.13271067577515389,0.7089944226227475,0.1582949016020987,0.10092251986875647,0.18197090935477844,0.7171065707764652,0.2532294205375266,0.40555745933210896,0.3412131201303645,1.5316,0.5481,1.09824,1.1594,1.12527,0.46071,0.29035,0.43835,1.5316,0.5481,1.13423,0.39737,0.37873,0.16937000000000002,0.003579419816678019,0.0036747670284833934,60650
