z_x1,z_x2,z_note,x_x1,x_x2,x_note,"p(y=0|x,D)","p(y=1|x,D)","p(y=2|x,D)","p(u=0|z,D)","p(u=1|z,D)","p(u=2|z,D)","p(y=0|x,u=0,z,D)","p(y=1|x,u=0,z,D)","p(y=2|x,u=0,z,D)","p(y=0|x,u=1,z,D)","p(y=1|x,u=1,z,D)","p(y=2|x,u=1,z,D)","p(y=0|x,u=2,z,D)","p(y=1|x,u=2,z,D)","p(y=2|x,u=2,z,D)","p(y=0|x,z,D)","p(y=1|x,z,D)","p(y=2|x,z,D)","H[p(u|z,D)]","Var[p(u|z,D)]","H[p(y|x,u=0,z,D)]","H[p(y|x,u=1,z,D)]","H[p(y|x,u=2,z,D)]","Var[p(y|x,u=0,z,D)]","Var[p(y|x,u=1,z,D)]","Var[p(y|x,u=2,z,D)]","H[p(y|x,D)]","Var[p(y|x,D)]",Va,Ve,Va_variance,Ve_variance,kl_pyx_pyxz,kl_pyxz_pyx,api_calls
0.4,-2.1,x1 = 0.4; x2 = -2.1,0.4,-2.1,x1 = 0.4; x2 = -2.1,0.4590196001292556,0.3879877478326465,0.1529926520380979,0.4535619903821817,0.3922672101523016,0.15417079946551665,0.7613259793487276,0.16312281521795358,0.07555120543331868,0.1909065457462385,0.6800486174470777,0.1290448368066838,0.16105869388067565,0.20939644972071453,0.6295448563986097,0.4450254522192181,0.37302990073957826,0.18194464704120356,1.4628,0.5181,1.00777,1.2156,1.31691,0.36659,0.31612,0.57112,1.45998,0.51836,1.13696,0.3230200000000001,0.37832,0.14004000000000005,0.0029501584752461944,0.0030889366994175486,17000
