z_x1,z_x2,z_note,x_x1,x_x2,x_note,"p(y=0|x,D)","p(y=1|x,D)","p(y=2|x,D)","p(u=0|z,D)","p(u=1|z,D)","p(u=2|z,D)","p(y=0|x,u=0,z,D)","p(y=1|x,u=0,z,D)","p(y=2|x,u=0,z,D)","p(y=0|x,u=1,z,D)","p(y=1|x,u=1,z,D)","p(y=2|x,u=1,z,D)","p(y=0|x,u=2,z,D)","p(y=1|x,u=2,z,D)","p(y=2|x,u=2,z,D)","p(y=0|x,z,D)","p(y=1|x,z,D)","p(y=2|x,z,D)","H[p(u|z,D)]","Var[p(u|z,D)]","H[p(y|x,u=0,z,D)]","H[p(y|x,u=1,z,D)]","H[p(y|x,u=2,z,D)]","Var[p(y|x,u=0,z,D)]","Var[p(y|x,u=1,z,D)]","Var[p(y|x,u=2,z,D)]","H[p(y|x,D)]","Var[p(y|x,D)]",Va,Ve,Va_variance,Ve_variance,kl_pyx_pyxz,kl_pyxz_pyx,api_calls
-3.8,2.2,x1 = -3.8; x2 = 2.2,-3.8,2.2,x1 = -3.8; x2 = 2.2,0.34614492482447146,0.18165581469493805,0.4721992604805905,0.3429051749617361,0.18375388656943847,0.47334093846882536,0.815287131455411,0.06255373793625046,0.12215913060833856,0.11613362357716497,0.6927707048876658,0.1910956715351692,0.08196785121598649,0.06879156917102633,0.8492405796129872,0.339704920768314,0.18131117588625534,0.4789839033454306,1.48937,0.79923,0.86087,1.18385,0.76167,0.45702,0.30161,0.3425,1.48797,0.80245,0.87326,0.61471,0.37426,0.42819,0.00010926841788092955,0.00010911978382676692,11150
