z_x1,z_x2,z_note,x_x1,x_x2,x_note,"p(y=0|x,D)","p(y=1|x,D)","p(y=2|x,D)","p(u=0|z,D)","p(u=1|z,D)","p(u=2|z,D)","p(y=0|x,u=0,z,D)","p(y=1|x,u=0,z,D)","p(y=2|x,u=0,z,D)","p(y=0|x,u=1,z,D)","p(y=1|x,u=1,z,D)","p(y=2|x,u=1,z,D)","p(y=0|x,u=2,z,D)","p(y=1|x,u=2,z,D)","p(y=2|x,u=2,z,D)","p(y=0|x,z,D)","p(y=1|x,z,D)","p(y=2|x,z,D)","H[p(u|z,D)]","Var[p(u|z,D)]","H[p(y|x,u=0,z,D)]","H[p(y|x,u=1,z,D)]","H[p(y|x,u=2,z,D)]","Var[p(y|x,u=0,z,D)]","Var[p(y|x,u=1,z,D)]","Var[p(y|x,u=2,z,D)]","H[p(y|x,D)]","Var[p(y|x,D)]",Va,Ve,Va_variance,Ve_variance,kl_pyx_pyxz,kl_pyxz_pyx,api_calls
1.8,-3.9,x1 = 1.8; x2 = -3.9,1.8,-3.9,x1 = 1.8; x2 = -3.9,0.6565571871962774,0.19852342376475554,0.14491938903896714,0.6575684724829173,0.1963672583216723,0.14606426919541046,0.8726057511489904,0.06997962528515296,0.057414623565856526,0.20078193427755262,0.6767889315033968,0.12242913421905051,0.14636695819366036,0.12280674820398044,0.7308262936023591,0.6346040116003677,0.19685326017414023,0.16854272822549202,1.26421,0.542,0.67675,1.21721,1.10796,0.26548,0.31707,0.5356,1.26546,0.5397,0.84586,0.4196000000000001,0.31507,0.22462999999999994,0.0021213028575966172,0.0022068036546029103,72100
