z_x1,z_x2,z_note,x_x1,x_x2,x_note,"p(y=0|x,D)","p(y=1|x,D)","p(y=2|x,D)","p(u=0|z,D)","p(u=1|z,D)","p(u=2|z,D)","p(y=0|x,u=0,z,D)","p(y=1|x,u=0,z,D)","p(y=2|x,u=0,z,D)","p(y=0|x,u=1,z,D)","p(y=1|x,u=1,z,D)","p(y=2|x,u=1,z,D)","p(y=0|x,u=2,z,D)","p(y=1|x,u=2,z,D)","p(y=2|x,u=2,z,D)","p(y=0|x,z,D)","p(y=1|x,z,D)","p(y=2|x,z,D)","H[p(u|z,D)]","Var[p(u|z,D)]","H[p(y|x,u=0,z,D)]","H[p(y|x,u=1,z,D)]","H[p(y|x,u=2,z,D)]","Var[p(y|x,u=0,z,D)]","Var[p(y|x,u=1,z,D)]","Var[p(y|x,u=2,z,D)]","H[p(y|x,D)]","Var[p(y|x,D)]",Va,Ve,Va_variance,Ve_variance,kl_pyx_pyxz,kl_pyxz_pyx,api_calls
-3.9,-1.5,x1 = -3.9; x2 = -1.5,-3.9,-1.5,x1 = -3.9; x2 = -1.5,0.3188296970459841,0.14628546649622576,0.5348848364577903,0.3195257792147483,0.14575814621646319,0.5347160745687886,0.7802869564697702,0.06657904839288026,0.15313399513734943,0.15120649520855042,0.6224576628748573,0.2263358419165924,0.0990435313078431,0.08202135280596498,0.8189351158861919,0.3243215444869553,0.15586013315921016,0.5198183223538345,1.41384,0.80793,0.95408,1.32297,0.86231,0.5401,0.3719,0.39973,1.41431,0.80703,0.95878,0.45553,0.44053,0.36650000000000005,0.0005633338414830925,0.000567964579259006,5300
