z_x1,z_x2,z_note,x_x1,x_x2,x_note,"p(y=0|x,D)","p(y=1|x,D)","p(y=2|x,D)","p(u=0|z,D)","p(u=1|z,D)","p(u=2|z,D)","p(y=0|x,u=0,z,D)","p(y=1|x,u=0,z,D)","p(y=2|x,u=0,z,D)","p(y=0|x,u=1,z,D)","p(y=1|x,u=1,z,D)","p(y=2|x,u=1,z,D)","p(y=0|x,u=2,z,D)","p(y=1|x,u=2,z,D)","p(y=2|x,u=2,z,D)","p(y=0|x,z,D)","p(y=1|x,z,D)","p(y=2|x,z,D)","H[p(u|z,D)]","Var[p(u|z,D)]","H[p(y|x,u=0,z,D)]","H[p(y|x,u=1,z,D)]","H[p(y|x,u=2,z,D)]","Var[p(y|x,u=0,z,D)]","Var[p(y|x,u=1,z,D)]","Var[p(y|x,u=2,z,D)]","H[p(y|x,D)]","Var[p(y|x,D)]",Va,Ve,Va_variance,Ve_variance,kl_pyx_pyxz,kl_pyxz_pyx,api_calls
0.3,-1.4,x1 = 0.3; x2 = -1.4,0.3,-1.4,x1 = 0.3; x2 = -1.4,0.3122060318768496,0.37353339496077165,0.31426057316237876,0.3068802868485344,0.3683408428560021,0.3247788702954636,0.7432792339774033,0.15363977999595024,0.10308098602664639,0.15416198892158248,0.6888990975065765,0.15693891357184092,0.13570424888925675,0.18424248851836228,0.680053262592381,0.328955774115825,0.3607367612562331,0.3103074646279419,1.58068,0.63134,1.07125,1.20552,1.21894,0.43651,0.31109,0.51944,1.57981,0.62646,1.16867,0.41113999999999984,0.41725,0.20921,0.0006832666036842207,0.0006881933268550917,13350
