z_x1,z_x2,z_note,x_x1,x_x2,x_note,"p(y=0|x,D)","p(y=1|x,D)","p(y=2|x,D)","p(u=0|z,D)","p(u=1|z,D)","p(u=2|z,D)","p(y=0|x,u=0,z,D)","p(y=1|x,u=0,z,D)","p(y=2|x,u=0,z,D)","p(y=0|x,u=1,z,D)","p(y=1|x,u=1,z,D)","p(y=2|x,u=1,z,D)","p(y=0|x,u=2,z,D)","p(y=1|x,u=2,z,D)","p(y=2|x,u=2,z,D)","p(y=0|x,z,D)","p(y=1|x,z,D)","p(y=2|x,z,D)","H[p(u|z,D)]","Var[p(u|z,D)]","H[p(y|x,u=0,z,D)]","H[p(y|x,u=1,z,D)]","H[p(y|x,u=2,z,D)]","Var[p(y|x,u=0,z,D)]","Var[p(y|x,u=1,z,D)]","Var[p(y|x,u=2,z,D)]","H[p(y|x,D)]","Var[p(y|x,D)]",Va,Ve,Va_variance,Ve_variance,kl_pyx_pyxz,kl_pyxz_pyx,api_calls
2.8,1.8,x1 = 2.8; x2 = 1.8,2.8,1.8,x1 = 2.8; x2 = 1.8,0.32897298513019074,0.4046208005182136,0.2664062143515956,0.32897298513019074,0.4046208005182136,0.2664062143515956,0.783727216846432,0.13304827202328404,0.08322451113028394,0.13315814594458322,0.7121615908237557,0.15468026323166112,0.11418559857114166,0.163300458152923,0.7225139432759353,0.3421233907101743,0.3754289370497473,0.28244767224007844,1.56422,0.59146,0.96122,1.15259,1.12318,0.37625,0.28738,0.46664,1.56422,0.59146,1.0818,0.48241999999999985,0.36437,0.22708999999999996,0.0018270461891906776,0.0018122752207623844,34950
