z_x1,z_x2,z_note,x_x1,x_x2,x_note,"p(y=0|x,D)","p(y=1|x,D)","p(y=2|x,D)","p(u=0|z,D)","p(u=1|z,D)","p(u=2|z,D)","p(y=0|x,u=0,z,D)","p(y=1|x,u=0,z,D)","p(y=2|x,u=0,z,D)","p(y=0|x,u=1,z,D)","p(y=1|x,u=1,z,D)","p(y=2|x,u=1,z,D)","p(y=0|x,u=2,z,D)","p(y=1|x,u=2,z,D)","p(y=2|x,u=2,z,D)","p(y=0|x,z,D)","p(y=1|x,z,D)","p(y=2|x,z,D)","H[p(u|z,D)]","Var[p(u|z,D)]","H[p(y|x,u=0,z,D)]","H[p(y|x,u=1,z,D)]","H[p(y|x,u=2,z,D)]","Var[p(y|x,u=0,z,D)]","Var[p(y|x,u=1,z,D)]","Var[p(y|x,u=2,z,D)]","H[p(y|x,D)]","Var[p(y|x,D)]",Va,Ve,Va_variance,Ve_variance,kl_pyx_pyxz,kl_pyxz_pyx,api_calls
-1.6,-1.4,x1 = -1.6; x2 = -1.4,-1.6,-1.4,x1 = -1.6; x2 = -1.4,0.2971416668398974,0.30336581863426687,0.3994925145258357,0.2971416668398974,0.30336581863426687,0.3994925145258357,0.6492114704363436,0.16672943479971053,0.18405909476394583,0.16085395072500155,0.6176171562376246,0.22152889303737391,0.14273445781873376,0.159137737775043,0.6981278044062232,0.2987267163627698,0.30048053139195985,0.40079275224527033,1.57111,0.68616,1.28494,1.33512,1.1848,0.6169,0.3787,0.5324,1.57111,0.68616,1.26016,0.31095000000000006,0.51088,0.17528,2.0132473949619747e-05,2.00983226825767e-05,17350
