z_x1,z_x2,z_note,x_x1,x_x2,x_note,"p(y=0|x,D)","p(y=1|x,D)","p(y=2|x,D)","p(u=0|z,D)","p(u=1|z,D)","p(u=2|z,D)","p(y=0|x,u=0,z,D)","p(y=1|x,u=0,z,D)","p(y=2|x,u=0,z,D)","p(y=0|x,u=1,z,D)","p(y=1|x,u=1,z,D)","p(y=2|x,u=1,z,D)","p(y=0|x,u=2,z,D)","p(y=1|x,u=2,z,D)","p(y=2|x,u=2,z,D)","p(y=0|x,z,D)","p(y=1|x,z,D)","p(y=2|x,z,D)","H[p(u|z,D)]","Var[p(u|z,D)]","H[p(y|x,u=0,z,D)]","H[p(y|x,u=1,z,D)]","H[p(y|x,u=2,z,D)]","Var[p(y|x,u=0,z,D)]","Var[p(y|x,u=1,z,D)]","Var[p(y|x,u=2,z,D)]","H[p(y|x,D)]","Var[p(y|x,D)]",Va,Ve,Va_variance,Ve_variance,kl_pyx_pyxz,kl_pyxz_pyx,api_calls
-1.1,-2.4,x1 = -1.1; x2 = -2.4,-1.1,-2.4,x1 = -1.1; x2 = -2.4,0.23387698445005484,0.4029440070558457,0.3631790084940994,0.23716581454730873,0.3990950044939206,0.3637391809587706,0.730607182333633,0.14374161282702574,0.12565120483934122,0.14965845663893287,0.6713512468593339,0.1789902965017332,0.1277766680202475,0.19089953373505278,0.6813237982446997,0.2794803705084639,0.3714611656189898,0.34905846387254624,1.55195,0.58488,1.10911,1.2403,1.21253,0.49029,0.32779,0.50269,1.54934,0.58034,1.19909,0.35024999999999995,0.42995,0.15038999999999997,0.005521104614271476,0.005723739108981765,36850
