z_x1,z_x2,z_note,x_x1,x_x2,x_note,"p(y=0|x,D)","p(y=1|x,D)","p(y=2|x,D)","p(u=0|z,D)","p(u=1|z,D)","p(u=2|z,D)","p(y=0|x,u=0,z,D)","p(y=1|x,u=0,z,D)","p(y=2|x,u=0,z,D)","p(y=0|x,u=1,z,D)","p(y=1|x,u=1,z,D)","p(y=2|x,u=1,z,D)","p(y=0|x,u=2,z,D)","p(y=1|x,u=2,z,D)","p(y=2|x,u=2,z,D)","p(y=0|x,z,D)","p(y=1|x,z,D)","p(y=2|x,z,D)","H[p(u|z,D)]","Var[p(u|z,D)]","H[p(y|x,u=0,z,D)]","H[p(y|x,u=1,z,D)]","H[p(y|x,u=2,z,D)]","Var[p(y|x,u=0,z,D)]","Var[p(y|x,u=1,z,D)]","Var[p(y|x,u=2,z,D)]","H[p(y|x,D)]","Var[p(y|x,D)]",Va,Ve,Va_variance,Ve_variance,kl_pyx_pyxz,kl_pyxz_pyx,api_calls
-1.8,-3.2,x1 = -1.8; x2 = -3.2,-1.8,-3.2,x1 = -1.8; x2 = -3.2,0.22051090551102615,0.2551654552675737,0.5243236392214,0.22051090551102615,0.2551654552675737,0.5243236392214,0.7405610648541698,0.09078713323179474,0.16865180191403528,0.13293560361790807,0.6396804738255066,0.22738392255658518,0.09129093434196342,0.0965596473612,0.8121494182968366,0.24508835973773613,0.23387241799351535,0.5210392222687483,1.47215,0.65253,1.06822,1.2852,0.8847,0.58213,0.3514,0.3838,1.47215,0.65253,1.02736,0.44479,0.41927,0.23326000000000008,0.0022272047686553885,0.0022459732489366444,8450
