z_x1,z_x2,z_note,x_x1,x_x2,x_note,"p(y=0|x,D)","p(y=1|x,D)","p(y=2|x,D)","p(u=0|z,D)","p(u=1|z,D)","p(u=2|z,D)","p(y=0|x,u=0,z,D)","p(y=1|x,u=0,z,D)","p(y=2|x,u=0,z,D)","p(y=0|x,u=1,z,D)","p(y=1|x,u=1,z,D)","p(y=2|x,u=1,z,D)","p(y=0|x,u=2,z,D)","p(y=1|x,u=2,z,D)","p(y=2|x,u=2,z,D)","p(y=0|x,z,D)","p(y=1|x,z,D)","p(y=2|x,z,D)","H[p(u|z,D)]","Var[p(u|z,D)]","H[p(y|x,u=0,z,D)]","H[p(y|x,u=1,z,D)]","H[p(y|x,u=2,z,D)]","Var[p(y|x,u=0,z,D)]","Var[p(y|x,u=1,z,D)]","Var[p(y|x,u=2,z,D)]","H[p(y|x,D)]","Var[p(y|x,D)]",Va,Ve,Va_variance,Ve_variance,kl_pyx_pyxz,kl_pyxz_pyx,api_calls
3.6,-2.5,x1 = 3.6; x2 = -2.5,3.6,-2.5,x1 = 3.6; x2 = -2.5,0.8566812701090724,0.07078139003970223,0.07253733985122543,0.855938946321945,0.07193740509542362,0.0721236485826314,0.9140319192187054,0.04217379659678337,0.0437942841845115,0.20625360266259296,0.6660649130827707,0.12768148425463635,0.1476417262457975,0.09395448051498725,0.7584037932392151,0.8078413267876984,0.09078951642915682,0.10136915678314512,0.73884,0.3137,0.50881,1.23937,1.0306,0.20051,0.32776,0.53302,0.73617,0.31434,0.599,0.13717000000000001,0.23365,0.08069000000000001,0.008390677225613579,0.009106287527117,64800
