z_x1,z_x2,z_note,x_x1,x_x2,x_note,"p(y=0|x,D)","p(y=1|x,D)","p(y=2|x,D)","p(u=0|z,D)","p(u=1|z,D)","p(u=2|z,D)","p(y=0|x,u=0,z,D)","p(y=1|x,u=0,z,D)","p(y=2|x,u=0,z,D)","p(y=0|x,u=1,z,D)","p(y=1|x,u=1,z,D)","p(y=2|x,u=1,z,D)","p(y=0|x,u=2,z,D)","p(y=1|x,u=2,z,D)","p(y=2|x,u=2,z,D)","p(y=0|x,z,D)","p(y=1|x,z,D)","p(y=2|x,z,D)","H[p(u|z,D)]","Var[p(u|z,D)]","H[p(y|x,u=0,z,D)]","H[p(y|x,u=1,z,D)]","H[p(y|x,u=2,z,D)]","Var[p(y|x,u=0,z,D)]","Var[p(y|x,u=1,z,D)]","Var[p(y|x,u=2,z,D)]","H[p(y|x,D)]","Var[p(y|x,D)]",Va,Ve,Va_variance,Ve_variance,kl_pyx_pyxz,kl_pyxz_pyx,api_calls
2.0,3.3,x1 = 2.0; x2 = 3.3,2.0,3.3,x1 = 2.0; x2 = 3.3,0.31661524700475063,0.3706732966803793,0.31271145631487,0.31954058807703345,0.3728037503870874,0.3076556615358791,0.8609479653986488,0.0770424011569832,0.06200963344436804,0.1372500581871966,0.7158833801021136,0.1468665617106898,0.11547000952646784,0.12006319980194977,0.7644667906715823,0.36180015776866226,0.32844030627560516,0.30975953595573247,1.57983,0.62705,0.71963,1.14488,1.023,0.28466,0.28402,0.45874,1.5805,0.62931,0.9715,0.609,0.33798,0.29133000000000003,0.005566831916262555,0.005597800043172457,3700
