z_x1,z_x2,z_note,x_x1,x_x2,x_note,"p(y=0|x,D)","p(y=1|x,D)","p(y=2|x,D)","p(u=0|z,D)","p(u=1|z,D)","p(u=2|z,D)","p(y=0|x,u=0,z,D)","p(y=1|x,u=0,z,D)","p(y=2|x,u=0,z,D)","p(y=0|x,u=1,z,D)","p(y=1|x,u=1,z,D)","p(y=2|x,u=1,z,D)","p(y=0|x,u=2,z,D)","p(y=1|x,u=2,z,D)","p(y=2|x,u=2,z,D)","p(y=0|x,z,D)","p(y=1|x,z,D)","p(y=2|x,z,D)","H[p(u|z,D)]","Var[p(u|z,D)]","H[p(y|x,u=0,z,D)]","H[p(y|x,u=1,z,D)]","H[p(y|x,u=2,z,D)]","Var[p(y|x,u=0,z,D)]","Var[p(y|x,u=1,z,D)]","Var[p(y|x,u=2,z,D)]","H[p(y|x,D)]","Var[p(y|x,D)]",Va,Ve,Va_variance,Ve_variance,kl_pyx_pyxz,kl_pyxz_pyx,api_calls
3.5,-3.4,x1 = 3.5; x2 = -3.4,3.5,-3.4,x1 = 3.5; x2 = -3.4,0.6927624188927953,0.14857319146711148,0.15866438964009316,0.6933993547798579,0.14669480356858683,0.1599058416515552,0.9311680081391346,0.034289949917795694,0.034542041943069576,0.17620981144295692,0.7026957603947119,0.12109442816233111,0.11283854820649361,0.08282864908996364,0.8043328027035427,0.6895639027335027,0.14010323053360615,0.17033286673289103,1.1954,0.56869,0.43038,1.16786,0.90551,0.16177,0.29427,0.43901,1.19696,0.56617,0.61454,0.58242,0.22554,0.34063,0.0006675449912685438,0.0006724625341556836,60350
