z_x1,z_x2,z_note,x_x1,x_x2,x_note,"p(y=0|x,D)","p(y=1|x,D)","p(y=2|x,D)","p(u=0|z,D)","p(u=1|z,D)","p(u=2|z,D)","p(y=0|x,u=0,z,D)","p(y=1|x,u=0,z,D)","p(y=2|x,u=0,z,D)","p(y=0|x,u=1,z,D)","p(y=1|x,u=1,z,D)","p(y=2|x,u=1,z,D)","p(y=0|x,u=2,z,D)","p(y=1|x,u=2,z,D)","p(y=2|x,u=2,z,D)","p(y=0|x,z,D)","p(y=1|x,z,D)","p(y=2|x,z,D)","H[p(u|z,D)]","Var[p(u|z,D)]","H[p(y|x,u=0,z,D)]","H[p(y|x,u=1,z,D)]","H[p(y|x,u=2,z,D)]","Var[p(y|x,u=0,z,D)]","Var[p(y|x,u=1,z,D)]","Var[p(y|x,u=2,z,D)]","H[p(y|x,D)]","Var[p(y|x,D)]",Va,Ve,Va_variance,Ve_variance,kl_pyx_pyxz,kl_pyxz_pyx,api_calls
1.8,-2.3,x1 = 1.8; x2 = -2.3,1.8,-2.3,x1 = 1.8; x2 = -2.3,0.6707966948087793,0.21314458980971313,0.11605871538150744,0.6812010442759614,0.20590064003967087,0.1128983156843677,0.8275835906277621,0.10369596025298469,0.06872044911925329,0.2855413900334442,0.5901592590996674,0.12429935086688845,0.2469211189637702,0.16467034796675564,0.5884085330694742,0.6504209395648938,0.21074297051409668,0.13883608992100957,1.20201,0.47113,0.83047,1.33924,1.37698,0.32043,0.38384,0.71872,1.22235,0.47912,0.99693,0.22542000000000006,0.37845,0.10066999999999998,0.0023094154385383744,0.002427971597147305,72900
