z_x1,z_x2,z_note,x_x1,x_x2,x_note,"p(y=0|x,D)","p(y=1|x,D)","p(y=2|x,D)","p(u=0|z,D)","p(u=1|z,D)","p(u=2|z,D)","p(y=0|x,u=0,z,D)","p(y=1|x,u=0,z,D)","p(y=2|x,u=0,z,D)","p(y=0|x,u=1,z,D)","p(y=1|x,u=1,z,D)","p(y=2|x,u=1,z,D)","p(y=0|x,u=2,z,D)","p(y=1|x,u=2,z,D)","p(y=2|x,u=2,z,D)","p(y=0|x,z,D)","p(y=1|x,z,D)","p(y=2|x,z,D)","H[p(u|z,D)]","Var[p(u|z,D)]","H[p(y|x,u=0,z,D)]","H[p(y|x,u=1,z,D)]","H[p(y|x,u=2,z,D)]","Var[p(y|x,u=0,z,D)]","Var[p(y|x,u=1,z,D)]","Var[p(y|x,u=2,z,D)]","H[p(y|x,D)]","Var[p(y|x,D)]",Va,Ve,Va_variance,Ve_variance,kl_pyx_pyxz,kl_pyxz_pyx,api_calls
0.7,1.0,x1 = 0.7; x2 = 1.0,0.7,1.0,x1 = 0.7; x2 = 1.0,0.3017849547182801,0.36594832914415615,0.33226671613756376,0.30795335862443696,0.3649940935753887,0.32705254780017445,0.7322553946854052,0.14623254399911761,0.12151206131547723,0.17232053187584462,0.6593523953213891,0.16832707280276632,0.1754449056803385,0.17954953880324923,0.6450055555164123,0.345776187902002,0.3444146670637647,0.3098091450342334,1.58134,0.63464,1.10431,1.26605,1.29341,0.48076,0.34063,0.59996,1.5805,0.63312,1.22519,0.35531,0.4686,0.16452,0.004379771848016495,0.004483965710023529,30550
