z_x1,z_x2,z_note,x_x1,x_x2,x_note,"p(y=0|x,D)","p(y=1|x,D)","p(y=2|x,D)","p(u=0|z,D)","p(u=1|z,D)","p(u=2|z,D)","p(y=0|x,u=0,z,D)","p(y=1|x,u=0,z,D)","p(y=2|x,u=0,z,D)","p(y=0|x,u=1,z,D)","p(y=1|x,u=1,z,D)","p(y=2|x,u=1,z,D)","p(y=0|x,u=2,z,D)","p(y=1|x,u=2,z,D)","p(y=2|x,u=2,z,D)","p(y=0|x,z,D)","p(y=1|x,z,D)","p(y=2|x,z,D)","H[p(u|z,D)]","Var[p(u|z,D)]","H[p(y|x,u=0,z,D)]","H[p(y|x,u=1,z,D)]","H[p(y|x,u=2,z,D)]","Var[p(y|x,u=0,z,D)]","Var[p(y|x,u=1,z,D)]","Var[p(y|x,u=2,z,D)]","H[p(y|x,D)]","Var[p(y|x,D)]",Va,Ve,Va_variance,Ve_variance,kl_pyx_pyxz,kl_pyxz_pyx,api_calls
-0.6,-2.3,x1 = -0.6; x2 = -2.3,-0.6,-2.3,x1 = -0.6; x2 = -2.3,0.22526606896280596,0.43555219328585204,0.33918173775134186,0.2271161776527558,0.43932183521724866,0.33356198712999563,0.6665488586395881,0.21573552503549517,0.1177156163249167,0.1473868055835948,0.6835085917994798,0.16910460261692534,0.12325154980419947,0.25017587342703546,0.6265725767687649,0.25724630277836336,0.432726438238381,0.31002725898325556,1.53536,0.54935,1.23077,1.21594,1.29495,0.48305,0.31602,0.49649,1.53573,0.55147,1.24566,0.29007000000000005,0.41415,0.13732,0.0034147345983428674,0.0034693737768142358,56900
