z_x1,z_x2,z_note,x_x1,x_x2,x_note,"p(y=0|x,D)","p(y=1|x,D)","p(y=2|x,D)","p(u=0|z,D)","p(u=1|z,D)","p(u=2|z,D)","p(y=0|x,u=0,z,D)","p(y=1|x,u=0,z,D)","p(y=2|x,u=0,z,D)","p(y=0|x,u=1,z,D)","p(y=1|x,u=1,z,D)","p(y=2|x,u=1,z,D)","p(y=0|x,u=2,z,D)","p(y=1|x,u=2,z,D)","p(y=2|x,u=2,z,D)","p(y=0|x,z,D)","p(y=1|x,z,D)","p(y=2|x,z,D)","H[p(u|z,D)]","Var[p(u|z,D)]","H[p(y|x,u=0,z,D)]","H[p(y|x,u=1,z,D)]","H[p(y|x,u=2,z,D)]","Var[p(y|x,u=0,z,D)]","Var[p(y|x,u=1,z,D)]","Var[p(y|x,u=2,z,D)]","H[p(y|x,D)]","Var[p(y|x,D)]",Va,Ve,Va_variance,Ve_variance,kl_pyx_pyxz,kl_pyxz_pyx,api_calls
-3.5,-2.7,x1 = -3.5; x2 = -2.7,-3.5,-2.7,x1 = -3.5; x2 = -2.7,0.2620444198680868,0.14282772183841091,0.5951278582935022,0.26041894177786185,0.13895677265489872,0.6006242855672395,0.7810741719257366,0.057809072785251235,0.16111675528901215,0.13647196302913953,0.6251122083708249,0.23841582860003538,0.07451313225018857,0.060877465602366364,0.8646094021474451,0.26712460966647467,0.13848263686684642,0.5943927534666789,1.34289,0.7453,0.94052,1.30899,0.70644,0.55784,0.3645,0.31487,1.3529,0.74623,0.85113,0.5017699999999999,0.38504,0.36118999999999996,0.00011653579423370579,0.00011615658676236099,20700
