z_x1,z_x2,z_note,x_x1,x_x2,x_note,"p(y=0|x,D)","p(y=1|x,D)","p(y=2|x,D)","p(u=0|z,D)","p(u=1|z,D)","p(u=2|z,D)","p(y=0|x,u=0,z,D)","p(y=1|x,u=0,z,D)","p(y=2|x,u=0,z,D)","p(y=0|x,u=1,z,D)","p(y=1|x,u=1,z,D)","p(y=2|x,u=1,z,D)","p(y=0|x,u=2,z,D)","p(y=1|x,u=2,z,D)","p(y=2|x,u=2,z,D)","p(y=0|x,z,D)","p(y=1|x,z,D)","p(y=2|x,z,D)","H[p(u|z,D)]","Var[p(u|z,D)]","H[p(y|x,u=0,z,D)]","H[p(y|x,u=1,z,D)]","H[p(y|x,u=2,z,D)]","Var[p(y|x,u=0,z,D)]","Var[p(y|x,u=1,z,D)]","Var[p(y|x,u=2,z,D)]","H[p(y|x,D)]","Var[p(y|x,D)]",Va,Ve,Va_variance,Ve_variance,kl_pyx_pyxz,kl_pyxz_pyx,api_calls
-1.4,-0.2,x1 = -1.4; x2 = -0.2,-1.4,-0.2,x1 = -1.4; x2 = -0.2,0.3450988188971139,0.3269306295181547,0.32797055158473143,0.34920609060342955,0.3269866263565572,0.3238072830400133,0.6601606654434231,0.18941800986428708,0.15042132469228991,0.17113486010038262,0.6256742772631829,0.20319086263643454,0.17337648110343634,0.20576592020999485,0.6208575986865689,0.34263150299502376,0.3373615474003815,0.32000694960459486,1.58414,0.67237,1.26127,1.32628,1.33458,0.55075,0.3733,0.59399,1.58451,0.67278,1.30627,0.27824000000000004,0.50673,0.16605000000000003,0.0002700859810536721,0.0002709776767589236,25950
