z_x1,z_x2,z_note,x_x1,x_x2,x_note,"p(y=0|x,D)","p(y=1|x,D)","p(y=2|x,D)","p(u=0|z,D)","p(u=1|z,D)","p(u=2|z,D)","p(y=0|x,u=0,z,D)","p(y=1|x,u=0,z,D)","p(y=2|x,u=0,z,D)","p(y=0|x,u=1,z,D)","p(y=1|x,u=1,z,D)","p(y=2|x,u=1,z,D)","p(y=0|x,u=2,z,D)","p(y=1|x,u=2,z,D)","p(y=2|x,u=2,z,D)","p(y=0|x,z,D)","p(y=1|x,z,D)","p(y=2|x,z,D)","H[p(u|z,D)]","Var[p(u|z,D)]","H[p(y|x,u=0,z,D)]","H[p(y|x,u=1,z,D)]","H[p(y|x,u=2,z,D)]","Var[p(y|x,u=0,z,D)]","Var[p(y|x,u=1,z,D)]","Var[p(y|x,u=2,z,D)]","H[p(y|x,D)]","Var[p(y|x,D)]",Va,Ve,Va_variance,Ve_variance,kl_pyx_pyxz,kl_pyxz_pyx,api_calls
-3.9,-2.1,x1 = -3.9; x2 = -2.1,-3.9,-2.1,x1 = -3.9; x2 = -2.1,0.29220150113556154,0.14082341195736853,0.56697508690707,0.2961184541945795,0.14551222440957995,0.5583693213958406,0.7838967072226899,0.061673123481952766,0.1544301692953574,0.14457509493504836,0.6295787116978699,0.22584619336708175,0.09569255704218763,0.06917640695837476,0.8351310359994377,0.306595512987508,0.14849993218085217,0.54490455483164,1.39398,0.78571,0.93942,1.30845,0.80761,0.5421,0.36382,0.38405,1.38105,0.78368,0.91952,0.4615300000000001,0.42791,0.35577000000000003,0.0009862753026109623,0.0009896276739598982,5000
