z_x1,z_x2,z_note,x_x1,x_x2,x_note,"p(y=0|x,D)","p(y=1|x,D)","p(y=2|x,D)","p(u=0|z,D)","p(u=1|z,D)","p(u=2|z,D)","p(y=0|x,u=0,z,D)","p(y=1|x,u=0,z,D)","p(y=2|x,u=0,z,D)","p(y=0|x,u=1,z,D)","p(y=1|x,u=1,z,D)","p(y=2|x,u=1,z,D)","p(y=0|x,u=2,z,D)","p(y=1|x,u=2,z,D)","p(y=2|x,u=2,z,D)","p(y=0|x,z,D)","p(y=1|x,z,D)","p(y=2|x,z,D)","H[p(u|z,D)]","Var[p(u|z,D)]","H[p(y|x,u=0,z,D)]","H[p(y|x,u=1,z,D)]","H[p(y|x,u=2,z,D)]","Var[p(y|x,u=0,z,D)]","Var[p(y|x,u=1,z,D)]","Var[p(y|x,u=2,z,D)]","H[p(y|x,D)]","Var[p(y|x,D)]",Va,Ve,Va_variance,Ve_variance,kl_pyx_pyxz,kl_pyxz_pyx,api_calls
2.7,-1.8,x1 = 2.7; x2 = -1.8,2.7,-1.8,x1 = 2.7; x2 = -1.8,0.7809753814841276,0.1255696804370504,0.09345493807882206,0.783795492461663,0.12454762870485006,0.0916568788334868,0.8547524911808427,0.08279795265131769,0.062449556167839634,0.21282523505532872,0.6408730612013782,0.146301703743293,0.20404820359412765,0.1450053896462975,0.6509464067595749,0.7151604495856331,0.15800662357562015,0.12683292683874675,0.96576,0.3964,0.741,1.29214,1.27503,0.28946,0.3547,0.65528,0.974,0.40175,0.85859,0.11541000000000001,0.33112,0.07062999999999997,0.01136125862840819,0.012079453951209858,29150
