z_x1,z_x2,z_note,x_x1,x_x2,x_note,"p(y=0|x,D)","p(y=1|x,D)","p(y=2|x,D)","p(u=0|z,D)","p(u=1|z,D)","p(u=2|z,D)","p(y=0|x,u=0,z,D)","p(y=1|x,u=0,z,D)","p(y=2|x,u=0,z,D)","p(y=0|x,u=1,z,D)","p(y=1|x,u=1,z,D)","p(y=2|x,u=1,z,D)","p(y=0|x,u=2,z,D)","p(y=1|x,u=2,z,D)","p(y=2|x,u=2,z,D)","p(y=0|x,z,D)","p(y=1|x,z,D)","p(y=2|x,z,D)","H[p(u|z,D)]","Var[p(u|z,D)]","H[p(y|x,u=0,z,D)]","H[p(y|x,u=1,z,D)]","H[p(y|x,u=2,z,D)]","Var[p(y|x,u=0,z,D)]","Var[p(y|x,u=1,z,D)]","Var[p(y|x,u=2,z,D)]","H[p(y|x,D)]","Var[p(y|x,D)]",Va,Ve,Va_variance,Ve_variance,kl_pyx_pyxz,kl_pyxz_pyx,api_calls
-1.6,1.2,x1 = -1.6; x2 = 1.2,-1.6,1.2,x1 = -1.6; x2 = 1.2,0.264506240612601,0.31729265816600094,0.4182011012213981,0.26602140535183966,0.3186348104605125,0.41534378418764784,0.6527897943809873,0.16041796041034767,0.18679224520866505,0.17682825266970248,0.6283683218921805,0.19480342543811704,0.14947959200165026,0.15423755571655454,0.6962828522817953,0.292085114674834,0.30695624247270864,0.4009586428524574,1.56046,0.65907,1.27732,1.32292,1.18945,0.62243,0.37131,0.54677,1.55895,0.65909,1.25535,0.3036000000000001,0.51099,0.1480999999999999,0.0018826874735589291,0.0019209105677995518,18650
