z_x1,z_x2,z_note,x_x1,x_x2,x_note,"p(y=0|x,D)","p(y=1|x,D)","p(y=2|x,D)","p(u=0|z,D)","p(u=1|z,D)","p(u=2|z,D)","p(y=0|x,u=0,z,D)","p(y=1|x,u=0,z,D)","p(y=2|x,u=0,z,D)","p(y=0|x,u=1,z,D)","p(y=1|x,u=1,z,D)","p(y=2|x,u=1,z,D)","p(y=0|x,u=2,z,D)","p(y=1|x,u=2,z,D)","p(y=2|x,u=2,z,D)","p(y=0|x,z,D)","p(y=1|x,z,D)","p(y=2|x,z,D)","H[p(u|z,D)]","Var[p(u|z,D)]","H[p(y|x,u=0,z,D)]","H[p(y|x,u=1,z,D)]","H[p(y|x,u=2,z,D)]","Var[p(y|x,u=0,z,D)]","Var[p(y|x,u=1,z,D)]","Var[p(y|x,u=2,z,D)]","H[p(y|x,D)]","Var[p(y|x,D)]",Va,Ve,Va_variance,Ve_variance,kl_pyx_pyxz,kl_pyxz_pyx,api_calls
0.1,-1.0,x1 = 0.1; x2 = -1.0,0.1,-1.0,x1 = 0.1; x2 = -1.0,0.33778734136179056,0.3396942939222941,0.3225183647159154,0.33958022907086727,0.3398266896353076,0.3205930812938251,0.7543780512139124,0.13499457635429254,0.11062737243179492,0.1656157550458009,0.6557388505552366,0.17864539439896251,0.14944100270338984,0.18284653364965991,0.6677124636469502,0.36036227675424,0.32729838563780267,0.3123393376079574,1.58443,0.65981,1.04814,1.27274,1.24711,0.45059,0.34409,0.54855,1.58458,0.66007,1.18825,0.39633000000000007,0.4458,0.21427000000000007,0.0011182724011369743,0.0011294184797071855,5550
