z_x1,z_x2,z_note,x_x1,x_x2,x_note,"p(y=0|x,D)","p(y=1|x,D)","p(y=2|x,D)","p(u=0|z,D)","p(u=1|z,D)","p(u=2|z,D)","p(y=0|x,u=0,z,D)","p(y=1|x,u=0,z,D)","p(y=2|x,u=0,z,D)","p(y=0|x,u=1,z,D)","p(y=1|x,u=1,z,D)","p(y=2|x,u=1,z,D)","p(y=0|x,u=2,z,D)","p(y=1|x,u=2,z,D)","p(y=2|x,u=2,z,D)","p(y=0|x,z,D)","p(y=1|x,z,D)","p(y=2|x,z,D)","H[p(u|z,D)]","Var[p(u|z,D)]","H[p(y|x,u=0,z,D)]","H[p(y|x,u=1,z,D)]","H[p(y|x,u=2,z,D)]","Var[p(y|x,u=0,z,D)]","Var[p(y|x,u=1,z,D)]","Var[p(y|x,u=2,z,D)]","H[p(y|x,D)]","Var[p(y|x,D)]",Va,Ve,Va_variance,Ve_variance,kl_pyx_pyxz,kl_pyxz_pyx,api_calls
1.6,-1.0,x1 = 1.6; x2 = -1.0,1.6,-1.0,x1 = 1.6; x2 = -1.0,0.3731499006074624,0.28667677919669377,0.34017332019584395,0.3731208839569392,0.2865217670336569,0.34035734900940395,0.7037886718000278,0.14300322483312783,0.1532081033668444,0.20561380916025854,0.5917351622946729,0.20265102854506845,0.1690037957010288,0.17451685683557544,0.6564793474633958,0.37903276714535394,0.28230058872505714,0.3386666441295889,1.57658,0.7124,1.17257,1.38383,1.2716,0.55386,0.40826,0.58785,1.57661,0.71224,1.26681,0.3098000000000001,0.52371,0.18852999999999998,8.298343685876966e-05,8.304580410346471e-05,65550
