z_x1,z_x2,z_note,x_x1,x_x2,x_note,"p(y=0|x,D)","p(y=1|x,D)","p(y=2|x,D)","p(u=0|z,D)","p(u=1|z,D)","p(u=2|z,D)","p(y=0|x,u=0,z,D)","p(y=1|x,u=0,z,D)","p(y=2|x,u=0,z,D)","p(y=0|x,u=1,z,D)","p(y=1|x,u=1,z,D)","p(y=2|x,u=1,z,D)","p(y=0|x,u=2,z,D)","p(y=1|x,u=2,z,D)","p(y=2|x,u=2,z,D)","p(y=0|x,z,D)","p(y=1|x,z,D)","p(y=2|x,z,D)","H[p(u|z,D)]","Var[p(u|z,D)]","H[p(y|x,u=0,z,D)]","H[p(y|x,u=1,z,D)]","H[p(y|x,u=2,z,D)]","Var[p(y|x,u=0,z,D)]","Var[p(y|x,u=1,z,D)]","Var[p(y|x,u=2,z,D)]","H[p(y|x,D)]","Var[p(y|x,D)]",Va,Ve,Va_variance,Ve_variance,kl_pyx_pyxz,kl_pyxz_pyx,api_calls
-2.4,0.6,x1 = -2.4; x2 = 0.6,-2.4,0.6,x1 = -2.4; x2 = 0.6,0.31677532575079154,0.2869235195096416,0.39630115473956673,0.3139815080543831,0.28819300809666754,0.3978254838489494,0.7017923063362003,0.1325493223003299,0.16565837136346975,0.1710420017904094,0.629130527854913,0.19982747035467768,0.13542883448546977,0.12641668704187797,0.7381544784726524,0.32351995729753874,0.27322083510441203,0.4032592075980493,1.57104,0.70478,1.17464,1.32059,1.09114,0.58001,0.37004,0.51031,1.57138,0.70675,1.18348,0.3878999999999999,0.49177,0.21498,0.00046918274983430604,0.0004645643321659187,66350
