z_x1,z_x2,z_note,x_x1,x_x2,x_note,"p(y=0|x,D)","p(y=1|x,D)","p(y=2|x,D)","p(u=0|z,D)","p(u=1|z,D)","p(u=2|z,D)","p(y=0|x,u=0,z,D)","p(y=1|x,u=0,z,D)","p(y=2|x,u=0,z,D)","p(y=0|x,u=1,z,D)","p(y=1|x,u=1,z,D)","p(y=2|x,u=1,z,D)","p(y=0|x,u=2,z,D)","p(y=1|x,u=2,z,D)","p(y=2|x,u=2,z,D)","p(y=0|x,z,D)","p(y=1|x,z,D)","p(y=2|x,z,D)","H[p(u|z,D)]","Var[p(u|z,D)]","H[p(y|x,u=0,z,D)]","H[p(y|x,u=1,z,D)]","H[p(y|x,u=2,z,D)]","Var[p(y|x,u=0,z,D)]","Var[p(y|x,u=1,z,D)]","Var[p(y|x,u=2,z,D)]","H[p(y|x,D)]","Var[p(y|x,D)]",Va,Ve,Va_variance,Ve_variance,kl_pyx_pyxz,kl_pyxz_pyx,api_calls
-1.7,-0.9,x1 = -1.7; x2 = -0.9,-1.7,-0.9,x1 = -1.7; x2 = -0.9,0.36421808874678485,0.295069538375366,0.3407123728778491,0.36421808874678485,0.295069538375366,0.3407123728778491,0.6800606719153501,0.16555826580193683,0.15438106228271298,0.1784250540640149,0.6107988806722167,0.2107760652637684,0.1756141324738446,0.17230419966477187,0.6520816678613836,0.36017210428018026,0.29923363163135797,0.3405942640884617,1.57955,0.70438,1.22397,1.35154,1.28009,0.5581,0.38815,0.60067,1.57955,0.70438,1.28073,0.2988200000000001,0.52246,0.18191999999999997,5.176989866364091e-05,5.1822039060166986e-05,13600
