z_x1,z_x2,z_note,x_x1,x_x2,x_note,"p(y=0|x,D)","p(y=1|x,D)","p(y=2|x,D)","p(u=0|z,D)","p(u=1|z,D)","p(u=2|z,D)","p(y=0|x,u=0,z,D)","p(y=1|x,u=0,z,D)","p(y=2|x,u=0,z,D)","p(y=0|x,u=1,z,D)","p(y=1|x,u=1,z,D)","p(y=2|x,u=1,z,D)","p(y=0|x,u=2,z,D)","p(y=1|x,u=2,z,D)","p(y=2|x,u=2,z,D)","p(y=0|x,z,D)","p(y=1|x,z,D)","p(y=2|x,z,D)","H[p(u|z,D)]","Var[p(u|z,D)]","H[p(y|x,u=0,z,D)]","H[p(y|x,u=1,z,D)]","H[p(y|x,u=2,z,D)]","Var[p(y|x,u=0,z,D)]","Var[p(y|x,u=1,z,D)]","Var[p(y|x,u=2,z,D)]","H[p(y|x,D)]","Var[p(y|x,D)]",Va,Ve,Va_variance,Ve_variance,kl_pyx_pyxz,kl_pyxz_pyx,api_calls
2.3,3.0,x1 = 2.3; x2 = 3.0,2.3,3.0,x1 = 2.3; x2 = 3.0,0.2941480831743994,0.3854211566450121,0.32043076018058836,0.2992806319157765,0.37764406111307014,0.32307530697115344,0.8243704603494286,0.09654947970236907,0.07908005994820239,0.13990544124520934,0.6875462183715255,0.1725483403832651,0.11450354321969018,0.129165285628426,0.7563311711518836,0.3365458386847196,0.33027324970964156,0.3331809116056389,1.57806,0.62179,0.8448,1.20597,1.04412,0.34799,0.31139,0.45889,1.57555,0.61389,1.04559,0.52996,0.37,0.24389000000000005,0.007404950395521966,0.007317190874057413,15550
