z_x1,z_x2,z_note,x_x1,x_x2,x_note,"p(y=0|x,D)","p(y=1|x,D)","p(y=2|x,D)","p(u=0|z,D)","p(u=1|z,D)","p(u=2|z,D)","p(y=0|x,u=0,z,D)","p(y=1|x,u=0,z,D)","p(y=2|x,u=0,z,D)","p(y=0|x,u=1,z,D)","p(y=1|x,u=1,z,D)","p(y=2|x,u=1,z,D)","p(y=0|x,u=2,z,D)","p(y=1|x,u=2,z,D)","p(y=2|x,u=2,z,D)","p(y=0|x,z,D)","p(y=1|x,z,D)","p(y=2|x,z,D)","H[p(u|z,D)]","Var[p(u|z,D)]","H[p(y|x,u=0,z,D)]","H[p(y|x,u=1,z,D)]","H[p(y|x,u=2,z,D)]","Var[p(y|x,u=0,z,D)]","Var[p(y|x,u=1,z,D)]","Var[p(y|x,u=2,z,D)]","H[p(y|x,D)]","Var[p(y|x,D)]",Va,Ve,Va_variance,Ve_variance,kl_pyx_pyxz,kl_pyxz_pyx,api_calls
-0.1,-1.0,x1 = -0.1; x2 = -1.0,-0.1,-1.0,x1 = -0.1; x2 = -1.0,0.3108806230630305,0.330771813582162,0.35834756335480744,0.30852633743078955,0.3315707768611066,0.35990288570810386,0.6860045966967069,0.16385239736620932,0.15014300593708382,0.1601432000150528,0.6101307814772691,0.22972601850767815,0.1439606155445467,0.19209220133995938,0.6639471831154939,0.3165611318803328,0.3219888548242165,0.3614500132954507,1.5821,0.66579,1.2113,1.34558,1.25205,0.549,0.38503,0.53752,1.58251,0.66698,1.27049,0.3120200000000002,0.4905,0.17648000000000003,0.00018334010478061316,0.00018262878806818037,77550
