z_x1,z_x2,z_note,x_x1,x_x2,x_note,"p(y=0|x,D)","p(y=1|x,D)","p(y=2|x,D)","p(u=0|z,D)","p(u=1|z,D)","p(u=2|z,D)","p(y=0|x,u=0,z,D)","p(y=1|x,u=0,z,D)","p(y=2|x,u=0,z,D)","p(y=0|x,u=1,z,D)","p(y=1|x,u=1,z,D)","p(y=2|x,u=1,z,D)","p(y=0|x,u=2,z,D)","p(y=1|x,u=2,z,D)","p(y=2|x,u=2,z,D)","p(y=0|x,z,D)","p(y=1|x,z,D)","p(y=2|x,z,D)","H[p(u|z,D)]","Var[p(u|z,D)]","H[p(y|x,u=0,z,D)]","H[p(y|x,u=1,z,D)]","H[p(y|x,u=2,z,D)]","Var[p(y|x,u=0,z,D)]","Var[p(y|x,u=1,z,D)]","Var[p(y|x,u=2,z,D)]","H[p(y|x,D)]","Var[p(y|x,D)]",Va,Ve,Va_variance,Ve_variance,kl_pyx_pyxz,kl_pyxz_pyx,api_calls
-2.0,3.4,x1 = -2.0; x2 = 3.4,-2.0,3.4,x1 = -2.0; x2 = 3.4,0.2800452375939911,0.20459128262068044,0.5153634797853286,0.2804567062130921,0.20448582545641583,0.515057468330492,0.8435207805744254,0.060924191435647854,0.09555502798992681,0.11255648400419752,0.7014962497820392,0.18594726621376328,0.07239145316650474,0.07443566101691937,0.8531728858165758,0.29687302388097525,0.19887128086687922,0.5042556952521455,1.47567,0.74048,0.77672,1.16481,0.74865,0.37962,0.29312,0.31594,1.47545,0.74003,0.84162,0.6338299999999999,0.32913,0.4109,0.0006891400128433318,0.0006970440949563544,83750
