z_x1,z_x2,z_note,x_x1,x_x2,x_note,"p(y=0|x,D)","p(y=1|x,D)","p(y=2|x,D)","p(u=0|z,D)","p(u=1|z,D)","p(u=2|z,D)","p(y=0|x,u=0,z,D)","p(y=1|x,u=0,z,D)","p(y=2|x,u=0,z,D)","p(y=0|x,u=1,z,D)","p(y=1|x,u=1,z,D)","p(y=2|x,u=1,z,D)","p(y=0|x,u=2,z,D)","p(y=1|x,u=2,z,D)","p(y=2|x,u=2,z,D)","p(y=0|x,z,D)","p(y=1|x,z,D)","p(y=2|x,z,D)","H[p(u|z,D)]","Var[p(u|z,D)]","H[p(y|x,u=0,z,D)]","H[p(y|x,u=1,z,D)]","H[p(y|x,u=2,z,D)]","Var[p(y|x,u=0,z,D)]","Var[p(y|x,u=1,z,D)]","Var[p(y|x,u=2,z,D)]","H[p(y|x,D)]","Var[p(y|x,D)]",Va,Ve,Va_variance,Ve_variance,kl_pyx_pyxz,kl_pyxz_pyx,api_calls
1.4,-1.3,x1 = 1.4; x2 = -1.3,1.4,-1.3,x1 = 1.4; x2 = -1.3,0.35699609914801894,0.292000179667081,0.3510037211849001,0.34989202861085217,0.2933194811960419,0.356788490193106,0.703360020025589,0.14265757375748933,0.1539824062169217,0.1807879559155345,0.6057698643977446,0.21344217968672075,0.14929603252621565,0.18947360904992866,0.6612303584238558,0.3523957997230097,0.2952008531324162,0.3524033471445741,1.5796,0.70663,1.17347,1.35975,1.25896,0.55553,0.39316,0.54845,1.57925,0.70796,1.25861,0.32064000000000004,0.50538,0.20257999999999998,5.0094735691998083e-05,5.0032851735338276e-05,57400
