z_x1,z_x2,z_note,x_x1,x_x2,x_note,"p(y=0|x,D)","p(y=1|x,D)","p(y=2|x,D)","p(u=0|z,D)","p(u=1|z,D)","p(u=2|z,D)","p(y=0|x,u=0,z,D)","p(y=1|x,u=0,z,D)","p(y=2|x,u=0,z,D)","p(y=0|x,u=1,z,D)","p(y=1|x,u=1,z,D)","p(y=2|x,u=1,z,D)","p(y=0|x,u=2,z,D)","p(y=1|x,u=2,z,D)","p(y=2|x,u=2,z,D)","p(y=0|x,z,D)","p(y=1|x,z,D)","p(y=2|x,z,D)","H[p(u|z,D)]","Var[p(u|z,D)]","H[p(y|x,u=0,z,D)]","H[p(y|x,u=1,z,D)]","H[p(y|x,u=2,z,D)]","Var[p(y|x,u=0,z,D)]","Var[p(y|x,u=1,z,D)]","Var[p(y|x,u=2,z,D)]","H[p(y|x,D)]","Var[p(y|x,D)]",Va,Ve,Va_variance,Ve_variance,kl_pyx_pyxz,kl_pyxz_pyx,api_calls
1.6,3.4,x1 = 1.6; x2 = 3.4,1.6,3.4,x1 = 1.6; x2 = 3.4,0.3145658235247697,0.3361476869374128,0.3492864895378173,0.3084930835065114,0.3412755000193643,0.35023141647412437,0.8163859034441435,0.09473029377933537,0.08888380277652123,0.14481226911632075,0.6763857967824759,0.17880193410120343,0.12104215173120444,0.11523969468304338,0.7637181535857522,0.34366304849023965,0.30041810293528837,0.35591884857447215,1.58285,0.65698,0.8714,1.2293,1.02498,0.37601,0.32246,0.47173,1.58363,0.66265,1.04733,0.5363,0.39126,0.27138999999999996,0.0033754544973610507,0.0033386118110449005,67750
