z_x1,z_x2,z_note,x_x1,x_x2,x_note,"p(y=0|x,D)","p(y=1|x,D)","p(y=2|x,D)","p(u=0|z,D)","p(u=1|z,D)","p(u=2|z,D)","p(y=0|x,u=0,z,D)","p(y=1|x,u=0,z,D)","p(y=2|x,u=0,z,D)","p(y=0|x,u=1,z,D)","p(y=1|x,u=1,z,D)","p(y=2|x,u=1,z,D)","p(y=0|x,u=2,z,D)","p(y=1|x,u=2,z,D)","p(y=2|x,u=2,z,D)","p(y=0|x,z,D)","p(y=1|x,z,D)","p(y=2|x,z,D)","H[p(u|z,D)]","Var[p(u|z,D)]","H[p(y|x,u=0,z,D)]","H[p(y|x,u=1,z,D)]","H[p(y|x,u=2,z,D)]","Var[p(y|x,u=0,z,D)]","Var[p(y|x,u=1,z,D)]","Var[p(y|x,u=2,z,D)]","H[p(y|x,D)]","Var[p(y|x,D)]",Va,Ve,Va_variance,Ve_variance,kl_pyx_pyxz,kl_pyxz_pyx,api_calls
-1.9,0.2,x1 = -1.9; x2 = 0.2,-1.9,0.2,x1 = -1.9; x2 = 0.2,0.3047720772670541,0.37980557368709655,0.3154223490458494,0.3047720772670541,0.37980557368709655,0.3154223490458494,0.5824766743773513,0.2559244156155709,0.16159891000707782,0.1660558503231559,0.6355485226210109,0.1983956270558332,0.16067905636538993,0.2402987187251076,0.5990222249095025,0.29127332890691743,0.39517907334355545,0.31354759774952723,1.57797,0.62008,1.3823,1.3087,1.36102,0.56694,0.36341,0.56756,1.57797,0.62008,1.34763,0.23034,0.48983,0.13024999999999998,0.0006166526412758153,0.0006160585599321547,6150
