z_x1,z_x2,z_note,x_x1,x_x2,x_note,"p(y=0|x,D)","p(y=1|x,D)","p(y=2|x,D)","p(u=0|z,D)","p(u=1|z,D)","p(u=2|z,D)","p(y=0|x,u=0,z,D)","p(y=1|x,u=0,z,D)","p(y=2|x,u=0,z,D)","p(y=0|x,u=1,z,D)","p(y=1|x,u=1,z,D)","p(y=2|x,u=1,z,D)","p(y=0|x,u=2,z,D)","p(y=1|x,u=2,z,D)","p(y=2|x,u=2,z,D)","p(y=0|x,z,D)","p(y=1|x,z,D)","p(y=2|x,z,D)","H[p(u|z,D)]","Var[p(u|z,D)]","H[p(y|x,u=0,z,D)]","H[p(y|x,u=1,z,D)]","H[p(y|x,u=2,z,D)]","Var[p(y|x,u=0,z,D)]","Var[p(y|x,u=1,z,D)]","Var[p(y|x,u=2,z,D)]","H[p(y|x,D)]","Var[p(y|x,D)]",Va,Ve,Va_variance,Ve_variance,kl_pyx_pyxz,kl_pyxz_pyx,api_calls
-1.9,-3.2,x1 = -1.9; x2 = -3.2,-1.9,-3.2,x1 = -1.9; x2 = -3.2,0.21039296433868587,0.24378603293036788,0.5458210027309464,0.21039296433868587,0.24378603293036788,0.5458210027309464,0.7313151689082535,0.08898922792728925,0.1796956031644572,0.13072588789027303,0.6332023860883814,0.23607172602134546,0.09081771230888946,0.0982190360986141,0.8109632515924965,0.23530292666069258,0.2266986179749756,0.537998455364332,1.44634,0.6437,1.08573,1.29284,0.88828,0.60673,0.3557,0.38317,1.44634,0.6437,1.02845,0.4178899999999999,0.42351,0.22019000000000005,0.002052667724007624,0.0020893295761216244,4450
