z_x1,z_x2,z_note,x_x1,x_x2,x_note,"p(y=0|x,D)","p(y=1|x,D)","p(y=2|x,D)","p(u=0|z,D)","p(u=1|z,D)","p(u=2|z,D)","p(y=0|x,u=0,z,D)","p(y=1|x,u=0,z,D)","p(y=2|x,u=0,z,D)","p(y=0|x,u=1,z,D)","p(y=1|x,u=1,z,D)","p(y=2|x,u=1,z,D)","p(y=0|x,u=2,z,D)","p(y=1|x,u=2,z,D)","p(y=2|x,u=2,z,D)","p(y=0|x,z,D)","p(y=1|x,z,D)","p(y=2|x,z,D)","H[p(u|z,D)]","Var[p(u|z,D)]","H[p(y|x,u=0,z,D)]","H[p(y|x,u=1,z,D)]","H[p(y|x,u=2,z,D)]","Var[p(y|x,u=0,z,D)]","Var[p(y|x,u=1,z,D)]","Var[p(y|x,u=2,z,D)]","H[p(y|x,D)]","Var[p(y|x,D)]",Va,Ve,Va_variance,Ve_variance,kl_pyx_pyxz,kl_pyxz_pyx,api_calls
-1.7,-2.3,x1 = -1.7; x2 = -2.3,-1.7,-2.3,x1 = -1.7; x2 = -2.3,0.19730581705147554,0.29696887312662473,0.5057253098218998,0.19730581705147554,0.29696887312662473,0.5057253098218998,0.6419343490906451,0.14418542199081127,0.2138802289185436,0.15310809124757518,0.6012798368137042,0.24561207193872053,0.11549070240675748,0.1332028649617964,0.7513064326314463,0.23053228982130394,0.2743740782171045,0.4950936319615916,1.47958,0.60791,1.28928,1.35329,1.05698,0.67258,0.39016,0.46254,1.47958,0.60791,1.19081,0.28876999999999997,0.48249,0.12541999999999998,0.003537729058014442,0.003647433284463167,12900
