z_x1,z_x2,z_note,x_x1,x_x2,x_note,"p(y=0|x,D)","p(y=1|x,D)","p(y=2|x,D)","p(u=0|z,D)","p(u=1|z,D)","p(u=2|z,D)","p(y=0|x,u=0,z,D)","p(y=1|x,u=0,z,D)","p(y=2|x,u=0,z,D)","p(y=0|x,u=1,z,D)","p(y=1|x,u=1,z,D)","p(y=2|x,u=1,z,D)","p(y=0|x,u=2,z,D)","p(y=1|x,u=2,z,D)","p(y=2|x,u=2,z,D)","p(y=0|x,z,D)","p(y=1|x,z,D)","p(y=2|x,z,D)","H[p(u|z,D)]","Var[p(u|z,D)]","H[p(y|x,u=0,z,D)]","H[p(y|x,u=1,z,D)]","H[p(y|x,u=2,z,D)]","Var[p(y|x,u=0,z,D)]","Var[p(y|x,u=1,z,D)]","Var[p(y|x,u=2,z,D)]","H[p(y|x,D)]","Var[p(y|x,D)]",Va,Ve,Va_variance,Ve_variance,kl_pyx_pyxz,kl_pyxz_pyx,api_calls
0.5,-0.8,x1 = 0.5; x2 = -0.8,0.5,-0.8,x1 = 0.5; x2 = -0.8,0.3026375655829988,0.30702960435289645,0.3903328300641047,0.3013264889346275,0.2988922404235967,0.39978127064177577,0.7137195139767702,0.154533558225696,0.13174692779753377,0.15802345704619608,0.646595597511922,0.19538094544188195,0.13998621576144737,0.16192162742467603,0.6980921568138766,0.3182584475562137,0.30456069526731755,0.3771808571764687,1.57103,0.69141,1.14884,1.28762,1.18437,0.50677,0.35201,0.5266,1.57466,0.68528,1.20452,0.3701399999999999,0.46844,0.21683999999999998,0.0006264451242640016,0.0006304373069099707,21650
