z_x1,z_x2,z_note,x_x1,x_x2,x_note,"p(y=0|x,D)","p(y=1|x,D)","p(y=2|x,D)","p(u=0|z,D)","p(u=1|z,D)","p(u=2|z,D)","p(y=0|x,u=0,z,D)","p(y=1|x,u=0,z,D)","p(y=2|x,u=0,z,D)","p(y=0|x,u=1,z,D)","p(y=1|x,u=1,z,D)","p(y=2|x,u=1,z,D)","p(y=0|x,u=2,z,D)","p(y=1|x,u=2,z,D)","p(y=2|x,u=2,z,D)","p(y=0|x,z,D)","p(y=1|x,z,D)","p(y=2|x,z,D)","H[p(u|z,D)]","Var[p(u|z,D)]","H[p(y|x,u=0,z,D)]","H[p(y|x,u=1,z,D)]","H[p(y|x,u=2,z,D)]","Var[p(y|x,u=0,z,D)]","Var[p(y|x,u=1,z,D)]","Var[p(y|x,u=2,z,D)]","H[p(y|x,D)]","Var[p(y|x,D)]",Va,Ve,Va_variance,Ve_variance,kl_pyx_pyxz,kl_pyxz_pyx,api_calls
2.3,0.1,x1 = 2.3; x2 = 0.1,2.3,0.1,x1 = 2.3; x2 = 0.1,0.1887596633892776,0.4870867307942307,0.3241536058164917,0.18553716840363474,0.49633622290491014,0.3181266086914551,0.47036537412662155,0.3586446802733689,0.17098994560000955,0.10260057986414954,0.6900384730950854,0.20736094704076513,0.09653353168699476,0.2967577681983048,0.6067087001147005,0.16890452896878796,0.5034395502358056,0.3276559207954065,1.47815,0.48608,1.47808,1.17704,1.28309,0.55173,0.29899,0.44296,1.48634,0.49458,1.26663,0.21971000000000007,0.39168,0.10290000000000005,0.0014110892001076452,0.0013732607386309327,14100
