z_x1,z_x2,z_note,x_x1,x_x2,x_note,"p(y=0|x,D)","p(y=1|x,D)","p(y=2|x,D)","p(u=0|z,D)","p(u=1|z,D)","p(u=2|z,D)","p(y=0|x,u=0,z,D)","p(y=1|x,u=0,z,D)","p(y=2|x,u=0,z,D)","p(y=0|x,u=1,z,D)","p(y=1|x,u=1,z,D)","p(y=2|x,u=1,z,D)","p(y=0|x,u=2,z,D)","p(y=1|x,u=2,z,D)","p(y=2|x,u=2,z,D)","p(y=0|x,z,D)","p(y=1|x,z,D)","p(y=2|x,z,D)","H[p(u|z,D)]","Var[p(u|z,D)]","H[p(y|x,u=0,z,D)]","H[p(y|x,u=1,z,D)]","H[p(y|x,u=2,z,D)]","Var[p(y|x,u=0,z,D)]","Var[p(y|x,u=1,z,D)]","Var[p(y|x,u=2,z,D)]","H[p(y|x,D)]","Var[p(y|x,D)]",Va,Ve,Va_variance,Ve_variance,kl_pyx_pyxz,kl_pyxz_pyx,api_calls
-2.1,2.4,x1 = -2.1; x2 = 2.4,-2.1,2.4,x1 = -2.1; x2 = 2.4,0.27777462549201093,0.18137958727875284,0.5408457872292363,0.2767379718124991,0.17534232222631538,0.5479197059611856,0.758694393148977,0.06689004526531084,0.17441556158571203,0.136583128629585,0.619983118598027,0.24343375277238813,0.09041846341250145,0.07159981897784576,0.8379817176096529,0.2834504084228497,0.16645124697847488,0.5500983445986755,1.4289,0.75112,1.0027,1.3161,0.79955,0.59173,0.3686,0.36955,1.43963,0.74941,0.94634,0.49329,0.43087,0.31854000000000005,0.0007857322394968121,0.000768210809329881,79250
