z_x1,z_x2,z_note,x_x1,x_x2,x_note,"p(y=0|x,D)","p(y=1|x,D)","p(y=2|x,D)","p(u=0|z,D)","p(u=1|z,D)","p(u=2|z,D)","p(y=0|x,u=0,z,D)","p(y=1|x,u=0,z,D)","p(y=2|x,u=0,z,D)","p(y=0|x,u=1,z,D)","p(y=1|x,u=1,z,D)","p(y=2|x,u=1,z,D)","p(y=0|x,u=2,z,D)","p(y=1|x,u=2,z,D)","p(y=2|x,u=2,z,D)","p(y=0|x,z,D)","p(y=1|x,z,D)","p(y=2|x,z,D)","H[p(u|z,D)]","Var[p(u|z,D)]","H[p(y|x,u=0,z,D)]","H[p(y|x,u=1,z,D)]","H[p(y|x,u=2,z,D)]","Var[p(y|x,u=0,z,D)]","Var[p(y|x,u=1,z,D)]","Var[p(y|x,u=2,z,D)]","H[p(y|x,D)]","Var[p(y|x,D)]",Va,Ve,Va_variance,Ve_variance,kl_pyx_pyxz,kl_pyxz_pyx,api_calls
-0.6,3.4,x1 = -0.6; x2 = 3.4,-0.6,3.4,x1 = -0.6; x2 = 3.4,0.30487837366668985,0.21205352540655248,0.4830681009267577,0.30487837366668985,0.21205352540655248,0.4830681009267577,0.7678957563707638,0.09435991948529374,0.13774432414394236,0.12954537521505421,0.640298361746013,0.23015626303893288,0.09810939135366788,0.08440438894100294,0.8174862197053292,0.30897888022663444,0.20531889158789196,0.48570222818547365,1.50402,0.75619,1.00788,1.28156,0.86732,0.50855,0.34958,0.39809,1.50402,0.75619,0.99801,0.50601,0.42148,0.33471,0.0001437488767658179,0.00014271469031966856,59750
