z_x1,z_x2,z_note,x_x1,x_x2,x_note,"p(y=0|x,D)","p(y=1|x,D)","p(y=2|x,D)","p(u=0|z,D)","p(u=1|z,D)","p(u=2|z,D)","p(y=0|x,u=0,z,D)","p(y=1|x,u=0,z,D)","p(y=2|x,u=0,z,D)","p(y=0|x,u=1,z,D)","p(y=1|x,u=1,z,D)","p(y=2|x,u=1,z,D)","p(y=0|x,u=2,z,D)","p(y=1|x,u=2,z,D)","p(y=2|x,u=2,z,D)","p(y=0|x,z,D)","p(y=1|x,z,D)","p(y=2|x,z,D)","H[p(u|z,D)]","Var[p(u|z,D)]","H[p(y|x,u=0,z,D)]","H[p(y|x,u=1,z,D)]","H[p(y|x,u=2,z,D)]","Var[p(y|x,u=0,z,D)]","Var[p(y|x,u=1,z,D)]","Var[p(y|x,u=2,z,D)]","H[p(y|x,D)]","Var[p(y|x,D)]",Va,Ve,Va_variance,Ve_variance,kl_pyx_pyxz,kl_pyxz_pyx,api_calls
1.5,-0.7,x1 = 1.5; x2 = -0.7,1.5,-0.7,x1 = 1.5; x2 = -0.7,0.39953292441901167,0.25726311677065444,0.3432039588103339,0.3930193216402459,0.25619104483463995,0.35078963352511405,0.7626222541691495,0.11432232531973137,0.12305542051111903,0.26247332145631225,0.5570849871809284,0.1804416913627594,0.19784532490924606,0.1728999787966415,0.6292546962941123,0.4363706844859968,0.24830258787164425,0.3153267276423588,1.56302,0.74203,1.0278,1.42247,1.32078,0.47663,0.43619,0.64099,1.56224,0.73956,1.23169,0.3305500000000001,0.52393,0.21563,0.002957851658841614,0.002970385215799499,61700
