z_x1,z_x2,z_note,x_x1,x_x2,x_note,"p(y=0|x,D)","p(y=1|x,D)","p(y=2|x,D)","p(u=0|z,D)","p(u=1|z,D)","p(u=2|z,D)","p(y=0|x,u=0,z,D)","p(y=1|x,u=0,z,D)","p(y=2|x,u=0,z,D)","p(y=0|x,u=1,z,D)","p(y=1|x,u=1,z,D)","p(y=2|x,u=1,z,D)","p(y=0|x,u=2,z,D)","p(y=1|x,u=2,z,D)","p(y=2|x,u=2,z,D)","p(y=0|x,z,D)","p(y=1|x,z,D)","p(y=2|x,z,D)","H[p(u|z,D)]","Var[p(u|z,D)]","H[p(y|x,u=0,z,D)]","H[p(y|x,u=1,z,D)]","H[p(y|x,u=2,z,D)]","Var[p(y|x,u=0,z,D)]","Var[p(y|x,u=1,z,D)]","Var[p(y|x,u=2,z,D)]","H[p(y|x,D)]","Var[p(y|x,D)]",Va,Ve,Va_variance,Ve_variance,kl_pyx_pyxz,kl_pyxz_pyx,api_calls
2.0,-3.9,x1 = 2.0; x2 = -3.9,2.0,-3.9,x1 = 2.0; x2 = -3.9,0.6206141620650616,0.2032509806039812,0.1761348573309572,0.6226569295160397,0.20391939328795367,0.17342367719600682,0.9049062265510935,0.0520968222922602,0.042996951156646375,0.16225045917418673,0.7142410826857556,0.12350845814005766,0.1262067553842637,0.10231312632601933,0.7714801182897171,0.6184193873254576,0.19582957424152977,0.1857510384330128,1.33171,0.59427,0.54771,1.14514,1.00214,0.20502,0.28426,0.48131,1.33559,0.59919,0.74835,0.5872400000000001,0.26909,0.3301,0.0003960930591696693,0.00039890565913749607,100
