z_x1,z_x2,z_note,x_x1,x_x2,x_note,"p(y=0|x,D)","p(y=1|x,D)","p(y=2|x,D)","p(u=0|z,D)","p(u=1|z,D)","p(u=2|z,D)","p(y=0|x,u=0,z,D)","p(y=1|x,u=0,z,D)","p(y=2|x,u=0,z,D)","p(y=0|x,u=1,z,D)","p(y=1|x,u=1,z,D)","p(y=2|x,u=1,z,D)","p(y=0|x,u=2,z,D)","p(y=1|x,u=2,z,D)","p(y=2|x,u=2,z,D)","p(y=0|x,z,D)","p(y=1|x,z,D)","p(y=2|x,z,D)","H[p(u|z,D)]","Var[p(u|z,D)]","H[p(y|x,u=0,z,D)]","H[p(y|x,u=1,z,D)]","H[p(y|x,u=2,z,D)]","Var[p(y|x,u=0,z,D)]","Var[p(y|x,u=1,z,D)]","Var[p(y|x,u=2,z,D)]","H[p(y|x,D)]","Var[p(y|x,D)]",Va,Ve,Va_variance,Ve_variance,kl_pyx_pyxz,kl_pyxz_pyx,api_calls
-2.3,-1.6,x1 = -2.3; x2 = -1.6,-2.3,-1.6,x1 = -2.3; x2 = -1.6,0.27144143792154135,0.18125981640332828,0.5472987456751304,0.26613468381462696,0.17790758640909268,0.5559577297762804,0.6174961212938533,0.0904527429532338,0.29205113575291297,0.17400119870123065,0.5308716279251784,0.2951271733735909,0.11057171128326934,0.06947284978298816,0.8199554389337426,0.25676646587304786,0.15714267000969764,0.5860908641172546,1.42226,0.7381,1.26164,1.44356,0.85339,0.80363,0.45446,0.4273,1.43319,0.74264,1.06704,0.36615,0.53229,0.21034999999999993,0.0034873217907219686,0.003428172177686588,69250
