z_x1,z_x2,z_note,x_x1,x_x2,x_note,"p(y=0|x,D)","p(y=1|x,D)","p(y=2|x,D)","p(u=0|z,D)","p(u=1|z,D)","p(u=2|z,D)","p(y=0|x,u=0,z,D)","p(y=1|x,u=0,z,D)","p(y=2|x,u=0,z,D)","p(y=0|x,u=1,z,D)","p(y=1|x,u=1,z,D)","p(y=2|x,u=1,z,D)","p(y=0|x,u=2,z,D)","p(y=1|x,u=2,z,D)","p(y=2|x,u=2,z,D)","p(y=0|x,z,D)","p(y=1|x,z,D)","p(y=2|x,z,D)","H[p(u|z,D)]","Var[p(u|z,D)]","H[p(y|x,u=0,z,D)]","H[p(y|x,u=1,z,D)]","H[p(y|x,u=2,z,D)]","Var[p(y|x,u=0,z,D)]","Var[p(y|x,u=1,z,D)]","Var[p(y|x,u=2,z,D)]","H[p(y|x,D)]","Var[p(y|x,D)]",Va,Ve,Va_variance,Ve_variance,kl_pyx_pyxz,kl_pyxz_pyx,api_calls
1.9,1.6,x1 = 1.9; x2 = 1.6,1.9,1.6,x1 = 1.9; x2 = 1.6,0.39425794656251373,0.27072371479301044,0.3350183386444759,0.3927447216747453,0.2693502563380717,0.3379050219871831,0.7236605566855195,0.13195253308519558,0.14438691022928488,0.21942200630562653,0.5789396305111294,0.201638363183244,0.19703116162792483,0.1615684031989104,0.6414004351731648,0.4098930565691242,0.26235597359862584,0.32775096983224994,1.56821,0.72764,1.12635,1.40246,1.29758,0.53249,0.42074,0.64097,1.5683,0.72577,1.25858,0.30972,0.53905,0.18672,0.0005140898941516283,0.0005160738665211141,78850
