z_x1,z_x2,z_note,x_x1,x_x2,x_note,"p(y=0|x,D)","p(y=1|x,D)","p(y=2|x,D)","p(u=0|z,D)","p(u=1|z,D)","p(u=2|z,D)","p(y=0|x,u=0,z,D)","p(y=1|x,u=0,z,D)","p(y=2|x,u=0,z,D)","p(y=0|x,u=1,z,D)","p(y=1|x,u=1,z,D)","p(y=2|x,u=1,z,D)","p(y=0|x,u=2,z,D)","p(y=1|x,u=2,z,D)","p(y=2|x,u=2,z,D)","p(y=0|x,z,D)","p(y=1|x,z,D)","p(y=2|x,z,D)","H[p(u|z,D)]","Var[p(u|z,D)]","H[p(y|x,u=0,z,D)]","H[p(y|x,u=1,z,D)]","H[p(y|x,u=2,z,D)]","Var[p(y|x,u=0,z,D)]","Var[p(y|x,u=1,z,D)]","Var[p(y|x,u=2,z,D)]","H[p(y|x,D)]","Var[p(y|x,D)]",Va,Ve,Va_variance,Ve_variance,kl_pyx_pyxz,kl_pyxz_pyx,api_calls
-3.6,-1.3,x1 = -3.6; x2 = -1.3,-3.6,-1.3,x1 = -3.6; x2 = -1.3,0.3305602586639488,0.134430873414501,0.5350088679215503,0.3328387584854641,0.13536265277553364,0.5317985887390022,0.7786977364990267,0.061347987703639195,0.159954275797334,0.15844256823271233,0.6179303264976558,0.22362710526963192,0.1046192492434288,0.07706218760923399,0.8183185631473371,0.3362643633029149,0.14504523890376597,0.518690397793319,1.40328,0.82505,0.95101,1.3335,0.8624,0.55581,0.37782,0.41357,1.39987,0.82377,0.95566,0.44421,0.45607,0.3677,0.0007009166561155571,0.000708801234673425,17400
