z_x1,z_x2,z_note,x_x1,x_x2,x_note,"p(y=0|x,D)","p(y=1|x,D)","p(y=2|x,D)","p(u=0|z,D)","p(u=1|z,D)","p(u=2|z,D)","p(y=0|x,u=0,z,D)","p(y=1|x,u=0,z,D)","p(y=2|x,u=0,z,D)","p(y=0|x,u=1,z,D)","p(y=1|x,u=1,z,D)","p(y=2|x,u=1,z,D)","p(y=0|x,u=2,z,D)","p(y=1|x,u=2,z,D)","p(y=2|x,u=2,z,D)","p(y=0|x,z,D)","p(y=1|x,z,D)","p(y=2|x,z,D)","H[p(u|z,D)]","Var[p(u|z,D)]","H[p(y|x,u=0,z,D)]","H[p(y|x,u=1,z,D)]","H[p(y|x,u=2,z,D)]","Var[p(y|x,u=0,z,D)]","Var[p(y|x,u=1,z,D)]","Var[p(y|x,u=2,z,D)]","H[p(y|x,D)]","Var[p(y|x,D)]",Va,Ve,Va_variance,Ve_variance,kl_pyx_pyxz,kl_pyxz_pyx,api_calls
-1.6,3.0,x1 = -1.6; x2 = 3.0,-1.6,3.0,x1 = -1.6; x2 = 3.0,0.28699343849564285,0.21708668145043464,0.49591988005392257,0.28699343849564285,0.21708668145043464,0.49591988005392257,0.7703770187361331,0.0850072314477743,0.14461574981609268,0.13251029841981599,0.6502309766153624,0.2172587249648216,0.09051972464431322,0.08506660812002283,0.8244136672356639,0.29474990147519164,0.20773922463537164,0.49751087388943677,1.49702,0.73926,0.99569,1.26867,0.84579,0.52342,0.34259,0.37633,1.49702,0.73926,0.98061,0.51641,0.41122,0.32804000000000005,0.0003127255434741995,0.0003106297992148963,19550
