z_x1,z_x2,z_note,x_x1,x_x2,x_note,"p(y=0|x,D)","p(y=1|x,D)","p(y=2|x,D)","p(u=0|z,D)","p(u=1|z,D)","p(u=2|z,D)","p(y=0|x,u=0,z,D)","p(y=1|x,u=0,z,D)","p(y=2|x,u=0,z,D)","p(y=0|x,u=1,z,D)","p(y=1|x,u=1,z,D)","p(y=2|x,u=1,z,D)","p(y=0|x,u=2,z,D)","p(y=1|x,u=2,z,D)","p(y=2|x,u=2,z,D)","p(y=0|x,z,D)","p(y=1|x,z,D)","p(y=2|x,z,D)","H[p(u|z,D)]","Var[p(u|z,D)]","H[p(y|x,u=0,z,D)]","H[p(y|x,u=1,z,D)]","H[p(y|x,u=2,z,D)]","Var[p(y|x,u=0,z,D)]","Var[p(y|x,u=1,z,D)]","Var[p(y|x,u=2,z,D)]","H[p(y|x,D)]","Var[p(y|x,D)]",Va,Ve,Va_variance,Ve_variance,kl_pyx_pyxz,kl_pyxz_pyx,api_calls
-3.6,-3.4,x1 = -3.6; x2 = -3.4,-3.6,-3.4,x1 = -3.6; x2 = -3.4,0.25856663249625883,0.1723982901946142,0.569035077309127,0.2579098156574403,0.17229072186353658,0.569799462479023,0.8161838298901903,0.056307135092556436,0.12750903501725316,0.1271347582851973,0.647002751888464,0.22586248982633866,0.06946085422708562,0.05914879364901755,0.8713903521238968,0.2719847177903927,0.1596976848299708,0.5683175973796364,1.40372,0.73043,0.85175,1.26953,0.68163,0.46942,0.34325,0.29776,1.40466,0.73121,0.8268,0.57786,0.34987,0.38134,0.0008291711993363535,0.0008225002086948869,16350
