z_x1,z_x2,z_note,x_x1,x_x2,x_note,"p(y=0|x,D)","p(y=1|x,D)","p(y=2|x,D)","p(u=0|z,D)","p(u=1|z,D)","p(u=2|z,D)","p(y=0|x,u=0,z,D)","p(y=1|x,u=0,z,D)","p(y=2|x,u=0,z,D)","p(y=0|x,u=1,z,D)","p(y=1|x,u=1,z,D)","p(y=2|x,u=1,z,D)","p(y=0|x,u=2,z,D)","p(y=1|x,u=2,z,D)","p(y=2|x,u=2,z,D)","p(y=0|x,z,D)","p(y=1|x,z,D)","p(y=2|x,z,D)","H[p(u|z,D)]","Var[p(u|z,D)]","H[p(y|x,u=0,z,D)]","H[p(y|x,u=1,z,D)]","H[p(y|x,u=2,z,D)]","Var[p(y|x,u=0,z,D)]","Var[p(y|x,u=1,z,D)]","Var[p(y|x,u=2,z,D)]","H[p(y|x,D)]","Var[p(y|x,D)]",Va,Ve,Va_variance,Ve_variance,kl_pyx_pyxz,kl_pyxz_pyx,api_calls
3.6,-1.9,x1 = 3.6; x2 = -1.9,3.6,-1.9,x1 = 3.6; x2 = -1.9,0.8749156257158873,0.06598387003254892,0.059100504251563754,0.8741452005292402,0.06662317917782154,0.05923162029293837,0.9192795920236939,0.040632485982088774,0.04008792199421716,0.24292045665756543,0.6346528928813295,0.12242665046110504,0.1823351195592703,0.10451680247737202,0.7131480779633578,0.8305679809896473,0.08399198556354187,0.08544003344681064,0.6715,0.26929,0.48543,1.28317,1.13605,0.18639,0.35083,0.61372,0.66861,0.26846,0.57712,0.09149000000000007,0.22266,0.04579999999999998,0.0078054500322735365,0.008555068928717137,65100
