z_x1,z_x2,z_note,x_x1,x_x2,x_note,"p(y=0|x,D)","p(y=1|x,D)","p(y=2|x,D)","p(u=0|z,D)","p(u=1|z,D)","p(u=2|z,D)","p(y=0|x,u=0,z,D)","p(y=1|x,u=0,z,D)","p(y=2|x,u=0,z,D)","p(y=0|x,u=1,z,D)","p(y=1|x,u=1,z,D)","p(y=2|x,u=1,z,D)","p(y=0|x,u=2,z,D)","p(y=1|x,u=2,z,D)","p(y=2|x,u=2,z,D)","p(y=0|x,z,D)","p(y=1|x,z,D)","p(y=2|x,z,D)","H[p(u|z,D)]","Var[p(u|z,D)]","H[p(y|x,u=0,z,D)]","H[p(y|x,u=1,z,D)]","H[p(y|x,u=2,z,D)]","Var[p(y|x,u=0,z,D)]","Var[p(y|x,u=1,z,D)]","Var[p(y|x,u=2,z,D)]","H[p(y|x,D)]","Var[p(y|x,D)]",Va,Ve,Va_variance,Ve_variance,kl_pyx_pyxz,kl_pyxz_pyx,api_calls
0.4,-0.1,x1 = 0.4; x2 = -0.1,0.4,-0.1,x1 = 0.4; x2 = -0.1,0.24849289131522365,0.29281780921762457,0.45868929946715176,0.2484928926467819,0.29281781080580616,0.458689296547412,0.6907484701680092,0.1561534620332724,0.15309806779871843,0.15179319220132756,0.6335944279808675,0.2146123798178048,0.12668132261141024,0.1618742964747391,0.7114443809138506,0.2742012024333292,0.2985807659966772,0.4272180315699936,1.53376,0.663,1.20154,1.30647,1.1523,0.55478,0.36246,0.49618,1.53376,0.663,1.20968,0.3240799999999999,0.47159,0.19141000000000002,0.0024323968254436022,0.002447784982819893,18000
