z_x1,z_x2,z_note,x_x1,x_x2,x_note,"p(y=0|x,D)","p(y=1|x,D)","p(y=2|x,D)","p(u=0|z,D)","p(u=1|z,D)","p(u=2|z,D)","p(y=0|x,u=0,z,D)","p(y=1|x,u=0,z,D)","p(y=2|x,u=0,z,D)","p(y=0|x,u=1,z,D)","p(y=1|x,u=1,z,D)","p(y=2|x,u=1,z,D)","p(y=0|x,u=2,z,D)","p(y=1|x,u=2,z,D)","p(y=2|x,u=2,z,D)","p(y=0|x,z,D)","p(y=1|x,z,D)","p(y=2|x,z,D)","H[p(u|z,D)]","Var[p(u|z,D)]","H[p(y|x,u=0,z,D)]","H[p(y|x,u=1,z,D)]","H[p(y|x,u=2,z,D)]","Var[p(y|x,u=0,z,D)]","Var[p(y|x,u=1,z,D)]","Var[p(y|x,u=2,z,D)]","H[p(y|x,D)]","Var[p(y|x,D)]",Va,Ve,Va_variance,Ve_variance,kl_pyx_pyxz,kl_pyxz_pyx,api_calls
-3.7,0.2,x1 = -3.7; x2 = 0.2,-3.7,0.2,x1 = -3.7; x2 = 0.2,0.358549848725137,0.17780703683325896,0.4636431144416039,0.3535697226436265,0.17321107472772077,0.4732192026286527,0.8013594037823735,0.06832730182913348,0.130313294388493,0.1346459358587804,0.661851476670839,0.2035025874703805,0.09014625091076381,0.07776183672655368,0.8320919123626824,0.3493175263669689,0.17559686511167832,0.4750856085213527,1.47925,0.81247,0.90365,1.251,0.82015,0.48137,0.33341,0.37175,1.48773,0.81115,0.9243,0.56343,0.40387,0.40728000000000003,0.0002737104761565221,0.00027373928026418713,14150
