z_x1,z_x2,z_note,x_x1,x_x2,x_note,"p(y=0|x,D)","p(y=1|x,D)","p(y=2|x,D)","p(u=0|z,D)","p(u=1|z,D)","p(u=2|z,D)","p(y=0|x,u=0,z,D)","p(y=1|x,u=0,z,D)","p(y=2|x,u=0,z,D)","p(y=0|x,u=1,z,D)","p(y=1|x,u=1,z,D)","p(y=2|x,u=1,z,D)","p(y=0|x,u=2,z,D)","p(y=1|x,u=2,z,D)","p(y=2|x,u=2,z,D)","p(y=0|x,z,D)","p(y=1|x,z,D)","p(y=2|x,z,D)","H[p(u|z,D)]","Var[p(u|z,D)]","H[p(y|x,u=0,z,D)]","H[p(y|x,u=1,z,D)]","H[p(y|x,u=2,z,D)]","Var[p(y|x,u=0,z,D)]","Var[p(y|x,u=1,z,D)]","Var[p(y|x,u=2,z,D)]","H[p(y|x,D)]","Var[p(y|x,D)]",Va,Ve,Va_variance,Ve_variance,kl_pyx_pyxz,kl_pyxz_pyx,api_calls
0.2,-2.1,x1 = 0.2; x2 = -2.1,0.2,-2.1,x1 = 0.2; x2 = -2.1,0.4391569865764325,0.40380712935961594,0.15703588406395166,0.44256335118894097,0.40210949836493437,0.15532715044612466,0.770700887272805,0.15614112250480397,0.07315799022239111,0.1823658384241077,0.6881458596398945,0.1294883019359979,0.15346386205432652,0.21600109745567866,0.6305350404899948,0.4382521076327171,0.37936315981685975,0.18238473255042317,1.46629,0.51539,0.98392,1.20066,1.31205,0.35729,0.30906,0.5564,1.46907,0.5166,1.12204,0.34703000000000017,0.36882,0.14777999999999997,0.002621423840435507,0.0027001112498186534,9000
