z_x1,z_x2,z_note,x_x1,x_x2,x_note,"p(y=0|x,D)","p(y=1|x,D)","p(y=2|x,D)","p(u=0|z,D)","p(u=1|z,D)","p(u=2|z,D)","p(y=0|x,u=0,z,D)","p(y=1|x,u=0,z,D)","p(y=2|x,u=0,z,D)","p(y=0|x,u=1,z,D)","p(y=1|x,u=1,z,D)","p(y=2|x,u=1,z,D)","p(y=0|x,u=2,z,D)","p(y=1|x,u=2,z,D)","p(y=2|x,u=2,z,D)","p(y=0|x,z,D)","p(y=1|x,z,D)","p(y=2|x,z,D)","H[p(u|z,D)]","Var[p(u|z,D)]","H[p(y|x,u=0,z,D)]","H[p(y|x,u=1,z,D)]","H[p(y|x,u=2,z,D)]","Var[p(y|x,u=0,z,D)]","Var[p(y|x,u=1,z,D)]","Var[p(y|x,u=2,z,D)]","H[p(y|x,D)]","Var[p(y|x,D)]",Va,Ve,Va_variance,Ve_variance,kl_pyx_pyxz,kl_pyxz_pyx,api_calls
0.8,-2.7,x1 = 0.8; x2 = -2.7,0.8,-2.7,x1 = 0.8; x2 = -2.7,0.6098805122659573,0.29468881558637616,0.09543067214766665,0.6102434008179252,0.2939796541571458,0.09577694502492907,0.8240898333343377,0.11608294835861702,0.05982721830704525,0.22623107697462688,0.661276096638133,0.11249282638723998,0.19458270795164262,0.1722886946511753,0.633128597397182,0.5880392535643091,0.2817418562114221,0.13021889022426872,1.27818,0.44134,0.83375,1.23422,1.31413,0.29982,0.32579,0.63539,1.278,0.44065,0.99749,0.28051000000000004,0.33959,0.10105999999999998,0.0058204767808928415,0.006370511200204876,32700
