z_x1,z_x2,z_note,x_x1,x_x2,x_note,"p(y=0|x,D)","p(y=1|x,D)","p(y=2|x,D)","p(u=0|z,D)","p(u=1|z,D)","p(u=2|z,D)","p(y=0|x,u=0,z,D)","p(y=1|x,u=0,z,D)","p(y=2|x,u=0,z,D)","p(y=0|x,u=1,z,D)","p(y=1|x,u=1,z,D)","p(y=2|x,u=1,z,D)","p(y=0|x,u=2,z,D)","p(y=1|x,u=2,z,D)","p(y=2|x,u=2,z,D)","p(y=0|x,z,D)","p(y=1|x,z,D)","p(y=2|x,z,D)","H[p(u|z,D)]","Var[p(u|z,D)]","H[p(y|x,u=0,z,D)]","H[p(y|x,u=1,z,D)]","H[p(y|x,u=2,z,D)]","Var[p(y|x,u=0,z,D)]","Var[p(y|x,u=1,z,D)]","Var[p(y|x,u=2,z,D)]","H[p(y|x,D)]","Var[p(y|x,D)]",Va,Ve,Va_variance,Ve_variance,kl_pyx_pyxz,kl_pyxz_pyx,api_calls
-3.5,3.6,x1 = -3.5; x2 = 3.6,-3.5,3.6,x1 = -3.5; x2 = 3.6,0.32947035173920725,0.25248756509730097,0.41804208316349173,0.330861506756063,0.24824249236478133,0.42089600087915563,0.8454582100822075,0.06342526039644472,0.09111652952134786,0.1203263053290935,0.687117065922605,0.1925566287483015,0.07719725298880198,0.07884219361955692,0.8439605533916412,0.3420916942808663,0.22474099420717816,0.4331673115119556,1.55244,0.74365,0.77203,1.19722,0.78078,0.36754,0.30767,0.33323,1.55512,0.73967,0.88126,0.67386,0.33824,0.40143000000000006,0.0021493096169785987,0.002092810179636747,23850
