z_x1,z_x2,z_note,x_x1,x_x2,x_note,"p(y=0|x,D)","p(y=1|x,D)","p(y=2|x,D)","p(u=0|z,D)","p(u=1|z,D)","p(u=2|z,D)","p(y=0|x,u=0,z,D)","p(y=1|x,u=0,z,D)","p(y=2|x,u=0,z,D)","p(y=0|x,u=1,z,D)","p(y=1|x,u=1,z,D)","p(y=2|x,u=1,z,D)","p(y=0|x,u=2,z,D)","p(y=1|x,u=2,z,D)","p(y=2|x,u=2,z,D)","p(y=0|x,z,D)","p(y=1|x,z,D)","p(y=2|x,z,D)","H[p(u|z,D)]","Var[p(u|z,D)]","H[p(y|x,u=0,z,D)]","H[p(y|x,u=1,z,D)]","H[p(y|x,u=2,z,D)]","Var[p(y|x,u=0,z,D)]","Var[p(y|x,u=1,z,D)]","Var[p(y|x,u=2,z,D)]","H[p(y|x,D)]","Var[p(y|x,D)]",Va,Ve,Va_variance,Ve_variance,kl_pyx_pyxz,kl_pyxz_pyx,api_calls
0.8,1.4,x1 = 0.8; x2 = 1.4,0.8,1.4,x1 = 0.8; x2 = 1.4,0.34519717538132605,0.32962432089895116,0.3251785037197228,0.34519717538132605,0.32962432089895116,0.3251785037197228,0.7003492025306136,0.15811505042620994,0.1415357470431764,0.20187082497837228,0.6156451526688065,0.1824840223528213,0.19344142742684195,0.18238024669603048,0.6241783258771275,0.3712030940150069,0.31681861988423915,0.31197828610075395,1.58449,0.66997,1.17985,1.34471,1.33062,0.52961,0.38398,0.63209,1.58449,0.66997,1.28322,0.3012699999999999,0.51493,0.15503999999999996,0.0014638041110557054,0.001479539410467098,34750
