z_x1,z_x2,z_note,x_x1,x_x2,x_note,"p(y=0|x,D)","p(y=1|x,D)","p(y=2|x,D)","p(u=0|z,D)","p(u=1|z,D)","p(u=2|z,D)","p(y=0|x,u=0,z,D)","p(y=1|x,u=0,z,D)","p(y=2|x,u=0,z,D)","p(y=0|x,u=1,z,D)","p(y=1|x,u=1,z,D)","p(y=2|x,u=1,z,D)","p(y=0|x,u=2,z,D)","p(y=1|x,u=2,z,D)","p(y=2|x,u=2,z,D)","p(y=0|x,z,D)","p(y=1|x,z,D)","p(y=2|x,z,D)","H[p(u|z,D)]","Var[p(u|z,D)]","H[p(y|x,u=0,z,D)]","H[p(y|x,u=1,z,D)]","H[p(y|x,u=2,z,D)]","Var[p(y|x,u=0,z,D)]","Var[p(y|x,u=1,z,D)]","Var[p(y|x,u=2,z,D)]","H[p(y|x,D)]","Var[p(y|x,D)]",Va,Ve,Va_variance,Ve_variance,kl_pyx_pyxz,kl_pyxz_pyx,api_calls
0.7,-0.1,x1 = 0.7; x2 = -0.1,0.7,-0.1,x1 = 0.7; x2 = -0.1,0.28462335295027924,0.3068110486406574,0.40856559840906337,0.291493199575693,0.3060736506374978,0.40243314978680916,0.6917411414033033,0.16144554699085173,0.14681331160584493,0.16658744292084088,0.6265975999393547,0.2068149571398043,0.14425191870848758,0.16949918388841437,0.6862488974030981,0.3106776193995857,0.3070573844022521,0.3822649961981621,1.56967,0.68162,1.19891,1.32352,1.20974,0.54161,0.37178,0.53674,1.56657,0.67783,1.24141,0.3251600000000001,0.48767,0.19016000000000005,0.0020091810135976114,0.00202308520369527,30000
