z_x1,z_x2,z_note,x_x1,x_x2,x_note,"p(y=0|x,D)","p(y=1|x,D)","p(y=2|x,D)","p(u=0|z,D)","p(u=1|z,D)","p(u=2|z,D)","p(y=0|x,u=0,z,D)","p(y=1|x,u=0,z,D)","p(y=2|x,u=0,z,D)","p(y=0|x,u=1,z,D)","p(y=1|x,u=1,z,D)","p(y=2|x,u=1,z,D)","p(y=0|x,u=2,z,D)","p(y=1|x,u=2,z,D)","p(y=2|x,u=2,z,D)","p(y=0|x,z,D)","p(y=1|x,z,D)","p(y=2|x,z,D)","H[p(u|z,D)]","Var[p(u|z,D)]","H[p(y|x,u=0,z,D)]","H[p(y|x,u=1,z,D)]","H[p(y|x,u=2,z,D)]","Var[p(y|x,u=0,z,D)]","Var[p(y|x,u=1,z,D)]","Var[p(y|x,u=2,z,D)]","H[p(y|x,D)]","Var[p(y|x,D)]",Va,Ve,Va_variance,Ve_variance,kl_pyx_pyxz,kl_pyxz_pyx,api_calls
1.6,1.9,x1 = 1.6; x2 = 1.9,1.6,1.9,x1 = 1.6; x2 = 1.9,0.3198268655220355,0.2661280495559972,0.4140450849219672,0.3198048579988174,0.26589073444740374,0.4143044075537789,0.7060471954084913,0.1285552048525758,0.1653975997389328,0.2180880287021806,0.5521585376987608,0.22975343359905848,0.18091978034133183,0.13678140881216588,0.6822988108465022,0.3587407716029604,0.24459555869531047,0.39666366970172906,1.56082,0.72518,1.16439,1.43976,1.21513,0.57914,0.44771,0.61184,1.56098,0.72499,1.25863,0.3023500000000001,0.55774,0.16725,0.003487820002505297,0.0035424344726689323,67000
