z_x1,z_x2,z_note,x_x1,x_x2,x_note,"p(y=0|x,D)","p(y=1|x,D)","p(y=2|x,D)","p(u=0|z,D)","p(u=1|z,D)","p(u=2|z,D)","p(y=0|x,u=0,z,D)","p(y=1|x,u=0,z,D)","p(y=2|x,u=0,z,D)","p(y=0|x,u=1,z,D)","p(y=1|x,u=1,z,D)","p(y=2|x,u=1,z,D)","p(y=0|x,u=2,z,D)","p(y=1|x,u=2,z,D)","p(y=2|x,u=2,z,D)","p(y=0|x,z,D)","p(y=1|x,z,D)","p(y=2|x,z,D)","H[p(u|z,D)]","Var[p(u|z,D)]","H[p(y|x,u=0,z,D)]","H[p(y|x,u=1,z,D)]","H[p(y|x,u=2,z,D)]","Var[p(y|x,u=0,z,D)]","Var[p(y|x,u=1,z,D)]","Var[p(y|x,u=2,z,D)]","H[p(y|x,D)]","Var[p(y|x,D)]",Va,Ve,Va_variance,Ve_variance,kl_pyx_pyxz,kl_pyxz_pyx,api_calls
2.9,-1.6,x1 = 2.9; x2 = -1.6,2.9,-1.6,x1 = 2.9; x2 = -1.6,0.804004864048651,0.11352453782447998,0.08247059812686905,0.8024448036573378,0.115439491764797,0.08211570457786514,0.8665671054121823,0.07428753217743658,0.059145362410381194,0.25575690086859215,0.6045866428568601,0.13965645627454762,0.25458767529069115,0.13966726194684947,0.6057450627624593,0.7458023637433318,0.14087369457271884,0.11332394168394928,0.91049,0.36569,0.69897,1.33866,1.33723,0.27378,0.38193,0.73702,0.90628,0.36586,0.82523,0.08104999999999996,0.3243,0.04156000000000004,0.00970315336581579,0.01037908390175393,37250
