z_x1,z_x2,z_note,x_x1,x_x2,x_note,"p(y=0|x,D)","p(y=1|x,D)","p(y=2|x,D)","p(u=0|z,D)","p(u=1|z,D)","p(u=2|z,D)","p(y=0|x,u=0,z,D)","p(y=1|x,u=0,z,D)","p(y=2|x,u=0,z,D)","p(y=0|x,u=1,z,D)","p(y=1|x,u=1,z,D)","p(y=2|x,u=1,z,D)","p(y=0|x,u=2,z,D)","p(y=1|x,u=2,z,D)","p(y=2|x,u=2,z,D)","p(y=0|x,z,D)","p(y=1|x,z,D)","p(y=2|x,z,D)","H[p(u|z,D)]","Var[p(u|z,D)]","H[p(y|x,u=0,z,D)]","H[p(y|x,u=1,z,D)]","H[p(y|x,u=2,z,D)]","Var[p(y|x,u=0,z,D)]","Var[p(y|x,u=1,z,D)]","Var[p(y|x,u=2,z,D)]","H[p(y|x,D)]","Var[p(y|x,D)]",Va,Ve,Va_variance,Ve_variance,kl_pyx_pyxz,kl_pyxz_pyx,api_calls
0.2,-2.4,x1 = 0.2; x2 = -2.4,0.2,-2.4,x1 = 0.2; x2 = -2.4,0.4833089164521155,0.3768286258708191,0.13986245767706545,0.48832287468280916,0.3739194109092471,0.13775771440794368,0.7987883710217906,0.13891470457352326,0.06229692440468615,0.17985782000596123,0.7015506210882176,0.11859155890582114,0.15017754972213598,0.20863530095776248,0.6411871493201016,0.4780070797097163,0.35889974503813366,0.16309317525215,1.4296,0.50318,0.90397,1.1687,1.29361,0.31867,0.2947,0.55027,1.43448,0.50522,1.05663,0.37785,0.34161,0.16360999999999998,0.002208987071091524,0.00229316397428728,8850
