z_x1,z_x2,z_note,x_x1,x_x2,x_note,"p(y=0|x,D)","p(y=1|x,D)","p(y=2|x,D)","p(u=0|z,D)","p(u=1|z,D)","p(u=2|z,D)","p(y=0|x,u=0,z,D)","p(y=1|x,u=0,z,D)","p(y=2|x,u=0,z,D)","p(y=0|x,u=1,z,D)","p(y=1|x,u=1,z,D)","p(y=2|x,u=1,z,D)","p(y=0|x,u=2,z,D)","p(y=1|x,u=2,z,D)","p(y=2|x,u=2,z,D)","p(y=0|x,z,D)","p(y=1|x,z,D)","p(y=2|x,z,D)","H[p(u|z,D)]","Var[p(u|z,D)]","H[p(y|x,u=0,z,D)]","H[p(y|x,u=1,z,D)]","H[p(y|x,u=2,z,D)]","Var[p(y|x,u=0,z,D)]","Var[p(y|x,u=1,z,D)]","Var[p(y|x,u=2,z,D)]","H[p(y|x,D)]","Var[p(y|x,D)]",Va,Ve,Va_variance,Ve_variance,kl_pyx_pyxz,kl_pyxz_pyx,api_calls
1.6,1.5,x1 = 1.6; x2 = 1.5,1.6,1.5,x1 = 1.6; x2 = 1.5,0.40193342571525525,0.2433603617358359,0.35470621254890894,0.39561498560012553,0.24615658703451623,0.3582284273653583,0.7455217354114511,0.10653595673074771,0.14794230785780124,0.2593927967118533,0.5212266532124388,0.219380550075708,0.21834120387506606,0.13361937415076955,0.6480394219741644,0.43700684225253367,0.21831685328170125,0.3446763044657652,1.55763,0.75245,1.0679,1.47506,1.27291,0.53636,0.47717,0.68174,1.5551,0.75441,1.24157,0.31352999999999986,0.57387,0.18054000000000003,0.0029756622408233287,0.0029659839428224557,66800
