z_x1,z_x2,z_note,x_x1,x_x2,x_note,"p(y=0|x,D)","p(y=1|x,D)","p(y=2|x,D)","p(u=0|z,D)","p(u=1|z,D)","p(u=2|z,D)","p(y=0|x,u=0,z,D)","p(y=1|x,u=0,z,D)","p(y=2|x,u=0,z,D)","p(y=0|x,u=1,z,D)","p(y=1|x,u=1,z,D)","p(y=2|x,u=1,z,D)","p(y=0|x,u=2,z,D)","p(y=1|x,u=2,z,D)","p(y=2|x,u=2,z,D)","p(y=0|x,z,D)","p(y=1|x,z,D)","p(y=2|x,z,D)","H[p(u|z,D)]","Var[p(u|z,D)]","H[p(y|x,u=0,z,D)]","H[p(y|x,u=1,z,D)]","H[p(y|x,u=2,z,D)]","Var[p(y|x,u=0,z,D)]","Var[p(y|x,u=1,z,D)]","Var[p(y|x,u=2,z,D)]","H[p(y|x,D)]","Var[p(y|x,D)]",Va,Ve,Va_variance,Ve_variance,kl_pyx_pyxz,kl_pyxz_pyx,api_calls
2.2,0.1,x1 = 2.2; x2 = 0.1,2.2,0.1,x1 = 2.2; x2 = 0.1,0.17974519940003733,0.48491983634190394,0.33533496425805875,0.17937836496922702,0.4849240069609322,0.3356976280698407,0.4954442598890022,0.31064528138281017,0.19391045872818752,0.09976444165708685,0.6845638560308572,0.215671702312056,0.08972975220897587,0.2393607039005452,0.6709095438904789,0.16737221905670044,0.46803731129950443,0.36459046964379505,1.47965,0.49064,1.48484,1.18333,1.19216,0.59843,0.302,0.42287,1.47999,0.49087,1.24038,0.23960999999999988,0.39575,0.09511999999999998,0.0019538331738045978,0.0019739217976530964,10100
