z_x1,z_x2,z_note,x_x1,x_x2,x_note,"p(y=0|x,D)","p(y=1|x,D)","p(y=2|x,D)","p(u=0|z,D)","p(u=1|z,D)","p(u=2|z,D)","p(y=0|x,u=0,z,D)","p(y=1|x,u=0,z,D)","p(y=2|x,u=0,z,D)","p(y=0|x,u=1,z,D)","p(y=1|x,u=1,z,D)","p(y=2|x,u=1,z,D)","p(y=0|x,u=2,z,D)","p(y=1|x,u=2,z,D)","p(y=2|x,u=2,z,D)","p(y=0|x,z,D)","p(y=1|x,z,D)","p(y=2|x,z,D)","H[p(u|z,D)]","Var[p(u|z,D)]","H[p(y|x,u=0,z,D)]","H[p(y|x,u=1,z,D)]","H[p(y|x,u=2,z,D)]","Var[p(y|x,u=0,z,D)]","Var[p(y|x,u=1,z,D)]","Var[p(y|x,u=2,z,D)]","H[p(y|x,D)]","Var[p(y|x,D)]",Va,Ve,Va_variance,Ve_variance,kl_pyx_pyxz,kl_pyxz_pyx,api_calls
4.0,1.1,x1 = 4.0; x2 = 1.1,4.0,1.1,x1 = 4.0; x2 = 1.1,0.582617124262399,0.2401909342532446,0.17719194148435627,0.5864598776662272,0.23668773967387544,0.1768523826598974,0.8814611485720102,0.0627385271000867,0.05580032432790323,0.13503093199144792,0.7219977425146002,0.1429713254939518,0.11005830553836124,0.12498765360567636,0.7649540408559624,0.5683658370041559,0.22978600699673138,0.20184815599911274,1.3856,0.59553,0.64339,1.13055,1.02107,0.25555,0.27794,0.44612,1.39071,0.59544,0.82549,0.56522,0.29455,0.30089,0.0019805568677523262,0.0020454296071343546,82600
