z_x1,z_x2,z_note,x_x1,x_x2,x_note,"p(y=0|x,D)","p(y=1|x,D)","p(y=2|x,D)","p(u=0|z,D)","p(u=1|z,D)","p(u=2|z,D)","p(y=0|x,u=0,z,D)","p(y=1|x,u=0,z,D)","p(y=2|x,u=0,z,D)","p(y=0|x,u=1,z,D)","p(y=1|x,u=1,z,D)","p(y=2|x,u=1,z,D)","p(y=0|x,u=2,z,D)","p(y=1|x,u=2,z,D)","p(y=2|x,u=2,z,D)","p(y=0|x,z,D)","p(y=1|x,z,D)","p(y=2|x,z,D)","H[p(u|z,D)]","Var[p(u|z,D)]","H[p(y|x,u=0,z,D)]","H[p(y|x,u=1,z,D)]","H[p(y|x,u=2,z,D)]","Var[p(y|x,u=0,z,D)]","Var[p(y|x,u=1,z,D)]","Var[p(y|x,u=2,z,D)]","H[p(y|x,D)]","Var[p(y|x,D)]",Va,Ve,Va_variance,Ve_variance,kl_pyx_pyxz,kl_pyxz_pyx,api_calls
-0.8,2.4,x1 = -0.8; x2 = 2.4,-0.8,2.4,x1 = -0.8; x2 = 2.4,0.35227367841359797,0.20576791612896805,0.4419584054574339,0.346376403778449,0.2029817693158026,0.4506418269057485,0.7128656223318031,0.11666436425924256,0.17047001340895448,0.17128346667710181,0.590472671021613,0.2382438623012852,0.14515070900894375,0.10708189156265849,0.7477673994283978,0.34709823244569354,0.20852054968013,0.44438121787417667,1.515,0.78615,1.14481,1.37785,1.06287,0.58914,0.40504,0.52977,1.52023,0.78619,1.15519,0.36504000000000003,0.52502,0.26117,6.325984786011282e-05,6.316397941777321e-05,51250
