z_x1,z_x2,z_note,x_x1,x_x2,x_note,"p(y=0|x,D)","p(y=1|x,D)","p(y=2|x,D)","p(u=0|z,D)","p(u=1|z,D)","p(u=2|z,D)","p(y=0|x,u=0,z,D)","p(y=1|x,u=0,z,D)","p(y=2|x,u=0,z,D)","p(y=0|x,u=1,z,D)","p(y=1|x,u=1,z,D)","p(y=2|x,u=1,z,D)","p(y=0|x,u=2,z,D)","p(y=1|x,u=2,z,D)","p(y=2|x,u=2,z,D)","p(y=0|x,z,D)","p(y=1|x,z,D)","p(y=2|x,z,D)","H[p(u|z,D)]","Var[p(u|z,D)]","H[p(y|x,u=0,z,D)]","H[p(y|x,u=1,z,D)]","H[p(y|x,u=2,z,D)]","Var[p(y|x,u=0,z,D)]","Var[p(y|x,u=1,z,D)]","Var[p(y|x,u=2,z,D)]","H[p(y|x,D)]","Var[p(y|x,D)]",Va,Ve,Va_variance,Ve_variance,kl_pyx_pyxz,kl_pyxz_pyx,api_calls
1.7,2.3,x1 = 1.7; x2 = 2.3,1.7,2.3,x1 = 1.7; x2 = 2.3,0.30556963057406133,0.33281548583593296,0.36161488359000576,0.3110840667347171,0.3177020375844708,0.37121389568081203,0.6298165728442338,0.20257452268011406,0.16760890447565222,0.17245276861413622,0.6060736202865669,0.2214736110992969,0.16177992713137407,0.18966704943301357,0.6485530234356124,0.310769453746496,0.32597557472572736,0.3632549715277766,1.58034,0.67868,1.31861,1.3568,1.2852,0.58379,0.39152,0.57338,1.58156,0.66404,1.31834,0.26322,0.51884,0.1452,0.00011871855433692475,0.0001184793213555174,71200
