z_x1,z_x2,z_note,x_x1,x_x2,x_note,"p(y=0|x,D)","p(y=1|x,D)","p(y=2|x,D)","p(u=0|z,D)","p(u=1|z,D)","p(u=2|z,D)","p(y=0|x,u=0,z,D)","p(y=1|x,u=0,z,D)","p(y=2|x,u=0,z,D)","p(y=0|x,u=1,z,D)","p(y=1|x,u=1,z,D)","p(y=2|x,u=1,z,D)","p(y=0|x,u=2,z,D)","p(y=1|x,u=2,z,D)","p(y=2|x,u=2,z,D)","p(y=0|x,z,D)","p(y=1|x,z,D)","p(y=2|x,z,D)","H[p(u|z,D)]","Var[p(u|z,D)]","H[p(y|x,u=0,z,D)]","H[p(y|x,u=1,z,D)]","H[p(y|x,u=2,z,D)]","Var[p(y|x,u=0,z,D)]","Var[p(y|x,u=1,z,D)]","Var[p(y|x,u=2,z,D)]","H[p(y|x,D)]","Var[p(y|x,D)]",Va,Ve,Va_variance,Ve_variance,kl_pyx_pyxz,kl_pyxz_pyx,api_calls
-2.7,-1.5,x1 = -2.7; x2 = -1.5,-2.7,-1.5,x1 = -2.7; x2 = -1.5,0.2759684545571683,0.1527883326389843,0.5712432128038475,0.2759684545571683,0.1527883326389843,0.5712432128038475,0.6107048801007726,0.0779745959922281,0.3113205239069993,0.1714085090302035,0.5264176619988723,0.3021738289709244,0.11726566580000355,0.07553697718381683,0.8071973570161795,0.26171171792996634,0.14509899113118932,0.5931892909388443,1.38817,0.76002,1.24562,1.44518,0.89353,0.83239,0.45648,0.44846,1.38817,0.76002,1.07498,0.31318999999999986,0.55564,0.20438,0.0009927574030732626,0.0009878534372573591,53300
