z_x1,z_x2,z_note,x_x1,x_x2,x_note,"p(y=0|x,D)","p(y=1|x,D)","p(y=2|x,D)","p(u=0|z,D)","p(u=1|z,D)","p(u=2|z,D)","p(y=0|x,u=0,z,D)","p(y=1|x,u=0,z,D)","p(y=2|x,u=0,z,D)","p(y=0|x,u=1,z,D)","p(y=1|x,u=1,z,D)","p(y=2|x,u=1,z,D)","p(y=0|x,u=2,z,D)","p(y=1|x,u=2,z,D)","p(y=2|x,u=2,z,D)","p(y=0|x,z,D)","p(y=1|x,z,D)","p(y=2|x,z,D)","H[p(u|z,D)]","Var[p(u|z,D)]","H[p(y|x,u=0,z,D)]","H[p(y|x,u=1,z,D)]","H[p(y|x,u=2,z,D)]","Var[p(y|x,u=0,z,D)]","Var[p(y|x,u=1,z,D)]","Var[p(y|x,u=2,z,D)]","H[p(y|x,D)]","Var[p(y|x,D)]",Va,Ve,Va_variance,Ve_variance,kl_pyx_pyxz,kl_pyxz_pyx,api_calls
-0.9,0.1,x1 = -0.9; x2 = 0.1,-0.9,0.1,x1 = -0.9; x2 = 0.1,0.24099698106527362,0.3375606469394126,0.4214423719953137,0.24099698106527362,0.3375606469394126,0.4214423719953137,0.6679825028040873,0.18143109422365264,0.15058640297226,0.13894474724661504,0.6530717423980823,0.20798351035530258,0.1309438935730848,0.19934855925751852,0.6697075471693966,0.263069350455354,0.34818959550835255,0.38874105403629333,1.549,0.62988,1.24692,1.26825,1.23522,0.55087,0.34216,0.51039,1.549,0.62988,1.24919,0.2998099999999999,0.46336,0.16652,0.0024553331794071667,0.0024497314034613304,46100
