z_x1,z_x2,z_note,x_x1,x_x2,x_note,"p(y=0|x,D)","p(y=1|x,D)","p(y=2|x,D)","p(u=0|z,D)","p(u=1|z,D)","p(u=2|z,D)","p(y=0|x,u=0,z,D)","p(y=1|x,u=0,z,D)","p(y=2|x,u=0,z,D)","p(y=0|x,u=1,z,D)","p(y=1|x,u=1,z,D)","p(y=2|x,u=1,z,D)","p(y=0|x,u=2,z,D)","p(y=1|x,u=2,z,D)","p(y=2|x,u=2,z,D)","p(y=0|x,z,D)","p(y=1|x,z,D)","p(y=2|x,z,D)","H[p(u|z,D)]","Var[p(u|z,D)]","H[p(y|x,u=0,z,D)]","H[p(y|x,u=1,z,D)]","H[p(y|x,u=2,z,D)]","Var[p(y|x,u=0,z,D)]","Var[p(y|x,u=1,z,D)]","Var[p(y|x,u=2,z,D)]","H[p(y|x,D)]","Var[p(y|x,D)]",Va,Ve,Va_variance,Ve_variance,kl_pyx_pyxz,kl_pyxz_pyx,api_calls
-3.2,3.2,x1 = -3.2; x2 = 3.2,-3.2,3.2,x1 = -3.2; x2 = 3.2,0.3419495525892312,0.21356883403322585,0.44448161337754294,0.3419495525892312,0.21356883403322585,0.44448161337754294,0.8387224493719609,0.06529634231807077,0.0959812083099684,0.1430486164705626,0.6340559708229894,0.2228954127064481,0.07493885837814045,0.07717747302565811,0.8478836685962016,0.35066043721555745,0.1920466171686948,0.4572929456157479,1.52501,0.77592,0.7944,1.30078,0.7672,0.38304,0.35957,0.32538,1.52501,0.77592,0.89046,0.63455,0.3524,0.42352000000000006,0.0014535491388546328,0.0014157272508680905,35650
