z_x1,z_x2,z_note,x_x1,x_x2,x_note,"p(y=0|x,D)","p(y=1|x,D)","p(y=2|x,D)","p(u=0|z,D)","p(u=1|z,D)","p(u=2|z,D)","p(y=0|x,u=0,z,D)","p(y=1|x,u=0,z,D)","p(y=2|x,u=0,z,D)","p(y=0|x,u=1,z,D)","p(y=1|x,u=1,z,D)","p(y=2|x,u=1,z,D)","p(y=0|x,u=2,z,D)","p(y=1|x,u=2,z,D)","p(y=2|x,u=2,z,D)","p(y=0|x,z,D)","p(y=1|x,z,D)","p(y=2|x,z,D)","H[p(u|z,D)]","Var[p(u|z,D)]","H[p(y|x,u=0,z,D)]","H[p(y|x,u=1,z,D)]","H[p(y|x,u=2,z,D)]","Var[p(y|x,u=0,z,D)]","Var[p(y|x,u=1,z,D)]","Var[p(y|x,u=2,z,D)]","H[p(y|x,D)]","Var[p(y|x,D)]",Va,Ve,Va_variance,Ve_variance,kl_pyx_pyxz,kl_pyxz_pyx,api_calls
-2.9,-1.3,x1 = -2.9; x2 = -1.3,-2.9,-1.3,x1 = -2.9; x2 = -1.3,0.3076004714664685,0.15066138923283598,0.5417381393006956,0.303382843300835,0.15042639722189527,0.5461907594772697,0.6665434726775967,0.07751094348278621,0.25594558383961713,0.1879432224999013,0.5398869358083205,0.27216984169177827,0.1447502284664708,0.08434913965532011,0.770900631878209,0.3095507129880849,0.1507994577311459,0.5396498292807692,1.40972,0.79062,1.17927,1.44433,0.99391,0.7539,0.45302,0.52359,1.41366,0.79452,1.1179,0.29576,0.58285,0.21167000000000002,1.0255072783548098e-05,1.0262883676948054e-05,45400
