z_x1,z_x2,z_note,x_x1,x_x2,x_note,"p(y=0|x,D)","p(y=1|x,D)","p(y=2|x,D)","p(u=0|z,D)","p(u=1|z,D)","p(u=2|z,D)","p(y=0|x,u=0,z,D)","p(y=1|x,u=0,z,D)","p(y=2|x,u=0,z,D)","p(y=0|x,u=1,z,D)","p(y=1|x,u=1,z,D)","p(y=2|x,u=1,z,D)","p(y=0|x,u=2,z,D)","p(y=1|x,u=2,z,D)","p(y=2|x,u=2,z,D)","p(y=0|x,z,D)","p(y=1|x,z,D)","p(y=2|x,z,D)","H[p(u|z,D)]","Var[p(u|z,D)]","H[p(y|x,u=0,z,D)]","H[p(y|x,u=1,z,D)]","H[p(y|x,u=2,z,D)]","Var[p(y|x,u=0,z,D)]","Var[p(y|x,u=1,z,D)]","Var[p(y|x,u=2,z,D)]","H[p(y|x,D)]","Var[p(y|x,D)]",Va,Ve,Va_variance,Ve_variance,kl_pyx_pyxz,kl_pyxz_pyx,api_calls
1.1,-3.7,x1 = 1.1; x2 = -3.7,1.1,-3.7,x1 = 1.1; x2 = -3.7,0.7204832218459745,0.1647558060769308,0.11476097207709476,0.7246180131664638,0.1633319798650779,0.11205000696845828,0.8913138433596849,0.05771055034995365,0.050975606290361374,0.20903703752505126,0.6814865364680911,0.1094764260068577,0.14225239176026944,0.10996416327066398,0.7477834449690665,0.6959438809751749,0.16544813484681306,0.13860798417801196,1.11753,0.46143,0.60433,1.19844,1.064,0.23612,0.3086,0.52337,1.12782,0.46834,0.75287,0.37495,0.28014,0.18819999999999998,0.0026094320805610804,0.002746109038376212,44200
