z_x1,z_x2,z_note,x_x1,x_x2,x_note,"p(y=0|x,D)","p(y=1|x,D)","p(y=2|x,D)","p(u=0|z,D)","p(u=1|z,D)","p(u=2|z,D)","p(y=0|x,u=0,z,D)","p(y=1|x,u=0,z,D)","p(y=2|x,u=0,z,D)","p(y=0|x,u=1,z,D)","p(y=1|x,u=1,z,D)","p(y=2|x,u=1,z,D)","p(y=0|x,u=2,z,D)","p(y=1|x,u=2,z,D)","p(y=2|x,u=2,z,D)","p(y=0|x,z,D)","p(y=1|x,z,D)","p(y=2|x,z,D)","H[p(u|z,D)]","Var[p(u|z,D)]","H[p(y|x,u=0,z,D)]","H[p(y|x,u=1,z,D)]","H[p(y|x,u=2,z,D)]","Var[p(y|x,u=0,z,D)]","Var[p(y|x,u=1,z,D)]","Var[p(y|x,u=2,z,D)]","H[p(y|x,D)]","Var[p(y|x,D)]",Va,Ve,Va_variance,Ve_variance,kl_pyx_pyxz,kl_pyxz_pyx,api_calls
1.5,-1.4,x1 = 1.5; x2 = -1.4,1.5,-1.4,x1 = 1.5; x2 = -1.4,0.3442620371302409,0.314505173782214,0.34123278908754506,0.34984246434587496,0.31146533022048084,0.3386922054336442,0.6870087940835893,0.15565984242025752,0.15733136349615318,0.16461262860621906,0.6157982412741348,0.21958913011964604,0.15376467213683598,0.21516616725357146,0.6310691606095926,0.34369487220059425,0.31913132916144965,0.3371737986379561,1.58326,0.68841,1.20958,1.33946,1.31137,0.56378,0.38118,0.55701,1.58379,0.68549,1.28451,0.29928,0.50461,0.18088000000000004,5.8495656666592184e-05,5.8562929476852106e-05,61350
