z_x1,z_x2,z_note,x_x1,x_x2,x_note,"p(y=0|x,D)","p(y=1|x,D)","p(y=2|x,D)","p(u=0|z,D)","p(u=1|z,D)","p(u=2|z,D)","p(y=0|x,u=0,z,D)","p(y=1|x,u=0,z,D)","p(y=2|x,u=0,z,D)","p(y=0|x,u=1,z,D)","p(y=1|x,u=1,z,D)","p(y=2|x,u=1,z,D)","p(y=0|x,u=2,z,D)","p(y=1|x,u=2,z,D)","p(y=2|x,u=2,z,D)","p(y=0|x,z,D)","p(y=1|x,z,D)","p(y=2|x,z,D)","H[p(u|z,D)]","Var[p(u|z,D)]","H[p(y|x,u=0,z,D)]","H[p(y|x,u=1,z,D)]","H[p(y|x,u=2,z,D)]","Var[p(y|x,u=0,z,D)]","Var[p(y|x,u=1,z,D)]","Var[p(y|x,u=2,z,D)]","H[p(y|x,D)]","Var[p(y|x,D)]",Va,Ve,Va_variance,Ve_variance,kl_pyx_pyxz,kl_pyxz_pyx,api_calls
-2.9,3.8,x1 = -2.9; x2 = 3.8,-2.9,3.8,x1 = -2.9; x2 = 3.8,0.2825480525790754,0.23918436447649363,0.478267582944431,0.2825480533671698,0.2391843651719845,0.47826758146084564,0.8175246297507732,0.06591925493113357,0.11655611531809333,0.10605333405602937,0.6892893975161007,0.20465726842786988,0.07235644538085756,0.06875087349850008,0.8588926811206422,0.29096203423176753,0.2163739181163224,0.49266404765190996,1.51777,0.72251,0.85767,1.18174,0.72817,0.44272,0.30099,0.31261,1.51777,0.72251,0.87325,0.6445200000000001,0.34659,0.37592,0.0014974695190362129,0.0014626038392667497,47950
