z_x1,z_x2,z_note,x_x1,x_x2,x_note,"p(y=0|x,D)","p(y=1|x,D)","p(y=2|x,D)","p(u=0|z,D)","p(u=1|z,D)","p(u=2|z,D)","p(y=0|x,u=0,z,D)","p(y=1|x,u=0,z,D)","p(y=2|x,u=0,z,D)","p(y=0|x,u=1,z,D)","p(y=1|x,u=1,z,D)","p(y=2|x,u=1,z,D)","p(y=0|x,u=2,z,D)","p(y=1|x,u=2,z,D)","p(y=2|x,u=2,z,D)","p(y=0|x,z,D)","p(y=1|x,z,D)","p(y=2|x,z,D)","H[p(u|z,D)]","Var[p(u|z,D)]","H[p(y|x,u=0,z,D)]","H[p(y|x,u=1,z,D)]","H[p(y|x,u=2,z,D)]","Var[p(y|x,u=0,z,D)]","Var[p(y|x,u=1,z,D)]","Var[p(y|x,u=2,z,D)]","H[p(y|x,D)]","Var[p(y|x,D)]",Va,Ve,Va_variance,Ve_variance,kl_pyx_pyxz,kl_pyxz_pyx,api_calls
-2.7,3.3,x1 = -2.7; x2 = 3.3,-2.7,3.3,x1 = -2.7; x2 = 3.3,0.2864788078696205,0.2174357633595489,0.4960854287708306,0.284158945519716,0.21784378356917103,0.4979972709111129,0.7999688525251164,0.060668982380900516,0.13936216509398297,0.11199982855418318,0.6606888862689841,0.22731128517683263,0.06938417361384148,0.06226740480318924,0.8683484215829692,0.2862699010976119,0.1921755984647539,0.5215545004376341,1.49565,0.73643,0.89907,1.23463,0.69332,0.50293,0.32601,0.29939,1.49703,0.73863,0.86971,0.6273200000000001,0.36303,0.3756,0.0022241524650456583,0.002170602219161908,55700
