z_x1,z_x2,z_note,x_x1,x_x2,x_note,"p(y=0|x,D)","p(y=1|x,D)","p(y=2|x,D)","p(u=0|z,D)","p(u=1|z,D)","p(u=2|z,D)","p(y=0|x,u=0,z,D)","p(y=1|x,u=0,z,D)","p(y=2|x,u=0,z,D)","p(y=0|x,u=1,z,D)","p(y=1|x,u=1,z,D)","p(y=2|x,u=1,z,D)","p(y=0|x,u=2,z,D)","p(y=1|x,u=2,z,D)","p(y=2|x,u=2,z,D)","p(y=0|x,z,D)","p(y=1|x,z,D)","p(y=2|x,z,D)","H[p(u|z,D)]","Var[p(u|z,D)]","H[p(y|x,u=0,z,D)]","H[p(y|x,u=1,z,D)]","H[p(y|x,u=2,z,D)]","Var[p(y|x,u=0,z,D)]","Var[p(y|x,u=1,z,D)]","Var[p(y|x,u=2,z,D)]","H[p(y|x,D)]","Var[p(y|x,D)]",Va,Ve,Va_variance,Ve_variance,kl_pyx_pyxz,kl_pyxz_pyx,api_calls
0.3,3.1,x1 = 0.3; x2 = 3.1,0.3,3.1,x1 = 0.3; x2 = 3.1,0.35990846447850267,0.29068508532577486,0.3494064501957225,0.3527711529607456,0.29083648448711025,0.3563923625521441,0.7719155904006244,0.10687144493200307,0.12121296466737241,0.17182919286672615,0.6284125806140024,0.19975822651927128,0.15317293252376815,0.11523283668385291,0.7315942307923788,0.3768734145008051,0.2615345715098365,0.36159201398935825,1.57895,0.70915,1.00209,1.32195,1.10369,0.46971,0.37081,0.5502,1.57881,0.7092,1.13133,0.4474800000000001,0.46963,0.23957000000000006,0.0021627198465377535,0.0021168608928919634,15600
