z_x1,z_x2,z_note,x_x1,x_x2,x_note,"p(y=0|x,D)","p(y=1|x,D)","p(y=2|x,D)","p(u=0|z,D)","p(u=1|z,D)","p(u=2|z,D)","p(y=0|x,u=0,z,D)","p(y=1|x,u=0,z,D)","p(y=2|x,u=0,z,D)","p(y=0|x,u=1,z,D)","p(y=1|x,u=1,z,D)","p(y=2|x,u=1,z,D)","p(y=0|x,u=2,z,D)","p(y=1|x,u=2,z,D)","p(y=2|x,u=2,z,D)","p(y=0|x,z,D)","p(y=1|x,z,D)","p(y=2|x,z,D)","H[p(u|z,D)]","Var[p(u|z,D)]","H[p(y|x,u=0,z,D)]","H[p(y|x,u=1,z,D)]","H[p(y|x,u=2,z,D)]","Var[p(y|x,u=0,z,D)]","Var[p(y|x,u=1,z,D)]","Var[p(y|x,u=2,z,D)]","H[p(y|x,D)]","Var[p(y|x,D)]",Va,Ve,Va_variance,Ve_variance,kl_pyx_pyxz,kl_pyxz_pyx,api_calls
-2.4,-3.2,x1 = -2.4; x2 = -3.2,-2.4,-3.2,x1 = -2.4; x2 = -3.2,0.18738487226226375,0.1881759816704331,0.6244391460673031,0.1863738207104982,0.1862155420135864,0.6274106372759153,0.7036294269479395,0.07097838892141634,0.22539218413064424,0.12263309203310144,0.5889004519231753,0.2884664560437233,0.07452361911623157,0.06523992584358845,0.86023645504018,0.2007312037281943,0.1638231538274394,0.6354456424443662,1.32523,0.61927,1.11218,1.33852,0.72294,0.70031,0.3836,0.31742,1.33041,0.62081,0.91011,0.4203000000000001,0.4011,0.21970999999999996,0.0022762365681373523,0.0022093920447506313,64450
