z_x1,z_x2,z_note,x_x1,x_x2,x_note,"p(y=0|x,D)","p(y=1|x,D)","p(y=2|x,D)","p(u=0|z,D)","p(u=1|z,D)","p(u=2|z,D)","p(y=0|x,u=0,z,D)","p(y=1|x,u=0,z,D)","p(y=2|x,u=0,z,D)","p(y=0|x,u=1,z,D)","p(y=1|x,u=1,z,D)","p(y=2|x,u=1,z,D)","p(y=0|x,u=2,z,D)","p(y=1|x,u=2,z,D)","p(y=2|x,u=2,z,D)","p(y=0|x,z,D)","p(y=1|x,z,D)","p(y=2|x,z,D)","H[p(u|z,D)]","Var[p(u|z,D)]","H[p(y|x,u=0,z,D)]","H[p(y|x,u=1,z,D)]","H[p(y|x,u=2,z,D)]","Var[p(y|x,u=0,z,D)]","Var[p(y|x,u=1,z,D)]","Var[p(y|x,u=2,z,D)]","H[p(y|x,D)]","Var[p(y|x,D)]",Va,Ve,Va_variance,Ve_variance,kl_pyx_pyxz,kl_pyxz_pyx,api_calls
2.6,-0.7,x1 = 2.6; x2 = -0.7,2.6,-0.7,x1 = 2.6; x2 = -0.7,0.5392190835939823,0.2432443991844619,0.21753651722155584,0.5392190835939823,0.2432443991844619,0.21753651722155584,0.7945860834515297,0.1212903126219704,0.08412360392649991,0.1684979425900491,0.6481990901296087,0.18330296728034212,0.1677146374474556,0.18205037631934043,0.650234986233204,0.5059262186817953,0.26267545427472094,0.23139832704348381,1.4553,0.65328,0.93316,1.28702,1.2832,0.37395,0.35158,0.58512,1.4553,0.65328,1.09538,0.35992,0.41445,0.23883,0.0022330046512009424,0.002238410175051244,25700
