z_x1,z_x2,z_note,x_x1,x_x2,x_note,"p(y=0|x,D)","p(y=1|x,D)","p(y=2|x,D)","p(u=0|z,D)","p(u=1|z,D)","p(u=2|z,D)","p(y=0|x,u=0,z,D)","p(y=1|x,u=0,z,D)","p(y=2|x,u=0,z,D)","p(y=0|x,u=1,z,D)","p(y=1|x,u=1,z,D)","p(y=2|x,u=1,z,D)","p(y=0|x,u=2,z,D)","p(y=1|x,u=2,z,D)","p(y=2|x,u=2,z,D)","p(y=0|x,z,D)","p(y=1|x,z,D)","p(y=2|x,z,D)","H[p(u|z,D)]","Var[p(u|z,D)]","H[p(y|x,u=0,z,D)]","H[p(y|x,u=1,z,D)]","H[p(y|x,u=2,z,D)]","Var[p(y|x,u=0,z,D)]","Var[p(y|x,u=1,z,D)]","Var[p(y|x,u=2,z,D)]","H[p(y|x,D)]","Var[p(y|x,D)]",Va,Ve,Va_variance,Ve_variance,kl_pyx_pyxz,kl_pyxz_pyx,api_calls
1.0,1.4,x1 = 1.0; x2 = 1.4,1.0,1.4,x1 = 1.0; x2 = 1.4,0.34895063049450953,0.260766119780299,0.39028324972519146,0.35059612004307705,0.2620476283292592,0.38735625162766385,0.7562174835831196,0.11682616656293707,0.12695634985394338,0.2071156715312361,0.6123950101713368,0.18048931829742712,0.17100859732881782,0.13448041803459704,0.6945109846365852,0.3856423354249587,0.25352729137974617,0.3608303731952952,1.56645,0.7366,1.04475,1.34952,1.19023,0.4872,0.3869,0.59146,1.56547,0.73753,1.18097,0.38449999999999984,0.5013,0.23623000000000005,0.0030766472257076904,0.003106590010730926,42750
