z_x1,z_x2,z_note,x_x1,x_x2,x_note,"p(y=0|x,D)","p(y=1|x,D)","p(y=2|x,D)","p(u=0|z,D)","p(u=1|z,D)","p(u=2|z,D)","p(y=0|x,u=0,z,D)","p(y=1|x,u=0,z,D)","p(y=2|x,u=0,z,D)","p(y=0|x,u=1,z,D)","p(y=1|x,u=1,z,D)","p(y=2|x,u=1,z,D)","p(y=0|x,u=2,z,D)","p(y=1|x,u=2,z,D)","p(y=2|x,u=2,z,D)","p(y=0|x,z,D)","p(y=1|x,z,D)","p(y=2|x,z,D)","H[p(u|z,D)]","Var[p(u|z,D)]","H[p(y|x,u=0,z,D)]","H[p(y|x,u=1,z,D)]","H[p(y|x,u=2,z,D)]","Var[p(y|x,u=0,z,D)]","Var[p(y|x,u=1,z,D)]","Var[p(y|x,u=2,z,D)]","H[p(y|x,D)]","Var[p(y|x,D)]",Va,Ve,Va_variance,Ve_variance,kl_pyx_pyxz,kl_pyxz_pyx,api_calls
3.1,-2.5,x1 = 3.1; x2 = -2.5,3.1,-2.5,x1 = 3.1; x2 = -2.5,0.8690557250345208,0.06773713372892973,0.06320714123654934,0.8690574701692834,0.06886425777029892,0.06207827206041774,0.9122250957891203,0.04282144800001634,0.044953456210863364,0.2240365907646627,0.6511994544565333,0.12476395477880405,0.16493007175839536,0.09911054537192894,0.7359593828696757,0.8184427213733837,0.08821127775910743,0.09334600086750892,0.69071,0.27992,0.51674,1.26113,1.08486,0.20502,0.33895,0.57481,0.69085,0.28287,0.60327,0.08757999999999999,0.2372,0.045670000000000016,0.00961308418497394,0.010582130387645754,44800
