z_x1,z_x2,z_note,x_x1,x_x2,x_note,"p(y=0|x,D)","p(y=1|x,D)","p(y=2|x,D)","p(u=0|z,D)","p(u=1|z,D)","p(u=2|z,D)","p(y=0|x,u=0,z,D)","p(y=1|x,u=0,z,D)","p(y=2|x,u=0,z,D)","p(y=0|x,u=1,z,D)","p(y=1|x,u=1,z,D)","p(y=2|x,u=1,z,D)","p(y=0|x,u=2,z,D)","p(y=1|x,u=2,z,D)","p(y=2|x,u=2,z,D)","p(y=0|x,z,D)","p(y=1|x,z,D)","p(y=2|x,z,D)","H[p(u|z,D)]","Var[p(u|z,D)]","H[p(y|x,u=0,z,D)]","H[p(y|x,u=1,z,D)]","H[p(y|x,u=2,z,D)]","Var[p(y|x,u=0,z,D)]","Var[p(y|x,u=1,z,D)]","Var[p(y|x,u=2,z,D)]","H[p(y|x,D)]","Var[p(y|x,D)]",Va,Ve,Va_variance,Ve_variance,kl_pyx_pyxz,kl_pyxz_pyx,api_calls
3.6,0.3,x1 = 3.6; x2 = 0.3,3.6,0.3,x1 = 3.6; x2 = 0.3,0.5884926254851344,0.25342031734095627,0.1580870571739093,0.5930022004513245,0.250291796983489,0.15670600256518646,0.9000734236546448,0.05719562728256975,0.042730949062785656,0.17569810500153063,0.6962574552253835,0.12804443977308594,0.14538342240880844,0.15111387638235269,0.703502701208839,0.6005037701873187,0.2318651139662783,0.16763111584640308,1.36623,0.55935,0.56717,1.18414,1.17338,0.20777,0.30147,0.53739,1.37272,0.56133,0.81659,0.5561299999999999,0.28288,0.27845,0.0013701870817972393,0.0013480852528119612,66200
