z_x1,z_x2,z_note,x_x1,x_x2,x_note,"p(y=0|x,D)","p(y=1|x,D)","p(y=2|x,D)","p(u=0|z,D)","p(u=1|z,D)","p(u=2|z,D)","p(y=0|x,u=0,z,D)","p(y=1|x,u=0,z,D)","p(y=2|x,u=0,z,D)","p(y=0|x,u=1,z,D)","p(y=1|x,u=1,z,D)","p(y=2|x,u=1,z,D)","p(y=0|x,u=2,z,D)","p(y=1|x,u=2,z,D)","p(y=2|x,u=2,z,D)","p(y=0|x,z,D)","p(y=1|x,z,D)","p(y=2|x,z,D)","H[p(u|z,D)]","Var[p(u|z,D)]","H[p(y|x,u=0,z,D)]","H[p(y|x,u=1,z,D)]","H[p(y|x,u=2,z,D)]","Var[p(y|x,u=0,z,D)]","Var[p(y|x,u=1,z,D)]","Var[p(y|x,u=2,z,D)]","H[p(y|x,D)]","Var[p(y|x,D)]",Va,Ve,Va_variance,Ve_variance,kl_pyx_pyxz,kl_pyxz_pyx,api_calls
-0.7,3.3,x1 = -0.7; x2 = 3.3,-0.7,3.3,x1 = -0.7; x2 = 3.3,0.32589705748302655,0.22325889890703216,0.4508440436099413,0.32589705748302655,0.22325889890703216,0.4508440436099413,0.7777590667631665,0.09371003689070305,0.1285308963461303,0.14272220956402143,0.6379807073550201,0.2192970830809585,0.11144012441998696,0.08914845611022086,0.7994114194697921,0.3355755109596048,0.21316674596163265,0.45125774307876254,1.52825,0.76113,0.98253,1.29459,0.9219,0.48479,0.35616,0.43755,1.52825,0.76113,1.02487,0.5033800000000002,0.43477,0.32636,0.00037633879057396793,0.0003741213966904378,55700
