z_x1,z_x2,z_note,x_x1,x_x2,x_note,"p(y=0|x,D)","p(y=1|x,D)","p(y=2|x,D)","p(u=0|z,D)","p(u=1|z,D)","p(u=2|z,D)","p(y=0|x,u=0,z,D)","p(y=1|x,u=0,z,D)","p(y=2|x,u=0,z,D)","p(y=0|x,u=1,z,D)","p(y=1|x,u=1,z,D)","p(y=2|x,u=1,z,D)","p(y=0|x,u=2,z,D)","p(y=1|x,u=2,z,D)","p(y=2|x,u=2,z,D)","p(y=0|x,z,D)","p(y=1|x,z,D)","p(y=2|x,z,D)","H[p(u|z,D)]","Var[p(u|z,D)]","H[p(y|x,u=0,z,D)]","H[p(y|x,u=1,z,D)]","H[p(y|x,u=2,z,D)]","Var[p(y|x,u=0,z,D)]","Var[p(y|x,u=1,z,D)]","Var[p(y|x,u=2,z,D)]","H[p(y|x,D)]","Var[p(y|x,D)]",Va,Ve,Va_variance,Ve_variance,kl_pyx_pyxz,kl_pyxz_pyx,api_calls
0.7,2.0,x1 = 0.7; x2 = 2.0,0.7,2.0,x1 = 0.7; x2 = 2.0,0.3913343967837038,0.2650195807215082,0.343646022494788,0.39294531009165257,0.26264772554820764,0.34440696436013973,0.6791396111995451,0.14483492765292688,0.17602546114752807,0.20827915014155213,0.5556693175672658,0.23605153229118211,0.19382090975555907,0.1347591623952812,0.6714199278491597,0.3883220413405547,0.24926948201492238,0.36240847664452297,1.56576,0.735,1.22398,1.43412,1.23435,0.60204,0.44356,0.63714,1.56697,0.73271,1.28274,0.28423,0.5725,0.16020999999999996,0.0009933643751688544,0.0009923175435135982,31050
