z_x1,z_x2,z_note,x_x1,x_x2,x_note,"p(y=0|x,D)","p(y=1|x,D)","p(y=2|x,D)","p(u=0|z,D)","p(u=1|z,D)","p(u=2|z,D)","p(y=0|x,u=0,z,D)","p(y=1|x,u=0,z,D)","p(y=2|x,u=0,z,D)","p(y=0|x,u=1,z,D)","p(y=1|x,u=1,z,D)","p(y=2|x,u=1,z,D)","p(y=0|x,u=2,z,D)","p(y=1|x,u=2,z,D)","p(y=2|x,u=2,z,D)","p(y=0|x,z,D)","p(y=1|x,z,D)","p(y=2|x,z,D)","H[p(u|z,D)]","Var[p(u|z,D)]","H[p(y|x,u=0,z,D)]","H[p(y|x,u=1,z,D)]","H[p(y|x,u=2,z,D)]","Var[p(y|x,u=0,z,D)]","Var[p(y|x,u=1,z,D)]","Var[p(y|x,u=2,z,D)]","H[p(y|x,D)]","Var[p(y|x,D)]",Va,Ve,Va_variance,Ve_variance,kl_pyx_pyxz,kl_pyxz_pyx,api_calls
0.1,-3.7,x1 = 0.1; x2 = -3.7,0.1,-3.7,x1 = 0.1; x2 = -3.7,0.5033029965249887,0.2997605675704898,0.19693643590452165,0.502583837059333,0.29851960455290927,0.19889655838775772,0.8574288572241702,0.07915881836440927,0.06341232441142064,0.1593414921312942,0.7085986290587606,0.13205987880994532,0.11491760617113138,0.1283548326471847,0.7567275611816839,0.5013531606546247,0.2768438596699841,0.22180297967539128,1.48291,0.60925,0.73225,1.16008,1.04318,0.29038,0.29066,0.45973,1.4812,0.60638,0.92181,0.55939,0.32415,0.28223000000000004,0.002376280921546816,0.0024107053863815266,4200
