z_x1,z_x2,z_note,x_x1,x_x2,x_note,"p(y=0|x,D)","p(y=1|x,D)","p(y=2|x,D)","p(u=0|z,D)","p(u=1|z,D)","p(u=2|z,D)","p(y=0|x,u=0,z,D)","p(y=1|x,u=0,z,D)","p(y=2|x,u=0,z,D)","p(y=0|x,u=1,z,D)","p(y=1|x,u=1,z,D)","p(y=2|x,u=1,z,D)","p(y=0|x,u=2,z,D)","p(y=1|x,u=2,z,D)","p(y=2|x,u=2,z,D)","p(y=0|x,z,D)","p(y=1|x,z,D)","p(y=2|x,z,D)","H[p(u|z,D)]","Var[p(u|z,D)]","H[p(y|x,u=0,z,D)]","H[p(y|x,u=1,z,D)]","H[p(y|x,u=2,z,D)]","Var[p(y|x,u=0,z,D)]","Var[p(y|x,u=1,z,D)]","Var[p(y|x,u=2,z,D)]","H[p(y|x,D)]","Var[p(y|x,D)]",Va,Ve,Va_variance,Ve_variance,kl_pyx_pyxz,kl_pyxz_pyx,api_calls
-1.5,2.8,x1 = -1.5; x2 = 2.8,-1.5,2.8,x1 = -1.5; x2 = 2.8,0.29858405051924775,0.21593958780738448,0.48547636167336783,0.2935582818728932,0.21726911820538847,0.48917259992171835,0.7477309224368366,0.09546184035376798,0.1568072372093954,0.14075733862569756,0.6420432065335266,0.21719945484077577,0.10869111799495353,0.09159953322458701,0.7997093487804594,0.30325354451592357,0.21232775699106304,0.48441869849301333,1.50224,0.74447,1.05625,1.28706,0.92175,0.55535,0.35211,0.43089,1.5043,0.74913,1.0406,0.4637,0.45031,0.29882,6.783720528183435e-05,6.785249992332602e-05,23450
