z_x1,z_x2,z_note,x_x1,x_x2,x_note,"p(y=0|x,D)","p(y=1|x,D)","p(y=2|x,D)","p(u=0|z,D)","p(u=1|z,D)","p(u=2|z,D)","p(y=0|x,u=0,z,D)","p(y=1|x,u=0,z,D)","p(y=2|x,u=0,z,D)","p(y=0|x,u=1,z,D)","p(y=1|x,u=1,z,D)","p(y=2|x,u=1,z,D)","p(y=0|x,u=2,z,D)","p(y=1|x,u=2,z,D)","p(y=2|x,u=2,z,D)","p(y=0|x,z,D)","p(y=1|x,z,D)","p(y=2|x,z,D)","H[p(u|z,D)]","Var[p(u|z,D)]","H[p(y|x,u=0,z,D)]","H[p(y|x,u=1,z,D)]","H[p(y|x,u=2,z,D)]","Var[p(y|x,u=0,z,D)]","Var[p(y|x,u=1,z,D)]","Var[p(y|x,u=2,z,D)]","H[p(y|x,D)]","Var[p(y|x,D)]",Va,Ve,Va_variance,Ve_variance,kl_pyx_pyxz,kl_pyxz_pyx,api_calls
-2.7,0.9,x1 = -2.7; x2 = 0.9,-2.7,0.9,x1 = -2.7; x2 = 0.9,0.30627741340381814,0.23103690694230927,0.4626856796538726,0.30627741340381814,0.23103690694230927,0.4626856796538726,0.6905180127608066,0.1038535135563555,0.20562847368283793,0.17722218960766073,0.5860976766886068,0.23668013370373261,0.13956202869186868,0.10143077489851982,0.7590071964096116,0.3170082894847925,0.21414874691488883,0.46884296360031874,1.52567,0.7445,1.17746,1.38622,1.03331,0.66103,0.41037,0.51486,1.52567,0.7445,1.159,0.36667000000000005,0.53549,0.20901000000000003,0.0008733866779023847,0.0008594707276807639,54500
