z_x1,z_x2,z_note,x_x1,x_x2,x_note,"p(y=0|x,D)","p(y=1|x,D)","p(y=2|x,D)","p(u=0|z,D)","p(u=1|z,D)","p(u=2|z,D)","p(y=0|x,u=0,z,D)","p(y=1|x,u=0,z,D)","p(y=2|x,u=0,z,D)","p(y=0|x,u=1,z,D)","p(y=1|x,u=1,z,D)","p(y=2|x,u=1,z,D)","p(y=0|x,u=2,z,D)","p(y=1|x,u=2,z,D)","p(y=2|x,u=2,z,D)","p(y=0|x,z,D)","p(y=1|x,z,D)","p(y=2|x,z,D)","H[p(u|z,D)]","Var[p(u|z,D)]","H[p(y|x,u=0,z,D)]","H[p(y|x,u=1,z,D)]","H[p(y|x,u=2,z,D)]","Var[p(y|x,u=0,z,D)]","Var[p(y|x,u=1,z,D)]","Var[p(y|x,u=2,z,D)]","H[p(y|x,D)]","Var[p(y|x,D)]",Va,Ve,Va_variance,Ve_variance,kl_pyx_pyxz,kl_pyxz_pyx,api_calls
-1.1,1.3,x1 = -1.1; x2 = 1.3,-1.1,1.3,x1 = -1.1; x2 = 1.3,0.25172123044784606,0.4423450406190866,0.30593372893306725,0.25172123044784606,0.4423450406190866,0.30593372893306725,0.6660443236460063,0.19080530898425307,0.14315036736974057,0.14683123506884882,0.6954958816748346,0.15767288325631648,0.15137327746275947,0.21361060325697429,0.6350161192802662,0.27891775655665857,0.4210295895774079,0.3000526538659334,1.54423,0.55472,1.24795,1.19095,1.30403,0.53578,0.30439,0.55248,1.54423,0.55472,1.23989,0.30434000000000005,0.43853,0.11619000000000002,0.0019592074394434904,0.001997875390290605,38700
