z_x1,z_x2,z_note,x_x1,x_x2,x_note,"p(y=0|x,D)","p(y=1|x,D)","p(y=2|x,D)","p(u=0|z,D)","p(u=1|z,D)","p(u=2|z,D)","p(y=0|x,u=0,z,D)","p(y=1|x,u=0,z,D)","p(y=2|x,u=0,z,D)","p(y=0|x,u=1,z,D)","p(y=1|x,u=1,z,D)","p(y=2|x,u=1,z,D)","p(y=0|x,u=2,z,D)","p(y=1|x,u=2,z,D)","p(y=2|x,u=2,z,D)","p(y=0|x,z,D)","p(y=1|x,z,D)","p(y=2|x,z,D)","H[p(u|z,D)]","Var[p(u|z,D)]","H[p(y|x,u=0,z,D)]","H[p(y|x,u=1,z,D)]","H[p(y|x,u=2,z,D)]","Var[p(y|x,u=0,z,D)]","Var[p(y|x,u=1,z,D)]","Var[p(y|x,u=2,z,D)]","H[p(y|x,D)]","Var[p(y|x,D)]",Va,Ve,Va_variance,Ve_variance,kl_pyx_pyxz,kl_pyxz_pyx,api_calls
-3.1,1.6,x1 = -3.1; x2 = 1.6,-3.1,1.6,x1 = -3.1; x2 = 1.6,0.2645629886916144,0.14671540422118645,0.588721607087199,0.26567680665066823,0.14836244620141295,0.5859607471479188,0.7509767809252901,0.06472253814697479,0.18430068092773533,0.11631280838248456,0.6504703595179587,0.23321683209955674,0.0782399651426302,0.0699111101625181,0.8518489246948517,0.2626191142330139,0.15466581731758078,0.5827150684494053,1.3683,0.74906,1.01557,1.25442,0.75301,0.61416,0.33586,0.33162,1.36374,0.74821,0.89716,0.46658,0.40731,0.34090000000000004,0.0002459628436711041,0.0002495299468866889,38850
