z_x1,z_x2,z_note,x_x1,x_x2,x_note,"p(y=0|x,D)","p(y=1|x,D)","p(y=2|x,D)","p(u=0|z,D)","p(u=1|z,D)","p(u=2|z,D)","p(y=0|x,u=0,z,D)","p(y=1|x,u=0,z,D)","p(y=2|x,u=0,z,D)","p(y=0|x,u=1,z,D)","p(y=1|x,u=1,z,D)","p(y=2|x,u=1,z,D)","p(y=0|x,u=2,z,D)","p(y=1|x,u=2,z,D)","p(y=2|x,u=2,z,D)","p(y=0|x,z,D)","p(y=1|x,z,D)","p(y=2|x,z,D)","H[p(u|z,D)]","Var[p(u|z,D)]","H[p(y|x,u=0,z,D)]","H[p(y|x,u=1,z,D)]","H[p(y|x,u=2,z,D)]","Var[p(y|x,u=0,z,D)]","Var[p(y|x,u=1,z,D)]","Var[p(y|x,u=2,z,D)]","H[p(y|x,D)]","Var[p(y|x,D)]",Va,Ve,Va_variance,Ve_variance,kl_pyx_pyxz,kl_pyxz_pyx,api_calls
3.9,1.7,x1 = 3.9; x2 = 1.7,3.9,1.7,x1 = 3.9; x2 = 1.7,0.4794469469885099,0.29870384343813067,0.22184920957335946,0.4777376823263049,0.29784928125158416,0.22441303642211086,0.8591445506694934,0.07550258063553368,0.06535286869497293,0.13851082418295896,0.7140253579702021,0.14746381784683896,0.11366724295934956,0.1285348264027787,0.7577979306378718,0.47720948698281473,0.277587258228341,0.2452032547888442,1.51336,0.63798,0.7268,1.14924,1.04023,0.29439,0.28589,0.45656,1.51112,0.63494,0.92296,0.58816,0.32825,0.30668999999999996,0.0019380553959825984,0.0019581171605393445,78900
