z_x1,z_x2,z_note,x_x1,x_x2,x_note,"p(y=0|x,D)","p(y=1|x,D)","p(y=2|x,D)","p(u=0|z,D)","p(u=1|z,D)","p(u=2|z,D)","p(y=0|x,u=0,z,D)","p(y=1|x,u=0,z,D)","p(y=2|x,u=0,z,D)","p(y=0|x,u=1,z,D)","p(y=1|x,u=1,z,D)","p(y=2|x,u=1,z,D)","p(y=0|x,u=2,z,D)","p(y=1|x,u=2,z,D)","p(y=2|x,u=2,z,D)","p(y=0|x,z,D)","p(y=1|x,z,D)","p(y=2|x,z,D)","H[p(u|z,D)]","Var[p(u|z,D)]","H[p(y|x,u=0,z,D)]","H[p(y|x,u=1,z,D)]","H[p(y|x,u=2,z,D)]","Var[p(y|x,u=0,z,D)]","Var[p(y|x,u=1,z,D)]","Var[p(y|x,u=2,z,D)]","H[p(y|x,D)]","Var[p(y|x,D)]",Va,Ve,Va_variance,Ve_variance,kl_pyx_pyxz,kl_pyxz_pyx,api_calls
-0.9,0.0,x1 = -0.9; x2 = 0.0,-0.9,0.0,x1 = -0.9; x2 = 0.0,0.25390305609961866,0.3433729226179243,0.40272402128245705,0.25390305609961866,0.3433729226179243,0.40272402128245705,0.6148476927392761,0.22662502209261035,0.15852728516811354,0.15719994768698106,0.6181580922485115,0.2246419600645074,0.13243938756773468,0.2213728938573595,0.6461877185749059,0.26342643643242897,0.3589517184904195,0.3776218450771515,1.56009,0.63448,1.33802,1.33254,1.27494,0.56515,0.37729,0.51469,1.56009,0.63448,1.31073,0.24936000000000003,0.48032,0.15416000000000002,0.0013337527717913397,0.0013236888133745378,46050
