z_x1,z_x2,z_note,x_x1,x_x2,x_note,"p(y=0|x,D)","p(y=1|x,D)","p(y=2|x,D)","p(u=0|z,D)","p(u=1|z,D)","p(u=2|z,D)","p(y=0|x,u=0,z,D)","p(y=1|x,u=0,z,D)","p(y=2|x,u=0,z,D)","p(y=0|x,u=1,z,D)","p(y=1|x,u=1,z,D)","p(y=2|x,u=1,z,D)","p(y=0|x,u=2,z,D)","p(y=1|x,u=2,z,D)","p(y=2|x,u=2,z,D)","p(y=0|x,z,D)","p(y=1|x,z,D)","p(y=2|x,z,D)","H[p(u|z,D)]","Var[p(u|z,D)]","H[p(y|x,u=0,z,D)]","H[p(y|x,u=1,z,D)]","H[p(y|x,u=2,z,D)]","Var[p(y|x,u=0,z,D)]","Var[p(y|x,u=1,z,D)]","Var[p(y|x,u=2,z,D)]","H[p(y|x,D)]","Var[p(y|x,D)]",Va,Ve,Va_variance,Ve_variance,kl_pyx_pyxz,kl_pyxz_pyx,api_calls
3.0,3.0,x1 = 3.0; x2 = 3.0,3.0,3.0,x1 = 3.0; x2 = 3.0,0.516362457339095,0.23908099919652265,0.24455654346438233,0.5178367862344455,0.2435199282697585,0.2386432854957961,0.898495867336044,0.05408660030419021,0.047417532359765584,0.17550548685152495,0.6454843540091499,0.17901015913932522,0.1080881593715288,0.111023493812581,0.7808883468158903,0.533807809430875,0.21169134619808494,0.25450084437104015,1.48121,0.67853,0.57493,1.29253,0.97763,0.22158,0.3545,0.43632,1.48282,0.68704,0.84578,0.63704,0.30519,0.38184999999999997,0.00218515838046302,0.0021234369385093772,43550
