z_x1,z_x2,z_note,x_x1,x_x2,x_note,"p(y=0|x,D)","p(y=1|x,D)","p(y=2|x,D)","p(u=0|z,D)","p(u=1|z,D)","p(u=2|z,D)","p(y=0|x,u=0,z,D)","p(y=1|x,u=0,z,D)","p(y=2|x,u=0,z,D)","p(y=0|x,u=1,z,D)","p(y=1|x,u=1,z,D)","p(y=2|x,u=1,z,D)","p(y=0|x,u=2,z,D)","p(y=1|x,u=2,z,D)","p(y=2|x,u=2,z,D)","p(y=0|x,z,D)","p(y=1|x,z,D)","p(y=2|x,z,D)","H[p(u|z,D)]","Var[p(u|z,D)]","H[p(y|x,u=0,z,D)]","H[p(y|x,u=1,z,D)]","H[p(y|x,u=2,z,D)]","Var[p(y|x,u=0,z,D)]","Var[p(y|x,u=1,z,D)]","Var[p(y|x,u=2,z,D)]","H[p(y|x,D)]","Var[p(y|x,D)]",Va,Ve,Va_variance,Ve_variance,kl_pyx_pyxz,kl_pyxz_pyx,api_calls
-0.1,-3.2,x1 = -0.1; x2 = -3.2,-0.1,-3.2,x1 = -0.1; x2 = -3.2,0.24228176106205934,0.38284674385534817,0.37487149508259243,0.2444797338385508,0.376682733768238,0.3788375323932111,0.7726960139943341,0.11523791570089473,0.11206607030477116,0.12086543956102307,0.6970130185946714,0.1821215418443056,0.09481527728191289,0.14733645168458348,0.7578482710335036,0.2703560257100478,0.34654268206271577,0.3831012922272363,1.55793,0.60527,1.00055,1.1789,1.03247,0.44833,0.29923,0.41305,1.55647,0.59957,1.07982,0.47665,0.3788,0.22077000000000002,0.003438416345462521,0.0034352482620368073,76450
