z_x1,z_x2,z_note,x_x1,x_x2,x_note,"p(y=0|x,D)","p(y=1|x,D)","p(y=2|x,D)","p(u=0|z,D)","p(u=1|z,D)","p(u=2|z,D)","p(y=0|x,u=0,z,D)","p(y=1|x,u=0,z,D)","p(y=2|x,u=0,z,D)","p(y=0|x,u=1,z,D)","p(y=1|x,u=1,z,D)","p(y=2|x,u=1,z,D)","p(y=0|x,u=2,z,D)","p(y=1|x,u=2,z,D)","p(y=2|x,u=2,z,D)","p(y=0|x,z,D)","p(y=1|x,z,D)","p(y=2|x,z,D)","H[p(u|z,D)]","Var[p(u|z,D)]","H[p(y|x,u=0,z,D)]","H[p(y|x,u=1,z,D)]","H[p(y|x,u=2,z,D)]","Var[p(y|x,u=0,z,D)]","Var[p(y|x,u=1,z,D)]","Var[p(y|x,u=2,z,D)]","H[p(y|x,D)]","Var[p(y|x,D)]",Va,Ve,Va_variance,Ve_variance,kl_pyx_pyxz,kl_pyxz_pyx,api_calls
1.2,-2.9,x1 = 1.2; x2 = -2.9,1.2,-2.9,x1 = 1.2; x2 = -2.9,0.7959024732787022,0.13664594229535873,0.06745158442593892,0.7939762393222279,0.138454929052889,0.06756883162488296,0.8757583679233859,0.07329944435785211,0.050942187718761946,0.3301100705514921,0.5795338625269336,0.09035606692157425,0.23338810998459344,0.1298444081190793,0.6367674818963273,0.7568064638234318,0.1472107719452003,0.0959827642313679,0.92188,0.33388,0.66276,1.29733,1.28698,0.24638,0.36298,0.70744,0.91688,0.33271,0.7928,0.12408000000000008,0.29368,0.03903000000000001,0.006118447031054134,0.006702187458661534,48600
