z_x1,z_x2,z_note,x_x1,x_x2,x_note,"p(y=0|x,D)","p(y=1|x,D)","p(y=2|x,D)","p(u=0|z,D)","p(u=1|z,D)","p(u=2|z,D)","p(y=0|x,u=0,z,D)","p(y=1|x,u=0,z,D)","p(y=2|x,u=0,z,D)","p(y=0|x,u=1,z,D)","p(y=1|x,u=1,z,D)","p(y=2|x,u=1,z,D)","p(y=0|x,u=2,z,D)","p(y=1|x,u=2,z,D)","p(y=2|x,u=2,z,D)","p(y=0|x,z,D)","p(y=1|x,z,D)","p(y=2|x,z,D)","H[p(u|z,D)]","Var[p(u|z,D)]","H[p(y|x,u=0,z,D)]","H[p(y|x,u=1,z,D)]","H[p(y|x,u=2,z,D)]","Var[p(y|x,u=0,z,D)]","Var[p(y|x,u=1,z,D)]","Var[p(y|x,u=2,z,D)]","H[p(y|x,D)]","Var[p(y|x,D)]",Va,Ve,Va_variance,Ve_variance,kl_pyx_pyxz,kl_pyxz_pyx,api_calls
-3.4,0.0,x1 = -3.4; x2 = 0.0,-3.4,0.0,x1 = -3.4; x2 = 0.0,0.36850757625175234,0.17684214301927942,0.45465028072896824,0.36850757625175234,0.17684214301927942,0.45465028072896824,0.7841816772176488,0.07635724326051578,0.13946107952183545,0.17783419712795318,0.5890081388194475,0.23315766405259933,0.11055773686146446,0.10041827318574208,0.7890239899527935,0.3706905758355542,0.1779548802620423,0.45135454390240354,1.48976,0.81574,0.95477,1.38262,0.95397,0.50798,0.40793,0.43927,1.48976,0.81574,1.03007,0.45968999999999993,0.45905,0.35669,2.1930064364793743e-05,2.1920979435474056e-05,26050
