z_x1,z_x2,z_note,x_x1,x_x2,x_note,"p(y=0|x,D)","p(y=1|x,D)","p(y=2|x,D)","p(u=0|z,D)","p(u=1|z,D)","p(u=2|z,D)","p(y=0|x,u=0,z,D)","p(y=1|x,u=0,z,D)","p(y=2|x,u=0,z,D)","p(y=0|x,u=1,z,D)","p(y=1|x,u=1,z,D)","p(y=2|x,u=1,z,D)","p(y=0|x,u=2,z,D)","p(y=1|x,u=2,z,D)","p(y=2|x,u=2,z,D)","p(y=0|x,z,D)","p(y=1|x,z,D)","p(y=2|x,z,D)","H[p(u|z,D)]","Var[p(u|z,D)]","H[p(y|x,u=0,z,D)]","H[p(y|x,u=1,z,D)]","H[p(y|x,u=2,z,D)]","Var[p(y|x,u=0,z,D)]","Var[p(y|x,u=1,z,D)]","Var[p(y|x,u=2,z,D)]","H[p(y|x,D)]","Var[p(y|x,D)]",Va,Ve,Va_variance,Ve_variance,kl_pyx_pyxz,kl_pyxz_pyx,api_calls
0.2,2.2,x1 = 0.2; x2 = 2.2,0.2,2.2,x1 = 0.2; x2 = 2.2,0.4320993894539405,0.23382136205702678,0.3340792484890327,0.42817911309168244,0.2313317874878634,0.34048909942045413,0.7472169966242618,0.11177225041523053,0.14101075296050777,0.22306645612590398,0.5624293737232386,0.21450417015085738,0.20723166492269546,0.13322069190927233,0.6595476431680323,0.4421051958867254,0.2233265288224891,0.33456827529078553,1.54176,0.76098,1.066,1.42617,1.254,0.52074,0.4375,0.66219,1.54172,0.75657,1.21333,0.32838999999999996,0.54965,0.20692,0.0003572667506408176,0.00035445226701632377,11150
