z_x1,z_x2,z_note,x_x1,x_x2,x_note,"p(y=0|x,D)","p(y=1|x,D)","p(y=2|x,D)","p(u=0|z,D)","p(u=1|z,D)","p(u=2|z,D)","p(y=0|x,u=0,z,D)","p(y=1|x,u=0,z,D)","p(y=2|x,u=0,z,D)","p(y=0|x,u=1,z,D)","p(y=1|x,u=1,z,D)","p(y=2|x,u=1,z,D)","p(y=0|x,u=2,z,D)","p(y=1|x,u=2,z,D)","p(y=2|x,u=2,z,D)","p(y=0|x,z,D)","p(y=1|x,z,D)","p(y=2|x,z,D)","H[p(u|z,D)]","Var[p(u|z,D)]","H[p(y|x,u=0,z,D)]","H[p(y|x,u=1,z,D)]","H[p(y|x,u=2,z,D)]","Var[p(y|x,u=0,z,D)]","Var[p(y|x,u=1,z,D)]","Var[p(y|x,u=2,z,D)]","H[p(y|x,D)]","Var[p(y|x,D)]",Va,Ve,Va_variance,Ve_variance,kl_pyx_pyxz,kl_pyxz_pyx,api_calls
3.9,-1.8,x1 = 3.9; x2 = -1.8,3.9,-1.8,x1 = 3.9; x2 = -1.8,0.860678628231471,0.0725627586167239,0.06675861315180516,0.861624917955871,0.07151672935476103,0.06685835268936782,0.913732112413346,0.04456083937154785,0.041707048215106166,0.21232379428055012,0.6588847510433403,0.12879145467610958,0.16231595308033045,0.1079017111793423,0.7297823357403274,0.8133312369610876,0.0927301426457151,0.09393862039319716,0.71823,0.29683,0.51009,1.25209,1.10404,0.19501,0.33414,0.57008,0.72161,0.29713,0.60287,0.11873999999999996,0.23004,0.06709000000000001,0.008102170207391273,0.008806315364858753,77150
