z_x1,z_x2,z_note,x_x1,x_x2,x_note,"p(y=0|x,D)","p(y=1|x,D)","p(y=2|x,D)","p(u=0|z,D)","p(u=1|z,D)","p(u=2|z,D)","p(y=0|x,u=0,z,D)","p(y=1|x,u=0,z,D)","p(y=2|x,u=0,z,D)","p(y=0|x,u=1,z,D)","p(y=1|x,u=1,z,D)","p(y=2|x,u=1,z,D)","p(y=0|x,u=2,z,D)","p(y=1|x,u=2,z,D)","p(y=2|x,u=2,z,D)","p(y=0|x,z,D)","p(y=1|x,z,D)","p(y=2|x,z,D)","H[p(u|z,D)]","Var[p(u|z,D)]","H[p(y|x,u=0,z,D)]","H[p(y|x,u=1,z,D)]","H[p(y|x,u=2,z,D)]","Var[p(y|x,u=0,z,D)]","Var[p(y|x,u=1,z,D)]","Var[p(y|x,u=2,z,D)]","H[p(y|x,D)]","Var[p(y|x,D)]",Va,Ve,Va_variance,Ve_variance,kl_pyx_pyxz,kl_pyxz_pyx,api_calls
0.7,3.6,x1 = 0.7; x2 = 3.6,0.7,3.6,x1 = 0.7; x2 = 3.6,0.32894994198282246,0.31760661940426116,0.3534434386129163,0.32882813413044143,0.3172491930077447,0.35392267286181384,0.7807247348863056,0.11001074293753907,0.10926452217615543,0.15989549443421597,0.6375831869388746,0.20252131862690934,0.1359961184554744,0.12036514919587493,0.7436387323486506,0.35558308415957013,0.2810473341889337,0.36336958165149613,1.58345,0.68212,0.97812,1.30346,1.07688,0.43913,0.3606,0.51041,1.58352,0.68179,1.11629,0.46723000000000003,0.43944,0.24235,0.0034410928011599715,0.0033781626514977434,31850
