z_x1,z_x2,z_note,x_x1,x_x2,x_note,"p(y=0|x,D)","p(y=1|x,D)","p(y=2|x,D)","p(u=0|z,D)","p(u=1|z,D)","p(u=2|z,D)","p(y=0|x,u=0,z,D)","p(y=1|x,u=0,z,D)","p(y=2|x,u=0,z,D)","p(y=0|x,u=1,z,D)","p(y=1|x,u=1,z,D)","p(y=2|x,u=1,z,D)","p(y=0|x,u=2,z,D)","p(y=1|x,u=2,z,D)","p(y=2|x,u=2,z,D)","p(y=0|x,z,D)","p(y=1|x,z,D)","p(y=2|x,z,D)","H[p(u|z,D)]","Var[p(u|z,D)]","H[p(y|x,u=0,z,D)]","H[p(y|x,u=1,z,D)]","H[p(y|x,u=2,z,D)]","Var[p(y|x,u=0,z,D)]","Var[p(y|x,u=1,z,D)]","Var[p(y|x,u=2,z,D)]","H[p(y|x,D)]","Var[p(y|x,D)]",Va,Ve,Va_variance,Ve_variance,kl_pyx_pyxz,kl_pyxz_pyx,api_calls
-0.7,-2.9,x1 = -0.7; x2 = -2.9,-0.7,-2.9,x1 = -0.7; x2 = -2.9,0.2418169526086434,0.40678414314076844,0.3513989042505881,0.23973739574597594,0.4078888221959886,0.35237378205803555,0.7663673680765807,0.13077804650619085,0.10285458541722856,0.14690640682266237,0.7005363075655684,0.15255728561176923,0.11583239479091711,0.1610518446698006,0.7231157605392823,0.2844646972966327,0.37384376530230773,0.3416915374010597,1.55194,0.57942,1.01551,1.18002,1.1227,0.42897,0.29943,0.47016,1.55331,0.58121,1.12038,0.43293000000000004,0.39065,0.19056,0.004916870237577899,0.005063902161755968,52600
