z_x1,z_x2,z_note,x_x1,x_x2,x_note,"p(y=0|x,D)","p(y=1|x,D)","p(y=2|x,D)","p(u=0|z,D)","p(u=1|z,D)","p(u=2|z,D)","p(y=0|x,u=0,z,D)","p(y=1|x,u=0,z,D)","p(y=2|x,u=0,z,D)","p(y=0|x,u=1,z,D)","p(y=1|x,u=1,z,D)","p(y=2|x,u=1,z,D)","p(y=0|x,u=2,z,D)","p(y=1|x,u=2,z,D)","p(y=2|x,u=2,z,D)","p(y=0|x,z,D)","p(y=1|x,z,D)","p(y=2|x,z,D)","H[p(u|z,D)]","Var[p(u|z,D)]","H[p(y|x,u=0,z,D)]","H[p(y|x,u=1,z,D)]","H[p(y|x,u=2,z,D)]","Var[p(y|x,u=0,z,D)]","Var[p(y|x,u=1,z,D)]","Var[p(y|x,u=2,z,D)]","H[p(y|x,D)]","Var[p(y|x,D)]",Va,Ve,Va_variance,Ve_variance,kl_pyx_pyxz,kl_pyxz_pyx,api_calls
-2.9,-4.0,x1 = -2.9; x2 = -4.0,-2.9,-4.0,x1 = -2.9; x2 = -4.0,0.22242271435502875,0.21597599380425941,0.5616012918407118,0.2289697567284724,0.22160041175183945,0.5494298315196882,0.7605435704842947,0.06660717722685353,0.1728492522888518,0.11389052138176695,0.6274340542646945,0.2586754243535385,0.07255023121920515,0.07110498474467149,0.8563447840361234,0.23924092406350628,0.19335787372666002,0.5674012022098337,1.44342,0.6757,0.99838,1.28351,0.73738,0.58801,0.3516,0.31456,1.42735,0.66898,0.91816,0.5091899999999999,0.38538,0.2836,0.0019093711375117207,0.001878241619930855,44050
