z_x1,z_x2,z_note,x_x1,x_x2,x_note,"p(y=0|x,D)","p(y=1|x,D)","p(y=2|x,D)","p(u=0|z,D)","p(u=1|z,D)","p(u=2|z,D)","p(y=0|x,u=0,z,D)","p(y=1|x,u=0,z,D)","p(y=2|x,u=0,z,D)","p(y=0|x,u=1,z,D)","p(y=1|x,u=1,z,D)","p(y=2|x,u=1,z,D)","p(y=0|x,u=2,z,D)","p(y=1|x,u=2,z,D)","p(y=2|x,u=2,z,D)","p(y=0|x,z,D)","p(y=1|x,z,D)","p(y=2|x,z,D)","H[p(u|z,D)]","Var[p(u|z,D)]","H[p(y|x,u=0,z,D)]","H[p(y|x,u=1,z,D)]","H[p(y|x,u=2,z,D)]","Var[p(y|x,u=0,z,D)]","Var[p(y|x,u=1,z,D)]","Var[p(y|x,u=2,z,D)]","H[p(y|x,D)]","Var[p(y|x,D)]",Va,Ve,Va_variance,Ve_variance,kl_pyx_pyxz,kl_pyxz_pyx,api_calls
-1.1,3.7,x1 = -1.1; x2 = 3.7,-1.1,3.7,x1 = -1.1; x2 = 3.7,0.2916467342275414,0.24505887081232652,0.46329439496013214,0.2916467342275414,0.24505887081232652,0.46329439496013214,0.7937140088605782,0.08624439679926973,0.120041594340152,0.12635210478020872,0.6701338316210266,0.20351406359876462,0.09811351254914563,0.09608982750818448,0.8057966599426699,0.307903243150906,0.23389301523934555,0.4582037416097485,1.52989,0.72548,0.9366,1.23151,0.90437,0.45992,0.32391,0.40309,1.52989,0.72548,0.99394,0.5359499999999999,0.40026,0.32522,0.000727465777366933,0.0007312864582156827,39900
