z_x1,z_x2,z_note,x_x1,x_x2,x_note,"p(y=0|x,D)","p(y=1|x,D)","p(y=2|x,D)","p(u=0|z,D)","p(u=1|z,D)","p(u=2|z,D)","p(y=0|x,u=0,z,D)","p(y=1|x,u=0,z,D)","p(y=2|x,u=0,z,D)","p(y=0|x,u=1,z,D)","p(y=1|x,u=1,z,D)","p(y=2|x,u=1,z,D)","p(y=0|x,u=2,z,D)","p(y=1|x,u=2,z,D)","p(y=2|x,u=2,z,D)","p(y=0|x,z,D)","p(y=1|x,z,D)","p(y=2|x,z,D)","H[p(u|z,D)]","Var[p(u|z,D)]","H[p(y|x,u=0,z,D)]","H[p(y|x,u=1,z,D)]","H[p(y|x,u=2,z,D)]","Var[p(y|x,u=0,z,D)]","Var[p(y|x,u=1,z,D)]","Var[p(y|x,u=2,z,D)]","H[p(y|x,D)]","Var[p(y|x,D)]",Va,Ve,Va_variance,Ve_variance,kl_pyx_pyxz,kl_pyxz_pyx,api_calls
-0.8,1.8,x1 = -0.8; x2 = 1.8,-0.8,1.8,x1 = -0.8; x2 = 1.8,0.2796192498082548,0.36116502350698604,0.35921572668475915,0.2731743020039038,0.361889848413295,0.3649358495828012,0.6657568494466553,0.15927925190209388,0.17496389865125087,0.15404400558027215,0.6394684734248305,0.20648752099489748,0.14610506352544983,0.16030440612786587,0.6935905303466843,0.2909335999663387,0.3334289720169907,0.3756374280166706,1.5728,0.62969,1.25291,1.29813,1.19492,0.59984,0.35778,0.53996,1.57531,0.6325,1.24811,0.32719999999999994,0.49039,0.14210999999999996,0.0017100984323985095,0.0016890223264468956,50950
