z_x1,z_x2,z_note,x_x1,x_x2,x_note,"p(y=0|x,D)","p(y=1|x,D)","p(y=2|x,D)","p(u=0|z,D)","p(u=1|z,D)","p(u=2|z,D)","p(y=0|x,u=0,z,D)","p(y=1|x,u=0,z,D)","p(y=2|x,u=0,z,D)","p(y=0|x,u=1,z,D)","p(y=1|x,u=1,z,D)","p(y=2|x,u=1,z,D)","p(y=0|x,u=2,z,D)","p(y=1|x,u=2,z,D)","p(y=2|x,u=2,z,D)","p(y=0|x,z,D)","p(y=1|x,z,D)","p(y=2|x,z,D)","H[p(u|z,D)]","Var[p(u|z,D)]","H[p(y|x,u=0,z,D)]","H[p(y|x,u=1,z,D)]","H[p(y|x,u=2,z,D)]","Var[p(y|x,u=0,z,D)]","Var[p(y|x,u=1,z,D)]","Var[p(y|x,u=2,z,D)]","H[p(y|x,D)]","Var[p(y|x,D)]",Va,Ve,Va_variance,Ve_variance,kl_pyx_pyxz,kl_pyxz_pyx,api_calls
-2.8,2.5,x1 = -2.8; x2 = 2.5,-2.8,2.5,x1 = -2.8; x2 = 2.5,0.26400468012318623,0.19150570369261663,0.5444896161841972,0.26400468012318623,0.19150570369261663,0.5444896161841972,0.7518272310691237,0.06947700195105404,0.17869576697982215,0.11972688576512884,0.6349776339464422,0.245295480288429,0.08301350447927669,0.0746910892452893,0.8422954062754341,0.26661428034770784,0.18061261480953936,0.5527731048427529,1.44143,0.72982,1.02065,1.27999,0.78618,0.60204,0.34925,0.3488,1.44143,0.72982,0.94265,0.49878,0.41574,0.31408,0.0003972705916611592,0.00039140120290943707,51300
