z_x1,z_x2,z_note,x_x1,x_x2,x_note,"p(y=0|x,D)","p(y=1|x,D)","p(y=2|x,D)","p(u=0|z,D)","p(u=1|z,D)","p(u=2|z,D)","p(y=0|x,u=0,z,D)","p(y=1|x,u=0,z,D)","p(y=2|x,u=0,z,D)","p(y=0|x,u=1,z,D)","p(y=1|x,u=1,z,D)","p(y=2|x,u=1,z,D)","p(y=0|x,u=2,z,D)","p(y=1|x,u=2,z,D)","p(y=2|x,u=2,z,D)","p(y=0|x,z,D)","p(y=1|x,z,D)","p(y=2|x,z,D)","H[p(u|z,D)]","Var[p(u|z,D)]","H[p(y|x,u=0,z,D)]","H[p(y|x,u=1,z,D)]","H[p(y|x,u=2,z,D)]","Var[p(y|x,u=0,z,D)]","Var[p(y|x,u=1,z,D)]","Var[p(y|x,u=2,z,D)]","H[p(y|x,D)]","Var[p(y|x,D)]",Va,Ve,Va_variance,Ve_variance,kl_pyx_pyxz,kl_pyxz_pyx,api_calls
-2.3,1.3,x1 = -2.3; x2 = 1.3,-2.3,1.3,x1 = -2.3; x2 = 1.3,0.15223631131198184,0.12114469816357509,0.7266189905244431,0.15223631131198184,0.12114469816357509,0.7266189905244431,0.5076569274438008,0.11221084609398749,0.3801322264622118,0.1551410588979386,0.45641829914534704,0.38844064195671424,0.05881183070644701,0.04366373218533901,0.897524437108214,0.13881212785779978,0.10410211938788122,0.757085752754319,1.1171,0.54894,1.38108,1.46347,0.57765,0.87153,0.48915,0.2529,1.1171,0.54894,0.80727,0.30982999999999994,0.3757,0.17324,0.002575133503731227,0.0024993699044025958,70700
