z_x1,z_x2,z_note,x_x1,x_x2,x_note,"p(y=0|x,D)","p(y=1|x,D)","p(y=2|x,D)","p(u=0|z,D)","p(u=1|z,D)","p(u=2|z,D)","p(y=0|x,u=0,z,D)","p(y=1|x,u=0,z,D)","p(y=2|x,u=0,z,D)","p(y=0|x,u=1,z,D)","p(y=1|x,u=1,z,D)","p(y=2|x,u=1,z,D)","p(y=0|x,u=2,z,D)","p(y=1|x,u=2,z,D)","p(y=2|x,u=2,z,D)","p(y=0|x,z,D)","p(y=1|x,z,D)","p(y=2|x,z,D)","H[p(u|z,D)]","Var[p(u|z,D)]","H[p(y|x,u=0,z,D)]","H[p(y|x,u=1,z,D)]","H[p(y|x,u=2,z,D)]","Var[p(y|x,u=0,z,D)]","Var[p(y|x,u=1,z,D)]","Var[p(y|x,u=2,z,D)]","H[p(y|x,D)]","Var[p(y|x,D)]",Va,Ve,Va_variance,Ve_variance,kl_pyx_pyxz,kl_pyxz_pyx,api_calls
1.1,1.0,x1 = 1.1; x2 = 1.0,1.1,1.0,x1 = 1.1; x2 = 1.0,0.4080105374013493,0.2705551165030939,0.32143434609555677,0.4061615088757692,0.27353989353748726,0.32029859758674367,0.7880126504318977,0.0992722871266903,0.11271506244141198,0.2169678507479321,0.6082444864226104,0.17478766282945754,0.18823001627622987,0.14020188715585893,0.6715680965679113,0.43969958014426674,0.2516061818247661,0.3086942380309673,1.56562,0.71909,0.95664,1.3544,1.23666,0.4447,0.38998,0.62618,1.56428,0.72195,1.15513,0.4091499999999999,0.48786,0.23408999999999996,0.002126003848937276,0.0021354282106563188,46550
