z_x1,z_x2,z_note,x_x1,x_x2,x_note,"p(y=0|x,D)","p(y=1|x,D)","p(y=2|x,D)","p(u=0|z,D)","p(u=1|z,D)","p(u=2|z,D)","p(y=0|x,u=0,z,D)","p(y=1|x,u=0,z,D)","p(y=2|x,u=0,z,D)","p(y=0|x,u=1,z,D)","p(y=1|x,u=1,z,D)","p(y=2|x,u=1,z,D)","p(y=0|x,u=2,z,D)","p(y=1|x,u=2,z,D)","p(y=2|x,u=2,z,D)","p(y=0|x,z,D)","p(y=1|x,z,D)","p(y=2|x,z,D)","H[p(u|z,D)]","Var[p(u|z,D)]","H[p(y|x,u=0,z,D)]","H[p(y|x,u=1,z,D)]","H[p(y|x,u=2,z,D)]","Var[p(y|x,u=0,z,D)]","Var[p(y|x,u=1,z,D)]","Var[p(y|x,u=2,z,D)]","H[p(y|x,D)]","Var[p(y|x,D)]",Va,Ve,Va_variance,Ve_variance,kl_pyx_pyxz,kl_pyxz_pyx,api_calls
-0.4,-3.4,x1 = -0.4; x2 = -3.4,-0.4,-3.4,x1 = -0.4; x2 = -3.4,0.2396992976663305,0.353996455120084,0.4063042472135855,0.2396992976663305,0.353996455120084,0.4063042472135855,0.7633690155089108,0.10405876128579757,0.13257222320529186,0.12097193946540574,0.6840663126879127,0.19496174784668163,0.08746921732627216,0.11504362608861643,0.7974871565851115,0.26134176911759155,0.31384257564947854,0.4248156552329299,1.55224,0.61825,1.02354,1.20322,0.92672,0.49804,0.31046,0.38083,1.55224,0.61825,1.04781,0.5044300000000002,0.38401,0.23423999999999995,0.0037969234385606815,0.0037330160114625935,64350
