z_x1,z_x2,z_note,x_x1,x_x2,x_note,"p(y=0|x,D)","p(y=1|x,D)","p(y=2|x,D)","p(u=0|z,D)","p(u=1|z,D)","p(u=2|z,D)","p(y=0|x,u=0,z,D)","p(y=1|x,u=0,z,D)","p(y=2|x,u=0,z,D)","p(y=0|x,u=1,z,D)","p(y=1|x,u=1,z,D)","p(y=2|x,u=1,z,D)","p(y=0|x,u=2,z,D)","p(y=1|x,u=2,z,D)","p(y=2|x,u=2,z,D)","p(y=0|x,z,D)","p(y=1|x,z,D)","p(y=2|x,z,D)","H[p(u|z,D)]","Var[p(u|z,D)]","H[p(y|x,u=0,z,D)]","H[p(y|x,u=1,z,D)]","H[p(y|x,u=2,z,D)]","Var[p(y|x,u=0,z,D)]","Var[p(y|x,u=1,z,D)]","Var[p(y|x,u=2,z,D)]","H[p(y|x,D)]","Var[p(y|x,D)]",Va,Ve,Va_variance,Ve_variance,kl_pyx_pyxz,kl_pyxz_pyx,api_calls
-0.3,-3.6,x1 = -0.3; x2 = -3.6,-0.3,-3.6,x1 = -0.3; x2 = -3.6,0.23810143224292238,0.3525596716147495,0.40933889614232805,0.23810143224292238,0.3525596716147495,0.40933889614232805,0.7806143080870493,0.09730409078826861,0.1220816011246821,0.12174139995428553,0.6904676239568749,0.1877909760888396,0.08767896410177602,0.11562229759483741,0.7966987383033867,0.2646769031549709,0.3139279858095448,0.4213951110354843,1.55071,0.61812,0.97641,1.19192,0.929,0.46903,0.30517,0.38167,1.55071,0.61812,1.03298,0.51773,0.3755,0.24262,0.0038404353827669636,0.003805008214647956,68250
