z_x1,z_x2,z_note,x_x1,x_x2,x_note,"p(y=0|x,D)","p(y=1|x,D)","p(y=2|x,D)","p(u=0|z,D)","p(u=1|z,D)","p(u=2|z,D)","p(y=0|x,u=0,z,D)","p(y=1|x,u=0,z,D)","p(y=2|x,u=0,z,D)","p(y=0|x,u=1,z,D)","p(y=1|x,u=1,z,D)","p(y=2|x,u=1,z,D)","p(y=0|x,u=2,z,D)","p(y=1|x,u=2,z,D)","p(y=2|x,u=2,z,D)","p(y=0|x,z,D)","p(y=1|x,z,D)","p(y=2|x,z,D)","H[p(u|z,D)]","Var[p(u|z,D)]","H[p(y|x,u=0,z,D)]","H[p(y|x,u=1,z,D)]","H[p(y|x,u=2,z,D)]","Var[p(y|x,u=0,z,D)]","Var[p(y|x,u=1,z,D)]","Var[p(y|x,u=2,z,D)]","H[p(y|x,D)]","Var[p(y|x,D)]",Va,Ve,Va_variance,Ve_variance,kl_pyx_pyxz,kl_pyxz_pyx,api_calls
0.2,1.5,x1 = 0.2; x2 = 1.5,0.2,1.5,x1 = 0.2; x2 = 1.5,0.2612236558279246,0.4280541377594876,0.3107222064125878,0.25883109254415726,0.42950864840012004,0.3116602590557227,0.6560230631055785,0.19960131051172397,0.14437562638269755,0.1281121431384157,0.7103070896907363,0.16158076717084785,0.13749299351211566,0.2053678061687608,0.6571392003191237,0.2676755415771379,0.4207510469873475,0.31157341143551454,1.55257,0.5677,1.26613,1.15522,1.26063,0.53862,0.28857,0.5246,1.55386,0.5695,1.21678,0.33708000000000005,0.42685,0.14265,0.0001425696019706652,0.00014285034491759864,10800
