z_x1,z_x2,z_note,x_x1,x_x2,x_note,"p(y=0|x,D)","p(y=1|x,D)","p(y=2|x,D)","p(u=0|z,D)","p(u=1|z,D)","p(u=2|z,D)","p(y=0|x,u=0,z,D)","p(y=1|x,u=0,z,D)","p(y=2|x,u=0,z,D)","p(y=0|x,u=1,z,D)","p(y=1|x,u=1,z,D)","p(y=2|x,u=1,z,D)","p(y=0|x,u=2,z,D)","p(y=1|x,u=2,z,D)","p(y=2|x,u=2,z,D)","p(y=0|x,z,D)","p(y=1|x,z,D)","p(y=2|x,z,D)","H[p(u|z,D)]","Var[p(u|z,D)]","H[p(y|x,u=0,z,D)]","H[p(y|x,u=1,z,D)]","H[p(y|x,u=2,z,D)]","Var[p(y|x,u=0,z,D)]","Var[p(y|x,u=1,z,D)]","Var[p(y|x,u=2,z,D)]","H[p(y|x,D)]","Var[p(y|x,D)]",Va,Ve,Va_variance,Ve_variance,kl_pyx_pyxz,kl_pyxz_pyx,api_calls
0.3,2.2,x1 = 0.3; x2 = 2.2,0.3,2.2,x1 = 0.3; x2 = 2.2,0.44579106609830743,0.22155356361482798,0.3326553702868646,0.4431166666535062,0.22296821925783233,0.3339151140886614,0.7404594785676257,0.1135253972684697,0.14601512416390447,0.23518235122250059,0.5328141562059495,0.23200349257154987,0.22063381947933416,0.1296323913789716,0.6497337891416943,0.45422109299108965,0.21239183397961975,0.3333870730292905,1.53148,0.76511,1.08265,1.46406,1.26732,0.53311,0.46718,0.68624,1.52954,0.76565,1.22936,0.3001799999999999,0.56954,0.19611,0.0002743383465286719,0.00027210877242640004,15150
