z_x1,z_x2,z_note,x_x1,x_x2,x_note,"p(y=0|x,D)","p(y=1|x,D)","p(y=2|x,D)","p(u=0|z,D)","p(u=1|z,D)","p(u=2|z,D)","p(y=0|x,u=0,z,D)","p(y=1|x,u=0,z,D)","p(y=2|x,u=0,z,D)","p(y=0|x,u=1,z,D)","p(y=1|x,u=1,z,D)","p(y=2|x,u=1,z,D)","p(y=0|x,u=2,z,D)","p(y=1|x,u=2,z,D)","p(y=2|x,u=2,z,D)","p(y=0|x,z,D)","p(y=1|x,z,D)","p(y=2|x,z,D)","H[p(u|z,D)]","Var[p(u|z,D)]","H[p(y|x,u=0,z,D)]","H[p(y|x,u=1,z,D)]","H[p(y|x,u=2,z,D)]","Var[p(y|x,u=0,z,D)]","Var[p(y|x,u=1,z,D)]","Var[p(y|x,u=2,z,D)]","H[p(y|x,D)]","Var[p(y|x,D)]",Va,Ve,Va_variance,Ve_variance,kl_pyx_pyxz,kl_pyxz_pyx,api_calls
-3.5,-2.5,x1 = -3.5; x2 = -2.5,-3.5,-2.5,x1 = -3.5; x2 = -2.5,0.26956480963316926,0.14119995365138596,0.5892352367154448,0.2690102497443255,0.14330926799957344,0.5876804822561009,0.7697631577926856,0.06235861621691811,0.16787822599039634,0.14610115575839083,0.6022070464083145,0.2516917978332947,0.08220713414762702,0.06726697098045958,0.8505258948719133,0.27632335724818713,0.142608443872888,0.5810681988789248,1.36193,0.75514,0.97244,1.34698,0.75692,0.57538,0.38664,0.34242,1.35824,0.75661,0.89946,0.45877999999999985,0.41143,0.34518,0.00014744161898726932,0.00014789029923765323,20800
