z_x1,z_x2,z_note,x_x1,x_x2,x_note,"p(y=0|x,D)","p(y=1|x,D)","p(y=2|x,D)","p(u=0|z,D)","p(u=1|z,D)","p(u=2|z,D)","p(y=0|x,u=0,z,D)","p(y=1|x,u=0,z,D)","p(y=2|x,u=0,z,D)","p(y=0|x,u=1,z,D)","p(y=1|x,u=1,z,D)","p(y=2|x,u=1,z,D)","p(y=0|x,u=2,z,D)","p(y=1|x,u=2,z,D)","p(y=2|x,u=2,z,D)","p(y=0|x,z,D)","p(y=1|x,z,D)","p(y=2|x,z,D)","H[p(u|z,D)]","Var[p(u|z,D)]","H[p(y|x,u=0,z,D)]","H[p(y|x,u=1,z,D)]","H[p(y|x,u=2,z,D)]","Var[p(y|x,u=0,z,D)]","Var[p(y|x,u=1,z,D)]","Var[p(y|x,u=2,z,D)]","H[p(y|x,D)]","Var[p(y|x,D)]",Va,Ve,Va_variance,Ve_variance,kl_pyx_pyxz,kl_pyxz_pyx,api_calls
-1.9,-1.4,x1 = -1.9; x2 = -1.4,-1.9,-1.4,x1 = -1.9; x2 = -1.4,0.3288203865030773,0.28926118256812605,0.3819184309287965,0.3288203865030773,0.28926118256812605,0.3819184309287965,0.6418374465648549,0.1788942358432563,0.1792683175918887,0.1855250819909187,0.5932694012543346,0.2212055167547468,0.17059884897918273,0.18539982245777145,0.6440013285630458,0.3298692865847337,0.30124148964901465,0.36888922376625155,1.57564,0.70792,1.29931,1.37922,1.29487,0.60714,0.40546,0.59049,1.57564,0.70792,1.32073,0.25490999999999997,0.54244,0.16547999999999996,0.0004705532196172778,0.0004712270508667963,5350
