z_x1,z_x2,z_note,x_x1,x_x2,x_note,"p(y=0|x,D)","p(y=1|x,D)","p(y=2|x,D)","p(u=0|z,D)","p(u=1|z,D)","p(u=2|z,D)","p(y=0|x,u=0,z,D)","p(y=1|x,u=0,z,D)","p(y=2|x,u=0,z,D)","p(y=0|x,u=1,z,D)","p(y=1|x,u=1,z,D)","p(y=2|x,u=1,z,D)","p(y=0|x,u=2,z,D)","p(y=1|x,u=2,z,D)","p(y=2|x,u=2,z,D)","p(y=0|x,z,D)","p(y=1|x,z,D)","p(y=2|x,z,D)","H[p(u|z,D)]","Var[p(u|z,D)]","H[p(y|x,u=0,z,D)]","H[p(y|x,u=1,z,D)]","H[p(y|x,u=2,z,D)]","Var[p(y|x,u=0,z,D)]","Var[p(y|x,u=1,z,D)]","Var[p(y|x,u=2,z,D)]","H[p(y|x,D)]","Var[p(y|x,D)]",Va,Ve,Va_variance,Ve_variance,kl_pyx_pyxz,kl_pyxz_pyx,api_calls
2.8,0.3,x1 = 2.8; x2 = 0.3,2.8,0.3,x1 = 2.8; x2 = 0.3,0.25879492751337335,0.4658153920221456,0.27538968046448087,0.25879492751337335,0.4658153920221456,0.27538968046448087,0.7077679504771375,0.21037157608464838,0.08186047343821416,0.12565026589378975,0.710269683412578,0.16408005069363224,0.10247054905970754,0.26752031300391976,0.6300091379363727,0.26991591506759494,0.4589699813198833,0.27111410361252164,1.53044,0.53391,1.12163,1.15442,1.26563,0.39787,0.28825,0.45418,1.53044,0.53391,1.17656,0.35388,0.36231,0.17159999999999997,0.00031664929513730827,0.00031950585358845544,34200
