z_x1,z_x2,z_note,x_x1,x_x2,x_note,"p(y=0|x,D)","p(y=1|x,D)","p(y=2|x,D)","p(u=0|z,D)","p(u=1|z,D)","p(u=2|z,D)","p(y=0|x,u=0,z,D)","p(y=1|x,u=0,z,D)","p(y=2|x,u=0,z,D)","p(y=0|x,u=1,z,D)","p(y=1|x,u=1,z,D)","p(y=2|x,u=1,z,D)","p(y=0|x,u=2,z,D)","p(y=1|x,u=2,z,D)","p(y=2|x,u=2,z,D)","p(y=0|x,z,D)","p(y=1|x,z,D)","p(y=2|x,z,D)","H[p(u|z,D)]","Var[p(u|z,D)]","H[p(y|x,u=0,z,D)]","H[p(y|x,u=1,z,D)]","H[p(y|x,u=2,z,D)]","Var[p(y|x,u=0,z,D)]","Var[p(y|x,u=1,z,D)]","Var[p(y|x,u=2,z,D)]","H[p(y|x,D)]","Var[p(y|x,D)]",Va,Ve,Va_variance,Ve_variance,kl_pyx_pyxz,kl_pyxz_pyx,api_calls
0.1,1.9,x1 = 0.1; x2 = 1.9,0.1,1.9,x1 = 0.1; x2 = 1.9,0.344477821783393,0.36072333685141705,0.29479884136518997,0.34724230661488154,0.36338865336718873,0.28936904001792957,0.7269388391369087,0.14884869571656903,0.12421246514652229,0.18147234639252735,0.6618365963510067,0.1566910572564658,0.18597106296503044,0.16382498630249326,0.6502039507324763,0.3721831788101138,0.33959635295165697,0.288220468238229,1.57827,0.63326,1.11728,1.2599,1.28267,0.48787,0.33755,0.62066,1.57977,0.63681,1.21697,0.3627999999999998,0.47167,0.16514,0.0017762445457648749,0.0017904897212159864,7000
