z_x1,z_x2,z_note,x_x1,x_x2,x_note,"p(y=0|x,D)","p(y=1|x,D)","p(y=2|x,D)","p(u=0|z,D)","p(u=1|z,D)","p(u=2|z,D)","p(y=0|x,u=0,z,D)","p(y=1|x,u=0,z,D)","p(y=2|x,u=0,z,D)","p(y=0|x,u=1,z,D)","p(y=1|x,u=1,z,D)","p(y=2|x,u=1,z,D)","p(y=0|x,u=2,z,D)","p(y=1|x,u=2,z,D)","p(y=2|x,u=2,z,D)","p(y=0|x,z,D)","p(y=1|x,z,D)","p(y=2|x,z,D)","H[p(u|z,D)]","Var[p(u|z,D)]","H[p(y|x,u=0,z,D)]","H[p(y|x,u=1,z,D)]","H[p(y|x,u=2,z,D)]","Var[p(y|x,u=0,z,D)]","Var[p(y|x,u=1,z,D)]","Var[p(y|x,u=2,z,D)]","H[p(y|x,D)]","Var[p(y|x,D)]",Va,Ve,Va_variance,Ve_variance,kl_pyx_pyxz,kl_pyxz_pyx,api_calls
-3.8,0.6,x1 = -3.8; x2 = 0.6,-3.8,0.6,x1 = -3.8; x2 = 0.6,0.3349491657608521,0.19167892658292857,0.4733719076562193,0.33408894589197585,0.1941462556789902,0.47176479842903396,0.811750111107697,0.06698580241807973,0.1212640864742232,0.12629899897973856,0.6827472141367172,0.1909537868835442,0.08737040368937234,0.08082200738434227,0.8318075889262854,0.3369354975807657,0.19306100934179393,0.4700034930774404,1.49887,0.7869,0.87459,1.20905,0.82156,0.45624,0.31307,0.36499,1.49611,0.78916,0.91451,0.5816,0.3854,0.40375999999999995,2.2867025929474045e-05,2.2861859813726616e-05,10350
