z_x1,z_x2,z_note,x_x1,x_x2,x_note,"p(y=0|x,D)","p(y=1|x,D)","p(y=2|x,D)","p(u=0|z,D)","p(u=1|z,D)","p(u=2|z,D)","p(y=0|x,u=0,z,D)","p(y=1|x,u=0,z,D)","p(y=2|x,u=0,z,D)","p(y=0|x,u=1,z,D)","p(y=1|x,u=1,z,D)","p(y=2|x,u=1,z,D)","p(y=0|x,u=2,z,D)","p(y=1|x,u=2,z,D)","p(y=2|x,u=2,z,D)","p(y=0|x,z,D)","p(y=1|x,z,D)","p(y=2|x,z,D)","H[p(u|z,D)]","Var[p(u|z,D)]","H[p(y|x,u=0,z,D)]","H[p(y|x,u=1,z,D)]","H[p(y|x,u=2,z,D)]","Var[p(y|x,u=0,z,D)]","Var[p(y|x,u=1,z,D)]","Var[p(y|x,u=2,z,D)]","H[p(y|x,D)]","Var[p(y|x,D)]",Va,Ve,Va_variance,Ve_variance,kl_pyx_pyxz,kl_pyxz_pyx,api_calls
1.8,-1.2,x1 = 1.8; x2 = -1.2,1.8,-1.2,x1 = 1.8; x2 = -1.2,0.3707990431339787,0.2814897886811931,0.3477111681848281,0.3670657581910465,0.2845762473459949,0.34835799446295856,0.6666445212719673,0.16145097020527505,0.17190450852275765,0.195277995695297,0.5797811013160666,0.2249409029886364,0.1614671657033726,0.18594343886616913,0.6525893954304582,0.3565222338648619,0.28902993633069807,0.35444782980443995,1.57668,0.71507,1.25144,1.40026,1.2779,0.59378,0.41934,0.57286,1.57545,0.71798,1.30301,0.27244,0.53685,0.1811299999999999,0.0004457615562686885,0.0004433849227551377,73450
