z_x1,z_x2,z_note,x_x1,x_x2,x_note,"p(y=0|x,D)","p(y=1|x,D)","p(y=2|x,D)","p(u=0|z,D)","p(u=1|z,D)","p(u=2|z,D)","p(y=0|x,u=0,z,D)","p(y=1|x,u=0,z,D)","p(y=2|x,u=0,z,D)","p(y=0|x,u=1,z,D)","p(y=1|x,u=1,z,D)","p(y=2|x,u=1,z,D)","p(y=0|x,u=2,z,D)","p(y=1|x,u=2,z,D)","p(y=2|x,u=2,z,D)","p(y=0|x,z,D)","p(y=1|x,z,D)","p(y=2|x,z,D)","H[p(u|z,D)]","Var[p(u|z,D)]","H[p(y|x,u=0,z,D)]","H[p(y|x,u=1,z,D)]","H[p(y|x,u=2,z,D)]","Var[p(y|x,u=0,z,D)]","Var[p(y|x,u=1,z,D)]","Var[p(y|x,u=2,z,D)]","H[p(y|x,D)]","Var[p(y|x,D)]",Va,Ve,Va_variance,Ve_variance,kl_pyx_pyxz,kl_pyxz_pyx,api_calls
0.3,-2.2,x1 = 0.3; x2 = -2.2,0.3,-2.2,x1 = 0.3; x2 = -2.2,0.45891692898099945,0.3895495214234931,0.15153354959550747,0.4627993738013926,0.38819348283982036,0.14900714335878704,0.773284808535014,0.15471644263108467,0.07199874883390131,0.18793909025018576,0.6846210540008715,0.12743985574894282,0.1630462559017185,0.20488365238441744,0.6320700917138641,0.455127511993362,0.36789723190722884,0.17697525609940912,1.45362,0.51334,0.97668,1.20624,1.31356,0.35348,0.31172,0.57513,1.45804,0.51597,1.11599,0.34204999999999997,0.3703,0.14567000000000002,0.0025640147937610394,0.002654268800978403,12950
