z_x1,z_x2,z_note,x_x1,x_x2,x_note,"p(y=0|x,D)","p(y=1|x,D)","p(y=2|x,D)","p(u=0|z,D)","p(u=1|z,D)","p(u=2|z,D)","p(y=0|x,u=0,z,D)","p(y=1|x,u=0,z,D)","p(y=2|x,u=0,z,D)","p(y=0|x,u=1,z,D)","p(y=1|x,u=1,z,D)","p(y=2|x,u=1,z,D)","p(y=0|x,u=2,z,D)","p(y=1|x,u=2,z,D)","p(y=2|x,u=2,z,D)","p(y=0|x,z,D)","p(y=1|x,z,D)","p(y=2|x,z,D)","H[p(u|z,D)]","Var[p(u|z,D)]","H[p(y|x,u=0,z,D)]","H[p(y|x,u=1,z,D)]","H[p(y|x,u=2,z,D)]","Var[p(y|x,u=0,z,D)]","Var[p(y|x,u=1,z,D)]","Var[p(y|x,u=2,z,D)]","H[p(y|x,D)]","Var[p(y|x,D)]",Va,Ve,Va_variance,Ve_variance,kl_pyx_pyxz,kl_pyxz_pyx,api_calls
-0.8,0.0,x1 = -0.8; x2 = 0.0,-0.8,0.0,x1 = -0.8; x2 = 0.0,0.2353935618034868,0.326260521767798,0.4383459164287151,0.2349325615642818,0.33371982364381686,0.43134761479190137,0.623183293416182,0.21561820274611657,0.16119850383770135,0.15078772118142805,0.630875123957908,0.2183371548606638,0.1297331730231955,0.20089579150696274,0.6693710354698418,0.2526869939095887,0.3478471922877955,0.3994658138026158,1.54257,0.6277,1.32689,1.31016,1.23506,0.57095,0.36456,0.5079,1.54001,0.63255,1.2817,0.25831000000000004,0.47488,0.15766999999999992,0.0031234030848650285,0.0030967604488563796,50050
