z_x1,z_x2,z_note,x_x1,x_x2,x_note,"p(y=0|x,D)","p(y=1|x,D)","p(y=2|x,D)","p(u=0|z,D)","p(u=1|z,D)","p(u=2|z,D)","p(y=0|x,u=0,z,D)","p(y=1|x,u=0,z,D)","p(y=2|x,u=0,z,D)","p(y=0|x,u=1,z,D)","p(y=1|x,u=1,z,D)","p(y=2|x,u=1,z,D)","p(y=0|x,u=2,z,D)","p(y=1|x,u=2,z,D)","p(y=2|x,u=2,z,D)","p(y=0|x,z,D)","p(y=1|x,z,D)","p(y=2|x,z,D)","H[p(u|z,D)]","Var[p(u|z,D)]","H[p(y|x,u=0,z,D)]","H[p(y|x,u=1,z,D)]","H[p(y|x,u=2,z,D)]","Var[p(y|x,u=0,z,D)]","Var[p(y|x,u=1,z,D)]","Var[p(y|x,u=2,z,D)]","H[p(y|x,D)]","Var[p(y|x,D)]",Va,Ve,Va_variance,Ve_variance,kl_pyx_pyxz,kl_pyxz_pyx,api_calls
-1.0,0.8,x1 = -1.0; x2 = 0.8,-1.0,0.8,x1 = -1.0; x2 = 0.8,0.23028114471130134,0.39195301579918707,0.3777658394895116,0.23028114471130134,0.39195301579918707,0.3777658394895116,0.7199433381316093,0.15709033815229678,0.12296632371609403,0.1373491736863141,0.6954895742190343,0.16716125209465169,0.1241262317517863,0.18897681383758363,0.6868969544106299,0.26651444901648286,0.3801631636882473,0.3533223872952699,1.54803,0.5863,1.13258,1.18914,1.20007,0.48653,0.30362,0.49431,1.54803,0.5863,1.18024,0.36779000000000006,0.41778,0.16852000000000006,0.0035905151783135747,0.003699357893999007,42450
