z_x1,z_x2,z_note,x_x1,x_x2,x_note,"p(y=0|x,D)","p(y=1|x,D)","p(y=2|x,D)","p(u=0|z,D)","p(u=1|z,D)","p(u=2|z,D)","p(y=0|x,u=0,z,D)","p(y=1|x,u=0,z,D)","p(y=2|x,u=0,z,D)","p(y=0|x,u=1,z,D)","p(y=1|x,u=1,z,D)","p(y=2|x,u=1,z,D)","p(y=0|x,u=2,z,D)","p(y=1|x,u=2,z,D)","p(y=2|x,u=2,z,D)","p(y=0|x,z,D)","p(y=1|x,z,D)","p(y=2|x,z,D)","H[p(u|z,D)]","Var[p(u|z,D)]","H[p(y|x,u=0,z,D)]","H[p(y|x,u=1,z,D)]","H[p(y|x,u=2,z,D)]","Var[p(y|x,u=0,z,D)]","Var[p(y|x,u=1,z,D)]","Var[p(y|x,u=2,z,D)]","H[p(y|x,D)]","Var[p(y|x,D)]",Va,Ve,Va_variance,Ve_variance,kl_pyx_pyxz,kl_pyxz_pyx,api_calls
-3.3,-1.7,x1 = -3.3; x2 = -1.7,-3.3,-1.7,x1 = -3.3; x2 = -1.7,0.30058783366452607,0.12466074106954092,0.5747514252659329,0.30457445860975896,0.12320870148816776,0.5722168399020732,0.7588384537778607,0.0627247685873572,0.17843677763478208,0.15084485104772621,0.6167191213599685,0.23243602759230533,0.0999108171843062,0.07436649456407735,0.8257226882516164,0.3068788615366624,0.13764328507365325,0.5554778533896843,1.35542,0.80516,0.99638,1.33098,0.83896,0.60041,0.37662,0.39883,1.35495,0.80017,0.94753,0.4074200000000001,0.45749,0.34268000000000004,0.0010279673653178292,0.0010459133615069796,29200
