z_x1,z_x2,z_note,x_x1,x_x2,x_note,"p(y=0|x,D)","p(y=1|x,D)","p(y=2|x,D)","p(u=0|z,D)","p(u=1|z,D)","p(u=2|z,D)","p(y=0|x,u=0,z,D)","p(y=1|x,u=0,z,D)","p(y=2|x,u=0,z,D)","p(y=0|x,u=1,z,D)","p(y=1|x,u=1,z,D)","p(y=2|x,u=1,z,D)","p(y=0|x,u=2,z,D)","p(y=1|x,u=2,z,D)","p(y=2|x,u=2,z,D)","p(y=0|x,z,D)","p(y=1|x,z,D)","p(y=2|x,z,D)","H[p(u|z,D)]","Var[p(u|z,D)]","H[p(y|x,u=0,z,D)]","H[p(y|x,u=1,z,D)]","H[p(y|x,u=2,z,D)]","Var[p(y|x,u=0,z,D)]","Var[p(y|x,u=1,z,D)]","Var[p(y|x,u=2,z,D)]","H[p(y|x,D)]","Var[p(y|x,D)]",Va,Ve,Va_variance,Ve_variance,kl_pyx_pyxz,kl_pyxz_pyx,api_calls
-3.1,-2.0,x1 = -3.1; x2 = -2.0,-3.1,-2.0,x1 = -3.1; x2 = -2.0,0.27556800435974427,0.13383348736358558,0.5905985082766702,0.2773361289866314,0.13477989615267388,0.5878839748606948,0.7733602877622141,0.056049674706366,0.17059003753141988,0.13596402411180858,0.6212443785731769,0.24279159731501454,0.0811003612198728,0.06729617830941262,0.8516034604707146,0.28048356828682597,0.13883819744102022,0.5806782342721539,1.3534,0.76878,0.955,1.31388,0.75328,0.58062,0.36734,0.33903,1.34945,0.76692,0.88478,0.46467,0.40985,0.35707000000000005,0.00021889386627181769,0.0002197997588704783,37050
