z_x1,z_x2,z_note,x_x1,x_x2,x_note,"p(y=0|x,D)","p(y=1|x,D)","p(y=2|x,D)","p(u=0|z,D)","p(u=1|z,D)","p(u=2|z,D)","p(y=0|x,u=0,z,D)","p(y=1|x,u=0,z,D)","p(y=2|x,u=0,z,D)","p(y=0|x,u=1,z,D)","p(y=1|x,u=1,z,D)","p(y=2|x,u=1,z,D)","p(y=0|x,u=2,z,D)","p(y=1|x,u=2,z,D)","p(y=2|x,u=2,z,D)","p(y=0|x,z,D)","p(y=1|x,z,D)","p(y=2|x,z,D)","H[p(u|z,D)]","Var[p(u|z,D)]","H[p(y|x,u=0,z,D)]","H[p(y|x,u=1,z,D)]","H[p(y|x,u=2,z,D)]","Var[p(y|x,u=0,z,D)]","Var[p(y|x,u=1,z,D)]","Var[p(y|x,u=2,z,D)]","H[p(y|x,D)]","Var[p(y|x,D)]",Va,Ve,Va_variance,Ve_variance,kl_pyx_pyxz,kl_pyxz_pyx,api_calls
-1.3,-1.1,x1 = -1.3; x2 = -1.1,-1.3,-1.1,x1 = -1.3; x2 = -1.1,0.24945251775851748,0.29807582104077995,0.4524716612007027,0.24945251775851748,0.29807582104077995,0.4524716612007027,0.5809742838333886,0.167899721107799,0.2511259950588124,0.14204394762826172,0.5598265213308536,0.29812953104088463,0.11861231914327011,0.14412056728303624,0.7372671135736936,0.24093407724998134,0.27396423063913433,0.48510169211088444,1.53788,0.66071,1.38802,1.38901,1.09179,0.7233,0.41581,0.47315,1.53788,0.66071,1.25428,0.28359999999999985,0.51846,0.14225,0.002302935806180108,0.002299000382070357,29500
