z_x1,z_x2,z_note,x_x1,x_x2,x_note,"p(y=0|x,D)","p(y=1|x,D)","p(y=2|x,D)","p(u=0|z,D)","p(u=1|z,D)","p(u=2|z,D)","p(y=0|x,u=0,z,D)","p(y=1|x,u=0,z,D)","p(y=2|x,u=0,z,D)","p(y=0|x,u=1,z,D)","p(y=1|x,u=1,z,D)","p(y=2|x,u=1,z,D)","p(y=0|x,u=2,z,D)","p(y=1|x,u=2,z,D)","p(y=2|x,u=2,z,D)","p(y=0|x,z,D)","p(y=1|x,z,D)","p(y=2|x,z,D)","H[p(u|z,D)]","Var[p(u|z,D)]","H[p(y|x,u=0,z,D)]","H[p(y|x,u=1,z,D)]","H[p(y|x,u=2,z,D)]","Var[p(y|x,u=0,z,D)]","Var[p(y|x,u=1,z,D)]","Var[p(y|x,u=2,z,D)]","H[p(y|x,D)]","Var[p(y|x,D)]",Va,Ve,Va_variance,Ve_variance,kl_pyx_pyxz,kl_pyxz_pyx,api_calls
0.1,-2.5,x1 = 0.1; x2 = -2.5,0.1,-2.5,x1 = 0.1; x2 = -2.5,0.4684412164142217,0.37262108504944286,0.15893769853633538,0.4636131000481479,0.3807164359135181,0.15567046403833407,0.8170361669056053,0.1189544012088225,0.06400943188557226,0.17648517308599967,0.6987640981144896,0.1247507287995108,0.13249393498403061,0.17087786783156544,0.6966281971844039,0.4666048686206747,0.3477804326664866,0.1856146987128388,1.4623,0.52445,0.85739,1.17759,1.18523,0.314,0.29856,0.51087,1.46493,0.53159,1.03033,0.4346000000000001,0.33877,0.19282,0.002886460299846204,0.0029737492608104023,4800
