z_x1,z_x2,z_note,x_x1,x_x2,x_note,"p(y=0|x,D)","p(y=1|x,D)","p(y=2|x,D)","p(u=0|z,D)","p(u=1|z,D)","p(u=2|z,D)","p(y=0|x,u=0,z,D)","p(y=1|x,u=0,z,D)","p(y=2|x,u=0,z,D)","p(y=0|x,u=1,z,D)","p(y=1|x,u=1,z,D)","p(y=2|x,u=1,z,D)","p(y=0|x,u=2,z,D)","p(y=1|x,u=2,z,D)","p(y=2|x,u=2,z,D)","p(y=0|x,z,D)","p(y=1|x,z,D)","p(y=2|x,z,D)","H[p(u|z,D)]","Var[p(u|z,D)]","H[p(y|x,u=0,z,D)]","H[p(y|x,u=1,z,D)]","H[p(y|x,u=2,z,D)]","Var[p(y|x,u=0,z,D)]","Var[p(y|x,u=1,z,D)]","Var[p(y|x,u=2,z,D)]","H[p(y|x,D)]","Var[p(y|x,D)]",Va,Ve,Va_variance,Ve_variance,kl_pyx_pyxz,kl_pyxz_pyx,api_calls
0.2,0.9,x1 = 0.2; x2 = 0.9,0.2,0.9,x1 = 0.2; x2 = 0.9,0.24412456948061081,0.32416155807320857,0.4317138724461806,0.24572854586603726,0.3257139624193504,0.4285574917146124,0.6598567725370901,0.20551737564803055,0.13462585181487924,0.15175611852442147,0.6674395433730471,0.18080433810253144,0.14930395910360084,0.1991196204682169,0.6515764204281822,0.27556006209786577,0.35323006931461637,0.3712098685875178,1.54856,0.64086,1.25436,1.24825,1.27592,0.51862,0.33172,0.5486,1.54663,0.64065,1.26161,0.28502000000000005,0.47059,0.17006000000000004,0.007778548803091867,0.007661300270865555,10500
