z_x1,z_x2,z_note,x_x1,x_x2,x_note,"p(y=0|x,D)","p(y=1|x,D)","p(y=2|x,D)","p(u=0|z,D)","p(u=1|z,D)","p(u=2|z,D)","p(y=0|x,u=0,z,D)","p(y=1|x,u=0,z,D)","p(y=2|x,u=0,z,D)","p(y=0|x,u=1,z,D)","p(y=1|x,u=1,z,D)","p(y=2|x,u=1,z,D)","p(y=0|x,u=2,z,D)","p(y=1|x,u=2,z,D)","p(y=2|x,u=2,z,D)","p(y=0|x,z,D)","p(y=1|x,z,D)","p(y=2|x,z,D)","H[p(u|z,D)]","Var[p(u|z,D)]","H[p(y|x,u=0,z,D)]","H[p(y|x,u=1,z,D)]","H[p(y|x,u=2,z,D)]","Var[p(y|x,u=0,z,D)]","Var[p(y|x,u=1,z,D)]","Var[p(y|x,u=2,z,D)]","H[p(y|x,D)]","Var[p(y|x,D)]",Va,Ve,Va_variance,Ve_variance,kl_pyx_pyxz,kl_pyxz_pyx,api_calls
-2.3,-4.0,x1 = -2.3; x2 = -4.0,-2.3,-4.0,x1 = -2.3; x2 = -4.0,0.22828004115481781,0.22629987032730906,0.545420088517873,0.22817371362784641,0.23425284500924554,0.537573441362908,0.7633230048626942,0.06706187020967172,0.169615124927634,0.12517919142325487,0.6289953753548896,0.24582543322185554,0.07753897479812936,0.07680099808161969,0.8456600271202509,0.24517671996592422,0.203931888981953,0.5508913910521227,1.45829,0.67002,0.99301,1.29362,0.77493,0.58045,0.35645,0.33319,1.44861,0.67312,0.94619,0.50242,0.39506,0.27806000000000003,0.0018075038693096904,0.0017815795541765806,68050
