z_x1,z_x2,z_note,x_x1,x_x2,x_note,"p(y=0|x,D)","p(y=1|x,D)","p(y=2|x,D)","p(u=0|z,D)","p(u=1|z,D)","p(u=2|z,D)","p(y=0|x,u=0,z,D)","p(y=1|x,u=0,z,D)","p(y=2|x,u=0,z,D)","p(y=0|x,u=1,z,D)","p(y=1|x,u=1,z,D)","p(y=2|x,u=1,z,D)","p(y=0|x,u=2,z,D)","p(y=1|x,u=2,z,D)","p(y=2|x,u=2,z,D)","p(y=0|x,z,D)","p(y=1|x,z,D)","p(y=2|x,z,D)","H[p(u|z,D)]","Var[p(u|z,D)]","H[p(y|x,u=0,z,D)]","H[p(y|x,u=1,z,D)]","H[p(y|x,u=2,z,D)]","Var[p(y|x,u=0,z,D)]","Var[p(y|x,u=1,z,D)]","Var[p(y|x,u=2,z,D)]","H[p(y|x,D)]","Var[p(y|x,D)]",Va,Ve,Va_variance,Ve_variance,kl_pyx_pyxz,kl_pyxz_pyx,api_calls
-2.6,-0.8,x1 = -2.6; x2 = -0.8,-2.6,-0.8,x1 = -2.6; x2 = -0.8,0.35837889286795355,0.17241275845544354,0.4692083486766029,0.35620118016744823,0.17129800757337585,0.4725008122591759,0.7009153971861483,0.08364544118711485,0.2154391616267369,0.2209911939607399,0.5493110303723179,0.22969777566694222,0.1564930755432155,0.08691273950366704,0.7565941849531175,0.3614653481990838,0.16495682991848623,0.4735778218824299,1.47756,0.81518,1.13589,1.44354,1.02951,0.68067,0.45061,0.55297,1.48004,0.8153,1.13833,0.34170999999999996,0.58092,0.23438000000000003,0.00019945308177385206,0.00019712503011756234,57650
