z_x1,z_x2,z_note,x_x1,x_x2,x_note,"p(y=0|x,D)","p(y=1|x,D)","p(y=2|x,D)","p(u=0|z,D)","p(u=1|z,D)","p(u=2|z,D)","p(y=0|x,u=0,z,D)","p(y=1|x,u=0,z,D)","p(y=2|x,u=0,z,D)","p(y=0|x,u=1,z,D)","p(y=1|x,u=1,z,D)","p(y=2|x,u=1,z,D)","p(y=0|x,u=2,z,D)","p(y=1|x,u=2,z,D)","p(y=2|x,u=2,z,D)","p(y=0|x,z,D)","p(y=1|x,z,D)","p(y=2|x,z,D)","H[p(u|z,D)]","Var[p(u|z,D)]","H[p(y|x,u=0,z,D)]","H[p(y|x,u=1,z,D)]","H[p(y|x,u=2,z,D)]","Var[p(y|x,u=0,z,D)]","Var[p(y|x,u=1,z,D)]","Var[p(y|x,u=2,z,D)]","H[p(y|x,D)]","Var[p(y|x,D)]",Va,Ve,Va_variance,Ve_variance,kl_pyx_pyxz,kl_pyxz_pyx,api_calls
-1.0,3.8,x1 = -1.0; x2 = 3.8,-1.0,3.8,x1 = -1.0; x2 = 3.8,0.2927159684049937,0.2579606700199837,0.4493233615750226,0.2927159684049937,0.2579606700199837,0.4493233615750226,0.7972595204300721,0.0929535082002823,0.10978697136964577,0.1259313904932126,0.6846778201774191,0.18939078932936826,0.10152104858037284,0.10735346858658382,0.7911254828330434,0.311471717279721,0.2520653467923385,0.4364629359279405,1.54167,0.71751,0.92911,1.20527,0.94808,0.43443,0.3113,0.41709,1.54167,0.71751,1.00887,0.5328000000000002,0.39488,0.32263,0.0008324338965173383,0.0008421577252856003,43950
