z_x1,z_x2,z_note,x_x1,x_x2,x_note,"p(y=0|x,D)","p(y=1|x,D)","p(y=2|x,D)","p(u=0|z,D)","p(u=1|z,D)","p(u=2|z,D)","p(y=0|x,u=0,z,D)","p(y=1|x,u=0,z,D)","p(y=2|x,u=0,z,D)","p(y=0|x,u=1,z,D)","p(y=1|x,u=1,z,D)","p(y=2|x,u=1,z,D)","p(y=0|x,u=2,z,D)","p(y=1|x,u=2,z,D)","p(y=2|x,u=2,z,D)","p(y=0|x,z,D)","p(y=1|x,z,D)","p(y=2|x,z,D)","H[p(u|z,D)]","Var[p(u|z,D)]","H[p(y|x,u=0,z,D)]","H[p(y|x,u=1,z,D)]","H[p(y|x,u=2,z,D)]","Var[p(y|x,u=0,z,D)]","Var[p(y|x,u=1,z,D)]","Var[p(y|x,u=2,z,D)]","H[p(y|x,D)]","Var[p(y|x,D)]",Va,Ve,Va_variance,Ve_variance,kl_pyx_pyxz,kl_pyxz_pyx,api_calls
3.6,2.3,x1 = 3.6; x2 = 2.3,3.6,2.3,x1 = 3.6; x2 = 2.3,0.43877150824453787,0.3247715071982093,0.23645698455725284,0.4435184120417497,0.32359624323089636,0.23288534472735384,0.8580241579068619,0.07650414638421751,0.06547169570892039,0.13852525723153097,0.7115218033343932,0.14995293943407578,0.11217331850635989,0.12469458258920281,0.7631320989044375,0.4514992867905927,0.29321632090674005,0.2552843923026671,1.53654,0.63204,0.73075,1.1549,1.02618,0.29536,0.28835,0.45156,1.54032,0.6343,0.9368,0.60352,0.32947,0.30483,0.0025332163043365677,0.002498432538106929,67200
