z_x1,z_x2,z_note,x_x1,x_x2,x_note,"p(y=0|x,D)","p(y=1|x,D)","p(y=2|x,D)","p(u=0|z,D)","p(u=1|z,D)","p(u=2|z,D)","p(y=0|x,u=0,z,D)","p(y=1|x,u=0,z,D)","p(y=2|x,u=0,z,D)","p(y=0|x,u=1,z,D)","p(y=1|x,u=1,z,D)","p(y=2|x,u=1,z,D)","p(y=0|x,u=2,z,D)","p(y=1|x,u=2,z,D)","p(y=2|x,u=2,z,D)","p(y=0|x,z,D)","p(y=1|x,z,D)","p(y=2|x,z,D)","H[p(u|z,D)]","Var[p(u|z,D)]","H[p(y|x,u=0,z,D)]","H[p(y|x,u=1,z,D)]","H[p(y|x,u=2,z,D)]","Var[p(y|x,u=0,z,D)]","Var[p(y|x,u=1,z,D)]","Var[p(y|x,u=2,z,D)]","H[p(y|x,D)]","Var[p(y|x,D)]",Va,Ve,Va_variance,Ve_variance,kl_pyx_pyxz,kl_pyxz_pyx,api_calls
-3.9,2.2,x1 = -3.9; x2 = 2.2,-3.9,2.2,x1 = -3.9; x2 = 2.2,0.3435992327019221,0.19240112709915277,0.4639996401989251,0.34526995546479394,0.18369438847301744,0.4710356560621885,0.8162621595147582,0.06333702072643733,0.12040081975880446,0.11529498320784545,0.6986199513124487,0.18608506547970585,0.08136178929173957,0.07180340475083942,0.8468348059574211,0.3413341446950572,0.18402289892118973,0.47464295638375303,1.49037,0.80049,0.85893,1.17224,0.77044,0.45244,0.29637,0.34225,1.50107,0.7931,0.8748,0.6262699999999999,0.37187,0.42123000000000005,0.0003156255385094991,0.000313753565172532,7150
