z_x1,z_x2,z_note,x_x1,x_x2,x_note,"p(y=0|x,D)","p(y=1|x,D)","p(y=2|x,D)","p(u=0|z,D)","p(u=1|z,D)","p(u=2|z,D)","p(y=0|x,u=0,z,D)","p(y=1|x,u=0,z,D)","p(y=2|x,u=0,z,D)","p(y=0|x,u=1,z,D)","p(y=1|x,u=1,z,D)","p(y=2|x,u=1,z,D)","p(y=0|x,u=2,z,D)","p(y=1|x,u=2,z,D)","p(y=2|x,u=2,z,D)","p(y=0|x,z,D)","p(y=1|x,z,D)","p(y=2|x,z,D)","H[p(u|z,D)]","Var[p(u|z,D)]","H[p(y|x,u=0,z,D)]","H[p(y|x,u=1,z,D)]","H[p(y|x,u=2,z,D)]","Var[p(y|x,u=0,z,D)]","Var[p(y|x,u=1,z,D)]","Var[p(y|x,u=2,z,D)]","H[p(y|x,D)]","Var[p(y|x,D)]",Va,Ve,Va_variance,Ve_variance,kl_pyx_pyxz,kl_pyxz_pyx,api_calls
-2.6,-1.7,x1 = -2.6; x2 = -1.7,-2.6,-1.7,x1 = -2.6; x2 = -1.7,0.2638968395309682,0.15383782004674232,0.5822653404222896,0.2638968395309682,0.15383782004674232,0.5822653404222896,0.6094800674217,0.07912542106358196,0.31139451151471803,0.1643409958733133,0.5255281664601702,0.31013083766651656,0.1101990273735957,0.07118033712405046,0.818620635502354,0.25028679828706113,0.14317289927353907,0.6065403024394,1.37695,0.7448,1.24909,1.43975,0.85836,0.83202,0.45322,0.42696,1.37695,0.7448,1.05091,0.3260399999999999,0.53789,0.20691000000000004,0.0012435937331837857,0.0012348092672386096,57200
