z_x1,z_x2,z_note,x_x1,x_x2,x_note,"p(y=0|x,D)","p(y=1|x,D)","p(y=2|x,D)","p(u=0|z,D)","p(u=1|z,D)","p(u=2|z,D)","p(y=0|x,u=0,z,D)","p(y=1|x,u=0,z,D)","p(y=2|x,u=0,z,D)","p(y=0|x,u=1,z,D)","p(y=1|x,u=1,z,D)","p(y=2|x,u=1,z,D)","p(y=0|x,u=2,z,D)","p(y=1|x,u=2,z,D)","p(y=2|x,u=2,z,D)","p(y=0|x,z,D)","p(y=1|x,z,D)","p(y=2|x,z,D)","H[p(u|z,D)]","Var[p(u|z,D)]","H[p(y|x,u=0,z,D)]","H[p(y|x,u=1,z,D)]","H[p(y|x,u=2,z,D)]","Var[p(y|x,u=0,z,D)]","Var[p(y|x,u=1,z,D)]","Var[p(y|x,u=2,z,D)]","H[p(y|x,D)]","Var[p(y|x,D)]",Va,Ve,Va_variance,Ve_variance,kl_pyx_pyxz,kl_pyxz_pyx,api_calls
-2.4,-4.0,x1 = -2.4; x2 = -4.0,-2.4,-4.0,x1 = -2.4; x2 = -4.0,0.22992131566918578,0.2233320716609927,0.5467466126698215,0.23125963224010976,0.21898782970016292,0.5497525380597272,0.7713925431199393,0.06807732366762528,0.16053013321243542,0.12134100513047841,0.628253612934679,0.2504053819348426,0.07569132095797743,0.0749285660374519,0.8493801130045707,0.2465756550075815,0.19451560138538254,0.5589087436070359,1.44285,0.67957,0.97642,1.29074,0.76201,0.55877,0.35509,0.32648,1.44687,0.67629,0.92738,0.5194900000000001,0.38646,0.2898299999999999,0.0027451191518817943,0.0026680438762260745,64050
