z_x1,z_x2,z_note,x_x1,x_x2,x_note,"p(y=0|x,D)","p(y=1|x,D)","p(y=2|x,D)","p(u=0|z,D)","p(u=1|z,D)","p(u=2|z,D)","p(y=0|x,u=0,z,D)","p(y=1|x,u=0,z,D)","p(y=2|x,u=0,z,D)","p(y=0|x,u=1,z,D)","p(y=1|x,u=1,z,D)","p(y=2|x,u=1,z,D)","p(y=0|x,u=2,z,D)","p(y=1|x,u=2,z,D)","p(y=2|x,u=2,z,D)","p(y=0|x,z,D)","p(y=1|x,z,D)","p(y=2|x,z,D)","H[p(u|z,D)]","Var[p(u|z,D)]","H[p(y|x,u=0,z,D)]","H[p(y|x,u=1,z,D)]","H[p(y|x,u=2,z,D)]","Var[p(y|x,u=0,z,D)]","Var[p(y|x,u=1,z,D)]","Var[p(y|x,u=2,z,D)]","H[p(y|x,D)]","Var[p(y|x,D)]",Va,Ve,Va_variance,Ve_variance,kl_pyx_pyxz,kl_pyxz_pyx,api_calls
0.6,0.4,x1 = 0.6; x2 = 0.4,0.6,0.4,x1 = 0.6; x2 = 0.4,0.1771634465094414,0.30850803580813063,0.5143285176824279,0.17622705386519005,0.31130424167062615,0.5124687044641838,0.6486306609071206,0.1709291862485714,0.18044015284430787,0.1188498634850124,0.6174504603876956,0.26369967612729195,0.10821504159506923,0.15180747878701928,0.7399774796179116,0.20676155921291509,0.3001338762342885,0.49310456455279644,1.45973,0.57564,1.28647,1.3018,1.08151,0.60987,0.36157,0.44907,1.45913,0.57781,1.18621,0.27292000000000005,0.45017,0.12764000000000003,0.00279360370374606,0.0029039608217358466,26250
