z_x1,z_x2,z_note,x_x1,x_x2,x_note,"p(y=0|x,D)","p(y=1|x,D)","p(y=2|x,D)","p(u=0|z,D)","p(u=1|z,D)","p(u=2|z,D)","p(y=0|x,u=0,z,D)","p(y=1|x,u=0,z,D)","p(y=2|x,u=0,z,D)","p(y=0|x,u=1,z,D)","p(y=1|x,u=1,z,D)","p(y=2|x,u=1,z,D)","p(y=0|x,u=2,z,D)","p(y=1|x,u=2,z,D)","p(y=2|x,u=2,z,D)","p(y=0|x,z,D)","p(y=1|x,z,D)","p(y=2|x,z,D)","H[p(u|z,D)]","Var[p(u|z,D)]","H[p(y|x,u=0,z,D)]","H[p(y|x,u=1,z,D)]","H[p(y|x,u=2,z,D)]","Var[p(y|x,u=0,z,D)]","Var[p(y|x,u=1,z,D)]","Var[p(y|x,u=2,z,D)]","H[p(y|x,D)]","Var[p(y|x,D)]",Va,Ve,Va_variance,Ve_variance,kl_pyx_pyxz,kl_pyxz_pyx,api_calls
2.2,-3.1,x1 = 2.2; x2 = -3.1,2.2,-3.1,x1 = 2.2; x2 = -3.1,0.7091289704724646,0.15343949241676402,0.13743153711077144,0.7060767711281475,0.15437743785443056,0.13954579101742173,0.8889598888841321,0.0586605604409222,0.05237955067494575,0.1728236932704667,0.699223024572038,0.1279532821574953,0.14944504634283778,0.09836846073733645,0.7521864929198256,0.675208434178926,0.16309002279570847,0.16170154302536538,1.16712,0.52467,0.61383,1.17817,1.04796,0.24147,0.29876,0.53833,1.16008,0.51972,0.76153,0.39854999999999996,0.29174,0.22797999999999996,0.0030494513517090316,0.0031487854117292664,8500
