z_x1,z_x2,z_note,x_x1,x_x2,x_note,"p(y=0|x,D)","p(y=1|x,D)","p(y=2|x,D)","p(u=0|z,D)","p(u=1|z,D)","p(u=2|z,D)","p(y=0|x,u=0,z,D)","p(y=1|x,u=0,z,D)","p(y=2|x,u=0,z,D)","p(y=0|x,u=1,z,D)","p(y=1|x,u=1,z,D)","p(y=2|x,u=1,z,D)","p(y=0|x,u=2,z,D)","p(y=1|x,u=2,z,D)","p(y=2|x,u=2,z,D)","p(y=0|x,z,D)","p(y=1|x,z,D)","p(y=2|x,z,D)","H[p(u|z,D)]","Var[p(u|z,D)]","H[p(y|x,u=0,z,D)]","H[p(y|x,u=1,z,D)]","H[p(y|x,u=2,z,D)]","Var[p(y|x,u=0,z,D)]","Var[p(y|x,u=1,z,D)]","Var[p(y|x,u=2,z,D)]","H[p(y|x,D)]","Var[p(y|x,D)]",Va,Ve,Va_variance,Ve_variance,kl_pyx_pyxz,kl_pyxz_pyx,api_calls
0.1,-3.8,x1 = 0.1; x2 = -3.8,0.1,-3.8,x1 = 0.1; x2 = -3.8,0.4922603666640981,0.30813854010217456,0.19960109323372718,0.4911954210861721,0.3074216160185622,0.20138296289526564,0.8563873432190645,0.08169436124927908,0.0619182955316564,0.15929525182575313,0.7105525540703495,0.13015219410389733,0.11660178651249206,0.13197420933978823,0.7514240041477198,0.4931059586524803,0.2851444679152357,0.2217495734322839,1.49252,0.60859,0.73526,1.15533,1.0569,0.28712,0.2886,0.46503,1.4907,0.60621,0.92917,0.5615299999999999,0.3234,0.28281,0.002048769929352122,0.002066589937860318,4150
