z_x1,z_x2,z_note,x_x1,x_x2,x_note,"p(y=0|x,D)","p(y=1|x,D)","p(y=2|x,D)","p(u=0|z,D)","p(u=1|z,D)","p(u=2|z,D)","p(y=0|x,u=0,z,D)","p(y=1|x,u=0,z,D)","p(y=2|x,u=0,z,D)","p(y=0|x,u=1,z,D)","p(y=1|x,u=1,z,D)","p(y=2|x,u=1,z,D)","p(y=0|x,u=2,z,D)","p(y=1|x,u=2,z,D)","p(y=2|x,u=2,z,D)","p(y=0|x,z,D)","p(y=1|x,z,D)","p(y=2|x,z,D)","H[p(u|z,D)]","Var[p(u|z,D)]","H[p(y|x,u=0,z,D)]","H[p(y|x,u=1,z,D)]","H[p(y|x,u=2,z,D)]","Var[p(y|x,u=0,z,D)]","Var[p(y|x,u=1,z,D)]","Var[p(y|x,u=2,z,D)]","H[p(y|x,D)]","Var[p(y|x,D)]",Va,Ve,Va_variance,Ve_variance,kl_pyx_pyxz,kl_pyxz_pyx,api_calls
-4.0,3.6,x1 = -4.0; x2 = 3.6,-4.0,3.6,x1 = -4.0; x2 = 3.6,0.32874195367000547,0.25360916430108116,0.4176488820289134,0.33208713754550234,0.2505172531300162,0.4173956093244815,0.8593569616212626,0.06266931073620012,0.07797372764253718,0.1139300106253601,0.7203966319572809,0.16567335741735906,0.07485230287854466,0.08232958331678183,0.8428181138046735,0.3451658493948748,0.2356474640103264,0.41918668659479885,1.55456,0.74221,0.72536,1.12757,0.78445,0.32677,0.27693,0.3279,1.55568,0.73849,0.85078,0.7049,0.31476,0.42373,0.0010677061324386515,0.001058063149131607,3850
