z_x1,z_x2,z_note,x_x1,x_x2,x_note,"p(y=0|x,D)","p(y=1|x,D)","p(y=2|x,D)","p(u=0|z,D)","p(u=1|z,D)","p(u=2|z,D)","p(y=0|x,u=0,z,D)","p(y=1|x,u=0,z,D)","p(y=2|x,u=0,z,D)","p(y=0|x,u=1,z,D)","p(y=1|x,u=1,z,D)","p(y=2|x,u=1,z,D)","p(y=0|x,u=2,z,D)","p(y=1|x,u=2,z,D)","p(y=2|x,u=2,z,D)","p(y=0|x,z,D)","p(y=1|x,z,D)","p(y=2|x,z,D)","H[p(u|z,D)]","Var[p(u|z,D)]","H[p(y|x,u=0,z,D)]","H[p(y|x,u=1,z,D)]","H[p(y|x,u=2,z,D)]","Var[p(y|x,u=0,z,D)]","Var[p(y|x,u=1,z,D)]","Var[p(y|x,u=2,z,D)]","H[p(y|x,D)]","Var[p(y|x,D)]",Va,Ve,Va_variance,Ve_variance,kl_pyx_pyxz,kl_pyxz_pyx,api_calls
-2.3,2.6,x1 = -2.3; x2 = 2.6,-2.3,2.6,x1 = -2.3; x2 = 2.6,0.26979306342610554,0.17491186824649554,0.5552950683273989,0.2635134708457062,0.17936767765813272,0.557118851496161,0.7720156748939897,0.05721808228775397,0.17076624281825642,0.11990302539483164,0.6288591438125464,0.25123783079262213,0.08022756808861216,0.05805540743129739,0.8617170244800907,0.2696395478397183,0.1602185015697855,0.5701419505904963,1.42184,0.73443,0.95979,1.28842,0.71543,0.58128,0.35389,0.33122,1.42115,0.74358,0.8826,0.5385499999999999,0.40118,0.34240000000000004,0.0008491063828372641,0.0008319775836909196,71350
