z_x1,z_x2,z_note,x_x1,x_x2,x_note,"p(y=0|x,D)","p(y=1|x,D)","p(y=2|x,D)","p(u=0|z,D)","p(u=1|z,D)","p(u=2|z,D)","p(y=0|x,u=0,z,D)","p(y=1|x,u=0,z,D)","p(y=2|x,u=0,z,D)","p(y=0|x,u=1,z,D)","p(y=1|x,u=1,z,D)","p(y=2|x,u=1,z,D)","p(y=0|x,u=2,z,D)","p(y=1|x,u=2,z,D)","p(y=2|x,u=2,z,D)","p(y=0|x,z,D)","p(y=1|x,z,D)","p(y=2|x,z,D)","H[p(u|z,D)]","Var[p(u|z,D)]","H[p(y|x,u=0,z,D)]","H[p(y|x,u=1,z,D)]","H[p(y|x,u=2,z,D)]","Var[p(y|x,u=0,z,D)]","Var[p(y|x,u=1,z,D)]","Var[p(y|x,u=2,z,D)]","H[p(y|x,D)]","Var[p(y|x,D)]",Va,Ve,Va_variance,Ve_variance,kl_pyx_pyxz,kl_pyxz_pyx,api_calls
1.7,-2.8,x1 = 1.7; x2 = -2.8,1.7,-2.8,x1 = 1.7; x2 = -2.8,0.7311467612402601,0.1729281308928909,0.09592510786684902,0.7312272152823035,0.1702929675103389,0.09847981720735768,0.8615699737369917,0.07990847301250929,0.058521553250499084,0.266178138288255,0.6154142522497315,0.1184076094620136,0.19959633243117153,0.12997664635925504,0.6704270212095735,0.6949878880551128,0.1760320458368461,0.1289800661080412,1.09446,0.42934,0.71615,1.30377,1.23337,0.2752,0.36275,0.64834,1.09253,0.42357,0.86715,0.22538000000000002,0.32686,0.09671000000000002,0.005604746789826216,0.006071688285603248,68650
