z_x1,z_x2,z_note,x_x1,x_x2,x_note,"p(y=0|x,D)","p(y=1|x,D)","p(y=2|x,D)","p(u=0|z,D)","p(u=1|z,D)","p(u=2|z,D)","p(y=0|x,u=0,z,D)","p(y=1|x,u=0,z,D)","p(y=2|x,u=0,z,D)","p(y=0|x,u=1,z,D)","p(y=1|x,u=1,z,D)","p(y=2|x,u=1,z,D)","p(y=0|x,u=2,z,D)","p(y=1|x,u=2,z,D)","p(y=2|x,u=2,z,D)","p(y=0|x,z,D)","p(y=1|x,z,D)","p(y=2|x,z,D)","H[p(u|z,D)]","Var[p(u|z,D)]","H[p(y|x,u=0,z,D)]","H[p(y|x,u=1,z,D)]","H[p(y|x,u=2,z,D)]","Var[p(y|x,u=0,z,D)]","Var[p(y|x,u=1,z,D)]","Var[p(y|x,u=2,z,D)]","H[p(y|x,D)]","Var[p(y|x,D)]",Va,Ve,Va_variance,Ve_variance,kl_pyx_pyxz,kl_pyxz_pyx,api_calls
-3.9,1.3,x1 = -3.9; x2 = 1.3,-3.9,1.3,x1 = -3.9; x2 = 1.3,0.31564481220104534,0.17410643716925392,0.5102487506297007,0.3120266288687174,0.17246004893113276,0.5155133222001498,0.7866789477752822,0.06929006989843439,0.14403098232628345,0.11361723765301154,0.6877902279333118,0.1985925344136767,0.08334514052890787,0.07262383009041098,0.844031029380681,0.3080247447246653,0.17767523520902714,0.5143000200663075,1.45438,0.78613,0.94181,1.19102,0.78002,0.51771,0.30499,0.34873,1.45952,0.78802,0.90138,0.55814,0.39391,0.39411000000000007,0.00014556919862791003,0.00014509788046771204,6700
