z_x1,z_x2,z_note,x_x1,x_x2,x_note,"p(y=0|x,D)","p(y=1|x,D)","p(y=2|x,D)","p(u=0|z,D)","p(u=1|z,D)","p(u=2|z,D)","p(y=0|x,u=0,z,D)","p(y=1|x,u=0,z,D)","p(y=2|x,u=0,z,D)","p(y=0|x,u=1,z,D)","p(y=1|x,u=1,z,D)","p(y=2|x,u=1,z,D)","p(y=0|x,u=2,z,D)","p(y=1|x,u=2,z,D)","p(y=2|x,u=2,z,D)","p(y=0|x,z,D)","p(y=1|x,z,D)","p(y=2|x,z,D)","H[p(u|z,D)]","Var[p(u|z,D)]","H[p(y|x,u=0,z,D)]","H[p(y|x,u=1,z,D)]","H[p(y|x,u=2,z,D)]","Var[p(y|x,u=0,z,D)]","Var[p(y|x,u=1,z,D)]","Var[p(y|x,u=2,z,D)]","H[p(y|x,D)]","Var[p(y|x,D)]",Va,Ve,Va_variance,Ve_variance,kl_pyx_pyxz,kl_pyxz_pyx,api_calls
-2.6,0.5,x1 = -2.6; x2 = 0.5,-2.6,0.5,x1 = -2.6; x2 = 0.5,0.2853795649435328,0.25557747028142536,0.4590429647750418,0.2921922622920605,0.25936879135644636,0.4484389463514932,0.6554085482733939,0.12393140082348322,0.2206600509031229,0.1727858317697955,0.5852960962005045,0.2419180720297,0.12733037953905849,0.11814274685285897,0.7545268736080826,0.2934204600342394,0.24099914635057618,0.46558039361518455,1.54247,0.71622,1.25388,1.38526,1.04925,0.68706,0.40992,0.48848,1.53493,0.71426,1.19619,0.3387399999999998,0.52613,0.18813000000000002,0.000589609445658004,0.0005824812601079631,58300
