z_x1,z_x2,z_note,x_x1,x_x2,x_note,"p(y=0|x,D)","p(y=1|x,D)","p(y=2|x,D)","p(u=0|z,D)","p(u=1|z,D)","p(u=2|z,D)","p(y=0|x,u=0,z,D)","p(y=1|x,u=0,z,D)","p(y=2|x,u=0,z,D)","p(y=0|x,u=1,z,D)","p(y=1|x,u=1,z,D)","p(y=2|x,u=1,z,D)","p(y=0|x,u=2,z,D)","p(y=1|x,u=2,z,D)","p(y=2|x,u=2,z,D)","p(y=0|x,z,D)","p(y=1|x,z,D)","p(y=2|x,z,D)","H[p(u|z,D)]","Var[p(u|z,D)]","H[p(y|x,u=0,z,D)]","H[p(y|x,u=1,z,D)]","H[p(y|x,u=2,z,D)]","Var[p(y|x,u=0,z,D)]","Var[p(y|x,u=1,z,D)]","Var[p(y|x,u=2,z,D)]","H[p(y|x,D)]","Var[p(y|x,D)]",Va,Ve,Va_variance,Ve_variance,kl_pyx_pyxz,kl_pyxz_pyx,api_calls
3.8,0.4,x1 = 3.8; x2 = 0.4,3.8,0.4,x1 = 3.8; x2 = 0.4,0.5649848367243437,0.2694539027649663,0.1655612605106899,0.5656424717770655,0.26679075372601885,0.16756677449691565,0.9002029072566915,0.05788880073975936,0.04190829200354919,0.14541467595342725,0.7251629612537359,0.12942236279283686,0.12317348902472718,0.13960786725558014,0.7372186437196927,0.5686280728214199,0.24960477735613465,0.18176714982244552,1.40539,0.57474,0.5663,1.12249,1.09295,0.20544,0.27458,0.48334,1.40472,0.57101,0.80294,0.60178,0.27045,0.30056,0.0015257127112622403,0.00152992123637756,74250
