z_x1,z_x2,z_note,x_x1,x_x2,x_note,"p(y=0|x,D)","p(y=1|x,D)","p(y=2|x,D)","p(u=0|z,D)","p(u=1|z,D)","p(u=2|z,D)","p(y=0|x,u=0,z,D)","p(y=1|x,u=0,z,D)","p(y=2|x,u=0,z,D)","p(y=0|x,u=1,z,D)","p(y=1|x,u=1,z,D)","p(y=2|x,u=1,z,D)","p(y=0|x,u=2,z,D)","p(y=1|x,u=2,z,D)","p(y=2|x,u=2,z,D)","p(y=0|x,z,D)","p(y=1|x,z,D)","p(y=2|x,z,D)","H[p(u|z,D)]","Var[p(u|z,D)]","H[p(y|x,u=0,z,D)]","H[p(y|x,u=1,z,D)]","H[p(y|x,u=2,z,D)]","Var[p(y|x,u=0,z,D)]","Var[p(y|x,u=1,z,D)]","Var[p(y|x,u=2,z,D)]","H[p(y|x,D)]","Var[p(y|x,D)]",Va,Ve,Va_variance,Ve_variance,kl_pyx_pyxz,kl_pyxz_pyx,api_calls
3.2,1.6,x1 = 3.2; x2 = 1.6,3.2,1.6,x1 = 3.2; x2 = 1.6,0.4736851697356026,0.3105003795492592,0.2158144507151382,0.4736851697356026,0.3105003795492592,0.2158144507151382,0.8481423322351158,0.08146470889338213,0.07039295887150196,0.15046039640071115,0.7008353504351448,0.14870425316414393,0.11995905364869078,0.1339738449343959,0.7460671014169133,0.4743593520657935,0.28511175852598547,0.24052888940822098,1.51196,0.623,0.76574,1.17942,1.07083,0.31364,0.29916,0.47401,1.51196,0.623,0.96003,0.5519299999999999,0.34375,0.27925,0.0024143260216458635,0.002431949719963907,50850
