z_x1,z_x2,z_note,x_x1,x_x2,x_note,"p(y=0|x,D)","p(y=1|x,D)","p(y=2|x,D)","p(u=0|z,D)","p(u=1|z,D)","p(u=2|z,D)","p(y=0|x,u=0,z,D)","p(y=1|x,u=0,z,D)","p(y=2|x,u=0,z,D)","p(y=0|x,u=1,z,D)","p(y=1|x,u=1,z,D)","p(y=2|x,u=1,z,D)","p(y=0|x,u=2,z,D)","p(y=1|x,u=2,z,D)","p(y=2|x,u=2,z,D)","p(y=0|x,z,D)","p(y=1|x,z,D)","p(y=2|x,z,D)","H[p(u|z,D)]","Var[p(u|z,D)]","H[p(y|x,u=0,z,D)]","H[p(y|x,u=1,z,D)]","H[p(y|x,u=2,z,D)]","Var[p(y|x,u=0,z,D)]","Var[p(y|x,u=1,z,D)]","Var[p(y|x,u=2,z,D)]","H[p(y|x,D)]","Var[p(y|x,D)]",Va,Ve,Va_variance,Ve_variance,kl_pyx_pyxz,kl_pyxz_pyx,api_calls
-0.2,3.2,x1 = -0.2; x2 = 3.2,-0.2,3.2,x1 = -0.2; x2 = 3.2,0.32788344134325975,0.22498203453543927,0.44713452412130106,0.3267167814190051,0.21807926262178298,0.4552039559592118,0.7624923393696056,0.10310601486764517,0.13440164576274916,0.13596038972317495,0.6477449893734372,0.21629462090338786,0.10840471830025825,0.09685438501254187,0.7947408966871999,0.3281154411270071,0.21903471418171658,0.45284984469127626,1.52327,0.76541,1.0254,1.27499,0.93711,0.5024,0.3458,0.43209,1.53089,0.7608,1.03964,0.4912500000000002,0.43624,0.32456,0.00011632166924636488,0.00011576394088034288,75650
