z_x1,z_x2,z_note,x_x1,x_x2,x_note,"p(y=0|x,D)","p(y=1|x,D)","p(y=2|x,D)","p(u=0|z,D)","p(u=1|z,D)","p(u=2|z,D)","p(y=0|x,u=0,z,D)","p(y=1|x,u=0,z,D)","p(y=2|x,u=0,z,D)","p(y=0|x,u=1,z,D)","p(y=1|x,u=1,z,D)","p(y=2|x,u=1,z,D)","p(y=0|x,u=2,z,D)","p(y=1|x,u=2,z,D)","p(y=2|x,u=2,z,D)","p(y=0|x,z,D)","p(y=1|x,z,D)","p(y=2|x,z,D)","H[p(u|z,D)]","Var[p(u|z,D)]","H[p(y|x,u=0,z,D)]","H[p(y|x,u=1,z,D)]","H[p(y|x,u=2,z,D)]","Var[p(y|x,u=0,z,D)]","Var[p(y|x,u=1,z,D)]","Var[p(y|x,u=2,z,D)]","H[p(y|x,D)]","Var[p(y|x,D)]",Va,Ve,Va_variance,Ve_variance,kl_pyx_pyxz,kl_pyxz_pyx,api_calls
0.8,-2.8,x1 = 0.8; x2 = -2.8,0.8,-2.8,x1 = 0.8; x2 = -2.8,0.6090854554900582,0.29793217254563265,0.09298237196430915,0.6078527177648863,0.29943064806509895,0.09271663417001476,0.8224888426567135,0.11892936096059041,0.05858179638269604,0.2326804915006718,0.6566361342584928,0.11068337424083537,0.18747126424782995,0.17623183400061296,0.6362969017515572,0.5870054533269874,0.28524814098806345,0.12774640568494913,1.2756,0.4352,0.83701,1.2394,1.30917,0.29752,0.32848,0.62232,1.27478,0.43571,1.00127,0.2735099999999999,0.3369,0.09881000000000001,0.0059174501258337855,0.006492027701061498,32650
