z_x1,z_x2,z_note,x_x1,x_x2,x_note,"p(y=0|x,D)","p(y=1|x,D)","p(y=2|x,D)","p(u=0|z,D)","p(u=1|z,D)","p(u=2|z,D)","p(y=0|x,u=0,z,D)","p(y=1|x,u=0,z,D)","p(y=2|x,u=0,z,D)","p(y=0|x,u=1,z,D)","p(y=1|x,u=1,z,D)","p(y=2|x,u=1,z,D)","p(y=0|x,u=2,z,D)","p(y=1|x,u=2,z,D)","p(y=2|x,u=2,z,D)","p(y=0|x,z,D)","p(y=1|x,z,D)","p(y=2|x,z,D)","H[p(u|z,D)]","Var[p(u|z,D)]","H[p(y|x,u=0,z,D)]","H[p(y|x,u=1,z,D)]","H[p(y|x,u=2,z,D)]","Var[p(y|x,u=0,z,D)]","Var[p(y|x,u=1,z,D)]","Var[p(y|x,u=2,z,D)]","H[p(y|x,D)]","Var[p(y|x,D)]",Va,Ve,Va_variance,Ve_variance,kl_pyx_pyxz,kl_pyxz_pyx,api_calls
1.0,-2.5,x1 = 1.0; x2 = -2.5,1.0,-2.5,x1 = 1.0; x2 = -2.5,0.6979156848307785,0.21442196906240668,0.0876623461068148,0.6943698339703427,0.21919729368381624,0.08643287234584125,0.8746107560496886,0.07641376542656944,0.0489754785237419,0.27397586270787355,0.6190718369376388,0.10695230035448759,0.18113403057709818,0.15338310465193625,0.6654828647709655,0.6830140276495108,0.20201562716928456,0.11497034518120469,1.15067,0.41122,0.66568,1.28496,1.25233,0.24191,0.35303,0.61202,1.14633,0.41317,0.85213,0.2942,0.29826,0.11490999999999996,0.00407034445952955,0.004396136380005362,40800
