z_x1,z_x2,z_note,x_x1,x_x2,x_note,"p(y=0|x,D)","p(y=1|x,D)","p(y=2|x,D)","p(u=0|z,D)","p(u=1|z,D)","p(u=2|z,D)","p(y=0|x,u=0,z,D)","p(y=1|x,u=0,z,D)","p(y=2|x,u=0,z,D)","p(y=0|x,u=1,z,D)","p(y=1|x,u=1,z,D)","p(y=2|x,u=1,z,D)","p(y=0|x,u=2,z,D)","p(y=1|x,u=2,z,D)","p(y=2|x,u=2,z,D)","p(y=0|x,z,D)","p(y=1|x,z,D)","p(y=2|x,z,D)","H[p(u|z,D)]","Var[p(u|z,D)]","H[p(y|x,u=0,z,D)]","H[p(y|x,u=1,z,D)]","H[p(y|x,u=2,z,D)]","Var[p(y|x,u=0,z,D)]","Var[p(y|x,u=1,z,D)]","Var[p(y|x,u=2,z,D)]","H[p(y|x,D)]","Var[p(y|x,D)]",Va,Ve,Va_variance,Ve_variance,kl_pyx_pyxz,kl_pyxz_pyx,api_calls
-2.0,-1.7,x1 = -2.0; x2 = -1.7,-2.0,-1.7,x1 = -2.0; x2 = -1.7,0.2744057121080937,0.230696883198065,0.4948974046938413,0.2794166553597255,0.23031057513745473,0.4902727695028197,0.6999827564561192,0.11737767741186245,0.18263956613201843,0.18334627452109062,0.5969094919462125,0.2197442335326969,0.14072912894202388,0.1281062506386323,0.7311646204193438,0.30680908634883763,0.23307885272267811,0.4601120609284842,1.50604,0.72523,1.17101,1.37345,1.1082,0.61498,0.40177,0.52328,1.5023,0.72069,1.18684,0.3154600000000001,0.52092,0.19977,0.0030699585291615594,0.003106478435496128,81200
