z_x1,z_x2,z_note,x_x1,x_x2,x_note,"p(y=0|x,D)","p(y=1|x,D)","p(y=2|x,D)","p(u=0|z,D)","p(u=1|z,D)","p(u=2|z,D)","p(y=0|x,u=0,z,D)","p(y=1|x,u=0,z,D)","p(y=2|x,u=0,z,D)","p(y=0|x,u=1,z,D)","p(y=1|x,u=1,z,D)","p(y=2|x,u=1,z,D)","p(y=0|x,u=2,z,D)","p(y=1|x,u=2,z,D)","p(y=2|x,u=2,z,D)","p(y=0|x,z,D)","p(y=1|x,z,D)","p(y=2|x,z,D)","H[p(u|z,D)]","Var[p(u|z,D)]","H[p(y|x,u=0,z,D)]","H[p(y|x,u=1,z,D)]","H[p(y|x,u=2,z,D)]","Var[p(y|x,u=0,z,D)]","Var[p(y|x,u=1,z,D)]","Var[p(y|x,u=2,z,D)]","H[p(y|x,D)]","Var[p(y|x,D)]",Va,Ve,Va_variance,Ve_variance,kl_pyx_pyxz,kl_pyxz_pyx,api_calls
0.9,2.7,x1 = 0.9; x2 = 2.7,0.9,2.7,x1 = 0.9; x2 = 2.7,0.31535105159919247,0.31689229460178303,0.36775665379902456,0.3250509772527051,0.3144076946157407,0.3605413281315542,0.6603711975471327,0.17493058162526007,0.16469822082760713,0.17948862237833882,0.6086760220742011,0.21183535554746005,0.1662177417201099,0.16654639670249777,0.6672358615773922,0.3310152724427595,0.3082806404395474,0.3607040871176931,1.58246,0.68433,1.26387,1.35504,1.25049,0.57938,0.39028,0.58243,1.58117,0.68036,1.28771,0.29346000000000005,0.52103,0.15932999999999997,0.0005642958259230732,0.0005689008592204246,39400
