z_x1,z_x2,z_note,x_x1,x_x2,x_note,"p(y=0|x,D)","p(y=1|x,D)","p(y=2|x,D)","p(u=0|z,D)","p(u=1|z,D)","p(u=2|z,D)","p(y=0|x,u=0,z,D)","p(y=1|x,u=0,z,D)","p(y=2|x,u=0,z,D)","p(y=0|x,u=1,z,D)","p(y=1|x,u=1,z,D)","p(y=2|x,u=1,z,D)","p(y=0|x,u=2,z,D)","p(y=1|x,u=2,z,D)","p(y=2|x,u=2,z,D)","p(y=0|x,z,D)","p(y=1|x,z,D)","p(y=2|x,z,D)","H[p(u|z,D)]","Var[p(u|z,D)]","H[p(y|x,u=0,z,D)]","H[p(y|x,u=1,z,D)]","H[p(y|x,u=2,z,D)]","Var[p(y|x,u=0,z,D)]","Var[p(y|x,u=1,z,D)]","Var[p(y|x,u=2,z,D)]","H[p(y|x,D)]","Var[p(y|x,D)]",Va,Ve,Va_variance,Ve_variance,kl_pyx_pyxz,kl_pyxz_pyx,api_calls
1.4,-0.3,x1 = 1.4; x2 = -0.3,1.4,-0.3,x1 = 1.4; x2 = -0.3,0.34950456694417475,0.2689061062389471,0.38158932681687824,0.35275024323308213,0.27140166690173945,0.37584808986517837,0.7448950059673828,0.12600073551407748,0.12910425851853974,0.22343031006598987,0.585346438634281,0.19122325129972909,0.15677228874842702,0.1638120520455168,0.6794156592060562,0.38232381839627305,0.26487923611868136,0.3527969454850455,1.57154,0.72806,1.07435,1.39173,1.22549,0.4948,0.41362,0.56303,1.56997,0.73006,1.21729,0.3526800000000001,0.49841,0.23165000000000002,0.00262539363367258,0.0026397643836853467,57900
