z_x1,z_x2,z_note,x_x1,x_x2,x_note,"p(y=0|x,D)","p(y=1|x,D)","p(y=2|x,D)","p(u=0|z,D)","p(u=1|z,D)","p(u=2|z,D)","p(y=0|x,u=0,z,D)","p(y=1|x,u=0,z,D)","p(y=2|x,u=0,z,D)","p(y=0|x,u=1,z,D)","p(y=1|x,u=1,z,D)","p(y=2|x,u=1,z,D)","p(y=0|x,u=2,z,D)","p(y=1|x,u=2,z,D)","p(y=2|x,u=2,z,D)","p(y=0|x,z,D)","p(y=1|x,z,D)","p(y=2|x,z,D)","H[p(u|z,D)]","Var[p(u|z,D)]","H[p(y|x,u=0,z,D)]","H[p(y|x,u=1,z,D)]","H[p(y|x,u=2,z,D)]","Var[p(y|x,u=0,z,D)]","Var[p(y|x,u=1,z,D)]","Var[p(y|x,u=2,z,D)]","H[p(y|x,D)]","Var[p(y|x,D)]",Va,Ve,Va_variance,Ve_variance,kl_pyx_pyxz,kl_pyxz_pyx,api_calls
2.5,2.7,x1 = 2.5; x2 = 2.7,2.5,2.7,x1 = 2.5; x2 = 2.7,0.2916378932438644,0.3839762763965423,0.32438583035959334,0.2916378932438644,0.3839762763965423,0.32438583035959334,0.7964887902596532,0.12133800973375033,0.0821732000065964,0.13353901201832125,0.7007865363972254,0.16567445158445335,0.11901665819690524,0.13717817847733701,0.7438051633257577,0.3221694428679746,0.3489708236563785,0.328859733475647,1.57557,0.61495,0.92694,1.17705,1.07622,0.36842,0.29818,0.47246,1.57557,0.61495,1.0714,0.50417,0.3752,0.23975000000000002,0.0032250662774667366,0.0032223370004002194,23400
