z_x1,z_x2,z_note,x_x1,x_x2,x_note,"p(y=0|x,D)","p(y=1|x,D)","p(y=2|x,D)","p(u=0|z,D)","p(u=1|z,D)","p(u=2|z,D)","p(y=0|x,u=0,z,D)","p(y=1|x,u=0,z,D)","p(y=2|x,u=0,z,D)","p(y=0|x,u=1,z,D)","p(y=1|x,u=1,z,D)","p(y=2|x,u=1,z,D)","p(y=0|x,u=2,z,D)","p(y=1|x,u=2,z,D)","p(y=2|x,u=2,z,D)","p(y=0|x,z,D)","p(y=1|x,z,D)","p(y=2|x,z,D)","H[p(u|z,D)]","Var[p(u|z,D)]","H[p(y|x,u=0,z,D)]","H[p(y|x,u=1,z,D)]","H[p(y|x,u=2,z,D)]","Var[p(y|x,u=0,z,D)]","Var[p(y|x,u=1,z,D)]","Var[p(y|x,u=2,z,D)]","H[p(y|x,D)]","Var[p(y|x,D)]",Va,Ve,Va_variance,Ve_variance,kl_pyx_pyxz,kl_pyxz_pyx,api_calls
-1.2,-0.4,x1 = -1.2; x2 = -0.4,-1.2,-0.4,x1 = -1.2; x2 = -0.4,0.3351546729760069,0.3223493043143403,0.34249602270965285,0.3351546729760069,0.3223493043143403,0.34249602270965285,0.6862959201641525,0.16760951189766346,0.14609456793818398,0.16566945360775848,0.6240928878891683,0.21023765850307335,0.15847747871751927,0.1887964887805315,0.6527260325019492,0.3376966239537861,0.3220130658952101,0.34029031015100375,1.58451,0.6776,1.21004,1.32719,1.27697,0.54057,0.37392,0.56692,1.58451,0.6776,1.27073,0.31378000000000017,0.49588,0.18172,1.6899780746888055e-05,1.6908560597788617e-05,33850
