z_x1,z_x2,z_note,x_x1,x_x2,x_note,"p(y=0|x,D)","p(y=1|x,D)","p(y=2|x,D)","p(u=0|z,D)","p(u=1|z,D)","p(u=2|z,D)","p(y=0|x,u=0,z,D)","p(y=1|x,u=0,z,D)","p(y=2|x,u=0,z,D)","p(y=0|x,u=1,z,D)","p(y=1|x,u=1,z,D)","p(y=2|x,u=1,z,D)","p(y=0|x,u=2,z,D)","p(y=1|x,u=2,z,D)","p(y=2|x,u=2,z,D)","p(y=0|x,z,D)","p(y=1|x,z,D)","p(y=2|x,z,D)","H[p(u|z,D)]","Var[p(u|z,D)]","H[p(y|x,u=0,z,D)]","H[p(y|x,u=1,z,D)]","H[p(y|x,u=2,z,D)]","Var[p(y|x,u=0,z,D)]","Var[p(y|x,u=1,z,D)]","Var[p(y|x,u=2,z,D)]","H[p(y|x,D)]","Var[p(y|x,D)]",Va,Ve,Va_variance,Ve_variance,kl_pyx_pyxz,kl_pyxz_pyx,api_calls
1.8,-1.4,x1 = 1.8; x2 = -1.4,1.8,-1.4,x1 = 1.8; x2 = -1.4,0.3684859141699632,0.29422970772355833,0.3372843781064785,0.37026436934378215,0.29116553166174175,0.338570098994476,0.6656319955098579,0.16659240408789427,0.16777560040224787,0.17551807359755034,0.6047942203749037,0.21968770602754586,0.1541322499692566,0.19494835653549888,0.6509193934952446,0.3497491953781087,0.3037821465295104,0.3464686580923808,1.57803,0.70783,1.25369,1.35971,1.27887,0.58555,0.39325,0.55825,1.5789,0.7048,1.29308,0.28581999999999996,0.52032,0.18447999999999998,0.0007677584675575937,0.0007619842586238917,73350
