z_x1,z_x2,z_note,x_x1,x_x2,x_note,"p(y=0|x,D)","p(y=1|x,D)","p(y=2|x,D)","p(u=0|z,D)","p(u=1|z,D)","p(u=2|z,D)","p(y=0|x,u=0,z,D)","p(y=1|x,u=0,z,D)","p(y=2|x,u=0,z,D)","p(y=0|x,u=1,z,D)","p(y=1|x,u=1,z,D)","p(y=2|x,u=1,z,D)","p(y=0|x,u=2,z,D)","p(y=1|x,u=2,z,D)","p(y=2|x,u=2,z,D)","p(y=0|x,z,D)","p(y=1|x,z,D)","p(y=2|x,z,D)","H[p(u|z,D)]","Var[p(u|z,D)]","H[p(y|x,u=0,z,D)]","H[p(y|x,u=1,z,D)]","H[p(y|x,u=2,z,D)]","Var[p(y|x,u=0,z,D)]","Var[p(y|x,u=1,z,D)]","Var[p(y|x,u=2,z,D)]","H[p(y|x,D)]","Var[p(y|x,D)]",Va,Ve,Va_variance,Ve_variance,kl_pyx_pyxz,kl_pyxz_pyx,api_calls
-2.1,-1.3,x1 = -2.1; x2 = -1.3,-2.1,-1.3,x1 = -2.1; x2 = -1.3,0.35213473841419407,0.21217322520968765,0.4356920363761182,0.3555658571137372,0.2107373446256339,0.4336967982606289,0.6839639794256387,0.11126278785129093,0.20477323272307038,0.27414529755113154,0.49344995899300603,0.2324047434558624,0.2347794929606946,0.1184369010801419,0.6467836059591635,0.40279000502123663,0.19491528738539055,0.4022947075933729,1.52656,0.78316,1.19579,1.50394,1.26196,0.65911,0.50481,0.71182,1.52704,0.78084,1.28943,0.23760999999999988,0.64945,0.13139,0.0054196862278882395,0.005516046151927065,77400
