z_x1,z_x2,z_note,x_x1,x_x2,x_note,"p(y=0|x,D)","p(y=1|x,D)","p(y=2|x,D)","p(u=0|z,D)","p(u=1|z,D)","p(u=2|z,D)","p(y=0|x,u=0,z,D)","p(y=1|x,u=0,z,D)","p(y=2|x,u=0,z,D)","p(y=0|x,u=1,z,D)","p(y=1|x,u=1,z,D)","p(y=2|x,u=1,z,D)","p(y=0|x,u=2,z,D)","p(y=1|x,u=2,z,D)","p(y=2|x,u=2,z,D)","p(y=0|x,z,D)","p(y=1|x,z,D)","p(y=2|x,z,D)","H[p(u|z,D)]","Var[p(u|z,D)]","H[p(y|x,u=0,z,D)]","H[p(y|x,u=1,z,D)]","H[p(y|x,u=2,z,D)]","Var[p(y|x,u=0,z,D)]","Var[p(y|x,u=1,z,D)]","Var[p(y|x,u=2,z,D)]","H[p(y|x,D)]","Var[p(y|x,D)]",Va,Ve,Va_variance,Ve_variance,kl_pyx_pyxz,kl_pyxz_pyx,api_calls
3.1,-2.2,x1 = 3.1; x2 = -2.2,3.1,-2.2,x1 = 3.1; x2 = -2.2,0.8794127607875641,0.06592217948185956,0.05466505973057628,0.8795655749547718,0.06553967475671629,0.05489475028851195,0.9100537449785351,0.045780964060200505,0.04416529096126452,0.2542706207034699,0.6272859005995899,0.11844347869694036,0.19655213544685418,0.10462354710702035,0.6988243174461253,0.8279064396169111,0.08712275737310324,0.0849708030099858,0.65036,0.25438,0.52622,1.28891,1.16333,0.20446,0.35427,0.6431,0.65087,0.25387,0.61118,0.03969,0.23836,0.015509999999999996,0.010582490327241227,0.011805116780616343,44950
