z_x1,z_x2,z_note,x_x1,x_x2,x_note,"p(y=0|x,D)","p(y=1|x,D)","p(y=2|x,D)","p(u=0|z,D)","p(u=1|z,D)","p(u=2|z,D)","p(y=0|x,u=0,z,D)","p(y=1|x,u=0,z,D)","p(y=2|x,u=0,z,D)","p(y=0|x,u=1,z,D)","p(y=1|x,u=1,z,D)","p(y=2|x,u=1,z,D)","p(y=0|x,u=2,z,D)","p(y=1|x,u=2,z,D)","p(y=2|x,u=2,z,D)","p(y=0|x,z,D)","p(y=1|x,z,D)","p(y=2|x,z,D)","H[p(u|z,D)]","Var[p(u|z,D)]","H[p(y|x,u=0,z,D)]","H[p(y|x,u=1,z,D)]","H[p(y|x,u=2,z,D)]","Var[p(y|x,u=0,z,D)]","Var[p(y|x,u=1,z,D)]","Var[p(y|x,u=2,z,D)]","H[p(y|x,D)]","Var[p(y|x,D)]",Va,Ve,Va_variance,Ve_variance,kl_pyx_pyxz,kl_pyxz_pyx,api_calls
3.1,0.1,x1 = 3.1; x2 = 0.1,3.1,0.1,x1 = 3.1; x2 = 0.1,0.5356871746928222,0.29081844763041487,0.17349437767676296,0.5413775564653589,0.28926175832772466,0.16936068520691647,0.8811144979874233,0.06578602978433783,0.05309947222823895,0.17264264609745839,0.6889959076125488,0.13836144628999283,0.15319634486230133,0.16291417799748714,0.6838894771402115,0.5528999671962089,0.2625065045863905,0.1845935282174006,1.4308,0.57234,0.64406,1.2026,1.216,0.24861,0.30983,0.55545,1.43902,0.578,0.90249,0.53653,0.31829,0.25970999999999994,0.0020859839851790317,0.0020464738006851693,46100
