z_x1,z_x2,z_note,x_x1,x_x2,x_note,"p(y=0|x,D)","p(y=1|x,D)","p(y=2|x,D)","p(u=0|z,D)","p(u=1|z,D)","p(u=2|z,D)","p(y=0|x,u=0,z,D)","p(y=1|x,u=0,z,D)","p(y=2|x,u=0,z,D)","p(y=0|x,u=1,z,D)","p(y=1|x,u=1,z,D)","p(y=2|x,u=1,z,D)","p(y=0|x,u=2,z,D)","p(y=1|x,u=2,z,D)","p(y=2|x,u=2,z,D)","p(y=0|x,z,D)","p(y=1|x,z,D)","p(y=2|x,z,D)","H[p(u|z,D)]","Var[p(u|z,D)]","H[p(y|x,u=0,z,D)]","H[p(y|x,u=1,z,D)]","H[p(y|x,u=2,z,D)]","Var[p(y|x,u=0,z,D)]","Var[p(y|x,u=1,z,D)]","Var[p(y|x,u=2,z,D)]","H[p(y|x,D)]","Var[p(y|x,D)]",Va,Ve,Va_variance,Ve_variance,kl_pyx_pyxz,kl_pyxz_pyx,api_calls
3.2,0.6,x1 = 3.2; x2 = 0.6,3.2,0.6,x1 = 3.2; x2 = 0.6,0.5317368116085845,0.3040407796024392,0.16422240878897626,0.5317368116085845,0.3040407796024392,0.16422240878897626,0.8686142310815225,0.07804108088745554,0.053344688031022124,0.1618487446908799,0.7078576512216272,0.13029360408749294,0.14124379180097524,0.1736920071374637,0.6850642010615611,0.5342781759826671,0.28523902745006463,0.18048279656726834,1.43478,0.56089,0.68924,1.16115,1.21131,0.25729,0.29115,0.53057,1.43478,0.56089,0.91846,0.5163199999999999,0.31246,0.24842999999999998,0.0013680619034369037,0.0013794572776842928,50350
