z_x1,z_x2,z_note,x_x1,x_x2,x_note,"p(y=0|x,D)","p(y=1|x,D)","p(y=2|x,D)","p(u=0|z,D)","p(u=1|z,D)","p(u=2|z,D)","p(y=0|x,u=0,z,D)","p(y=1|x,u=0,z,D)","p(y=2|x,u=0,z,D)","p(y=0|x,u=1,z,D)","p(y=1|x,u=1,z,D)","p(y=2|x,u=1,z,D)","p(y=0|x,u=2,z,D)","p(y=1|x,u=2,z,D)","p(y=2|x,u=2,z,D)","p(y=0|x,z,D)","p(y=1|x,z,D)","p(y=2|x,z,D)","H[p(u|z,D)]","Var[p(u|z,D)]","H[p(y|x,u=0,z,D)]","H[p(y|x,u=1,z,D)]","H[p(y|x,u=2,z,D)]","Var[p(y|x,u=0,z,D)]","Var[p(y|x,u=1,z,D)]","Var[p(y|x,u=2,z,D)]","H[p(y|x,D)]","Var[p(y|x,D)]",Va,Ve,Va_variance,Ve_variance,kl_pyx_pyxz,kl_pyxz_pyx,api_calls
0.1,-3.1,x1 = 0.1; x2 = -3.1,0.1,-3.1,x1 = 0.1; x2 = -3.1,0.48509238883135775,0.3162077900836689,0.19869982108497344,0.48557848423029865,0.3121122809465802,0.2023092348231212,0.8460303897355634,0.08637694723055325,0.0675926630338834,0.1619781062994352,0.6999734776369586,0.13804841606360624,0.12273532581515986,0.1367796476161925,0.7404850265686477,0.48620000033251953,0.2880848916646418,0.22571510800283878,1.49678,0.60765,0.772,1.17997,1.08498,0.30766,0.29945,0.48161,1.49475,0.60177,0.96265,0.5321,0.34029,0.26148000000000005,0.003016694341347003,0.003049185970414186,4500
