z_x1,z_x2,z_note,x_x1,x_x2,x_note,"p(y=0|x,D)","p(y=1|x,D)","p(y=2|x,D)","p(u=0|z,D)","p(u=1|z,D)","p(u=2|z,D)","p(y=0|x,u=0,z,D)","p(y=1|x,u=0,z,D)","p(y=2|x,u=0,z,D)","p(y=0|x,u=1,z,D)","p(y=1|x,u=1,z,D)","p(y=2|x,u=1,z,D)","p(y=0|x,u=2,z,D)","p(y=1|x,u=2,z,D)","p(y=2|x,u=2,z,D)","p(y=0|x,z,D)","p(y=1|x,z,D)","p(y=2|x,z,D)","H[p(u|z,D)]","Var[p(u|z,D)]","H[p(y|x,u=0,z,D)]","H[p(y|x,u=1,z,D)]","H[p(y|x,u=2,z,D)]","Var[p(y|x,u=0,z,D)]","Var[p(y|x,u=1,z,D)]","Var[p(y|x,u=2,z,D)]","H[p(y|x,D)]","Var[p(y|x,D)]",Va,Ve,Va_variance,Ve_variance,kl_pyx_pyxz,kl_pyxz_pyx,api_calls
-1.5,-3.3,x1 = -1.5; x2 = -3.3,-1.5,-3.3,x1 = -1.5; x2 = -3.3,0.22817307270373283,0.26983089679913713,0.50199603049713,0.22817307270373283,0.26983089679913713,0.50199603049713,0.7457998741051449,0.09292533759426568,0.1612747883005894,0.13321674915703693,0.6470890484091607,0.21969420243380236,0.09020151729717316,0.10577440500738078,0.804024077695446,0.25139824741833616,0.2489060094939603,0.4996957430877036,1.49548,0.65519,1.05865,1.27411,0.90889,0.56541,0.34543,0.38468,1.49548,0.65519,1.04161,0.45387,0.41533,0.23986000000000007,0.001968646956668993,0.001982283458657267,20400
