z_x1,z_x2,z_note,x_x1,x_x2,x_note,"p(y=0|x,D)","p(y=1|x,D)","p(y=2|x,D)","p(u=0|z,D)","p(u=1|z,D)","p(u=2|z,D)","p(y=0|x,u=0,z,D)","p(y=1|x,u=0,z,D)","p(y=2|x,u=0,z,D)","p(y=0|x,u=1,z,D)","p(y=1|x,u=1,z,D)","p(y=2|x,u=1,z,D)","p(y=0|x,u=2,z,D)","p(y=1|x,u=2,z,D)","p(y=2|x,u=2,z,D)","p(y=0|x,z,D)","p(y=1|x,z,D)","p(y=2|x,z,D)","H[p(u|z,D)]","Var[p(u|z,D)]","H[p(y|x,u=0,z,D)]","H[p(y|x,u=1,z,D)]","H[p(y|x,u=2,z,D)]","Var[p(y|x,u=0,z,D)]","Var[p(y|x,u=1,z,D)]","Var[p(y|x,u=2,z,D)]","H[p(y|x,D)]","Var[p(y|x,D)]",Va,Ve,Va_variance,Ve_variance,kl_pyx_pyxz,kl_pyxz_pyx,api_calls
3.8,-3.8,x1 = 3.8; x2 = -3.8,3.8,-3.8,x1 = 3.8; x2 = -3.8,0.7293594750437027,0.1254229478605932,0.14521757709570413,0.724936816308675,0.12618144779270093,0.14888173589862413,0.9402221818455306,0.030685677552764967,0.029092140601704397,0.1943777231962285,0.678824756887286,0.1267975199164854,0.1229735575077436,0.07926028000179566,0.7977661624904607,0.7244370543728262,0.11970067608742033,0.15586226953975352,1.12235,0.54198,0.38631,1.2165,0.92174,0.13916,0.31661,0.46539,1.11198,0.53336,0.57078,0.5412,0.21012,0.32323999999999997,0.0005233950017494819,0.0005301548404470485,72150
