z_x1,z_x2,z_note,x_x1,x_x2,x_note,"p(y=0|x,D)","p(y=1|x,D)","p(y=2|x,D)","p(u=0|z,D)","p(u=1|z,D)","p(u=2|z,D)","p(y=0|x,u=0,z,D)","p(y=1|x,u=0,z,D)","p(y=2|x,u=0,z,D)","p(y=0|x,u=1,z,D)","p(y=1|x,u=1,z,D)","p(y=2|x,u=1,z,D)","p(y=0|x,u=2,z,D)","p(y=1|x,u=2,z,D)","p(y=2|x,u=2,z,D)","p(y=0|x,z,D)","p(y=1|x,z,D)","p(y=2|x,z,D)","H[p(u|z,D)]","Var[p(u|z,D)]","H[p(y|x,u=0,z,D)]","H[p(y|x,u=1,z,D)]","H[p(y|x,u=2,z,D)]","Var[p(y|x,u=0,z,D)]","Var[p(y|x,u=1,z,D)]","Var[p(y|x,u=2,z,D)]","H[p(y|x,D)]","Var[p(y|x,D)]",Va,Ve,Va_variance,Ve_variance,kl_pyx_pyxz,kl_pyxz_pyx,api_calls
-1.3,0.7,x1 = -1.3; x2 = 0.7,-1.3,0.7,x1 = -1.3; x2 = 0.7,0.27504488745889194,0.37088036596391183,0.3540747465771961,0.27504488745889194,0.37088036596391183,0.3540747465771961,0.7055607249872325,0.15918343995976236,0.13525583505300512,0.13614077068287653,0.6966521123519495,0.16720711696517418,0.1286820971492896,0.17614488615222962,0.6951730166984808,0.2901158899901587,0.36452563763289514,0.34535847237694617,1.57329,0.62287,1.16742,1.18639,1.18659,0.51557,0.30238,0.50294,1.57329,0.62287,1.18124,0.39205,0.43203,0.19084,0.0005625658528431287,0.0005684948681354638,30400
