z_x1,z_x2,z_note,x_x1,x_x2,x_note,"p(y=0|x,D)","p(y=1|x,D)","p(y=2|x,D)","p(u=0|z,D)","p(u=1|z,D)","p(u=2|z,D)","p(y=0|x,u=0,z,D)","p(y=1|x,u=0,z,D)","p(y=2|x,u=0,z,D)","p(y=0|x,u=1,z,D)","p(y=1|x,u=1,z,D)","p(y=2|x,u=1,z,D)","p(y=0|x,u=2,z,D)","p(y=1|x,u=2,z,D)","p(y=2|x,u=2,z,D)","p(y=0|x,z,D)","p(y=1|x,z,D)","p(y=2|x,z,D)","H[p(u|z,D)]","Var[p(u|z,D)]","H[p(y|x,u=0,z,D)]","H[p(y|x,u=1,z,D)]","H[p(y|x,u=2,z,D)]","Var[p(y|x,u=0,z,D)]","Var[p(y|x,u=1,z,D)]","Var[p(y|x,u=2,z,D)]","H[p(y|x,D)]","Var[p(y|x,D)]",Va,Ve,Va_variance,Ve_variance,kl_pyx_pyxz,kl_pyxz_pyx,api_calls
-3.8,-1.1,x1 = -3.8; x2 = -1.1,-3.8,-1.1,x1 = -3.8; x2 = -1.1,0.35499055569555726,0.14192989014989138,0.5030795541545514,0.35499055569555726,0.14192989014989138,0.5030795541545514,0.7950338680986315,0.0635270471414626,0.14143908475990594,0.15392707607867442,0.6318759612056093,0.2141969627157163,0.10245224736685984,0.08175259033775241,0.8157951622953877,0.3556179985595135,0.153361644226811,0.4910203572136756,1.42881,0.83614,0.91481,1.31019,0.87171,0.50929,0.36449,0.40939,1.42881,0.83614,0.94924,0.47956999999999994,0.43848,0.39766,0.0005845076918672733,0.0005947572281755926,9500
