z_x1,z_x2,z_note,x_x1,x_x2,x_note,"p(y=0|x,D)","p(y=1|x,D)","p(y=2|x,D)","p(u=0|z,D)","p(u=1|z,D)","p(u=2|z,D)","p(y=0|x,u=0,z,D)","p(y=1|x,u=0,z,D)","p(y=2|x,u=0,z,D)","p(y=0|x,u=1,z,D)","p(y=1|x,u=1,z,D)","p(y=2|x,u=1,z,D)","p(y=0|x,u=2,z,D)","p(y=1|x,u=2,z,D)","p(y=2|x,u=2,z,D)","p(y=0|x,z,D)","p(y=1|x,z,D)","p(y=2|x,z,D)","H[p(u|z,D)]","Var[p(u|z,D)]","H[p(y|x,u=0,z,D)]","H[p(y|x,u=1,z,D)]","H[p(y|x,u=2,z,D)]","Var[p(y|x,u=0,z,D)]","Var[p(y|x,u=1,z,D)]","Var[p(y|x,u=2,z,D)]","H[p(y|x,D)]","Var[p(y|x,D)]",Va,Ve,Va_variance,Ve_variance,kl_pyx_pyxz,kl_pyxz_pyx,api_calls
2.8,-0.5,x1 = 2.8; x2 = -0.5,2.8,-0.5,x1 = 2.8; x2 = -0.5,0.6329310781382873,0.20763737614493735,0.15943154571677529,0.6283660527461821,0.21028636386500957,0.16134758338880845,0.826128880354353,0.10438348234572743,0.06948763729991964,0.1851755270036632,0.6477375881439299,0.16708688485240697,0.16379081954000763,0.19311653864623987,0.6430926418137524,0.5844784847723276,0.2329603057459459,0.1825612094817266,1.31889,0.57161,0.83527,1.28766,1.29525,0.32311,0.35194,0.57715,1.31088,0.56816,1.00462,0.30626,0.37016,0.198,0.004915441359401765,0.004990828119946399,33800
