z_x1,z_x2,z_note,x_x1,x_x2,x_note,"p(y=0|x,D)","p(y=1|x,D)","p(y=2|x,D)","p(u=0|z,D)","p(u=1|z,D)","p(u=2|z,D)","p(y=0|x,u=0,z,D)","p(y=1|x,u=0,z,D)","p(y=2|x,u=0,z,D)","p(y=0|x,u=1,z,D)","p(y=1|x,u=1,z,D)","p(y=2|x,u=1,z,D)","p(y=0|x,u=2,z,D)","p(y=1|x,u=2,z,D)","p(y=2|x,u=2,z,D)","p(y=0|x,z,D)","p(y=1|x,z,D)","p(y=2|x,z,D)","H[p(u|z,D)]","Var[p(u|z,D)]","H[p(y|x,u=0,z,D)]","H[p(y|x,u=1,z,D)]","H[p(y|x,u=2,z,D)]","Var[p(y|x,u=0,z,D)]","Var[p(y|x,u=1,z,D)]","Var[p(y|x,u=2,z,D)]","H[p(y|x,D)]","Var[p(y|x,D)]",Va,Ve,Va_variance,Ve_variance,kl_pyx_pyxz,kl_pyxz_pyx,api_calls
3.0,2.9,x1 = 3.0; x2 = 2.9,3.0,2.9,x1 = 3.0; x2 = 2.9,0.4022425615041375,0.33754305018356423,0.2602143883122983,0.39939038881925326,0.3388768619706958,0.261732749210051,0.8760986614021377,0.06800671029210513,0.055894628305757185,0.1553657634246442,0.694333606809757,0.15030062976559883,0.12276244194766925,0.1307405599240416,0.7464969981282891,0.43468619881915477,0.2966739064845484,0.2686398946962969,1.56404,0.64217,0.66352,1.19371,1.07011,0.25926,0.30564,0.48021,1.56277,0.64228,0.94961,0.61316,0.33281,0.30946999999999997,0.004069563179547257,0.003990097551900031,43500
