z_x1,z_x2,z_note,x_x1,x_x2,x_note,"p(y=0|x,D)","p(y=1|x,D)","p(y=2|x,D)","p(u=0|z,D)","p(u=1|z,D)","p(u=2|z,D)","p(y=0|x,u=0,z,D)","p(y=1|x,u=0,z,D)","p(y=2|x,u=0,z,D)","p(y=0|x,u=1,z,D)","p(y=1|x,u=1,z,D)","p(y=2|x,u=1,z,D)","p(y=0|x,u=2,z,D)","p(y=1|x,u=2,z,D)","p(y=2|x,u=2,z,D)","p(y=0|x,z,D)","p(y=1|x,z,D)","p(y=2|x,z,D)","H[p(u|z,D)]","Var[p(u|z,D)]","H[p(y|x,u=0,z,D)]","H[p(y|x,u=1,z,D)]","H[p(y|x,u=2,z,D)]","Var[p(y|x,u=0,z,D)]","Var[p(y|x,u=1,z,D)]","Var[p(y|x,u=2,z,D)]","H[p(y|x,D)]","Var[p(y|x,D)]",Va,Ve,Va_variance,Ve_variance,kl_pyx_pyxz,kl_pyxz_pyx,api_calls
1.9,3.9,x1 = 1.9; x2 = 3.9,1.9,3.9,x1 = 1.9; x2 = 3.9,0.30396214635210816,0.35076165146607124,0.34527620218182065,0.30608816134596245,0.3557511016580084,0.338160736996029,0.8209856000799718,0.09640874699493329,0.0826056529250951,0.1411263196812492,0.690051541297968,0.16882213902078286,0.12176462065120261,0.12454888866765439,0.753686490681143,0.34267583037898747,0.3171137161067964,0.3402104535142161,1.5822,0.64322,0.85616,1.20127,1.05167,0.35839,0.30918,0.47613,1.58209,0.64753,1.04505,0.53704,0.3807,0.26683000000000007,0.004036856737375045,0.00407235618927787,80000
