z_x1,z_x2,z_note,x_x1,x_x2,x_note,"p(y=0|x,D)","p(y=1|x,D)","p(y=2|x,D)","p(u=0|z,D)","p(u=1|z,D)","p(u=2|z,D)","p(y=0|x,u=0,z,D)","p(y=1|x,u=0,z,D)","p(y=2|x,u=0,z,D)","p(y=0|x,u=1,z,D)","p(y=1|x,u=1,z,D)","p(y=2|x,u=1,z,D)","p(y=0|x,u=2,z,D)","p(y=1|x,u=2,z,D)","p(y=2|x,u=2,z,D)","p(y=0|x,z,D)","p(y=1|x,z,D)","p(y=2|x,z,D)","H[p(u|z,D)]","Var[p(u|z,D)]","H[p(y|x,u=0,z,D)]","H[p(y|x,u=1,z,D)]","H[p(y|x,u=2,z,D)]","Var[p(y|x,u=0,z,D)]","Var[p(y|x,u=1,z,D)]","Var[p(y|x,u=2,z,D)]","H[p(y|x,D)]","Var[p(y|x,D)]",Va,Ve,Va_variance,Ve_variance,kl_pyx_pyxz,kl_pyxz_pyx,api_calls
0.8,-4.0,x1 = 0.8; x2 = -4.0,0.8,-4.0,x1 = 0.8; x2 = -4.0,0.4769762169417143,0.31227958607855577,0.21074419697972985,0.4768068517574397,0.3119972487200495,0.21119589952251067,0.857569158988983,0.08185170851825271,0.060579132492764295,0.18635268723027815,0.6781317430662217,0.13551556970350026,0.1306231710231542,0.129671939417866,0.7397048895589798,0.4946234546719648,0.2779888754441331,0.22738766988390208,1.50754,0.61745,0.7307,1.22245,1.08748,0.28296,0.31928,0.49935,1.50718,0.61684,0.95948,0.5477,0.33999,0.27685000000000004,0.002976119261886012,0.002918719398543816,32050
