z_x1,z_x2,z_note,x_x1,x_x2,x_note,"p(y=0|x,D)","p(y=1|x,D)","p(y=2|x,D)","p(u=0|z,D)","p(u=1|z,D)","p(u=2|z,D)","p(y=0|x,u=0,z,D)","p(y=1|x,u=0,z,D)","p(y=2|x,u=0,z,D)","p(y=0|x,u=1,z,D)","p(y=1|x,u=1,z,D)","p(y=2|x,u=1,z,D)","p(y=0|x,u=2,z,D)","p(y=1|x,u=2,z,D)","p(y=2|x,u=2,z,D)","p(y=0|x,z,D)","p(y=1|x,z,D)","p(y=2|x,z,D)","H[p(u|z,D)]","Var[p(u|z,D)]","H[p(y|x,u=0,z,D)]","H[p(y|x,u=1,z,D)]","H[p(y|x,u=2,z,D)]","Var[p(y|x,u=0,z,D)]","Var[p(y|x,u=1,z,D)]","Var[p(y|x,u=2,z,D)]","H[p(y|x,D)]","Var[p(y|x,D)]",Va,Ve,Va_variance,Ve_variance,kl_pyx_pyxz,kl_pyxz_pyx,api_calls
-2.6,2.8,x1 = -2.6; x2 = 2.8,-2.6,2.8,x1 = -2.6; x2 = 2.8,0.2785925040521123,0.1954322593028906,0.5259752366449971,0.2808317109020392,0.19458696431394726,0.5245813247840134,0.7610427402463973,0.07023579234693281,0.16872146740667,0.13560066962202227,0.6182314719837593,0.24616785839421845,0.08632012823926341,0.07303242415551275,0.8406474476052239,0.2853929847009385,0.17833566892369918,0.5362713463753622,1.46233,0.746,1.00209,1.31762,0.79131,0.57892,0.36954,0.35796,1.4615,0.74337,0.95292,0.50858,0.42227,0.3211,0.0009756553223448077,0.0009530825049276423,59450
