z_x1,z_x2,z_note,x_x1,x_x2,x_note,"p(y=0|x,D)","p(y=1|x,D)","p(y=2|x,D)","p(u=0|z,D)","p(u=1|z,D)","p(u=2|z,D)","p(y=0|x,u=0,z,D)","p(y=1|x,u=0,z,D)","p(y=2|x,u=0,z,D)","p(y=0|x,u=1,z,D)","p(y=1|x,u=1,z,D)","p(y=2|x,u=1,z,D)","p(y=0|x,u=2,z,D)","p(y=1|x,u=2,z,D)","p(y=2|x,u=2,z,D)","p(y=0|x,z,D)","p(y=1|x,z,D)","p(y=2|x,z,D)","H[p(u|z,D)]","Var[p(u|z,D)]","H[p(y|x,u=0,z,D)]","H[p(y|x,u=1,z,D)]","H[p(y|x,u=2,z,D)]","Var[p(y|x,u=0,z,D)]","Var[p(y|x,u=1,z,D)]","Var[p(y|x,u=2,z,D)]","H[p(y|x,D)]","Var[p(y|x,D)]",Va,Ve,Va_variance,Ve_variance,kl_pyx_pyxz,kl_pyxz_pyx,api_calls
3.0,3.7,x1 = 3.0; x2 = 3.7,3.0,3.7,x1 = 3.0; x2 = 3.7,0.4239260457063332,0.30916422443673514,0.26690972985693173,0.4218194898909952,0.3125582517525722,0.26562225835643266,0.8853207677834634,0.06393570654532046,0.05074352567121613,0.13735279193774494,0.726721658523962,0.13592554953829314,0.10180952979603941,0.10982262517358447,0.7883678450303762,0.4434191804043516,0.28328351193698625,0.2732973076586622,1.55772,0.66304,0.62745,1.1194,0.956,0.23955,0.27328,0.41882,1.55707,0.66618,0.86848,0.6885899999999999,0.29771,0.36847,0.0016579081268793226,0.0016321059417858273,43900
