z_x1,z_x2,z_note,x_x1,x_x2,x_note,"p(y=0|x,D)","p(y=1|x,D)","p(y=2|x,D)","p(u=0|z,D)","p(u=1|z,D)","p(u=2|z,D)","p(y=0|x,u=0,z,D)","p(y=1|x,u=0,z,D)","p(y=2|x,u=0,z,D)","p(y=0|x,u=1,z,D)","p(y=1|x,u=1,z,D)","p(y=2|x,u=1,z,D)","p(y=0|x,u=2,z,D)","p(y=1|x,u=2,z,D)","p(y=2|x,u=2,z,D)","p(y=0|x,z,D)","p(y=1|x,z,D)","p(y=2|x,z,D)","H[p(u|z,D)]","Var[p(u|z,D)]","H[p(y|x,u=0,z,D)]","H[p(y|x,u=1,z,D)]","H[p(y|x,u=2,z,D)]","Var[p(y|x,u=0,z,D)]","Var[p(y|x,u=1,z,D)]","Var[p(y|x,u=2,z,D)]","H[p(y|x,D)]","Var[p(y|x,D)]",Va,Ve,Va_variance,Ve_variance,kl_pyx_pyxz,kl_pyxz_pyx,api_calls
-4.0,3.4,x1 = -4.0; x2 = 3.4,-4.0,3.4,x1 = -4.0; x2 = 3.4,0.3359472693983295,0.25247241757420036,0.41158031302747017,0.33421541981973446,0.255136975207478,0.41064760497278757,0.8555198813166267,0.06414577548604691,0.0803343431973264,0.11499799694150079,0.7173647426137544,0.16763726044474475,0.07433234199482831,0.08094201660202198,0.8447256414031499,0.3457925756051335,0.23770342309398382,0.4165040013008828,1.55851,0.73902,0.73902,1.13454,0.77795,0.33494,0.27986,0.32555,1.55717,0.74181,0.85592,0.7012499999999999,0.31703,0.42478,0.0006203197948242561,0.0006128616457186948,3750
