z_x1,z_x2,z_note,x_x1,x_x2,x_note,"p(y=0|x,D)","p(y=1|x,D)","p(y=2|x,D)","p(u=0|z,D)","p(u=1|z,D)","p(u=2|z,D)","p(y=0|x,u=0,z,D)","p(y=1|x,u=0,z,D)","p(y=2|x,u=0,z,D)","p(y=0|x,u=1,z,D)","p(y=1|x,u=1,z,D)","p(y=2|x,u=1,z,D)","p(y=0|x,u=2,z,D)","p(y=1|x,u=2,z,D)","p(y=2|x,u=2,z,D)","p(y=0|x,z,D)","p(y=1|x,z,D)","p(y=2|x,z,D)","H[p(u|z,D)]","Var[p(u|z,D)]","H[p(y|x,u=0,z,D)]","H[p(y|x,u=1,z,D)]","H[p(y|x,u=2,z,D)]","Var[p(y|x,u=0,z,D)]","Var[p(y|x,u=1,z,D)]","Var[p(y|x,u=2,z,D)]","H[p(y|x,D)]","Var[p(y|x,D)]",Va,Ve,Va_variance,Ve_variance,kl_pyx_pyxz,kl_pyxz_pyx,api_calls
1.3,-3.6,x1 = 1.3; x2 = -3.6,1.3,-3.6,x1 = 1.3; x2 = -3.6,0.6997325120570846,0.1748617866074334,0.125405701335482,0.698613794759267,0.17457892935652491,0.1268072758842082,0.900915457967899,0.053850444510425234,0.04523409752167567,0.1936691204578635,0.7002543133660779,0.10607656617605858,0.13428307628106462,0.11003335293362396,0.7556835707853116,0.6802305856477436,0.1738233414355584,0.14594607291669803,1.17888,0.49846,0.56463,1.16199,1.04472,0.21396,0.29207,0.50383,1.17598,0.49529,0.7298,0.44618,0.26435,0.23094000000000003,0.0017984642071622037,0.0018745956248627238,52250
