z_x1,z_x2,z_note,x_x1,x_x2,x_note,"p(y=0|x,D)","p(y=1|x,D)","p(y=2|x,D)","p(u=0|z,D)","p(u=1|z,D)","p(u=2|z,D)","p(y=0|x,u=0,z,D)","p(y=1|x,u=0,z,D)","p(y=2|x,u=0,z,D)","p(y=0|x,u=1,z,D)","p(y=1|x,u=1,z,D)","p(y=2|x,u=1,z,D)","p(y=0|x,u=2,z,D)","p(y=1|x,u=2,z,D)","p(y=2|x,u=2,z,D)","p(y=0|x,z,D)","p(y=1|x,z,D)","p(y=2|x,z,D)","H[p(u|z,D)]","Var[p(u|z,D)]","H[p(y|x,u=0,z,D)]","H[p(y|x,u=1,z,D)]","H[p(y|x,u=2,z,D)]","Var[p(y|x,u=0,z,D)]","Var[p(y|x,u=1,z,D)]","Var[p(y|x,u=2,z,D)]","H[p(y|x,D)]","Var[p(y|x,D)]",Va,Ve,Va_variance,Ve_variance,kl_pyx_pyxz,kl_pyxz_pyx,api_calls
-1.6,3.6,x1 = -1.6; x2 = 3.6,-1.6,3.6,x1 = -1.6; x2 = 3.6,0.2966949783287341,0.22687571051815542,0.47642931115311055,0.2966949783287341,0.22687571051815542,0.47642931115311055,0.7869530515088992,0.08356389248573723,0.12948305600536353,0.12360609782717505,0.6706665814577878,0.20572732071503713,0.09130601633534678,0.08736729664914888,0.8213266870155044,0.3050291022988649,0.2185752854190019,0.47639561228213323,1.51523,0.74082,0.95312,1.22865,0.85578,0.48417,0.32259,0.3797,1.51523,0.74082,0.96926,0.5459700000000001,0.39774,0.34308000000000005,0.00027055348919165256,0.0002696976909167866,19850
