z_x1,z_x2,z_note,x_x1,x_x2,x_note,"p(y=0|x,D)","p(y=1|x,D)","p(y=2|x,D)","p(u=0|z,D)","p(u=1|z,D)","p(u=2|z,D)","p(y=0|x,u=0,z,D)","p(y=1|x,u=0,z,D)","p(y=2|x,u=0,z,D)","p(y=0|x,u=1,z,D)","p(y=1|x,u=1,z,D)","p(y=2|x,u=1,z,D)","p(y=0|x,u=2,z,D)","p(y=1|x,u=2,z,D)","p(y=2|x,u=2,z,D)","p(y=0|x,z,D)","p(y=1|x,z,D)","p(y=2|x,z,D)","H[p(u|z,D)]","Var[p(u|z,D)]","H[p(y|x,u=0,z,D)]","H[p(y|x,u=1,z,D)]","H[p(y|x,u=2,z,D)]","Var[p(y|x,u=0,z,D)]","Var[p(y|x,u=1,z,D)]","Var[p(y|x,u=2,z,D)]","H[p(y|x,D)]","Var[p(y|x,D)]",Va,Ve,Va_variance,Ve_variance,kl_pyx_pyxz,kl_pyxz_pyx,api_calls
-0.3,1.5,x1 = -0.3; x2 = 1.5,-0.3,1.5,x1 = -0.3; x2 = 1.5,0.1934723554317564,0.47202042702047364,0.3345072175477699,0.19449843424983715,0.47393738768501786,0.33156417806514504,0.6115151522844727,0.2160520729020357,0.17243277481349148,0.10850349482046569,0.7124732564223454,0.17902324875718884,0.10562165096240368,0.21327707930802906,0.6811012697295673,0.20538295841652005,0.45040454334102326,0.3442124982424567,1.49804,0.50728,1.34876,1.14043,1.19534,0.59115,0.28255,0.45555,1.49821,0.50809,1.19916,0.29905000000000004,0.39993,0.10816000000000003,0.0010009571985765409,0.001001448823616271,70800
