z_x1,z_x2,z_note,x_x1,x_x2,x_note,"p(y=0|x,D)","p(y=1|x,D)","p(y=2|x,D)","p(u=0|z,D)","p(u=1|z,D)","p(u=2|z,D)","p(y=0|x,u=0,z,D)","p(y=1|x,u=0,z,D)","p(y=2|x,u=0,z,D)","p(y=0|x,u=1,z,D)","p(y=1|x,u=1,z,D)","p(y=2|x,u=1,z,D)","p(y=0|x,u=2,z,D)","p(y=1|x,u=2,z,D)","p(y=2|x,u=2,z,D)","p(y=0|x,z,D)","p(y=1|x,z,D)","p(y=2|x,z,D)","H[p(u|z,D)]","Var[p(u|z,D)]","H[p(y|x,u=0,z,D)]","H[p(y|x,u=1,z,D)]","H[p(y|x,u=2,z,D)]","Var[p(y|x,u=0,z,D)]","Var[p(y|x,u=1,z,D)]","Var[p(y|x,u=2,z,D)]","H[p(y|x,D)]","Var[p(y|x,D)]",Va,Ve,Va_variance,Ve_variance,kl_pyx_pyxz,kl_pyxz_pyx,api_calls
1.6,3.3,x1 = 1.6; x2 = 3.3,1.6,3.3,x1 = 1.6; x2 = 3.3,0.31468101118902464,0.34015932832053486,0.3451596604904405,0.31326445482889337,0.3429924411598734,0.34374310401123315,0.8106316092401584,0.09702456114526972,0.09234382961457158,0.1540012372416564,0.66292904220477,0.18306972055357365,0.12758854846831422,0.12040407517745677,0.7520073763542291,0.35062101312562927,0.2991620672908772,0.3502169195834934,1.58364,0.65608,0.88943,1.25725,1.05592,0.38704,0.33623,0.4897,1.5838,0.65891,1.07282,0.51098,0.4049,0.25401,0.004634008079170435,0.004591559759190118,67700
