z_x1,z_x2,z_note,x_x1,x_x2,x_note,"p(y=0|x,D)","p(y=1|x,D)","p(y=2|x,D)","p(u=0|z,D)","p(u=1|z,D)","p(u=2|z,D)","p(y=0|x,u=0,z,D)","p(y=1|x,u=0,z,D)","p(y=2|x,u=0,z,D)","p(y=0|x,u=1,z,D)","p(y=1|x,u=1,z,D)","p(y=2|x,u=1,z,D)","p(y=0|x,u=2,z,D)","p(y=1|x,u=2,z,D)","p(y=2|x,u=2,z,D)","p(y=0|x,z,D)","p(y=1|x,z,D)","p(y=2|x,z,D)","H[p(u|z,D)]","Var[p(u|z,D)]","H[p(y|x,u=0,z,D)]","H[p(y|x,u=1,z,D)]","H[p(y|x,u=2,z,D)]","Var[p(y|x,u=0,z,D)]","Var[p(y|x,u=1,z,D)]","Var[p(y|x,u=2,z,D)]","H[p(y|x,D)]","Var[p(y|x,D)]",Va,Ve,Va_variance,Ve_variance,kl_pyx_pyxz,kl_pyxz_pyx,api_calls
1.0,-1.1,x1 = 1.0; x2 = -1.1,1.0,-1.1,x1 = 1.0; x2 = -1.1,0.5131892332028637,0.23296496518791168,0.25384580160922476,0.5069306904855472,0.2365737843383054,0.2564955251761475,0.8224968845674313,0.08959923406404521,0.08790388136852326,0.2131113399488811,0.6364646160692218,0.15042404398189704,0.16184025244585262,0.14856750535827654,0.6895922421958708,0.5088767703388325,0.23409834472296626,0.2570248849382012,1.49235,0.70071,0.85208,1.30128,1.20364,0.37077,0.35961,0.57291,1.48566,0.69978,1.04852,0.4371400000000001,0.41998,0.27979999999999994,4.071182517046421e-05,4.074716414217798e-05,41500
