z_x1,z_x2,z_note,x_x1,x_x2,x_note,"p(y=0|x,D)","p(y=1|x,D)","p(y=2|x,D)","p(u=0|z,D)","p(u=1|z,D)","p(u=2|z,D)","p(y=0|x,u=0,z,D)","p(y=1|x,u=0,z,D)","p(y=2|x,u=0,z,D)","p(y=0|x,u=1,z,D)","p(y=1|x,u=1,z,D)","p(y=2|x,u=1,z,D)","p(y=0|x,u=2,z,D)","p(y=1|x,u=2,z,D)","p(y=2|x,u=2,z,D)","p(y=0|x,z,D)","p(y=1|x,z,D)","p(y=2|x,z,D)","H[p(u|z,D)]","Var[p(u|z,D)]","H[p(y|x,u=0,z,D)]","H[p(y|x,u=1,z,D)]","H[p(y|x,u=2,z,D)]","Var[p(y|x,u=0,z,D)]","Var[p(y|x,u=1,z,D)]","Var[p(y|x,u=2,z,D)]","H[p(y|x,D)]","Var[p(y|x,D)]",Va,Ve,Va_variance,Ve_variance,kl_pyx_pyxz,kl_pyxz_pyx,api_calls
0.7,2.1,x1 = 0.7; x2 = 2.1,0.7,2.1,x1 = 0.7; x2 = 2.1,0.38885560204294994,0.25739659742167087,0.3537478005353792,0.38896050237432245,0.25743765470327856,0.35360184292239893,0.6379613276231375,0.14871303766443683,0.21332563471242566,0.22295561554692772,0.5081066304712286,0.2689377539818437,0.20233481608594564,0.13230274645602827,0.665362437458026,0.37708489311236726,0.23543177209781588,0.38748333478981684,1.5642,0.74131,1.29804,1.4886,1.24358,0.67097,0.48978,0.6533,1.5642,0.74137,1.32784,0.23636000000000013,0.61808,0.12329000000000001,0.0026891264531041723,0.002704796073288593,31100
