z_x1,z_x2,z_note,x_x1,x_x2,x_note,"p(y=0|x,D)","p(y=1|x,D)","p(y=2|x,D)","p(u=0|z,D)","p(u=1|z,D)","p(u=2|z,D)","p(y=0|x,u=0,z,D)","p(y=1|x,u=0,z,D)","p(y=2|x,u=0,z,D)","p(y=0|x,u=1,z,D)","p(y=1|x,u=1,z,D)","p(y=2|x,u=1,z,D)","p(y=0|x,u=2,z,D)","p(y=1|x,u=2,z,D)","p(y=2|x,u=2,z,D)","p(y=0|x,z,D)","p(y=1|x,z,D)","p(y=2|x,z,D)","H[p(u|z,D)]","Var[p(u|z,D)]","H[p(y|x,u=0,z,D)]","H[p(y|x,u=1,z,D)]","H[p(y|x,u=2,z,D)]","Var[p(y|x,u=0,z,D)]","Var[p(y|x,u=1,z,D)]","Var[p(y|x,u=2,z,D)]","H[p(y|x,D)]","Var[p(y|x,D)]",Va,Ve,Va_variance,Ve_variance,kl_pyx_pyxz,kl_pyxz_pyx,api_calls
1.5,-1.7,x1 = 1.5; x2 = -1.7,1.5,-1.7,x1 = 1.5; x2 = -1.7,0.40359853401020224,0.3202986985634191,0.2761027674263786,0.40576545809727405,0.31701485218417824,0.2772196897185477,0.736554902435235,0.1371777490525059,0.126267348512259,0.1706038431155215,0.6365113768436392,0.19288478004083917,0.160933756236955,0.1951424753496342,0.6439237684134108,0.39756649547699496,0.311542888696012,0.290890615826993,1.56653,0.66646,1.09502,1.30804,1.29308,0.49037,0.36299,0.57158,1.56705,0.66345,1.21746,0.34959000000000007,0.4725,0.19095,0.0005498508125535827,0.000555210582070368,61200
