z_x1,z_x2,z_note,x_x1,x_x2,x_note,"p(y=0|x,D)","p(y=1|x,D)","p(y=2|x,D)","p(u=0|z,D)","p(u=1|z,D)","p(u=2|z,D)","p(y=0|x,u=0,z,D)","p(y=1|x,u=0,z,D)","p(y=2|x,u=0,z,D)","p(y=0|x,u=1,z,D)","p(y=1|x,u=1,z,D)","p(y=2|x,u=1,z,D)","p(y=0|x,u=2,z,D)","p(y=1|x,u=2,z,D)","p(y=2|x,u=2,z,D)","p(y=0|x,z,D)","p(y=1|x,z,D)","p(y=2|x,z,D)","H[p(u|z,D)]","Var[p(u|z,D)]","H[p(y|x,u=0,z,D)]","H[p(y|x,u=1,z,D)]","H[p(y|x,u=2,z,D)]","Var[p(y|x,u=0,z,D)]","Var[p(y|x,u=1,z,D)]","Var[p(y|x,u=2,z,D)]","H[p(y|x,D)]","Var[p(y|x,D)]",Va,Ve,Va_variance,Ve_variance,kl_pyx_pyxz,kl_pyxz_pyx,api_calls
1.3,3.8,x1 = 1.3; x2 = 3.8,1.3,3.8,x1 = 1.3; x2 = 3.8,0.3179667388649741,0.34142790280467306,0.34060535833035266,0.3136394456678114,0.3369847504650193,0.3493758038671694,0.8265850939197223,0.08642404984257197,0.08699085623770579,0.14507023955759843,0.6904898281682921,0.16443993227410947,0.11482482593613683,0.11570034812559901,0.7694748259382642,0.348253164996821,0.30021343566301,0.35153339934016903,1.58353,0.66174,0.83887,1.20124,1.00945,0.36658,0.30913,0.45573,1.58419,0.65806,1.02058,0.5636099999999999,0.37837,0.27969,0.004236327090173922,0.004166277428497936,55950
