z_x1,z_x2,z_note,x_x1,x_x2,x_note,"p(y=0|x,D)","p(y=1|x,D)","p(y=2|x,D)","p(u=0|z,D)","p(u=1|z,D)","p(u=2|z,D)","p(y=0|x,u=0,z,D)","p(y=1|x,u=0,z,D)","p(y=2|x,u=0,z,D)","p(y=0|x,u=1,z,D)","p(y=1|x,u=1,z,D)","p(y=2|x,u=1,z,D)","p(y=0|x,u=2,z,D)","p(y=1|x,u=2,z,D)","p(y=2|x,u=2,z,D)","p(y=0|x,z,D)","p(y=1|x,z,D)","p(y=2|x,z,D)","H[p(u|z,D)]","Var[p(u|z,D)]","H[p(y|x,u=0,z,D)]","H[p(y|x,u=1,z,D)]","H[p(y|x,u=2,z,D)]","Var[p(y|x,u=0,z,D)]","Var[p(y|x,u=1,z,D)]","Var[p(y|x,u=2,z,D)]","H[p(y|x,D)]","Var[p(y|x,D)]",Va,Ve,Va_variance,Ve_variance,kl_pyx_pyxz,kl_pyxz_pyx,api_calls
-2.2,-2.8,x1 = -2.2; x2 = -2.8,-2.2,-2.8,x1 = -2.2; x2 = -2.8,0.14992131195052014,0.16879844893868043,0.6812802391107994,0.14917312368327668,0.16532971989906792,0.6854971564176553,0.6672653534448765,0.08365372317082316,0.24908092338430027,0.13858289373201527,0.5778518937705246,0.28356521249746014,0.08567829088159187,0.07882892307481319,0.8354927860435948,0.1811821528685702,0.1620519815446051,0.6567658655868245,1.21221,0.54703,1.18838,1.36793,0.80929,0.74147,0.40113,0.35895,1.2209,0.54886,0.9582,0.26270000000000004,0.42299,0.12587000000000004,0.003457340653944766,0.0036367565264176054,72650
