z_x1,z_x2,z_note,x_x1,x_x2,x_note,"p(y=0|x,D)","p(y=1|x,D)","p(y=2|x,D)","p(u=0|z,D)","p(u=1|z,D)","p(u=2|z,D)","p(y=0|x,u=0,z,D)","p(y=1|x,u=0,z,D)","p(y=2|x,u=0,z,D)","p(y=0|x,u=1,z,D)","p(y=1|x,u=1,z,D)","p(y=2|x,u=1,z,D)","p(y=0|x,u=2,z,D)","p(y=1|x,u=2,z,D)","p(y=2|x,u=2,z,D)","p(y=0|x,z,D)","p(y=1|x,z,D)","p(y=2|x,z,D)","H[p(u|z,D)]","Var[p(u|z,D)]","H[p(y|x,u=0,z,D)]","H[p(y|x,u=1,z,D)]","H[p(y|x,u=2,z,D)]","Var[p(y|x,u=0,z,D)]","Var[p(y|x,u=1,z,D)]","Var[p(y|x,u=2,z,D)]","H[p(y|x,D)]","Var[p(y|x,D)]",Va,Ve,Va_variance,Ve_variance,kl_pyx_pyxz,kl_pyxz_pyx,api_calls
-0.8,-0.8,x1 = -0.8; x2 = -0.8,-0.8,-0.8,x1 = -0.8; x2 = -0.8,0.3471807969107727,0.3060006299225086,0.3468185731667187,0.3475316281024402,0.3098856312435737,0.3425827406539862,0.7573982015398537,0.13441242705146977,0.10818937140867671,0.16239386602984496,0.6307780107328618,0.20682812323729327,0.1365488071187771,0.1514477571922892,0.7120034356889338,0.3603226203635315,0.29406499936575026,0.34561238027071844,1.58313,0.69009,1.03989,1.31543,1.15356,0.44412,0.36725,0.5174,1.5825,0.694,1.16422,0.41828,0.4454,0.24859999999999993,0.00048373899852498996,0.0004836112089529579,49650
