z_x1,z_x2,z_note,x_x1,x_x2,x_note,"p(y=0|x,D)","p(y=1|x,D)","p(y=2|x,D)","p(u=0|z,D)","p(u=1|z,D)","p(u=2|z,D)","p(y=0|x,u=0,z,D)","p(y=1|x,u=0,z,D)","p(y=2|x,u=0,z,D)","p(y=0|x,u=1,z,D)","p(y=1|x,u=1,z,D)","p(y=2|x,u=1,z,D)","p(y=0|x,u=2,z,D)","p(y=1|x,u=2,z,D)","p(y=2|x,u=2,z,D)","p(y=0|x,z,D)","p(y=1|x,z,D)","p(y=2|x,z,D)","H[p(u|z,D)]","Var[p(u|z,D)]","H[p(y|x,u=0,z,D)]","H[p(y|x,u=1,z,D)]","H[p(y|x,u=2,z,D)]","Var[p(y|x,u=0,z,D)]","Var[p(y|x,u=1,z,D)]","Var[p(y|x,u=2,z,D)]","H[p(y|x,D)]","Var[p(y|x,D)]",Va,Ve,Va_variance,Ve_variance,kl_pyx_pyxz,kl_pyxz_pyx,api_calls
-1.5,1.1,x1 = -1.5; x2 = 1.1,-1.5,1.1,x1 = -1.5; x2 = 1.1,0.2626104113000366,0.36386692484522115,0.3735226638547423,0.26347008601031463,0.3609549216557288,0.3755749923339565,0.6453497615371289,0.18099948589725517,0.1736507525656159,0.17243749125201793,0.6382948010321869,0.18926770771579515,0.1603859749102621,0.19657556098161003,0.6430384641081278,0.29250947962170176,0.3519124648257159,0.35557805555258215,1.56826,0.62648,1.29269,1.30523,1.29444,0.5965,0.36142,0.57047,1.56796,0.62383,1.29787,0.27008999999999994,0.50187,0.12195999999999996,0.0022291296611721342,0.0022775818835012833,22600
