z_x1,z_x2,z_note,x_x1,x_x2,x_note,"p(y=0|x,D)","p(y=1|x,D)","p(y=2|x,D)","p(u=0|z,D)","p(u=1|z,D)","p(u=2|z,D)","p(y=0|x,u=0,z,D)","p(y=1|x,u=0,z,D)","p(y=2|x,u=0,z,D)","p(y=0|x,u=1,z,D)","p(y=1|x,u=1,z,D)","p(y=2|x,u=1,z,D)","p(y=0|x,u=2,z,D)","p(y=1|x,u=2,z,D)","p(y=2|x,u=2,z,D)","p(y=0|x,z,D)","p(y=1|x,z,D)","p(y=2|x,z,D)","H[p(u|z,D)]","Var[p(u|z,D)]","H[p(y|x,u=0,z,D)]","H[p(y|x,u=1,z,D)]","H[p(y|x,u=2,z,D)]","Var[p(y|x,u=0,z,D)]","Var[p(y|x,u=1,z,D)]","Var[p(y|x,u=2,z,D)]","H[p(y|x,D)]","Var[p(y|x,D)]",Va,Ve,Va_variance,Ve_variance,kl_pyx_pyxz,kl_pyxz_pyx,api_calls
-1.9,-1.7,x1 = -1.9; x2 = -1.7,-1.9,-1.7,x1 = -1.9; x2 = -1.7,0.2773739110992056,0.2946911534536025,0.4279349354471919,0.2773739110992056,0.2946911534536025,0.4279349354471919,0.6375770696303694,0.16339024150546894,0.19903268886416164,0.1746055815741944,0.5906728852453377,0.23472153318046796,0.14643628031236572,0.1621649599214316,0.6913987597662026,0.29096716582668164,0.2887823158443059,0.4202505183290124,1.55665,0.68264,1.30457,1.37908,1.19957,0.64429,0.40571,0.54085,1.55665,0.68264,1.28159,0.2750600000000001,0.52972,0.15292000000000006,0.0004524593460695494,0.0004568205470073588,5200
