z_x1,z_x2,z_note,x_x1,x_x2,x_note,"p(y=0|x,D)","p(y=1|x,D)","p(y=2|x,D)","p(u=0|z,D)","p(u=1|z,D)","p(u=2|z,D)","p(y=0|x,u=0,z,D)","p(y=1|x,u=0,z,D)","p(y=2|x,u=0,z,D)","p(y=0|x,u=1,z,D)","p(y=1|x,u=1,z,D)","p(y=2|x,u=1,z,D)","p(y=0|x,u=2,z,D)","p(y=1|x,u=2,z,D)","p(y=2|x,u=2,z,D)","p(y=0|x,z,D)","p(y=1|x,z,D)","p(y=2|x,z,D)","H[p(u|z,D)]","Var[p(u|z,D)]","H[p(y|x,u=0,z,D)]","H[p(y|x,u=1,z,D)]","H[p(y|x,u=2,z,D)]","Var[p(y|x,u=0,z,D)]","Var[p(y|x,u=1,z,D)]","Var[p(y|x,u=2,z,D)]","H[p(y|x,D)]","Var[p(y|x,D)]",Va,Ve,Va_variance,Ve_variance,kl_pyx_pyxz,kl_pyxz_pyx,api_calls
-1.2,3.2,x1 = -1.2; x2 = 3.2,-1.2,3.2,x1 = -1.2; x2 = 3.2,0.2983512686382829,0.23059576457714875,0.4710529667845683,0.2983512683107986,0.23059576296043754,0.47105296872876384,0.7753854002838643,0.09051040141620706,0.13410419829992865,0.13053597365390154,0.6604702564483189,0.2089937698977796,0.10333235627280143,0.09511139795927274,0.8015562457679257,0.3101132732309136,0.22410804212487914,0.46577868464420724,1.52025,0.73958,0.98698,1.2507,0.917,0.49825,0.33337,0.41737,1.52025,0.73958,1.01483,0.5054200000000002,0.42213,0.31745,0.00034869326763211066,0.0003506319667705895,35650
