z_x1,z_x2,z_note,x_x1,x_x2,x_note,"p(y=0|x,D)","p(y=1|x,D)","p(y=2|x,D)","p(u=0|z,D)","p(u=1|z,D)","p(u=2|z,D)","p(y=0|x,u=0,z,D)","p(y=1|x,u=0,z,D)","p(y=2|x,u=0,z,D)","p(y=0|x,u=1,z,D)","p(y=1|x,u=1,z,D)","p(y=2|x,u=1,z,D)","p(y=0|x,u=2,z,D)","p(y=1|x,u=2,z,D)","p(y=2|x,u=2,z,D)","p(y=0|x,z,D)","p(y=1|x,z,D)","p(y=2|x,z,D)","H[p(u|z,D)]","Var[p(u|z,D)]","H[p(y|x,u=0,z,D)]","H[p(y|x,u=1,z,D)]","H[p(y|x,u=2,z,D)]","Var[p(y|x,u=0,z,D)]","Var[p(y|x,u=1,z,D)]","Var[p(y|x,u=2,z,D)]","H[p(y|x,D)]","Var[p(y|x,D)]",Va,Ve,Va_variance,Ve_variance,kl_pyx_pyxz,kl_pyxz_pyx,api_calls
-3.5,1.6,x1 = -3.5; x2 = 1.6,-3.5,1.6,x1 = -3.5; x2 = 1.6,0.26675319669462105,0.1594693875403726,0.5737774157650064,0.26675319669462105,0.1594693875403726,0.5737774157650064,0.7652219679827509,0.06858008977433654,0.16619794224291265,0.11145754586352932,0.6660186221445457,0.22252383199192502,0.07688625869930749,0.0703564359399619,0.8527573053607306,0.26601507154028614,0.16487247393684945,0.5691124545228644,1.39077,0.74627,0.99084,1.22577,0.74993,0.57259,0.32165,0.32767,1.39077,0.74627,0.89008,0.5006900000000001,0.39204,0.35423,0.00010960658932106671,0.00011055360220166895,22850
