z_x1,z_x2,z_note,x_x1,x_x2,x_note,"p(y=0|x,D)","p(y=1|x,D)","p(y=2|x,D)","p(u=0|z,D)","p(u=1|z,D)","p(u=2|z,D)","p(y=0|x,u=0,z,D)","p(y=1|x,u=0,z,D)","p(y=2|x,u=0,z,D)","p(y=0|x,u=1,z,D)","p(y=1|x,u=1,z,D)","p(y=2|x,u=1,z,D)","p(y=0|x,u=2,z,D)","p(y=1|x,u=2,z,D)","p(y=2|x,u=2,z,D)","p(y=0|x,z,D)","p(y=1|x,z,D)","p(y=2|x,z,D)","H[p(u|z,D)]","Var[p(u|z,D)]","H[p(y|x,u=0,z,D)]","H[p(y|x,u=1,z,D)]","H[p(y|x,u=2,z,D)]","Var[p(y|x,u=0,z,D)]","Var[p(y|x,u=1,z,D)]","Var[p(y|x,u=2,z,D)]","H[p(y|x,D)]","Var[p(y|x,D)]",Va,Ve,Va_variance,Ve_variance,kl_pyx_pyxz,kl_pyxz_pyx,api_calls
2.3,-4.0,x1 = 2.3; x2 = -4.0,2.3,-4.0,x1 = 2.3; x2 = -4.0,0.5808677162106761,0.217089846068659,0.20204243772066494,0.5824979732133331,0.22049115667607672,0.1970108701105902,0.8919798057647427,0.054820002876048365,0.05320019135920902,0.17991585704987947,0.6782214812926047,0.14186266165751596,0.13244030752244443,0.10164392036207429,0.7659157721154812,0.5853384646531915,0.2014993366515996,0.21316219869520883,1.39682,0.63091,0.60192,1.22483,1.01622,0.24163,0.32033,0.49706,1.39979,0.6394,0.82089,0.5789000000000001,0.30931,0.33009,0.0009004896710809712,0.0008914225134766685,12050
