z_x1,z_x2,z_note,x_x1,x_x2,x_note,"p(y=0|x,D)","p(y=1|x,D)","p(y=2|x,D)","p(u=0|z,D)","p(u=1|z,D)","p(u=2|z,D)","p(y=0|x,u=0,z,D)","p(y=1|x,u=0,z,D)","p(y=2|x,u=0,z,D)","p(y=0|x,u=1,z,D)","p(y=1|x,u=1,z,D)","p(y=2|x,u=1,z,D)","p(y=0|x,u=2,z,D)","p(y=1|x,u=2,z,D)","p(y=2|x,u=2,z,D)","p(y=0|x,z,D)","p(y=1|x,z,D)","p(y=2|x,z,D)","H[p(u|z,D)]","Var[p(u|z,D)]","H[p(y|x,u=0,z,D)]","H[p(y|x,u=1,z,D)]","H[p(y|x,u=2,z,D)]","Var[p(y|x,u=0,z,D)]","Var[p(y|x,u=1,z,D)]","Var[p(y|x,u=2,z,D)]","H[p(y|x,D)]","Var[p(y|x,D)]",Va,Ve,Va_variance,Ve_variance,kl_pyx_pyxz,kl_pyxz_pyx,api_calls
3.4,0.6,x1 = 3.4; x2 = 0.6,3.4,0.6,x1 = 3.4; x2 = 0.6,0.5446846316859698,0.29401748469690603,0.1612978836171241,0.5451777688825847,0.2910588050865727,0.1637634260308425,0.8831353516149317,0.06683290824373431,0.05003174014133396,0.15183850963530693,0.7236271385171593,0.12453435184753396,0.1299052125651327,0.1500565712005733,0.720038216234294,0.546933418464275,0.2716276442675208,0.18143893726820434,1.42288,0.56346,0.6354,1.12489,1.13431,0.23911,0.27563,0.50169,1.42123,0.559,0.85957,0.56166,0.29274,0.26626000000000005,0.0020647793179950254,0.002087842679141798,58350
