z_x1,z_x2,z_note,x_x1,x_x2,x_note,"p(y=0|x,D)","p(y=1|x,D)","p(y=2|x,D)","p(u=0|z,D)","p(u=1|z,D)","p(u=2|z,D)","p(y=0|x,u=0,z,D)","p(y=1|x,u=0,z,D)","p(y=2|x,u=0,z,D)","p(y=0|x,u=1,z,D)","p(y=1|x,u=1,z,D)","p(y=2|x,u=1,z,D)","p(y=0|x,u=2,z,D)","p(y=1|x,u=2,z,D)","p(y=2|x,u=2,z,D)","p(y=0|x,z,D)","p(y=1|x,z,D)","p(y=2|x,z,D)","H[p(u|z,D)]","Var[p(u|z,D)]","H[p(y|x,u=0,z,D)]","H[p(y|x,u=1,z,D)]","H[p(y|x,u=2,z,D)]","Var[p(y|x,u=0,z,D)]","Var[p(y|x,u=1,z,D)]","Var[p(y|x,u=2,z,D)]","H[p(y|x,D)]","Var[p(y|x,D)]",Va,Ve,Va_variance,Ve_variance,kl_pyx_pyxz,kl_pyxz_pyx,api_calls
3.2,3.5,x1 = 3.2; x2 = 3.5,3.2,3.5,x1 = 3.2; x2 = 3.5,0.4169461329386965,0.29382382423403286,0.2892300428272708,0.4169461329386965,0.29382382423403286,0.2892300428272708,0.8777574899365288,0.06678069149370817,0.05546181856976299,0.1468855714327733,0.705888612344116,0.14722581622311062,0.10438114432383812,0.10426420214703255,0.7913546535291294,0.4393262342533344,0.26540718228781407,0.29526658345885165,1.56303,0.68986,0.65726,1.16808,0.94753,0.25705,0.29411,0.4238,1.56303,0.68986,0.89131,0.6717199999999999,0.31617,0.37369,0.0021118050201113887,0.0020734395503555466,51800
