z_x1,z_x2,z_note,x_x1,x_x2,x_note,"p(y=0|x,D)","p(y=1|x,D)","p(y=2|x,D)","p(u=0|z,D)","p(u=1|z,D)","p(u=2|z,D)","p(y=0|x,u=0,z,D)","p(y=1|x,u=0,z,D)","p(y=2|x,u=0,z,D)","p(y=0|x,u=1,z,D)","p(y=1|x,u=1,z,D)","p(y=2|x,u=1,z,D)","p(y=0|x,u=2,z,D)","p(y=1|x,u=2,z,D)","p(y=2|x,u=2,z,D)","p(y=0|x,z,D)","p(y=1|x,z,D)","p(y=2|x,z,D)","H[p(u|z,D)]","Var[p(u|z,D)]","H[p(y|x,u=0,z,D)]","H[p(y|x,u=1,z,D)]","H[p(y|x,u=2,z,D)]","Var[p(y|x,u=0,z,D)]","Var[p(y|x,u=1,z,D)]","Var[p(y|x,u=2,z,D)]","H[p(y|x,D)]","Var[p(y|x,D)]",Va,Ve,Va_variance,Ve_variance,kl_pyx_pyxz,kl_pyxz_pyx,api_calls
-1.4,1.1,x1 = -1.4; x2 = 1.1,-1.4,1.1,x1 = -1.4; x2 = 1.1,0.2619924883954806,0.386856433672934,0.35115107793158534,0.2619924883954806,0.386856433672934,0.35115107793158534,0.6549822788735744,0.1842204702484544,0.16079725087797112,0.16945520259710473,0.652387352199022,0.17815744520387328,0.15789347814491986,0.19841341726701575,0.6436931045880643,0.29259973749002666,0.37031770920822216,0.3370825533017511,1.5665,0.60519,1.27341,1.27937,1.29255,0.57156,0.34754,0.56559,1.5665,0.60519,1.28244,0.28406,0.4828,0.12239,0.002313282918070491,0.0023663637227284047,26600
