z_x1,z_x2,z_note,x_x1,x_x2,x_note,"p(y=0|x,D)","p(y=1|x,D)","p(y=2|x,D)","p(u=0|z,D)","p(u=1|z,D)","p(u=2|z,D)","p(y=0|x,u=0,z,D)","p(y=1|x,u=0,z,D)","p(y=2|x,u=0,z,D)","p(y=0|x,u=1,z,D)","p(y=1|x,u=1,z,D)","p(y=2|x,u=1,z,D)","p(y=0|x,u=2,z,D)","p(y=1|x,u=2,z,D)","p(y=2|x,u=2,z,D)","p(y=0|x,z,D)","p(y=1|x,z,D)","p(y=2|x,z,D)","H[p(u|z,D)]","Var[p(u|z,D)]","H[p(y|x,u=0,z,D)]","H[p(y|x,u=1,z,D)]","H[p(y|x,u=2,z,D)]","Var[p(y|x,u=0,z,D)]","Var[p(y|x,u=1,z,D)]","Var[p(y|x,u=2,z,D)]","H[p(y|x,D)]","Var[p(y|x,D)]",Va,Ve,Va_variance,Ve_variance,kl_pyx_pyxz,kl_pyxz_pyx,api_calls
-0.7,2.9,x1 = -0.7; x2 = 2.9,-0.7,2.9,x1 = -0.7; x2 = 2.9,0.35535248052386953,0.21864692797037044,0.42600059150576,0.35535248052386953,0.21864692797037044,0.42600059150576,0.7598265512579104,0.10462031986536262,0.135553128876727,0.16366159166576227,0.6327568731977091,0.2035815351365287,0.12981447384985634,0.0952965129164611,0.7748890132336824,0.36109139664790346,0.2161238075250223,0.4227847958270742,1.53443,0.77636,1.03262,1.31264,0.99067,0.50566,0.36565,0.48858,1.53443,0.77636,1.07597,0.45845999999999987,0.46777,0.30859000000000003,7.271870330982384e-05,7.287677759195777e-05,55500
