z_x1,z_x2,z_note,x_x1,x_x2,x_note,"p(y=0|x,D)","p(y=1|x,D)","p(y=2|x,D)","p(u=0|z,D)","p(u=1|z,D)","p(u=2|z,D)","p(y=0|x,u=0,z,D)","p(y=1|x,u=0,z,D)","p(y=2|x,u=0,z,D)","p(y=0|x,u=1,z,D)","p(y=1|x,u=1,z,D)","p(y=2|x,u=1,z,D)","p(y=0|x,u=2,z,D)","p(y=1|x,u=2,z,D)","p(y=2|x,u=2,z,D)","p(y=0|x,z,D)","p(y=1|x,z,D)","p(y=2|x,z,D)","H[p(u|z,D)]","Var[p(u|z,D)]","H[p(y|x,u=0,z,D)]","H[p(y|x,u=1,z,D)]","H[p(y|x,u=2,z,D)]","Var[p(y|x,u=0,z,D)]","Var[p(y|x,u=1,z,D)]","Var[p(y|x,u=2,z,D)]","H[p(y|x,D)]","Var[p(y|x,D)]",Va,Ve,Va_variance,Ve_variance,kl_pyx_pyxz,kl_pyxz_pyx,api_calls
-2.8,-2.1,x1 = -2.8; x2 = -2.1,-2.8,-2.1,x1 = -2.8; x2 = -2.1,0.20623889114326932,0.13462667307011605,0.6591344357866147,0.21407063749958805,0.13804060093915538,0.6478887615612565,0.6205388284926585,0.07039589519756925,0.3090652763097723,0.16196687995001652,0.5106937539183404,0.327339366131643,0.10327037525330371,0.0687666379824973,0.827962986764199,0.22210486357804043,0.1301192987682701,0.6477758376536894,1.27611,0.67376,1.22025,1.44785,0.82935,0.83259,0.46196,0.40605,1.25558,0.66026,0.99841,0.2571699999999999,0.50508,0.15517999999999998,0.0007568775853079249,0.0007699582552567145,49000
