z_x1,z_x2,z_note,x_x1,x_x2,x_note,"p(y=0|x,D)","p(y=1|x,D)","p(y=2|x,D)","p(u=0|z,D)","p(u=1|z,D)","p(u=2|z,D)","p(y=0|x,u=0,z,D)","p(y=1|x,u=0,z,D)","p(y=2|x,u=0,z,D)","p(y=0|x,u=1,z,D)","p(y=1|x,u=1,z,D)","p(y=2|x,u=1,z,D)","p(y=0|x,u=2,z,D)","p(y=1|x,u=2,z,D)","p(y=2|x,u=2,z,D)","p(y=0|x,z,D)","p(y=1|x,z,D)","p(y=2|x,z,D)","H[p(u|z,D)]","Var[p(u|z,D)]","H[p(y|x,u=0,z,D)]","H[p(y|x,u=1,z,D)]","H[p(y|x,u=2,z,D)]","Var[p(y|x,u=0,z,D)]","Var[p(y|x,u=1,z,D)]","Var[p(y|x,u=2,z,D)]","H[p(y|x,D)]","Var[p(y|x,D)]",Va,Ve,Va_variance,Ve_variance,kl_pyx_pyxz,kl_pyxz_pyx,api_calls
0.7,1.5,x1 = 0.7; x2 = 1.5,0.7,1.5,x1 = 0.7; x2 = 1.5,0.3230971073747775,0.32882295875993367,0.3480799338652888,0.32192195934866585,0.3357092306709585,0.3423688099803758,0.6668548105529931,0.16547928019879704,0.16766590924820984,0.18946296806346954,0.6068681949941238,0.2036688369424066,0.1947830170146541,0.1864639259053453,0.6187530570800006,0.344967304203221,0.3208421013898362,0.3341905944069429,1.58449,0.66387,1.25124,1.35955,1.34003,0.58533,0.39293,0.63379,1.58423,0.67055,1.318,0.26622999999999997,0.53733,0.13322,0.0010915540844007605,0.001102548116418441,30800
