z_x1,z_x2,z_note,x_x1,x_x2,x_note,"p(y=0|x,D)","p(y=1|x,D)","p(y=2|x,D)","p(u=0|z,D)","p(u=1|z,D)","p(u=2|z,D)","p(y=0|x,u=0,z,D)","p(y=1|x,u=0,z,D)","p(y=2|x,u=0,z,D)","p(y=0|x,u=1,z,D)","p(y=1|x,u=1,z,D)","p(y=2|x,u=1,z,D)","p(y=0|x,u=2,z,D)","p(y=1|x,u=2,z,D)","p(y=2|x,u=2,z,D)","p(y=0|x,z,D)","p(y=1|x,z,D)","p(y=2|x,z,D)","H[p(u|z,D)]","Var[p(u|z,D)]","H[p(y|x,u=0,z,D)]","H[p(y|x,u=1,z,D)]","H[p(y|x,u=2,z,D)]","Var[p(y|x,u=0,z,D)]","Var[p(y|x,u=1,z,D)]","Var[p(y|x,u=2,z,D)]","H[p(y|x,D)]","Var[p(y|x,D)]",Va,Ve,Va_variance,Ve_variance,kl_pyx_pyxz,kl_pyxz_pyx,api_calls
4.0,-4.0,x1 = 4.0; x2 = -4.0,4.0,-4.0,x1 = 4.0; x2 = -4.0,0.6773943246608234,0.16108234820154144,0.16152332713763506,0.6732597131773521,0.1626380094036084,0.1641022774190395,0.9224265971212731,0.040370468312192445,0.0372029345665344,0.18331785626389646,0.6521592406358334,0.16452290310027012,0.11813879653618944,0.10561690982668796,0.7762442936371226,0.6702339629990594,0.15057766606440368,0.17918837093653686,1.2383,0.57812,0.47105,1.27923,0.99022,0.17601,0.34749,0.46128,1.2298,0.57279,0.68769,0.54211,0.25071,0.32208000000000003,0.0012971499009541594,0.0013207625158947432,80050
