z_x1,z_x2,z_note,x_x1,x_x2,x_note,"p(y=0|x,D)","p(y=1|x,D)","p(y=2|x,D)","p(u=0|z,D)","p(u=1|z,D)","p(u=2|z,D)","p(y=0|x,u=0,z,D)","p(y=1|x,u=0,z,D)","p(y=2|x,u=0,z,D)","p(y=0|x,u=1,z,D)","p(y=1|x,u=1,z,D)","p(y=2|x,u=1,z,D)","p(y=0|x,u=2,z,D)","p(y=1|x,u=2,z,D)","p(y=2|x,u=2,z,D)","p(y=0|x,z,D)","p(y=1|x,z,D)","p(y=2|x,z,D)","H[p(u|z,D)]","Var[p(u|z,D)]","H[p(y|x,u=0,z,D)]","H[p(y|x,u=1,z,D)]","H[p(y|x,u=2,z,D)]","Var[p(y|x,u=0,z,D)]","Var[p(y|x,u=1,z,D)]","Var[p(y|x,u=2,z,D)]","H[p(y|x,D)]","Var[p(y|x,D)]",Va,Ve,Va_variance,Ve_variance,kl_pyx_pyxz,kl_pyxz_pyx,api_calls
0.5,-2.0,x1 = 0.5; x2 = -2.0,0.5,-2.0,x1 = 0.5; x2 = -2.0,0.43758679070550316,0.41181135669802654,0.15060185259647033,0.4402084487996942,0.40821798973113727,0.15157356146916853,0.7676601148384241,0.15659842156050932,0.0757414636010665,0.15998476319853944,0.7151155841824017,0.1248996526190588,0.14702465472139567,0.2085317673510636,0.6444435779275407,0.42552417731883435,0.39246689709684107,0.18200892558432452,1.46132,0.50847,0.99368,1.14378,1.28678,0.36465,0.28365,0.54404,1.46018,0.50583,1.09938,0.3608,0.35878,0.14705000000000001,0.0035191293864987733,0.0036977894672712563,21050
