z_x1,z_x2,z_note,x_x1,x_x2,x_note,"p(y=0|x,D)","p(y=1|x,D)","p(y=2|x,D)","p(u=0|z,D)","p(u=1|z,D)","p(u=2|z,D)","p(y=0|x,u=0,z,D)","p(y=1|x,u=0,z,D)","p(y=2|x,u=0,z,D)","p(y=0|x,u=1,z,D)","p(y=1|x,u=1,z,D)","p(y=2|x,u=1,z,D)","p(y=0|x,u=2,z,D)","p(y=1|x,u=2,z,D)","p(y=2|x,u=2,z,D)","p(y=0|x,z,D)","p(y=1|x,z,D)","p(y=2|x,z,D)","H[p(u|z,D)]","Var[p(u|z,D)]","H[p(y|x,u=0,z,D)]","H[p(y|x,u=1,z,D)]","H[p(y|x,u=2,z,D)]","Var[p(y|x,u=0,z,D)]","Var[p(y|x,u=1,z,D)]","Var[p(y|x,u=2,z,D)]","H[p(y|x,D)]","Var[p(y|x,D)]",Va,Ve,Va_variance,Ve_variance,kl_pyx_pyxz,kl_pyxz_pyx,api_calls
3.3,-2.9,x1 = 3.3; x2 = -2.9,3.3,-2.9,x1 = 3.3; x2 = -2.9,0.825737614090565,0.08556567734275652,0.08869670856667841,0.825737614090565,0.08556567734275652,0.08869670856667841,0.921068398038825,0.037987871416458666,0.04094373054471638,0.20304468679399848,0.6780590623419716,0.11889625086403,0.14522205401086302,0.08561427694438406,0.769163669044753,0.7908151957692304,0.09698030182677385,0.11220450240399565,0.84158,0.37121,0.47726,1.21237,0.99907,0.18739,0.31486,0.52508,0.84158,0.37121,0.58644,0.25514000000000003,0.22825,0.14295999999999998,0.004114927040218694,0.0043502381804976405,52600
