z_x1,z_x2,z_note,x_x1,x_x2,x_note,"p(y=0|x,D)","p(y=1|x,D)","p(y=2|x,D)","p(u=0|z,D)","p(u=1|z,D)","p(u=2|z,D)","p(y=0|x,u=0,z,D)","p(y=1|x,u=0,z,D)","p(y=2|x,u=0,z,D)","p(y=0|x,u=1,z,D)","p(y=1|x,u=1,z,D)","p(y=2|x,u=1,z,D)","p(y=0|x,u=2,z,D)","p(y=1|x,u=2,z,D)","p(y=2|x,u=2,z,D)","p(y=0|x,z,D)","p(y=1|x,z,D)","p(y=2|x,z,D)","H[p(u|z,D)]","Var[p(u|z,D)]","H[p(y|x,u=0,z,D)]","H[p(y|x,u=1,z,D)]","H[p(y|x,u=2,z,D)]","Var[p(y|x,u=0,z,D)]","Var[p(y|x,u=1,z,D)]","Var[p(y|x,u=2,z,D)]","H[p(y|x,D)]","Var[p(y|x,D)]",Va,Ve,Va_variance,Ve_variance,kl_pyx_pyxz,kl_pyxz_pyx,api_calls
1.6,2.4,x1 = 1.6; x2 = 2.4,1.6,2.4,x1 = 1.6; x2 = 2.4,0.31642580502464257,0.31336300228094516,0.3702111926944124,0.3168381208702714,0.3128861421956726,0.3702757369340558,0.6821307473900983,0.15803311661835234,0.15983613599154944,0.16028802392459043,0.6148576477527017,0.22485432832270794,0.14923733128790678,0.14729654651809007,0.7034661221940033,0.3215358884575468,0.29699169041930706,0.38147242112314605,1.58059,0.68426,1.21991,1.33889,1.17354,0.56918,0.38097,0.54553,1.58061,0.68374,1.23997,0.34064000000000005,0.50153,0.18220999999999998,0.0006518564059367297,0.0006459045519672732,67250
