z_x1,z_x2,z_note,x_x1,x_x2,x_note,"p(y=0|x,D)","p(y=1|x,D)","p(y=2|x,D)","p(u=0|z,D)","p(u=1|z,D)","p(u=2|z,D)","p(y=0|x,u=0,z,D)","p(y=1|x,u=0,z,D)","p(y=2|x,u=0,z,D)","p(y=0|x,u=1,z,D)","p(y=1|x,u=1,z,D)","p(y=2|x,u=1,z,D)","p(y=0|x,u=2,z,D)","p(y=1|x,u=2,z,D)","p(y=2|x,u=2,z,D)","p(y=0|x,z,D)","p(y=1|x,z,D)","p(y=2|x,z,D)","H[p(u|z,D)]","Var[p(u|z,D)]","H[p(y|x,u=0,z,D)]","H[p(y|x,u=1,z,D)]","H[p(y|x,u=2,z,D)]","Var[p(y|x,u=0,z,D)]","Var[p(y|x,u=1,z,D)]","Var[p(y|x,u=2,z,D)]","H[p(y|x,D)]","Var[p(y|x,D)]",Va,Ve,Va_variance,Ve_variance,kl_pyx_pyxz,kl_pyxz_pyx,api_calls
-1.8,-1.9,x1 = -1.8; x2 = -1.9,-1.8,-1.9,x1 = -1.8; x2 = -1.9,0.22700315831145623,0.31205070972934895,0.4609461319591947,0.2298358497389045,0.3088286473102248,0.4613355029508708,0.6571375853880934,0.15286078868360792,0.19000162592829883,0.15690526452465617,0.6197737103503858,0.22332102512495813,0.1295430321892559,0.14851026267676742,0.7219467051339767,0.25925341584085815,0.29504982259015733,0.44569676156898475,1.52596,0.63758,1.26749,1.33002,1.1299,0.62892,0.37582,0.50055,1.52493,0.63322,1.22333,0.30159999999999987,0.49153,0.14168999999999998,0.00283328723378826,0.002916344188823425,9100
