z_x1,z_x2,z_note,x_x1,x_x2,x_note,"p(y=0|x,D)","p(y=1|x,D)","p(y=2|x,D)","p(u=0|z,D)","p(u=1|z,D)","p(u=2|z,D)","p(y=0|x,u=0,z,D)","p(y=1|x,u=0,z,D)","p(y=2|x,u=0,z,D)","p(y=0|x,u=1,z,D)","p(y=1|x,u=1,z,D)","p(y=2|x,u=1,z,D)","p(y=0|x,u=2,z,D)","p(y=1|x,u=2,z,D)","p(y=2|x,u=2,z,D)","p(y=0|x,z,D)","p(y=1|x,z,D)","p(y=2|x,z,D)","H[p(u|z,D)]","Var[p(u|z,D)]","H[p(y|x,u=0,z,D)]","H[p(y|x,u=1,z,D)]","H[p(y|x,u=2,z,D)]","Var[p(y|x,u=0,z,D)]","Var[p(y|x,u=1,z,D)]","Var[p(y|x,u=2,z,D)]","H[p(y|x,D)]","Var[p(y|x,D)]",Va,Ve,Va_variance,Ve_variance,kl_pyx_pyxz,kl_pyxz_pyx,api_calls
-3.4,-0.6,x1 = -3.4; x2 = -0.6,-3.4,-0.6,x1 = -3.4; x2 = -0.6,0.3528186029856645,0.12283368183920751,0.5243477151751279,0.3528186029856645,0.12283368183920751,0.5243477151751279,0.8054597539716758,0.05651836890448621,0.13802187712383798,0.15035691781543148,0.6379648799017553,0.21167820228281325,0.09576261601204906,0.07476383393710576,0.8294735500508452,0.35286298786783926,0.13750655254500377,0.5096304595871568,1.39027,0.84774,0.88001,1.29887,0.82756,0.49801,0.35827,0.3869,1.39027,0.84774,0.90396,0.4863099999999999,0.42258,0.42516000000000004,0.0010227707024396682,0.0010519142031399174,25750
