z_x1,z_x2,z_note,x_x1,x_x2,x_note,"p(y=0|x,D)","p(y=1|x,D)","p(y=2|x,D)","p(u=0|z,D)","p(u=1|z,D)","p(u=2|z,D)","p(y=0|x,u=0,z,D)","p(y=1|x,u=0,z,D)","p(y=2|x,u=0,z,D)","p(y=0|x,u=1,z,D)","p(y=1|x,u=1,z,D)","p(y=2|x,u=1,z,D)","p(y=0|x,u=2,z,D)","p(y=1|x,u=2,z,D)","p(y=2|x,u=2,z,D)","p(y=0|x,z,D)","p(y=1|x,z,D)","p(y=2|x,z,D)","H[p(u|z,D)]","Var[p(u|z,D)]","H[p(y|x,u=0,z,D)]","H[p(y|x,u=1,z,D)]","H[p(y|x,u=2,z,D)]","Var[p(y|x,u=0,z,D)]","Var[p(y|x,u=1,z,D)]","Var[p(y|x,u=2,z,D)]","H[p(y|x,D)]","Var[p(y|x,D)]",Va,Ve,Va_variance,Ve_variance,kl_pyx_pyxz,kl_pyxz_pyx,api_calls
-3.1,-1.8,x1 = -3.1; x2 = -1.8,-3.1,-1.8,x1 = -3.1; x2 = -1.8,0.29805473529609494,0.1269490350739771,0.5749962296299279,0.29309387469973897,0.1269588934346226,0.5799472318656383,0.7664878537500199,0.06373435669989794,0.1697777895500821,0.1474235084984333,0.624383418602353,0.22819307289921364,0.09551206200173838,0.07560377939270295,0.8288841586055586,0.2987615764387784,0.14179738003872833,0.5594410435224932,1.35281,0.79076,0.98155,1.31788,0.82969,0.5802,0.36909,0.38656,1.35758,0.79635,0.93618,0.4214,0.4411,0.35525,0.0010211916226117654,0.0010495152347531136,37150
