z_x1,z_x2,z_note,x_x1,x_x2,x_note,"p(y=0|x,D)","p(y=1|x,D)","p(y=2|x,D)","p(u=0|z,D)","p(u=1|z,D)","p(u=2|z,D)","p(y=0|x,u=0,z,D)","p(y=1|x,u=0,z,D)","p(y=2|x,u=0,z,D)","p(y=0|x,u=1,z,D)","p(y=1|x,u=1,z,D)","p(y=2|x,u=1,z,D)","p(y=0|x,u=2,z,D)","p(y=1|x,u=2,z,D)","p(y=2|x,u=2,z,D)","p(y=0|x,z,D)","p(y=1|x,z,D)","p(y=2|x,z,D)","H[p(u|z,D)]","Var[p(u|z,D)]","H[p(y|x,u=0,z,D)]","H[p(y|x,u=1,z,D)]","H[p(y|x,u=2,z,D)]","Var[p(y|x,u=0,z,D)]","Var[p(y|x,u=1,z,D)]","Var[p(y|x,u=2,z,D)]","H[p(y|x,D)]","Var[p(y|x,D)]",Va,Ve,Va_variance,Ve_variance,kl_pyx_pyxz,kl_pyxz_pyx,api_calls
-1.0,-2.9,x1 = -1.0; x2 = -2.9,-1.0,-2.9,x1 = -1.0; x2 = -2.9,0.22533068670317508,0.38689406798168063,0.3877752453151443,0.22533068670317508,0.38689406798168063,0.3877752453151443,0.7793892511803399,0.11377062999979888,0.10684011881986133,0.15097478909786552,0.6748052661643109,0.17421994473782362,0.11408405247374069,0.15748963101083716,0.7284263165154221,0.27827053692883946,0.34778474900609746,0.3739447140650631,1.54445,0.58672,0.98173,1.23394,1.11026,0.43391,0.32465,0.46509,1.54445,0.58672,1.12915,0.4153,0.40373,0.18299000000000004,0.007763056285869818,0.008078628761595562,40600
