z_x1,z_x2,z_note,x_x1,x_x2,x_note,"p(y=0|x,D)","p(y=1|x,D)","p(y=2|x,D)","p(u=0|z,D)","p(u=1|z,D)","p(u=2|z,D)","p(y=0|x,u=0,z,D)","p(y=1|x,u=0,z,D)","p(y=2|x,u=0,z,D)","p(y=0|x,u=1,z,D)","p(y=1|x,u=1,z,D)","p(y=2|x,u=1,z,D)","p(y=0|x,u=2,z,D)","p(y=1|x,u=2,z,D)","p(y=2|x,u=2,z,D)","p(y=0|x,z,D)","p(y=1|x,z,D)","p(y=2|x,z,D)","H[p(u|z,D)]","Var[p(u|z,D)]","H[p(y|x,u=0,z,D)]","H[p(y|x,u=1,z,D)]","H[p(y|x,u=2,z,D)]","Var[p(y|x,u=0,z,D)]","Var[p(y|x,u=1,z,D)]","Var[p(y|x,u=2,z,D)]","H[p(y|x,D)]","Var[p(y|x,D)]",Va,Ve,Va_variance,Ve_variance,kl_pyx_pyxz,kl_pyxz_pyx,api_calls
-4.0,-3.1,x1 = -4.0; x2 = -3.1,-4.0,-3.1,x1 = -4.0; x2 = -3.1,0.31720961278516435,0.19812040154002927,0.4846699856748063,0.31720961278516435,0.19812040154002927,0.4846699856748063,0.852555982922698,0.056248213314728256,0.09119580376257369,0.11770394659755586,0.7030481546820099,0.17924789872043423,0.06571427884094569,0.06509825326773945,0.8691874678913148,0.3256082449678095,0.18868182615172885,0.4857099288804615,1.49462,0.77384,0.74482,1.16522,0.69047,0.36408,0.29316,0.28933,1.49462,0.77384,0.80177,0.6928500000000001,0.3138,0.46003999999999995,0.0003426090229294307,0.0003398176486869395,500
