z_x1,z_x2,z_note,x_x1,x_x2,x_note,"p(y=0|x,D)","p(y=1|x,D)","p(y=2|x,D)","p(u=0|z,D)","p(u=1|z,D)","p(u=2|z,D)","p(y=0|x,u=0,z,D)","p(y=1|x,u=0,z,D)","p(y=2|x,u=0,z,D)","p(y=0|x,u=1,z,D)","p(y=1|x,u=1,z,D)","p(y=2|x,u=1,z,D)","p(y=0|x,u=2,z,D)","p(y=1|x,u=2,z,D)","p(y=2|x,u=2,z,D)","p(y=0|x,z,D)","p(y=1|x,z,D)","p(y=2|x,z,D)","H[p(u|z,D)]","Var[p(u|z,D)]","H[p(y|x,u=0,z,D)]","H[p(y|x,u=1,z,D)]","H[p(y|x,u=2,z,D)]","Var[p(y|x,u=0,z,D)]","Var[p(y|x,u=1,z,D)]","Var[p(y|x,u=2,z,D)]","H[p(y|x,D)]","Var[p(y|x,D)]",Va,Ve,Va_variance,Ve_variance,kl_pyx_pyxz,kl_pyxz_pyx,api_calls
4.0,-2.7,x1 = 4.0; x2 = -2.7,4.0,-2.7,x1 = 4.0; x2 = -2.7,0.8219327912391993,0.08912954516405733,0.0889376635967435,0.8193086679038023,0.08978960515960166,0.090901726936596,0.9213371853986938,0.03984141856977446,0.03882139603153172,0.18884405418018008,0.6828554189159173,0.12830052690390278,0.13615806011236725,0.10113897436677313,0.7627029655208596,0.7841927779213701,0.10314944545189011,0.11265777662673968,0.86227,0.37963,0.4761,1.21001,1.02407,0.18132,0.31348,0.5063,0.8539,0.37359,0.59181,0.26209000000000005,0.22273,0.15085999999999997,0.004586614628448945,0.004843331502679453,80700
