z_x1,z_x2,z_note,x_x1,x_x2,x_note,"p(y=0|x,D)","p(y=1|x,D)","p(y=2|x,D)","p(u=0|z,D)","p(u=1|z,D)","p(u=2|z,D)","p(y=0|x,u=0,z,D)","p(y=1|x,u=0,z,D)","p(y=2|x,u=0,z,D)","p(y=0|x,u=1,z,D)","p(y=1|x,u=1,z,D)","p(y=2|x,u=1,z,D)","p(y=0|x,u=2,z,D)","p(y=1|x,u=2,z,D)","p(y=2|x,u=2,z,D)","p(y=0|x,z,D)","p(y=1|x,z,D)","p(y=2|x,z,D)","H[p(u|z,D)]","Var[p(u|z,D)]","H[p(y|x,u=0,z,D)]","H[p(y|x,u=1,z,D)]","H[p(y|x,u=2,z,D)]","Var[p(y|x,u=0,z,D)]","Var[p(y|x,u=1,z,D)]","Var[p(y|x,u=2,z,D)]","H[p(y|x,D)]","Var[p(y|x,D)]",Va,Ve,Va_variance,Ve_variance,kl_pyx_pyxz,kl_pyxz_pyx,api_calls
-0.6,-3.4,x1 = -0.6; x2 = -3.4,-0.6,-3.4,x1 = -0.6; x2 = -3.4,0.2672681626785916,0.3435812667572605,0.389150570564148,0.2602355316598744,0.3421167154789082,0.3976477528612173,0.7811268305451873,0.10054430504795953,0.11832886440685324,0.13427068516634758,0.6824437543699768,0.18328556046367545,0.09300951538824595,0.1113219937617432,0.7956684908500109,0.28619822662377964,0.3039075570870673,0.409894216289153,1.56386,0.639,0.97593,1.21378,0.93365,0.46015,0.31515,0.39495,1.5682,0.64156,1.04049,0.5277100000000001,0.38462,0.25694,0.0036580480370376305,0.003582620509393033,56350
