z_x1,z_x2,z_note,x_x1,x_x2,x_note,"p(y=0|x,D)","p(y=1|x,D)","p(y=2|x,D)","p(u=0|z,D)","p(u=1|z,D)","p(u=2|z,D)","p(y=0|x,u=0,z,D)","p(y=1|x,u=0,z,D)","p(y=2|x,u=0,z,D)","p(y=0|x,u=1,z,D)","p(y=1|x,u=1,z,D)","p(y=2|x,u=1,z,D)","p(y=0|x,u=2,z,D)","p(y=1|x,u=2,z,D)","p(y=2|x,u=2,z,D)","p(y=0|x,z,D)","p(y=1|x,z,D)","p(y=2|x,z,D)","H[p(u|z,D)]","Var[p(u|z,D)]","H[p(y|x,u=0,z,D)]","H[p(y|x,u=1,z,D)]","H[p(y|x,u=2,z,D)]","Var[p(y|x,u=0,z,D)]","Var[p(y|x,u=1,z,D)]","Var[p(y|x,u=2,z,D)]","H[p(y|x,D)]","Var[p(y|x,D)]",Va,Ve,Va_variance,Ve_variance,kl_pyx_pyxz,kl_pyxz_pyx,api_calls
-1.7,-3.0,x1 = -1.7; x2 = -3.0,-1.7,-3.0,x1 = -1.7; x2 = -3.0,0.20868566842707867,0.24910965013941838,0.542204681433503,0.20868566842707867,0.24910965013941838,0.542204681433503,0.7287010595265506,0.09669464127706998,0.17460429919637938,0.13351785289501691,0.6380375470659835,0.22844460003899955,0.0888382810474205,0.09971689094614736,0.8114448280064321,0.2334985851872793,0.23318706106263698,0.5333143537500837,1.45007,0.63966,1.09825,1.28809,0.88654,0.59628,0.35295,0.37812,1.45007,0.63966,1.03075,0.4193199999999999,0.41738,0.22228000000000003,0.0019730755843676232,0.002013279734344493,12550
