z_x1,z_x2,z_note,x_x1,x_x2,x_note,"p(y=0|x,D)","p(y=1|x,D)","p(y=2|x,D)","p(u=0|z,D)","p(u=1|z,D)","p(u=2|z,D)","p(y=0|x,u=0,z,D)","p(y=1|x,u=0,z,D)","p(y=2|x,u=0,z,D)","p(y=0|x,u=1,z,D)","p(y=1|x,u=1,z,D)","p(y=2|x,u=1,z,D)","p(y=0|x,u=2,z,D)","p(y=1|x,u=2,z,D)","p(y=2|x,u=2,z,D)","p(y=0|x,z,D)","p(y=1|x,z,D)","p(y=2|x,z,D)","H[p(u|z,D)]","Var[p(u|z,D)]","H[p(y|x,u=0,z,D)]","H[p(y|x,u=1,z,D)]","H[p(y|x,u=2,z,D)]","Var[p(y|x,u=0,z,D)]","Var[p(y|x,u=1,z,D)]","Var[p(y|x,u=2,z,D)]","H[p(y|x,D)]","Var[p(y|x,D)]",Va,Ve,Va_variance,Ve_variance,kl_pyx_pyxz,kl_pyxz_pyx,api_calls
-3.6,1.4,x1 = -3.6; x2 = 1.4,-3.6,1.4,x1 = -3.6; x2 = 1.4,0.2915151350881272,0.16419118429822657,0.5442936806136462,0.2994453082135841,0.16329722765781984,0.5372574641285961,0.774586111390004,0.06816173536222254,0.15725215324777353,0.1152742397226251,0.6718787105825271,0.21284704969484766,0.08179755206634994,0.07197219313964437,0.8462302547940057,0.2947164860253029,0.16879424058832973,0.5364892733863674,1.42941,0.78015,0.96924,1.21987,0.77251,0.55074,0.3186,0.34367,1.42403,0.77191,0.90447,0.5195599999999999,0.40158,0.37033,0.0001372850027161164,0.00013766381168029817,18750
