z_x1,z_x2,z_note,x_x1,x_x2,x_note,"p(y=0|x,D)","p(y=1|x,D)","p(y=2|x,D)","p(u=0|z,D)","p(u=1|z,D)","p(u=2|z,D)","p(y=0|x,u=0,z,D)","p(y=1|x,u=0,z,D)","p(y=2|x,u=0,z,D)","p(y=0|x,u=1,z,D)","p(y=1|x,u=1,z,D)","p(y=2|x,u=1,z,D)","p(y=0|x,u=2,z,D)","p(y=1|x,u=2,z,D)","p(y=2|x,u=2,z,D)","p(y=0|x,z,D)","p(y=1|x,z,D)","p(y=2|x,z,D)","H[p(u|z,D)]","Var[p(u|z,D)]","H[p(y|x,u=0,z,D)]","H[p(y|x,u=1,z,D)]","H[p(y|x,u=2,z,D)]","Var[p(y|x,u=0,z,D)]","Var[p(y|x,u=1,z,D)]","Var[p(y|x,u=2,z,D)]","H[p(y|x,D)]","Var[p(y|x,D)]",Va,Ve,Va_variance,Ve_variance,kl_pyx_pyxz,kl_pyxz_pyx,api_calls
1.8,-1.5,x1 = 1.8; x2 = -1.5,1.8,-1.5,x1 = 1.8; x2 = -1.5,0.3755322656233182,0.29865859408516704,0.32580914029151475,0.3758658536838317,0.2979737208167083,0.3261604254994599,0.6745172339774242,0.16661400979435817,0.15886875622821753,0.1800570745712335,0.6001087006255903,0.21983422480317621,0.1621318488285103,0.2043205076491716,0.633547643522318,0.36006126524366433,0.3080824031600494,0.331856331596286,1.57829,0.69956,1.23559,1.36792,1.31085,0.56749,0.39831,0.57345,1.57844,0.69887,1.29957,0.2788700000000002,0.51902,0.17984999999999995,0.0005287734961174524,0.00052606661291259,73300
