z_x1,z_x2,z_note,x_x1,x_x2,x_note,"p(y=0|x,D)","p(y=1|x,D)","p(y=2|x,D)","p(u=0|z,D)","p(u=1|z,D)","p(u=2|z,D)","p(y=0|x,u=0,z,D)","p(y=1|x,u=0,z,D)","p(y=2|x,u=0,z,D)","p(y=0|x,u=1,z,D)","p(y=1|x,u=1,z,D)","p(y=2|x,u=1,z,D)","p(y=0|x,u=2,z,D)","p(y=1|x,u=2,z,D)","p(y=2|x,u=2,z,D)","p(y=0|x,z,D)","p(y=1|x,z,D)","p(y=2|x,z,D)","H[p(u|z,D)]","Var[p(u|z,D)]","H[p(y|x,u=0,z,D)]","H[p(y|x,u=1,z,D)]","H[p(y|x,u=2,z,D)]","Var[p(y|x,u=0,z,D)]","Var[p(y|x,u=1,z,D)]","Var[p(y|x,u=2,z,D)]","H[p(y|x,D)]","Var[p(y|x,D)]",Va,Ve,Va_variance,Ve_variance,kl_pyx_pyxz,kl_pyxz_pyx,api_calls
0.5,0.3,x1 = 0.5; x2 = 0.3,0.5,0.3,x1 = 0.5; x2 = 0.3,0.16043685223337917,0.26118333466026733,0.5783798131063536,0.16155521508915632,0.26302720328894813,0.5754175816218956,0.636057562253881,0.14885646252138202,0.2150859752247371,0.11578323119654284,0.5952111572592519,0.28900561154420534,0.09177876644518648,0.10886759065088465,0.799353642903929,0.18602367160052452,0.24324958960966667,0.570726738789809,1.39044,0.56569,1.30111,1.32324,0.92281,0.67393,0.37478,0.39047,1.38629,0.56414,1.08925,0.29703999999999997,0.43214,0.13199999999999995,0.0025429147009317244,0.0026209066213591934,22200
