z_x1,z_x2,z_note,x_x1,x_x2,x_note,"p(y=0|x,D)","p(y=1|x,D)","p(y=2|x,D)","p(u=0|z,D)","p(u=1|z,D)","p(u=2|z,D)","p(y=0|x,u=0,z,D)","p(y=1|x,u=0,z,D)","p(y=2|x,u=0,z,D)","p(y=0|x,u=1,z,D)","p(y=1|x,u=1,z,D)","p(y=2|x,u=1,z,D)","p(y=0|x,u=2,z,D)","p(y=1|x,u=2,z,D)","p(y=2|x,u=2,z,D)","p(y=0|x,z,D)","p(y=1|x,z,D)","p(y=2|x,z,D)","H[p(u|z,D)]","Var[p(u|z,D)]","H[p(y|x,u=0,z,D)]","H[p(y|x,u=1,z,D)]","H[p(y|x,u=2,z,D)]","Var[p(y|x,u=0,z,D)]","Var[p(y|x,u=1,z,D)]","Var[p(y|x,u=2,z,D)]","H[p(y|x,D)]","Var[p(y|x,D)]",Va,Ve,Va_variance,Ve_variance,kl_pyx_pyxz,kl_pyxz_pyx,api_calls
0.4,0.6,x1 = 0.4; x2 = 0.6,0.4,0.6,x1 = 0.4; x2 = 0.6,0.2010218173053456,0.24166242381530328,0.557315758879351,0.19995199055133836,0.24203455473908328,0.5580134547095783,0.6544329449814674,0.14848169091855812,0.19708536409997449,0.13422806850365984,0.5862916781131469,0.27948025338319327,0.11725023633098501,0.12364411177029759,0.7591056518987174,0.22877021026575683,0.2405871328823807,0.5306426568518624,1.42936,0.62976,1.27067,1.35453,1.0373,0.64235,0.39261,0.46438,1.43049,0.63139,1.16074,0.26974999999999993,0.48259,0.1488,0.0024171580078658633,0.0024837648911223906,18350
