z_x1,z_x2,z_note,x_x1,x_x2,x_note,"p(y=0|x,D)","p(y=1|x,D)","p(y=2|x,D)","p(u=0|z,D)","p(u=1|z,D)","p(u=2|z,D)","p(y=0|x,u=0,z,D)","p(y=1|x,u=0,z,D)","p(y=2|x,u=0,z,D)","p(y=0|x,u=1,z,D)","p(y=1|x,u=1,z,D)","p(y=2|x,u=1,z,D)","p(y=0|x,u=2,z,D)","p(y=1|x,u=2,z,D)","p(y=2|x,u=2,z,D)","p(y=0|x,z,D)","p(y=1|x,z,D)","p(y=2|x,z,D)","H[p(u|z,D)]","Var[p(u|z,D)]","H[p(y|x,u=0,z,D)]","H[p(y|x,u=1,z,D)]","H[p(y|x,u=2,z,D)]","Var[p(y|x,u=0,z,D)]","Var[p(y|x,u=1,z,D)]","Var[p(y|x,u=2,z,D)]","H[p(y|x,D)]","Var[p(y|x,D)]",Va,Ve,Va_variance,Ve_variance,kl_pyx_pyxz,kl_pyxz_pyx,api_calls
-3.5,-0.9,x1 = -3.5; x2 = -0.9,-3.5,-0.9,x1 = -3.5; x2 = -0.9,0.36505149360545164,0.13337978222886152,0.5015687241656869,0.36439475903385954,0.13408391060890937,0.501521330357231,0.8183505262935864,0.057555613495416005,0.12409386021099766,0.15173875411678622,0.6566775297682705,0.19158371611494318,0.09951401739905899,0.07476735449308403,0.8257186281078569,0.3684567707720547,0.14652027820369845,0.48502295102424675,1.41872,0.84711,0.84732,1.26794,0.83914,0.46045,0.34173,0.39786,1.41768,0.84798,0.89962,0.5180600000000001,0.41314,0.43483999999999995,0.0009025403473994359,0.0009188199782790944,21600
