z_x1,z_x2,z_note,x_x1,x_x2,x_note,"p(y=0|x,D)","p(y=1|x,D)","p(y=2|x,D)","p(u=0|z,D)","p(u=1|z,D)","p(u=2|z,D)","p(y=0|x,u=0,z,D)","p(y=1|x,u=0,z,D)","p(y=2|x,u=0,z,D)","p(y=0|x,u=1,z,D)","p(y=1|x,u=1,z,D)","p(y=2|x,u=1,z,D)","p(y=0|x,u=2,z,D)","p(y=1|x,u=2,z,D)","p(y=2|x,u=2,z,D)","p(y=0|x,z,D)","p(y=1|x,z,D)","p(y=2|x,z,D)","H[p(u|z,D)]","Var[p(u|z,D)]","H[p(y|x,u=0,z,D)]","H[p(y|x,u=1,z,D)]","H[p(y|x,u=2,z,D)]","Var[p(y|x,u=0,z,D)]","Var[p(y|x,u=1,z,D)]","Var[p(y|x,u=2,z,D)]","H[p(y|x,D)]","Var[p(y|x,D)]",Va,Ve,Va_variance,Ve_variance,kl_pyx_pyxz,kl_pyxz_pyx,api_calls
-3.3,1.0,x1 = -3.3; x2 = 1.0,-3.3,1.0,x1 = -3.3; x2 = 1.0,0.2868537601717882,0.15812228496866293,0.5550239548595488,0.2897581443882945,0.15666400243921033,0.5535778531724951,0.7546992630755276,0.07169690442096407,0.17360383250350836,0.12379197382506539,0.6444258275351272,0.23178219863980742,0.08628360666373179,0.07647319220676249,0.8372432011295057,0.28583869787015154,0.16406695696732393,0.5500943451625244,1.40906,0.77374,1.01756,1.27049,0.80319,0.59063,0.34391,0.35959,1.40897,0.76996,0.93851,0.4704600000000001,0.42408,0.34587999999999997,0.00013284468536376316,0.000134126623147943,30550
