z_x1,z_x2,z_note,x_x1,x_x2,x_note,"p(y=0|x,D)","p(y=1|x,D)","p(y=2|x,D)","p(u=0|z,D)","p(u=1|z,D)","p(u=2|z,D)","p(y=0|x,u=0,z,D)","p(y=1|x,u=0,z,D)","p(y=2|x,u=0,z,D)","p(y=0|x,u=1,z,D)","p(y=1|x,u=1,z,D)","p(y=2|x,u=1,z,D)","p(y=0|x,u=2,z,D)","p(y=1|x,u=2,z,D)","p(y=2|x,u=2,z,D)","p(y=0|x,z,D)","p(y=1|x,z,D)","p(y=2|x,z,D)","H[p(u|z,D)]","Var[p(u|z,D)]","H[p(y|x,u=0,z,D)]","H[p(y|x,u=1,z,D)]","H[p(y|x,u=2,z,D)]","Var[p(y|x,u=0,z,D)]","Var[p(y|x,u=1,z,D)]","Var[p(y|x,u=2,z,D)]","H[p(y|x,D)]","Var[p(y|x,D)]",Va,Ve,Va_variance,Ve_variance,kl_pyx_pyxz,kl_pyxz_pyx,api_calls
-2.4,-3.9,x1 = -2.4; x2 = -3.9,-2.4,-3.9,x1 = -2.4; x2 = -3.9,0.211695767294153,0.20185783306291133,0.5864463996429359,0.2097311856152091,0.2020631475088968,0.5882056668758942,0.7502474773185115,0.06681322429502315,0.18293929838646558,0.11921611649653321,0.6306684295520274,0.2501154539514394,0.07242776266191067,0.06562269934239182,0.8619495379956976,0.22404189709278607,0.1800473082848336,0.5959107946223805,1.38912,0.65469,1.02015,1.28528,0.71692,0.61135,0.3522,0.31103,1.39171,0.6577,0.89536,0.49634999999999996,0.38234,0.27535999999999994,0.001692870525424734,0.0016523689327480572,64100
