z_x1,z_x2,z_note,x_x1,x_x2,x_note,"p(y=0|x,D)","p(y=1|x,D)","p(y=2|x,D)","p(u=0|z,D)","p(u=1|z,D)","p(u=2|z,D)","p(y=0|x,u=0,z,D)","p(y=1|x,u=0,z,D)","p(y=2|x,u=0,z,D)","p(y=0|x,u=1,z,D)","p(y=1|x,u=1,z,D)","p(y=2|x,u=1,z,D)","p(y=0|x,u=2,z,D)","p(y=1|x,u=2,z,D)","p(y=2|x,u=2,z,D)","p(y=0|x,z,D)","p(y=1|x,z,D)","p(y=2|x,z,D)","H[p(u|z,D)]","Var[p(u|z,D)]","H[p(y|x,u=0,z,D)]","H[p(y|x,u=1,z,D)]","H[p(y|x,u=2,z,D)]","Var[p(y|x,u=0,z,D)]","Var[p(y|x,u=1,z,D)]","Var[p(y|x,u=2,z,D)]","H[p(y|x,D)]","Var[p(y|x,D)]",Va,Ve,Va_variance,Ve_variance,kl_pyx_pyxz,kl_pyxz_pyx,api_calls
0.0,-2.1,x1 = 0.0; x2 = -2.1,0.0,-2.1,x1 = 0.0; x2 = -2.1,0.3600353057060684,0.40995673120824305,0.23000796308568855,0.36656142836411126,0.40760598591611086,0.22583258571977788,0.8075953248858208,0.1193372014607127,0.0730674736534666,0.16270484451865155,0.6888021895775284,0.14849296590382005,0.11616320092916066,0.17416417649975385,0.7096726225710855,0.3885862004249959,0.3638362569270341,0.24757754264797005,1.54327,0.57259,0.89077,1.20528,1.15106,0.34113,0.311,0.47358,1.54568,0.57314,1.07775,0.46792999999999996,0.35876,0.21437999999999996,0.004521179345109195,0.004455290530211292,1000
