z_x1,z_x2,z_note,x_x1,x_x2,x_note,"p(y=0|x,D)","p(y=1|x,D)","p(y=2|x,D)","p(u=0|z,D)","p(u=1|z,D)","p(u=2|z,D)","p(y=0|x,u=0,z,D)","p(y=1|x,u=0,z,D)","p(y=2|x,u=0,z,D)","p(y=0|x,u=1,z,D)","p(y=1|x,u=1,z,D)","p(y=2|x,u=1,z,D)","p(y=0|x,u=2,z,D)","p(y=1|x,u=2,z,D)","p(y=2|x,u=2,z,D)","p(y=0|x,z,D)","p(y=1|x,z,D)","p(y=2|x,z,D)","H[p(u|z,D)]","Var[p(u|z,D)]","H[p(y|x,u=0,z,D)]","H[p(y|x,u=1,z,D)]","H[p(y|x,u=2,z,D)]","Var[p(y|x,u=0,z,D)]","Var[p(y|x,u=1,z,D)]","Var[p(y|x,u=2,z,D)]","H[p(y|x,D)]","Var[p(y|x,D)]",Va,Ve,Va_variance,Ve_variance,kl_pyx_pyxz,kl_pyxz_pyx,api_calls
2.9,2.2,x1 = 2.9; x2 = 2.2,2.9,2.2,x1 = 2.9; x2 = 2.2,0.3384063178430109,0.396978122968794,0.26461555918819507,0.32937664800681,0.4004581157858892,0.27016523620730076,0.7932025096852302,0.12610135086029722,0.08069613945447253,0.14044179884252486,0.6961803295947103,0.16337787156276484,0.12797280311180667,0.16748361156271302,0.7045435853254803,0.3520772445535804,0.3655741527708845,0.282348602675535,1.56653,0.59604,0.93486,1.18848,1.1673,0.36623,0.30329,0.50008,1.56565,0.59758,1.09922,0.4664299999999999,0.37719,0.22038999999999997,0.0021496294925857466,0.0021300932140629093,39150
