z_x1,z_x2,z_note,x_x1,x_x2,x_note,"p(y=0|x,D)","p(y=1|x,D)","p(y=2|x,D)","p(u=0|z,D)","p(u=1|z,D)","p(u=2|z,D)","p(y=0|x,u=0,z,D)","p(y=1|x,u=0,z,D)","p(y=2|x,u=0,z,D)","p(y=0|x,u=1,z,D)","p(y=1|x,u=1,z,D)","p(y=2|x,u=1,z,D)","p(y=0|x,u=2,z,D)","p(y=1|x,u=2,z,D)","p(y=2|x,u=2,z,D)","p(y=0|x,z,D)","p(y=1|x,z,D)","p(y=2|x,z,D)","H[p(u|z,D)]","Var[p(u|z,D)]","H[p(y|x,u=0,z,D)]","H[p(y|x,u=1,z,D)]","H[p(y|x,u=2,z,D)]","Var[p(y|x,u=0,z,D)]","Var[p(y|x,u=1,z,D)]","Var[p(y|x,u=2,z,D)]","H[p(y|x,D)]","Var[p(y|x,D)]",Va,Ve,Va_variance,Ve_variance,kl_pyx_pyxz,kl_pyxz_pyx,api_calls
-3.9,-4.0,x1 = -3.9; x2 = -4.0,-3.9,-4.0,x1 = -3.9; x2 = -4.0,0.23792111810410796,0.20158667619883536,0.5604922056970566,0.23668052600680495,0.19976007845727126,0.5635593955359237,0.8207024958749006,0.0652194174060403,0.11407808671905909,0.12062498754923608,0.6557412767013872,0.2236337357493768,0.0665558898102725,0.07345588122459926,0.8599882289651282,0.25584855242634463,0.18782384692055307,0.5563276006531022,1.4225,0.69339,0.84811,1.25052,0.72404,0.43546,0.33365,0.29701,1.42675,0.69436,0.85857,0.5681799999999999,0.3371,0.35725999999999997,0.0011512014001849001,0.0011554606786573184,4050
