z_x1,z_x2,z_note,x_x1,x_x2,x_note,"p(y=0|x,D)","p(y=1|x,D)","p(y=2|x,D)","p(u=0|z,D)","p(u=1|z,D)","p(u=2|z,D)","p(y=0|x,u=0,z,D)","p(y=1|x,u=0,z,D)","p(y=2|x,u=0,z,D)","p(y=0|x,u=1,z,D)","p(y=1|x,u=1,z,D)","p(y=2|x,u=1,z,D)","p(y=0|x,u=2,z,D)","p(y=1|x,u=2,z,D)","p(y=2|x,u=2,z,D)","p(y=0|x,z,D)","p(y=1|x,z,D)","p(y=2|x,z,D)","H[p(u|z,D)]","Var[p(u|z,D)]","H[p(y|x,u=0,z,D)]","H[p(y|x,u=1,z,D)]","H[p(y|x,u=2,z,D)]","Var[p(y|x,u=0,z,D)]","Var[p(y|x,u=1,z,D)]","Var[p(y|x,u=2,z,D)]","H[p(y|x,D)]","Var[p(y|x,D)]",Va,Ve,Va_variance,Ve_variance,kl_pyx_pyxz,kl_pyxz_pyx,api_calls
-3.8,-1.9,x1 = -3.8; x2 = -1.9,-3.8,-1.9,x1 = -3.8; x2 = -1.9,0.3140516663239088,0.14121223288721282,0.5447361007888784,0.3140516663239088,0.14121223288721282,0.5447361007888784,0.8058567081900281,0.06201983536545724,0.13212345644451473,0.1443588316511295,0.658292212216518,0.19734895613235243,0.09977832310319121,0.07778725748024373,0.8224344194165651,0.32781872965030867,0.1548098731518623,0.5173713971978291,1.40094,0.80557,0.88552,1.2622,0.85032,0.48406,0.3389,0.39998,1.40094,0.80557,0.91954,0.48140000000000005,0.41776,0.38781,0.0016199322753244379,0.0016311922485452608,9100
