z_x1,z_x2,z_note,x_x1,x_x2,x_note,"p(y=0|x,D)","p(y=1|x,D)","p(y=2|x,D)","p(u=0|z,D)","p(u=1|z,D)","p(u=2|z,D)","p(y=0|x,u=0,z,D)","p(y=1|x,u=0,z,D)","p(y=2|x,u=0,z,D)","p(y=0|x,u=1,z,D)","p(y=1|x,u=1,z,D)","p(y=2|x,u=1,z,D)","p(y=0|x,u=2,z,D)","p(y=1|x,u=2,z,D)","p(y=2|x,u=2,z,D)","p(y=0|x,z,D)","p(y=1|x,z,D)","p(y=2|x,z,D)","H[p(u|z,D)]","Var[p(u|z,D)]","H[p(y|x,u=0,z,D)]","H[p(y|x,u=1,z,D)]","H[p(y|x,u=2,z,D)]","Var[p(y|x,u=0,z,D)]","Var[p(y|x,u=1,z,D)]","Var[p(y|x,u=2,z,D)]","H[p(y|x,D)]","Var[p(y|x,D)]",Va,Ve,Va_variance,Ve_variance,kl_pyx_pyxz,kl_pyxz_pyx,api_calls
0.3,-1.8,x1 = 0.3; x2 = -1.8,0.3,-1.8,x1 = 0.3; x2 = -1.8,0.3433357717587195,0.3897389481074073,0.26692528013387334,0.33757107917065377,0.39716194358177154,0.26526697724757475,0.7460799402303189,0.1570105234091971,0.09690953636048412,0.1639793568641597,0.687127186529486,0.14889345660635417,0.142348183111405,0.18117494718650176,0.6764768697020932,0.3547416429012309,0.37396271131146935,0.27129564578729987,1.56583,0.59761,1.06099,1.20881,1.22833,0.42157,0.31265,0.53353,1.56797,0.60442,1.16409,0.40388,0.40801,0.19640999999999997,0.0005489439976436323,0.0005466770514805982,13150
