z_x1,z_x2,z_note,x_x1,x_x2,x_note,"p(y=0|x,D)","p(y=1|x,D)","p(y=2|x,D)","p(u=0|z,D)","p(u=1|z,D)","p(u=2|z,D)","p(y=0|x,u=0,z,D)","p(y=1|x,u=0,z,D)","p(y=2|x,u=0,z,D)","p(y=0|x,u=1,z,D)","p(y=1|x,u=1,z,D)","p(y=2|x,u=1,z,D)","p(y=0|x,u=2,z,D)","p(y=1|x,u=2,z,D)","p(y=2|x,u=2,z,D)","p(y=0|x,z,D)","p(y=1|x,z,D)","p(y=2|x,z,D)","H[p(u|z,D)]","Var[p(u|z,D)]","H[p(y|x,u=0,z,D)]","H[p(y|x,u=1,z,D)]","H[p(y|x,u=2,z,D)]","Var[p(y|x,u=0,z,D)]","Var[p(y|x,u=1,z,D)]","Var[p(y|x,u=2,z,D)]","H[p(y|x,D)]","Var[p(y|x,D)]",Va,Ve,Va_variance,Ve_variance,kl_pyx_pyxz,kl_pyxz_pyx,api_calls
-2.9,1.8,x1 = -2.9; x2 = 1.8,-2.9,1.8,x1 = -2.9; x2 = 1.8,0.2207168567739027,0.1568928223080447,0.6223903209180526,0.22233390984325827,0.15832888961491937,0.6193372005418223,0.6645422454966893,0.0761746000877787,0.25928315441553207,0.12619243391230328,0.5845388128104864,0.2892687532772104,0.08577474792467801,0.06835493047533744,0.8458703215999848,0.22085367589328694,0.15182032912119633,0.6273259949855168,1.33137,0.68406,1.17967,1.3473,0.77279,0.75959,0.38887,0.3539,1.32613,0.68177,0.95421,0.37192000000000003,0.44964,0.23213,0.00010332060734193679,0.0001024588097927985,46950
