z_x1,z_x2,z_note,x_x1,x_x2,x_note,"p(y=0|x,D)","p(y=1|x,D)","p(y=2|x,D)","p(u=0|z,D)","p(u=1|z,D)","p(u=2|z,D)","p(y=0|x,u=0,z,D)","p(y=1|x,u=0,z,D)","p(y=2|x,u=0,z,D)","p(y=0|x,u=1,z,D)","p(y=1|x,u=1,z,D)","p(y=2|x,u=1,z,D)","p(y=0|x,u=2,z,D)","p(y=1|x,u=2,z,D)","p(y=2|x,u=2,z,D)","p(y=0|x,z,D)","p(y=1|x,z,D)","p(y=2|x,z,D)","H[p(u|z,D)]","Var[p(u|z,D)]","H[p(y|x,u=0,z,D)]","H[p(y|x,u=1,z,D)]","H[p(y|x,u=2,z,D)]","Var[p(y|x,u=0,z,D)]","Var[p(y|x,u=1,z,D)]","Var[p(y|x,u=2,z,D)]","H[p(y|x,D)]","Var[p(y|x,D)]",Va,Ve,Va_variance,Ve_variance,kl_pyx_pyxz,kl_pyxz_pyx,api_calls
-2.7,-1.3,x1 = -2.7; x2 = -1.3,-2.7,-1.3,x1 = -2.7; x2 = -1.3,0.308056047673767,0.15251667067947355,0.5394272816467595,0.308056047673767,0.15251667067947355,0.5394272816467595,0.6118113367684394,0.07840285326772253,0.30978580996383814,0.1921493121286004,0.5151594480795403,0.29269123979185935,0.14150567449712723,0.0795312727046128,0.7789630527982601,0.29411017701767106,0.1456242152351239,0.560265607747205,1.41744,0.79395,1.24539,1.46903,0.97039,0.83038,0.47473,0.51412,1.41744,0.79395,1.13116,0.2862800000000001,0.60554,0.18841000000000008,0.0008785512748839229,0.0008760958128384254,53400
