z_x1,z_x2,z_note,x_x1,x_x2,x_note,"p(y=0|x,D)","p(y=1|x,D)","p(y=2|x,D)","p(u=0|z,D)","p(u=1|z,D)","p(u=2|z,D)","p(y=0|x,u=0,z,D)","p(y=1|x,u=0,z,D)","p(y=2|x,u=0,z,D)","p(y=0|x,u=1,z,D)","p(y=1|x,u=1,z,D)","p(y=2|x,u=1,z,D)","p(y=0|x,u=2,z,D)","p(y=1|x,u=2,z,D)","p(y=2|x,u=2,z,D)","p(y=0|x,z,D)","p(y=1|x,z,D)","p(y=2|x,z,D)","H[p(u|z,D)]","Var[p(u|z,D)]","H[p(y|x,u=0,z,D)]","H[p(y|x,u=1,z,D)]","H[p(y|x,u=2,z,D)]","Var[p(y|x,u=0,z,D)]","Var[p(y|x,u=1,z,D)]","Var[p(y|x,u=2,z,D)]","H[p(y|x,D)]","Var[p(y|x,D)]",Va,Ve,Va_variance,Ve_variance,kl_pyx_pyxz,kl_pyxz_pyx,api_calls
2.0,0.0,x1 = 2.0; x2 = 0.0,2.0,0.0,x1 = 2.0; x2 = 0.0,0.27216467666855015,0.4210749396397837,0.3067603836916661,0.26881890006737175,0.421293304001728,0.3098877959309003,0.7205756126705831,0.1618783738699329,0.11754601345948408,0.15869522177657608,0.6462132613443122,0.19509151687911166,0.13424243861366464,0.19648491941983126,0.669272641966504,0.30216167134739713,0.37664956498255964,0.32118876367004334,1.55865,0.57702,1.12899,1.28849,1.23789,0.47448,0.35246,0.51726,1.55938,0.57773,1.22993,0.32945,0.43633,0.14139999999999997,0.004392513311625377,0.00436021145335652,2050
