z_x1,z_x2,z_note,x_x1,x_x2,x_note,"p(y=0|x,D)","p(y=1|x,D)","p(y=2|x,D)","p(u=0|z,D)","p(u=1|z,D)","p(u=2|z,D)","p(y=0|x,u=0,z,D)","p(y=1|x,u=0,z,D)","p(y=2|x,u=0,z,D)","p(y=0|x,u=1,z,D)","p(y=1|x,u=1,z,D)","p(y=2|x,u=1,z,D)","p(y=0|x,u=2,z,D)","p(y=1|x,u=2,z,D)","p(y=2|x,u=2,z,D)","p(y=0|x,z,D)","p(y=1|x,z,D)","p(y=2|x,z,D)","H[p(u|z,D)]","Var[p(u|z,D)]","H[p(y|x,u=0,z,D)]","H[p(y|x,u=1,z,D)]","H[p(y|x,u=2,z,D)]","Var[p(y|x,u=0,z,D)]","Var[p(y|x,u=1,z,D)]","Var[p(y|x,u=2,z,D)]","H[p(y|x,D)]","Var[p(y|x,D)]",Va,Ve,Va_variance,Ve_variance,kl_pyx_pyxz,kl_pyxz_pyx,api_calls
3.1,2.9,x1 = 3.1; x2 = 2.9,3.1,2.9,x1 = 3.1; x2 = 2.9,0.42148871018049894,0.3288670087470441,0.24964428107245706,0.43150928276792894,0.31634735799796,0.252143359234111,0.8757141583387519,0.06852479479008057,0.05576104687116752,0.14407538677240148,0.7077671714259026,0.1481574418016957,0.11812453727635305,0.11699156415756193,0.7648838985660851,0.4532409739692934,0.2829680057987014,0.26379102023200507,1.54967,0.65148,0.66489,1.16378,1.02194,0.25915,0.29222,0.46471,1.5528,0.6416,0.91274,0.64006,0.32144,0.32015999999999994,0.005061600157290017,0.0049238872789525105,47500
