z_x1,z_x2,z_note,x_x1,x_x2,x_note,"p(y=0|x,D)","p(y=1|x,D)","p(y=2|x,D)","p(u=0|z,D)","p(u=1|z,D)","p(u=2|z,D)","p(y=0|x,u=0,z,D)","p(y=1|x,u=0,z,D)","p(y=2|x,u=0,z,D)","p(y=0|x,u=1,z,D)","p(y=1|x,u=1,z,D)","p(y=2|x,u=1,z,D)","p(y=0|x,u=2,z,D)","p(y=1|x,u=2,z,D)","p(y=2|x,u=2,z,D)","p(y=0|x,z,D)","p(y=1|x,z,D)","p(y=2|x,z,D)","H[p(u|z,D)]","Var[p(u|z,D)]","H[p(y|x,u=0,z,D)]","H[p(y|x,u=1,z,D)]","H[p(y|x,u=2,z,D)]","Var[p(y|x,u=0,z,D)]","Var[p(y|x,u=1,z,D)]","Var[p(y|x,u=2,z,D)]","H[p(y|x,D)]","Var[p(y|x,D)]",Va,Ve,Va_variance,Ve_variance,kl_pyx_pyxz,kl_pyxz_pyx,api_calls
2.6,2.6,x1 = 2.6; x2 = 2.6,2.6,2.6,x1 = 2.6; x2 = 2.6,0.35339785390060197,0.34671684280732656,0.29988530329207147,0.35339785390060197,0.34671684280732656,0.29988530329207147,0.8525765412288052,0.07978902552537084,0.06763443324582387,0.13482638847450545,0.6921924494856336,0.17298116203986097,0.08522740591572933,0.10476766532031559,0.8100049287639551,0.37360374616708747,0.29961033417600025,0.3267859196569123,1.58122,0.65042,0.75005,1.19501,0.89,0.30408,0.30635,0.36993,1.58122,0.65042,0.94629,0.6349300000000001,0.32461,0.32581,0.005218498055957126,0.005094637807837171,27350
