z_x1,z_x2,z_note,x_x1,x_x2,x_note,"p(y=0|x,D)","p(y=1|x,D)","p(y=2|x,D)","p(u=0|z,D)","p(u=1|z,D)","p(u=2|z,D)","p(y=0|x,u=0,z,D)","p(y=1|x,u=0,z,D)","p(y=2|x,u=0,z,D)","p(y=0|x,u=1,z,D)","p(y=1|x,u=1,z,D)","p(y=2|x,u=1,z,D)","p(y=0|x,u=2,z,D)","p(y=1|x,u=2,z,D)","p(y=2|x,u=2,z,D)","p(y=0|x,z,D)","p(y=1|x,z,D)","p(y=2|x,z,D)","H[p(u|z,D)]","Var[p(u|z,D)]","H[p(y|x,u=0,z,D)]","H[p(y|x,u=1,z,D)]","H[p(y|x,u=2,z,D)]","Var[p(y|x,u=0,z,D)]","Var[p(y|x,u=1,z,D)]","Var[p(y|x,u=2,z,D)]","H[p(y|x,D)]","Var[p(y|x,D)]",Va,Ve,Va_variance,Ve_variance,kl_pyx_pyxz,kl_pyxz_pyx,api_calls
1.2,1.6,x1 = 1.2; x2 = 1.6,1.2,1.6,x1 = 1.2; x2 = 1.6,0.3294753349568892,0.22094868978583104,0.4495759752572798,0.3322188165202491,0.22130335221409753,0.44647783126565344,0.6954356482223873,0.1128481632264781,0.19171618855113448,0.23497848394357806,0.5040806298214989,0.26094088623492306,0.20426560512844047,0.12662763188776174,0.6691067629837978,0.3742383985932466,0.2055814468628291,0.42018015454392443,1.5291,0.76564,1.17646,1.49489,1.23347,0.63342,0.49525,0.6573,1.52754,0.76463,1.27238,0.25515999999999983,0.6135,0.15113,0.004356342333639556,0.004441673507438862,50850
