z_x1,z_x2,z_note,x_x1,x_x2,x_note,"p(y=0|x,D)","p(y=1|x,D)","p(y=2|x,D)","p(u=0|z,D)","p(u=1|z,D)","p(u=2|z,D)","p(y=0|x,u=0,z,D)","p(y=1|x,u=0,z,D)","p(y=2|x,u=0,z,D)","p(y=0|x,u=1,z,D)","p(y=1|x,u=1,z,D)","p(y=2|x,u=1,z,D)","p(y=0|x,u=2,z,D)","p(y=1|x,u=2,z,D)","p(y=2|x,u=2,z,D)","p(y=0|x,z,D)","p(y=1|x,z,D)","p(y=2|x,z,D)","H[p(u|z,D)]","Var[p(u|z,D)]","H[p(y|x,u=0,z,D)]","H[p(y|x,u=1,z,D)]","H[p(y|x,u=2,z,D)]","Var[p(y|x,u=0,z,D)]","Var[p(y|x,u=1,z,D)]","Var[p(y|x,u=2,z,D)]","H[p(y|x,D)]","Var[p(y|x,D)]",Va,Ve,Va_variance,Ve_variance,kl_pyx_pyxz,kl_pyxz_pyx,api_calls
-1.0,-1.7,x1 = -1.0; x2 = -1.7,-1.0,-1.7,x1 = -1.0; x2 = -1.7,0.22627287673583152,0.37708288295882314,0.3966442403053453,0.22627287673583152,0.37708288295882314,0.3966442403053453,0.6586287484980817,0.18397785140946904,0.15739340009244912,0.1436836724686678,0.6519595688263762,0.20435675870495595,0.13248438126007986,0.2077580288380628,0.6597575899018573,0.2557596418294061,0.36987801699554856,0.3743623411750453,1.54483,0.59389,1.266,1.27268,1.25318,0.56479,0.34436,0.51422,1.54483,0.59389,1.26343,0.2813999999999999,0.46161,0.13228,0.002489196811138142,0.0025500620632718032,41200
