z_x1,z_x2,z_note,x_x1,x_x2,x_note,"p(y=0|x,D)","p(y=1|x,D)","p(y=2|x,D)","p(u=0|z,D)","p(u=1|z,D)","p(u=2|z,D)","p(y=0|x,u=0,z,D)","p(y=1|x,u=0,z,D)","p(y=2|x,u=0,z,D)","p(y=0|x,u=1,z,D)","p(y=1|x,u=1,z,D)","p(y=2|x,u=1,z,D)","p(y=0|x,u=2,z,D)","p(y=1|x,u=2,z,D)","p(y=2|x,u=2,z,D)","p(y=0|x,z,D)","p(y=1|x,z,D)","p(y=2|x,z,D)","H[p(u|z,D)]","Var[p(u|z,D)]","H[p(y|x,u=0,z,D)]","H[p(y|x,u=1,z,D)]","H[p(y|x,u=2,z,D)]","Var[p(y|x,u=0,z,D)]","Var[p(y|x,u=1,z,D)]","Var[p(y|x,u=2,z,D)]","H[p(y|x,D)]","Var[p(y|x,D)]",Va,Ve,Va_variance,Ve_variance,kl_pyx_pyxz,kl_pyxz_pyx,api_calls
-1.9,-0.3,x1 = -1.9; x2 = -0.3,-1.9,-0.3,x1 = -1.9; x2 = -0.3,0.3773584333205785,0.3363731293870097,0.2862684372924119,0.3773584333205785,0.3363731293870097,0.2862684372924119,0.6641387115281432,0.2011588327341638,0.13470245573769307,0.1954568761215068,0.6225368893983909,0.1820062344801021,0.19460648543196105,0.20931517617960432,0.5960783383884346,0.3720744792425841,0.34523399200147303,0.28269152875594294,1.57588,0.65533,1.24712,1.33335,1.37673,0.51854,0.37728,0.62951,1.57588,0.65533,1.31323,0.26265000000000005,0.50279,0.15254,0.00017457589270051784,0.0001753049425257916,5900
