z_x1,z_x2,z_note,x_x1,x_x2,x_note,"p(y=0|x,D)","p(y=1|x,D)","p(y=2|x,D)","p(u=0|z,D)","p(u=1|z,D)","p(u=2|z,D)","p(y=0|x,u=0,z,D)","p(y=1|x,u=0,z,D)","p(y=2|x,u=0,z,D)","p(y=0|x,u=1,z,D)","p(y=1|x,u=1,z,D)","p(y=2|x,u=1,z,D)","p(y=0|x,u=2,z,D)","p(y=1|x,u=2,z,D)","p(y=2|x,u=2,z,D)","p(y=0|x,z,D)","p(y=1|x,z,D)","p(y=2|x,z,D)","H[p(u|z,D)]","Var[p(u|z,D)]","H[p(y|x,u=0,z,D)]","H[p(y|x,u=1,z,D)]","H[p(y|x,u=2,z,D)]","Var[p(y|x,u=0,z,D)]","Var[p(y|x,u=1,z,D)]","Var[p(y|x,u=2,z,D)]","H[p(y|x,D)]","Var[p(y|x,D)]",Va,Ve,Va_variance,Ve_variance,kl_pyx_pyxz,kl_pyxz_pyx,api_calls
-2.2,-2.7,x1 = -2.2; x2 = -2.7,-2.2,-2.7,x1 = -2.2; x2 = -2.7,0.15607435619649407,0.15969336234776496,0.6842322814557409,0.15801981259531633,0.15916390233178807,0.6828162850728956,0.6346948235212787,0.08793070254302007,0.27737447393570125,0.1510546242342012,0.5541030669355721,0.2948423088302267,0.08553291066627672,0.07591078891030265,0.8385563004234206,0.1827400648390461,0.15392112244538578,0.663338812715568,1.21847,0.56542,1.23786,1.40338,0.79878,0.78439,0.42522,0.35704,1.21546,0.56136,0.96439,0.25107,0.43542,0.12594,0.002480306699294166,0.0025861794578485447,72700
