z_x1,z_x2,z_note,x_x1,x_x2,x_note,"p(y=0|x,D)","p(y=1|x,D)","p(y=2|x,D)","p(u=0|z,D)","p(u=1|z,D)","p(u=2|z,D)","p(y=0|x,u=0,z,D)","p(y=1|x,u=0,z,D)","p(y=2|x,u=0,z,D)","p(y=0|x,u=1,z,D)","p(y=1|x,u=1,z,D)","p(y=2|x,u=1,z,D)","p(y=0|x,u=2,z,D)","p(y=1|x,u=2,z,D)","p(y=2|x,u=2,z,D)","p(y=0|x,z,D)","p(y=1|x,z,D)","p(y=2|x,z,D)","H[p(u|z,D)]","Var[p(u|z,D)]","H[p(y|x,u=0,z,D)]","H[p(y|x,u=1,z,D)]","H[p(y|x,u=2,z,D)]","Var[p(y|x,u=0,z,D)]","Var[p(y|x,u=1,z,D)]","Var[p(y|x,u=2,z,D)]","H[p(y|x,D)]","Var[p(y|x,D)]",Va,Ve,Va_variance,Ve_variance,kl_pyx_pyxz,kl_pyxz_pyx,api_calls
1.9,-2.0,x1 = 1.9; x2 = -2.0,1.9,-2.0,x1 = 1.9; x2 = -2.0,0.593068733579605,0.24761976626577123,0.1593115001546239,0.594139909793702,0.24549261544856113,0.16036747475773683,0.798580672993515,0.11514682182882414,0.08627250517766084,0.22189999940464106,0.6306084922991044,0.1474915082962544,0.17293996465591535,0.17256603884064206,0.6544939965034425,0.5566774056538017,0.2508970303108093,0.19242556403538885,1.36716,0.56635,0.92318,1.30871,1.2755,0.37747,0.36385,0.59554,1.36786,0.56423,1.07433,0.29353000000000007,0.4091,0.15513,0.004214294077420744,0.004386779418572642,77050
