z_x1,z_x2,z_note,x_x1,x_x2,x_note,"p(y=0|x,D)","p(y=1|x,D)","p(y=2|x,D)","p(u=0|z,D)","p(u=1|z,D)","p(u=2|z,D)","p(y=0|x,u=0,z,D)","p(y=1|x,u=0,z,D)","p(y=2|x,u=0,z,D)","p(y=0|x,u=1,z,D)","p(y=1|x,u=1,z,D)","p(y=2|x,u=1,z,D)","p(y=0|x,u=2,z,D)","p(y=1|x,u=2,z,D)","p(y=2|x,u=2,z,D)","p(y=0|x,z,D)","p(y=1|x,z,D)","p(y=2|x,z,D)","H[p(u|z,D)]","Var[p(u|z,D)]","H[p(y|x,u=0,z,D)]","H[p(y|x,u=1,z,D)]","H[p(y|x,u=2,z,D)]","Var[p(y|x,u=0,z,D)]","Var[p(y|x,u=1,z,D)]","Var[p(y|x,u=2,z,D)]","H[p(y|x,D)]","Var[p(y|x,D)]",Va,Ve,Va_variance,Ve_variance,kl_pyx_pyxz,kl_pyxz_pyx,api_calls
-1.9,1.3,x1 = -1.9; x2 = 1.3,-1.9,1.3,x1 = -1.9; x2 = 1.3,0.2642750905447812,0.2808327215860281,0.4548921878691906,0.2642750905447812,0.2808327215860281,0.4548921878691906,0.6537201670464126,0.1485868235362089,0.19769300941737847,0.16999532882709772,0.6117554717917001,0.21824919938120219,0.1488527098236431,0.14069679777305416,0.7104504924033027,0.28821414203050055,0.2750706244973745,0.4367152334721248,1.53887,0.68283,1.27194,1.34756,1.15752,0.64345,0.38592,0.54391,1.53887,0.68283,1.24113,0.2977399999999999,0.52585,0.15698,0.00145599043716306,0.0014805365497065869,6700
