z_x1,z_x2,z_note,x_x1,x_x2,x_note,"p(y=0|x,D)","p(y=1|x,D)","p(y=2|x,D)","p(u=0|z,D)","p(u=1|z,D)","p(u=2|z,D)","p(y=0|x,u=0,z,D)","p(y=1|x,u=0,z,D)","p(y=2|x,u=0,z,D)","p(y=0|x,u=1,z,D)","p(y=1|x,u=1,z,D)","p(y=2|x,u=1,z,D)","p(y=0|x,u=2,z,D)","p(y=1|x,u=2,z,D)","p(y=2|x,u=2,z,D)","p(y=0|x,z,D)","p(y=1|x,z,D)","p(y=2|x,z,D)","H[p(u|z,D)]","Var[p(u|z,D)]","H[p(y|x,u=0,z,D)]","H[p(y|x,u=1,z,D)]","H[p(y|x,u=2,z,D)]","Var[p(y|x,u=0,z,D)]","Var[p(y|x,u=1,z,D)]","Var[p(y|x,u=2,z,D)]","H[p(y|x,D)]","Var[p(y|x,D)]",Va,Ve,Va_variance,Ve_variance,kl_pyx_pyxz,kl_pyxz_pyx,api_calls
-4.0,1.7,x1 = -4.0; x2 = 1.7,-4.0,1.7,x1 = -4.0; x2 = 1.7,0.2891426148938718,0.18919546187962996,0.5216619232264982,0.29123544736397083,0.18909976822305702,0.5196647844129721,0.8232004319310298,0.06899067328670465,0.10780889478226552,0.11171208434145904,0.7079172276679824,0.1803706879905584,0.07816029831741375,0.0725190345352886,0.8493206671472976,0.30148702989510434,0.19164510171933716,0.5068678683855584,1.46343,0.75872,0.84363,1.15173,0.76206,0.41922,0.28737,0.33279,1.46181,0.75674,0.8595,0.60231,0.34937,0.40736999999999995,0.00048579441354840505,0.00048741709495033446,2900
