z_x1,z_x2,z_note,x_x1,x_x2,x_note,"p(y=0|x,D)","p(y=1|x,D)","p(y=2|x,D)","p(u=0|z,D)","p(u=1|z,D)","p(u=2|z,D)","p(y=0|x,u=0,z,D)","p(y=1|x,u=0,z,D)","p(y=2|x,u=0,z,D)","p(y=0|x,u=1,z,D)","p(y=1|x,u=1,z,D)","p(y=2|x,u=1,z,D)","p(y=0|x,u=2,z,D)","p(y=1|x,u=2,z,D)","p(y=2|x,u=2,z,D)","p(y=0|x,z,D)","p(y=1|x,z,D)","p(y=2|x,z,D)","H[p(u|z,D)]","Var[p(u|z,D)]","H[p(y|x,u=0,z,D)]","H[p(y|x,u=1,z,D)]","H[p(y|x,u=2,z,D)]","Var[p(y|x,u=0,z,D)]","Var[p(y|x,u=1,z,D)]","Var[p(y|x,u=2,z,D)]","H[p(y|x,D)]","Var[p(y|x,D)]",Va,Ve,Va_variance,Ve_variance,kl_pyx_pyxz,kl_pyxz_pyx,api_calls
-2.5,1.2,x1 = -2.5; x2 = 1.2,-2.5,1.2,x1 = -2.5; x2 = 1.2,0.20693861421607362,0.17118461880784255,0.6218767669760839,0.2086740712272989,0.17253083572762806,0.618795093045073,0.5884924001153348,0.10178322142857513,0.3097243784560902,0.13622362425928106,0.5501132013030161,0.31366317443770286,0.09482923261197586,0.08273108523140854,0.8224396821566156,0.20498574457521207,0.16734459914723,0.6276696562775578,1.33762,0.65927,1.30939,1.39075,0.85168,0.82051,0.4184,0.38785,1.33239,0.65664,1.0402,0.29218999999999995,0.48341,0.17323,7.981230187657524e-05,7.953662320796338e-05,62650
