z_x1,z_x2,z_note,x_x1,x_x2,x_note,"p(y=0|x,D)","p(y=1|x,D)","p(y=2|x,D)","p(u=0|z,D)","p(u=1|z,D)","p(u=2|z,D)","p(y=0|x,u=0,z,D)","p(y=1|x,u=0,z,D)","p(y=2|x,u=0,z,D)","p(y=0|x,u=1,z,D)","p(y=1|x,u=1,z,D)","p(y=2|x,u=1,z,D)","p(y=0|x,u=2,z,D)","p(y=1|x,u=2,z,D)","p(y=2|x,u=2,z,D)","p(y=0|x,z,D)","p(y=1|x,z,D)","p(y=2|x,z,D)","H[p(u|z,D)]","Var[p(u|z,D)]","H[p(y|x,u=0,z,D)]","H[p(y|x,u=1,z,D)]","H[p(y|x,u=2,z,D)]","Var[p(y|x,u=0,z,D)]","Var[p(y|x,u=1,z,D)]","Var[p(y|x,u=2,z,D)]","H[p(y|x,D)]","Var[p(y|x,D)]",Va,Ve,Va_variance,Ve_variance,kl_pyx_pyxz,kl_pyxz_pyx,api_calls
-1.7,-1.3,x1 = -1.7; x2 = -1.3,-1.7,-1.3,x1 = -1.7; x2 = -1.3,0.3175116007915181,0.2899574127024473,0.3925309865060346,0.3175116007915181,0.2899574127024473,0.3925309865060346,0.6571743222206251,0.15256776357796603,0.1902579142014088,0.1746476936900721,0.5979741250400669,0.22737818126986103,0.15675877362224344,0.15223891627086375,0.6910023101068928,0.32083354049758983,0.2815875569908611,0.39757890251154904,1.57298,0.70441,1.26733,1.36915,1.20096,0.62942,0.39925,0.56234,1.57298,0.70441,1.2708,0.3021800000000001,0.53635,0.16806,0.00017261731411213985,0.00017161786753492128,13400
