z_x1,z_x2,z_note,x_x1,x_x2,x_note,"p(y=0|x,D)","p(y=1|x,D)","p(y=2|x,D)","p(u=0|z,D)","p(u=1|z,D)","p(u=2|z,D)","p(y=0|x,u=0,z,D)","p(y=1|x,u=0,z,D)","p(y=2|x,u=0,z,D)","p(y=0|x,u=1,z,D)","p(y=1|x,u=1,z,D)","p(y=2|x,u=1,z,D)","p(y=0|x,u=2,z,D)","p(y=1|x,u=2,z,D)","p(y=2|x,u=2,z,D)","p(y=0|x,z,D)","p(y=1|x,z,D)","p(y=2|x,z,D)","H[p(u|z,D)]","Var[p(u|z,D)]","H[p(y|x,u=0,z,D)]","H[p(y|x,u=1,z,D)]","H[p(y|x,u=2,z,D)]","Var[p(y|x,u=0,z,D)]","Var[p(y|x,u=1,z,D)]","Var[p(y|x,u=2,z,D)]","H[p(y|x,D)]","Var[p(y|x,D)]",Va,Ve,Va_variance,Ve_variance,kl_pyx_pyxz,kl_pyxz_pyx,api_calls
0.2,0.2,x1 = 0.2; x2 = 0.2,0.2,0.2,x1 = 0.2; x2 = 0.2,0.19576989733632602,0.265358413421357,0.538871689242317,0.19444645081931702,0.26578610391163987,0.5397674452690431,0.7401317221036345,0.12512187683553727,0.13474640106082814,0.1446774527668536,0.6259802460244919,0.22934230120865468,0.11015733248467632,0.12457767411986867,0.765264993395455,0.24182858492950943,0.25794932848426233,0.5002220865862282,1.44766,0.61497,1.08616,1.31378,1.02027,0.50839,0.36685,0.44626,1.44916,0.61692,1.11109,0.3380700000000001,0.43723,0.17969000000000002,0.006256122582241272,0.0065619006142387665,10150
