z_x1,z_x2,z_note,x_x1,x_x2,x_note,"p(y=0|x,D)","p(y=1|x,D)","p(y=2|x,D)","p(u=0|z,D)","p(u=1|z,D)","p(u=2|z,D)","p(y=0|x,u=0,z,D)","p(y=1|x,u=0,z,D)","p(y=2|x,u=0,z,D)","p(y=0|x,u=1,z,D)","p(y=1|x,u=1,z,D)","p(y=2|x,u=1,z,D)","p(y=0|x,u=2,z,D)","p(y=1|x,u=2,z,D)","p(y=2|x,u=2,z,D)","p(y=0|x,z,D)","p(y=1|x,z,D)","p(y=2|x,z,D)","H[p(u|z,D)]","Var[p(u|z,D)]","H[p(y|x,u=0,z,D)]","H[p(y|x,u=1,z,D)]","H[p(y|x,u=2,z,D)]","Var[p(y|x,u=0,z,D)]","Var[p(y|x,u=1,z,D)]","Var[p(y|x,u=2,z,D)]","H[p(y|x,D)]","Var[p(y|x,D)]",Va,Ve,Va_variance,Ve_variance,kl_pyx_pyxz,kl_pyxz_pyx,api_calls
2.2,-3.7,x1 = 2.2; x2 = -3.7,2.2,-3.7,x1 = 2.2; x2 = -3.7,0.669435587877056,0.17329629182748912,0.15726812029545495,0.6680927797818454,0.17272886739791646,0.159178352820238,0.8920427075404254,0.05755211036262731,0.050405182096947186,0.1716583626372527,0.698893936311,0.12944770105174724,0.13714781943790352,0.10066713230644087,0.7621850482556558,0.647448610713533,0.17519333574842605,0.17735805353804085,1.24837,0.56828,0.60134,1.17946,1.02515,0.23409,0.29932,0.50866,1.24551,0.56439,0.76866,0.4768499999999999,0.28906,0.27532999999999996,0.001562885436022024,0.0016072160275748502,8200
