z_x1,z_x2,z_note,x_x1,x_x2,x_note,"p(y=0|x,D)","p(y=1|x,D)","p(y=2|x,D)","p(u=0|z,D)","p(u=1|z,D)","p(u=2|z,D)","p(y=0|x,u=0,z,D)","p(y=1|x,u=0,z,D)","p(y=2|x,u=0,z,D)","p(y=0|x,u=1,z,D)","p(y=1|x,u=1,z,D)","p(y=2|x,u=1,z,D)","p(y=0|x,u=2,z,D)","p(y=1|x,u=2,z,D)","p(y=2|x,u=2,z,D)","p(y=0|x,z,D)","p(y=1|x,z,D)","p(y=2|x,z,D)","H[p(u|z,D)]","Var[p(u|z,D)]","H[p(y|x,u=0,z,D)]","H[p(y|x,u=1,z,D)]","H[p(y|x,u=2,z,D)]","Var[p(y|x,u=0,z,D)]","Var[p(y|x,u=1,z,D)]","Var[p(y|x,u=2,z,D)]","H[p(y|x,D)]","Var[p(y|x,D)]",Va,Ve,Va_variance,Ve_variance,kl_pyx_pyxz,kl_pyxz_pyx,api_calls
1.3,0.9,x1 = 1.3; x2 = 0.9,1.3,0.9,x1 = 1.3; x2 = 0.9,0.6219960101823157,0.21276149815523215,0.1652424916624522,0.6289514195189795,0.20879438225373065,0.16225419822728993,0.8414765765133614,0.08873058585895714,0.06979283762768125,0.38224183476693224,0.5096945759930395,0.10806358924002817,0.3350039211300813,0.14195143816805084,0.5230446407018678,0.6634136276777035,0.18526080885045343,0.15132556347184284,1.3183,0.5734,0.78765,1.3728,1.41741,0.31577,0.41513,0.82269,1.3303,0.57861,1.01201,0.31828999999999996,0.41877,0.15983999999999998,0.0038888699082835314,0.003811827814913427,54500
