z_x1,z_x2,z_note,x_x1,x_x2,x_note,"p(y=0|x,D)","p(y=1|x,D)","p(y=2|x,D)","p(u=0|z,D)","p(u=1|z,D)","p(u=2|z,D)","p(y=0|x,u=0,z,D)","p(y=1|x,u=0,z,D)","p(y=2|x,u=0,z,D)","p(y=0|x,u=1,z,D)","p(y=1|x,u=1,z,D)","p(y=2|x,u=1,z,D)","p(y=0|x,u=2,z,D)","p(y=1|x,u=2,z,D)","p(y=2|x,u=2,z,D)","p(y=0|x,z,D)","p(y=1|x,z,D)","p(y=2|x,z,D)","H[p(u|z,D)]","Var[p(u|z,D)]","H[p(y|x,u=0,z,D)]","H[p(y|x,u=1,z,D)]","H[p(y|x,u=2,z,D)]","Var[p(y|x,u=0,z,D)]","Var[p(y|x,u=1,z,D)]","Var[p(y|x,u=2,z,D)]","H[p(y|x,D)]","Var[p(y|x,D)]",Va,Ve,Va_variance,Ve_variance,kl_pyx_pyxz,kl_pyxz_pyx,api_calls
0.0,-0.2,x1 = 0.0; x2 = -0.2,0.0,-0.2,x1 = 0.0; x2 = -0.2,0.3216092957691219,0.3383393381444342,0.340051366086444,0.32754711915422197,0.33123784460915784,0.34121503623662025,0.794226176800588,0.12015152565290026,0.08562229754651167,0.17145898667446718,0.6806779647156587,0.1478630486098743,0.1498485694460828,0.1617739152052054,0.6883775153487118,0.368070786406376,0.32002128033383936,0.3119079332597847,1.58475,0.66858,0.9349,1.22171,1.20633,0.37773,0.31877,0.54821,1.58451,0.66132,1.12252,0.4619900000000001,0.41637,0.24495,0.004811904079494594,0.0049083983040901676,1950
