z_x1,z_x2,z_note,x_x1,x_x2,x_note,"p(y=0|x,D)","p(y=1|x,D)","p(y=2|x,D)","p(u=0|z,D)","p(u=1|z,D)","p(u=2|z,D)","p(y=0|x,u=0,z,D)","p(y=1|x,u=0,z,D)","p(y=2|x,u=0,z,D)","p(y=0|x,u=1,z,D)","p(y=1|x,u=1,z,D)","p(y=2|x,u=1,z,D)","p(y=0|x,u=2,z,D)","p(y=1|x,u=2,z,D)","p(y=2|x,u=2,z,D)","p(y=0|x,z,D)","p(y=1|x,z,D)","p(y=2|x,z,D)","H[p(u|z,D)]","Var[p(u|z,D)]","H[p(y|x,u=0,z,D)]","H[p(y|x,u=1,z,D)]","H[p(y|x,u=2,z,D)]","Var[p(y|x,u=0,z,D)]","Var[p(y|x,u=1,z,D)]","Var[p(y|x,u=2,z,D)]","H[p(y|x,D)]","Var[p(y|x,D)]",Va,Ve,Va_variance,Ve_variance,kl_pyx_pyxz,kl_pyxz_pyx,api_calls
-1.9,-0.5,x1 = -1.9; x2 = -0.5,-1.9,-0.5,x1 = -1.9; x2 = -0.5,0.37262514740139824,0.3192425331271865,0.30813231947141534,0.37262514740139824,0.3192425331271865,0.30813231947141534,0.6800314973768635,0.1826479188874242,0.13732058373571226,0.1838474578894952,0.6256672165530055,0.19048532555749925,0.17705490734461188,0.1993565676479218,0.6235885250074663,0.3666451043871753,0.3292269963962167,0.304127899216608,1.5799,0.6766,1.21967,1.32819,1.33093,0.52282,0.37429,0.60125,1.5799,0.6766,1.2886,0.2913000000000001,0.49957,0.17702999999999997,0.00022770618164991846,0.00022890931933984213,5800
