z_x1,z_x2,z_note,x_x1,x_x2,x_note,"p(y=0|x,D)","p(y=1|x,D)","p(y=2|x,D)","p(u=0|z,D)","p(u=1|z,D)","p(u=2|z,D)","p(y=0|x,u=0,z,D)","p(y=1|x,u=0,z,D)","p(y=2|x,u=0,z,D)","p(y=0|x,u=1,z,D)","p(y=1|x,u=1,z,D)","p(y=2|x,u=1,z,D)","p(y=0|x,u=2,z,D)","p(y=1|x,u=2,z,D)","p(y=2|x,u=2,z,D)","p(y=0|x,z,D)","p(y=1|x,z,D)","p(y=2|x,z,D)","H[p(u|z,D)]","Var[p(u|z,D)]","H[p(y|x,u=0,z,D)]","H[p(y|x,u=1,z,D)]","H[p(y|x,u=2,z,D)]","Var[p(y|x,u=0,z,D)]","Var[p(y|x,u=1,z,D)]","Var[p(y|x,u=2,z,D)]","H[p(y|x,D)]","Var[p(y|x,D)]",Va,Ve,Va_variance,Ve_variance,kl_pyx_pyxz,kl_pyxz_pyx,api_calls
-3.2,-1.3,x1 = -3.2; x2 = -1.3,-3.2,-1.3,x1 = -3.2; x2 = -1.3,0.31845195933254705,0.12318347658287473,0.5583645640845782,0.3245351804722193,0.1209726105093936,0.554492209018387,0.7563553951786217,0.06244648335614934,0.181198121465229,0.15620354442437612,0.6123923949388266,0.23140406063679725,0.1080180142457291,0.07740550191607955,0.8145764838381915,0.32425543254816147,0.1372695351653167,0.5384750322865218,1.36727,0.82615,1.00111,1.34025,0.87356,0.60675,0.38195,0.42337,1.3673,0.81926,0.97141,0.39588999999999996,0.47787,0.34138999999999997,0.001163935473496299,0.0011874057546487835,33400
