z_x1,z_x2,z_note,x_x1,x_x2,x_note,"p(y=0|x,D)","p(y=1|x,D)","p(y=2|x,D)","p(u=0|z,D)","p(u=1|z,D)","p(u=2|z,D)","p(y=0|x,u=0,z,D)","p(y=1|x,u=0,z,D)","p(y=2|x,u=0,z,D)","p(y=0|x,u=1,z,D)","p(y=1|x,u=1,z,D)","p(y=2|x,u=1,z,D)","p(y=0|x,u=2,z,D)","p(y=1|x,u=2,z,D)","p(y=2|x,u=2,z,D)","p(y=0|x,z,D)","p(y=1|x,z,D)","p(y=2|x,z,D)","H[p(u|z,D)]","Var[p(u|z,D)]","H[p(y|x,u=0,z,D)]","H[p(y|x,u=1,z,D)]","H[p(y|x,u=2,z,D)]","Var[p(y|x,u=0,z,D)]","Var[p(y|x,u=1,z,D)]","Var[p(y|x,u=2,z,D)]","H[p(y|x,D)]","Var[p(y|x,D)]",Va,Ve,Va_variance,Ve_variance,kl_pyx_pyxz,kl_pyxz_pyx,api_calls
-3.5,2.1,x1 = -3.5; x2 = 2.1,-3.5,2.1,x1 = -3.5; x2 = 2.1,0.3139484256912628,0.178522903201856,0.5075286711068812,0.3139484256912628,0.178522903201856,0.5075286711068812,0.7996066380753386,0.06064482533397523,0.13974853659068606,0.10722583713218559,0.6894719975823681,0.20330216528544645,0.07816927741931613,0.0675333657262934,0.8542973568543906,0.3098506624291337,0.1764010094871512,0.5137483280837151,1.46509,0.784,0.89996,1.18251,0.74412,0.50394,0.3013,0.33009,1.46509,0.784,0.87131,0.59378,0.37953,0.40447000000000005,7.749054775023616e-05,7.747588890747847e-05,23100
