z_x1,z_x2,z_note,x_x1,x_x2,x_note,"p(y=0|x,D)","p(y=1|x,D)","p(y=2|x,D)","p(u=0|z,D)","p(u=1|z,D)","p(u=2|z,D)","p(y=0|x,u=0,z,D)","p(y=1|x,u=0,z,D)","p(y=2|x,u=0,z,D)","p(y=0|x,u=1,z,D)","p(y=1|x,u=1,z,D)","p(y=2|x,u=1,z,D)","p(y=0|x,u=2,z,D)","p(y=1|x,u=2,z,D)","p(y=2|x,u=2,z,D)","p(y=0|x,z,D)","p(y=1|x,z,D)","p(y=2|x,z,D)","H[p(u|z,D)]","Var[p(u|z,D)]","H[p(y|x,u=0,z,D)]","H[p(y|x,u=1,z,D)]","H[p(y|x,u=2,z,D)]","Var[p(y|x,u=0,z,D)]","Var[p(y|x,u=1,z,D)]","Var[p(y|x,u=2,z,D)]","H[p(y|x,D)]","Var[p(y|x,D)]",Va,Ve,Va_variance,Ve_variance,kl_pyx_pyxz,kl_pyxz_pyx,api_calls
-0.6,3.8,x1 = -0.6; x2 = 3.8,-0.6,3.8,x1 = -0.6; x2 = 3.8,0.30860447832857285,0.23203976919020422,0.4593557524812229,0.30860447832857285,0.23203976919020422,0.4593557524812229,0.7764701175775424,0.09742052066780824,0.1261093617546494,0.1285194194947486,0.6435666669007226,0.2279139136045288,0.0969177247277746,0.08798560671789961,0.8150966685543258,0.3139634863798585,0.21981416438675735,0.4662223492333841,1.52802,0.74523,0.98743,1.27585,0.87528,0.47961,0.34655,0.39623,1.52802,0.74523,1.00284,0.52518,0.41043,0.33479999999999993,0.00043066280806231504,0.00042521031772020743,59950
