z_x1,z_x2,z_note,x_x1,x_x2,x_note,"p(y=0|x,D)","p(y=1|x,D)","p(y=2|x,D)","p(u=0|z,D)","p(u=1|z,D)","p(u=2|z,D)","p(y=0|x,u=0,z,D)","p(y=1|x,u=0,z,D)","p(y=2|x,u=0,z,D)","p(y=0|x,u=1,z,D)","p(y=1|x,u=1,z,D)","p(y=2|x,u=1,z,D)","p(y=0|x,u=2,z,D)","p(y=1|x,u=2,z,D)","p(y=2|x,u=2,z,D)","p(y=0|x,z,D)","p(y=1|x,z,D)","p(y=2|x,z,D)","H[p(u|z,D)]","Var[p(u|z,D)]","H[p(y|x,u=0,z,D)]","H[p(y|x,u=1,z,D)]","H[p(y|x,u=2,z,D)]","Var[p(y|x,u=0,z,D)]","Var[p(y|x,u=1,z,D)]","Var[p(y|x,u=2,z,D)]","H[p(y|x,D)]","Var[p(y|x,D)]",Va,Ve,Va_variance,Ve_variance,kl_pyx_pyxz,kl_pyxz_pyx,api_calls
-1.3,0.5,x1 = -1.3; x2 = 0.5,-1.3,0.5,x1 = -1.3; x2 = 0.5,0.25943069267847585,0.3797699992109898,0.36079930811053423,0.25943069267847585,0.3797699992109898,0.36079930811053423,0.6787631051183266,0.17501643488093416,0.1462204600007393,0.1313017560694319,0.6913553706158913,0.1773428733146769,0.11822305598336147,0.18274170560029998,0.6990352384163385,0.26861124712584006,0.37389374442811585,0.3574950084460439,1.5661,0.60995,1.22509,1.19527,1.17338,0.54138,0.30652,0.47992,1.5661,0.60995,1.19511,0.37099000000000015,0.43001,0.17994,0.00021986487664925163,0.00022143046302367832,30300
