z_x1,z_x2,z_note,x_x1,x_x2,x_note,"p(y=0|x,D)","p(y=1|x,D)","p(y=2|x,D)","p(u=0|z,D)","p(u=1|z,D)","p(u=2|z,D)","p(y=0|x,u=0,z,D)","p(y=1|x,u=0,z,D)","p(y=2|x,u=0,z,D)","p(y=0|x,u=1,z,D)","p(y=1|x,u=1,z,D)","p(y=2|x,u=1,z,D)","p(y=0|x,u=2,z,D)","p(y=1|x,u=2,z,D)","p(y=2|x,u=2,z,D)","p(y=0|x,z,D)","p(y=1|x,z,D)","p(y=2|x,z,D)","H[p(u|z,D)]","Var[p(u|z,D)]","H[p(y|x,u=0,z,D)]","H[p(y|x,u=1,z,D)]","H[p(y|x,u=2,z,D)]","Var[p(y|x,u=0,z,D)]","Var[p(y|x,u=1,z,D)]","Var[p(y|x,u=2,z,D)]","H[p(y|x,D)]","Var[p(y|x,D)]",Va,Ve,Va_variance,Ve_variance,kl_pyx_pyxz,kl_pyxz_pyx,api_calls
-1.2,0.6,x1 = -1.2; x2 = 0.6,-1.2,0.6,x1 = -1.2; x2 = 0.6,0.2443974399861833,0.3914182478396137,0.364184312174203,0.24857297583795684,0.3865067818545501,0.364920242307493,0.6990606816005279,0.15909603227418828,0.1418432861252838,0.13466889403585608,0.6904992566316739,0.17483184933247004,0.12799659617931117,0.19213843706098938,0.6798649667596994,0.2725265836587524,0.3765448247489533,0.3509285915922943,1.55999,0.59996,1.18266,1.19833,1.21533,0.53041,0.30789,0.5033,1.55717,0.59423,1.20064,0.35653,0.43451,0.15972000000000003,0.0020416030576884386,0.0020904743293991297,34350
