z_x1,z_x2,z_note,x_x1,x_x2,x_note,"p(y=0|x,D)","p(y=1|x,D)","p(y=2|x,D)","p(u=0|z,D)","p(u=1|z,D)","p(u=2|z,D)","p(y=0|x,u=0,z,D)","p(y=1|x,u=0,z,D)","p(y=2|x,u=0,z,D)","p(y=0|x,u=1,z,D)","p(y=1|x,u=1,z,D)","p(y=2|x,u=1,z,D)","p(y=0|x,u=2,z,D)","p(y=1|x,u=2,z,D)","p(y=2|x,u=2,z,D)","p(y=0|x,z,D)","p(y=1|x,z,D)","p(y=2|x,z,D)","H[p(u|z,D)]","Var[p(u|z,D)]","H[p(y|x,u=0,z,D)]","H[p(y|x,u=1,z,D)]","H[p(y|x,u=2,z,D)]","Var[p(y|x,u=0,z,D)]","Var[p(y|x,u=1,z,D)]","Var[p(y|x,u=2,z,D)]","H[p(y|x,D)]","Var[p(y|x,D)]",Va,Ve,Va_variance,Ve_variance,kl_pyx_pyxz,kl_pyxz_pyx,api_calls
0.1,-1.8,x1 = 0.1; x2 = -1.8,0.1,-1.8,x1 = 0.1; x2 = -1.8,0.34683000944287656,0.3759982165975906,0.27717177395953285,0.34289390748593773,0.38184426264977944,0.27526182986428277,0.7276780479659004,0.1621192744327435,0.11020267760135602,0.15305666320038674,0.6822016143334966,0.16474172246611668,0.1388743676356638,0.1918183521885613,0.6693072801757749,0.3461869905187925,0.36888475451766656,0.2849282549635409,1.57214,0.61358,1.10992,1.21946,1.24018,0.4566,0.31766,0.52682,1.57355,0.61915,1.1876,0.38595,0.42288,0.19627,0.0001752940378351997,0.00017584590401277089,5150
