z_x1,z_x2,z_note,x_x1,x_x2,x_note,"p(y=0|x,D)","p(y=1|x,D)","p(y=2|x,D)","p(u=0|z,D)","p(u=1|z,D)","p(u=2|z,D)","p(y=0|x,u=0,z,D)","p(y=1|x,u=0,z,D)","p(y=2|x,u=0,z,D)","p(y=0|x,u=1,z,D)","p(y=1|x,u=1,z,D)","p(y=2|x,u=1,z,D)","p(y=0|x,u=2,z,D)","p(y=1|x,u=2,z,D)","p(y=2|x,u=2,z,D)","p(y=0|x,z,D)","p(y=1|x,z,D)","p(y=2|x,z,D)","H[p(u|z,D)]","Var[p(u|z,D)]","H[p(y|x,u=0,z,D)]","H[p(y|x,u=1,z,D)]","H[p(y|x,u=2,z,D)]","Var[p(y|x,u=0,z,D)]","Var[p(y|x,u=1,z,D)]","Var[p(y|x,u=2,z,D)]","H[p(y|x,D)]","Var[p(y|x,D)]",Va,Ve,Va_variance,Ve_variance,kl_pyx_pyxz,kl_pyxz_pyx,api_calls
-3.8,-1.0,x1 = -3.8; x2 = -1.0,-3.8,-1.0,x1 = -3.8; x2 = -1.0,0.3706847788434128,0.15034856332750027,0.478966657829087,0.3706847788434128,0.15034856332750027,0.478966657829087,0.8080116187811595,0.06546753641720926,0.12652084480163137,0.15618888269512565,0.6304265172432167,0.21338460006165771,0.10317667265408045,0.0890898095311035,0.8077335178148161,0.37241856839879234,0.16172258872705608,0.4658588428741517,1.45038,0.83793,0.88335,1.31351,0.89771,0.4701,0.3663,0.41451,1.45038,0.83793,0.9549,0.49548000000000003,0.42787,0.41006,0.0005964342983295831,0.0006048392041787254,9550
