z_x1,z_x2,z_note,x_x1,x_x2,x_note,"p(y=0|x,D)","p(y=1|x,D)","p(y=2|x,D)","p(u=0|z,D)","p(u=1|z,D)","p(u=2|z,D)","p(y=0|x,u=0,z,D)","p(y=1|x,u=0,z,D)","p(y=2|x,u=0,z,D)","p(y=0|x,u=1,z,D)","p(y=1|x,u=1,z,D)","p(y=2|x,u=1,z,D)","p(y=0|x,u=2,z,D)","p(y=1|x,u=2,z,D)","p(y=2|x,u=2,z,D)","p(y=0|x,z,D)","p(y=1|x,z,D)","p(y=2|x,z,D)","H[p(u|z,D)]","Var[p(u|z,D)]","H[p(y|x,u=0,z,D)]","H[p(y|x,u=1,z,D)]","H[p(y|x,u=2,z,D)]","Var[p(y|x,u=0,z,D)]","Var[p(y|x,u=1,z,D)]","Var[p(y|x,u=2,z,D)]","H[p(y|x,D)]","Var[p(y|x,D)]",Va,Ve,Va_variance,Ve_variance,kl_pyx_pyxz,kl_pyxz_pyx,api_calls
-3.5,0.9,x1 = -3.5; x2 = 0.9,-3.5,0.9,x1 = -3.5; x2 = 0.9,0.32886445774220113,0.19069423422870058,0.4804413080290983,0.32886445774220113,0.19069423422870058,0.4804413080290983,0.8073460980264026,0.06743865644873917,0.12521524552485835,0.12922602065362648,0.6864477148835499,0.18432626446282355,0.09658328234074573,0.0825756754349056,0.8208410422243487,0.336552692290232,0.1927525640289695,0.47069474368079856,1.49163,0.78633,0.88695,1.20376,0.8566,0.46726,0.31052,0.39288,1.49163,0.78633,0.93278,0.55885,0.40164,0.38469,0.00019974162585573337,0.00019978310232710884,22500
