z_x1,z_x2,z_note,x_x1,x_x2,x_note,"p(y=0|x,D)","p(y=1|x,D)","p(y=2|x,D)","p(u=0|z,D)","p(u=1|z,D)","p(u=2|z,D)","p(y=0|x,u=0,z,D)","p(y=1|x,u=0,z,D)","p(y=2|x,u=0,z,D)","p(y=0|x,u=1,z,D)","p(y=1|x,u=1,z,D)","p(y=2|x,u=1,z,D)","p(y=0|x,u=2,z,D)","p(y=1|x,u=2,z,D)","p(y=2|x,u=2,z,D)","p(y=0|x,z,D)","p(y=1|x,z,D)","p(y=2|x,z,D)","H[p(u|z,D)]","Var[p(u|z,D)]","H[p(y|x,u=0,z,D)]","H[p(y|x,u=1,z,D)]","H[p(y|x,u=2,z,D)]","Var[p(y|x,u=0,z,D)]","Var[p(y|x,u=1,z,D)]","Var[p(y|x,u=2,z,D)]","H[p(y|x,D)]","Var[p(y|x,D)]",Va,Ve,Va_variance,Ve_variance,kl_pyx_pyxz,kl_pyxz_pyx,api_calls
2.6,0.2,x1 = 2.6; x2 = 0.2,2.6,0.2,x1 = 2.6; x2 = 0.2,0.21872935527108944,0.4954886544747256,0.28578199025418505,0.21872935527108944,0.4954886544747256,0.28578199025418505,0.48726521669324346,0.3775768087919547,0.13515797451480194,0.11185678542250048,0.7022988665975519,0.18584434797994756,0.10725906295151262,0.3394546435243012,0.5532862935241861,0.1926556832792859,0.5275782760293252,0.279766040691389,1.49801,0.50002,1.4262,1.16276,1.34703,0.49844,0.29223,0.46161,1.49801,0.50002,1.27304,0.22497000000000011,0.38574,0.11427999999999999,0.0027503206398438495,0.00270093145635827,26150
