z_x1,z_x2,z_note,x_x1,x_x2,x_note,"p(y=0|x,D)","p(y=1|x,D)","p(y=2|x,D)","p(u=0|z,D)","p(u=1|z,D)","p(u=2|z,D)","p(y=0|x,u=0,z,D)","p(y=1|x,u=0,z,D)","p(y=2|x,u=0,z,D)","p(y=0|x,u=1,z,D)","p(y=1|x,u=1,z,D)","p(y=2|x,u=1,z,D)","p(y=0|x,u=2,z,D)","p(y=1|x,u=2,z,D)","p(y=2|x,u=2,z,D)","p(y=0|x,z,D)","p(y=1|x,z,D)","p(y=2|x,z,D)","H[p(u|z,D)]","Var[p(u|z,D)]","H[p(y|x,u=0,z,D)]","H[p(y|x,u=1,z,D)]","H[p(y|x,u=2,z,D)]","Var[p(y|x,u=0,z,D)]","Var[p(y|x,u=1,z,D)]","Var[p(y|x,u=2,z,D)]","H[p(y|x,D)]","Var[p(y|x,D)]",Va,Ve,Va_variance,Ve_variance,kl_pyx_pyxz,kl_pyxz_pyx,api_calls
0.5,-1.2,x1 = 0.5; x2 = -1.2,0.5,-1.2,x1 = 0.5; x2 = -1.2,0.3220863226996096,0.3544611843317858,0.3234524929686045,0.32432750010078093,0.3487007266898149,0.32697177320940407,0.7406649876428337,0.15014787096532445,0.10918714139184178,0.15605782847425656,0.6774302197926544,0.16651195173308894,0.13744478893895345,0.16544406161384456,0.697111149447202,0.3395760684067457,0.3390130317518226,0.32141089984143156,1.58419,0.65129,1.08039,1.22948,1.18581,0.45109,0.32246,0.52133,1.58353,0.64554,1.16685,0.41668000000000016,0.4292,0.21633999999999998,0.0008115533097255564,0.000814577679688947,21450
