z_x1,z_x2,z_note,x_x1,x_x2,x_note,"p(y=0|x,D)","p(y=1|x,D)","p(y=2|x,D)","p(u=0|z,D)","p(u=1|z,D)","p(u=2|z,D)","p(y=0|x,u=0,z,D)","p(y=1|x,u=0,z,D)","p(y=2|x,u=0,z,D)","p(y=0|x,u=1,z,D)","p(y=1|x,u=1,z,D)","p(y=2|x,u=1,z,D)","p(y=0|x,u=2,z,D)","p(y=1|x,u=2,z,D)","p(y=2|x,u=2,z,D)","p(y=0|x,z,D)","p(y=1|x,z,D)","p(y=2|x,z,D)","H[p(u|z,D)]","Var[p(u|z,D)]","H[p(y|x,u=0,z,D)]","H[p(y|x,u=1,z,D)]","H[p(y|x,u=2,z,D)]","Var[p(y|x,u=0,z,D)]","Var[p(y|x,u=1,z,D)]","Var[p(y|x,u=2,z,D)]","H[p(y|x,D)]","Var[p(y|x,D)]",Va,Ve,Va_variance,Ve_variance,kl_pyx_pyxz,kl_pyxz_pyx,api_calls
3.3,0.5,x1 = 3.3; x2 = 0.5,3.3,0.5,x1 = 3.3; x2 = 0.5,0.5156472181960922,0.3098331123879426,0.17451966941596517,0.5156472181960922,0.3098331123879426,0.17451966941596517,0.882607988088888,0.06602472888911728,0.051367283021994725,0.15496625064580555,0.7180872962556205,0.12694645309857383,0.12499746229680071,0.1557615623355609,0.7192409753676384,0.5249425453662369,0.28371614611546236,0.19134130851830067,1.45601,0.5738,0.63789,1.13794,1.13481,0.24301,0.28113,0.49111,1.45601,0.5738,0.87954,0.57647,0.29812,0.27568,0.002011692904941371,0.002002175211006575,54300
