z_x1,z_x2,z_note,x_x1,x_x2,x_note,"p(y=0|x,D)","p(y=1|x,D)","p(y=2|x,D)","p(u=0|z,D)","p(u=1|z,D)","p(u=2|z,D)","p(y=0|x,u=0,z,D)","p(y=1|x,u=0,z,D)","p(y=2|x,u=0,z,D)","p(y=0|x,u=1,z,D)","p(y=1|x,u=1,z,D)","p(y=2|x,u=1,z,D)","p(y=0|x,u=2,z,D)","p(y=1|x,u=2,z,D)","p(y=2|x,u=2,z,D)","p(y=0|x,z,D)","p(y=1|x,z,D)","p(y=2|x,z,D)","H[p(u|z,D)]","Var[p(u|z,D)]","H[p(y|x,u=0,z,D)]","H[p(y|x,u=1,z,D)]","H[p(y|x,u=2,z,D)]","Var[p(y|x,u=0,z,D)]","Var[p(y|x,u=1,z,D)]","Var[p(y|x,u=2,z,D)]","H[p(y|x,D)]","Var[p(y|x,D)]",Va,Ve,Va_variance,Ve_variance,kl_pyx_pyxz,kl_pyxz_pyx,api_calls
2.9,-2.3,x1 = 2.9; x2 = -2.3,2.9,-2.3,x1 = 2.9; x2 = -2.3,0.8290431434388079,0.0971163127383083,0.0738405438228836,0.8290431434388079,0.0971163127383083,0.0738405438228836,0.8903313076193464,0.06039240578957511,0.04927628659107848,0.25486241853807334,0.61466845770718,0.13046912375474654,0.2140428190491864,0.11415692530812234,0.6718002556426912,0.7786794024746874,0.1181916535505856,0.10312894397472686,0.82855,0.33255,0.60777,1.31756,1.219,0.23223,0.36986,0.6763,0.82855,0.33255,0.72184,0.10670999999999997,0.27839,0.054159999999999986,0.00821691294257806,0.008863118818155227,36900
