z_x1,z_x2,z_note,x_x1,x_x2,x_note,"p(y=0|x,D)","p(y=1|x,D)","p(y=2|x,D)","p(u=0|z,D)","p(u=1|z,D)","p(u=2|z,D)","p(y=0|x,u=0,z,D)","p(y=1|x,u=0,z,D)","p(y=2|x,u=0,z,D)","p(y=0|x,u=1,z,D)","p(y=1|x,u=1,z,D)","p(y=2|x,u=1,z,D)","p(y=0|x,u=2,z,D)","p(y=1|x,u=2,z,D)","p(y=2|x,u=2,z,D)","p(y=0|x,z,D)","p(y=1|x,z,D)","p(y=2|x,z,D)","H[p(u|z,D)]","Var[p(u|z,D)]","H[p(y|x,u=0,z,D)]","H[p(y|x,u=1,z,D)]","H[p(y|x,u=2,z,D)]","Var[p(y|x,u=0,z,D)]","Var[p(y|x,u=1,z,D)]","Var[p(y|x,u=2,z,D)]","H[p(y|x,D)]","Var[p(y|x,D)]",Va,Ve,Va_variance,Ve_variance,kl_pyx_pyxz,kl_pyxz_pyx,api_calls
-2.3,-2.9,x1 = -2.3; x2 = -2.9,-2.3,-2.9,x1 = -2.3; x2 = -2.9,0.15865770539484675,0.16532665217211856,0.6760156424330346,0.15500604685345493,0.16190076424531147,0.6830931889012335,0.6874751515830282,0.06498416846196337,0.24754067995500847,0.12754074368183735,0.588336095777476,0.2841231605406866,0.08379667434533744,0.06272309792748282,0.8534802277271798,0.1844526869292445,0.1481707235818726,0.6673765894888828,1.21778,0.55922,1.12656,1.34497,0.74539,0.74147,0.38715,0.34486,1.23255,0.56701,0.90155,0.33100000000000007,0.41318,0.15383000000000002,0.0029067828151633276,0.0029697576963548765,68600
