z_x1,z_x2,z_note,x_x1,x_x2,x_note,"p(y=0|x,D)","p(y=1|x,D)","p(y=2|x,D)","p(u=0|z,D)","p(u=1|z,D)","p(u=2|z,D)","p(y=0|x,u=0,z,D)","p(y=1|x,u=0,z,D)","p(y=2|x,u=0,z,D)","p(y=0|x,u=1,z,D)","p(y=1|x,u=1,z,D)","p(y=2|x,u=1,z,D)","p(y=0|x,u=2,z,D)","p(y=1|x,u=2,z,D)","p(y=2|x,u=2,z,D)","p(y=0|x,z,D)","p(y=1|x,z,D)","p(y=2|x,z,D)","H[p(u|z,D)]","Var[p(u|z,D)]","H[p(y|x,u=0,z,D)]","H[p(y|x,u=1,z,D)]","H[p(y|x,u=2,z,D)]","Var[p(y|x,u=0,z,D)]","Var[p(y|x,u=1,z,D)]","Var[p(y|x,u=2,z,D)]","H[p(y|x,D)]","Var[p(y|x,D)]",Va,Ve,Va_variance,Ve_variance,kl_pyx_pyxz,kl_pyxz_pyx,api_calls
-2.1,2.7,x1 = -2.1; x2 = 2.7,-2.1,2.7,x1 = -2.1; x2 = 2.7,0.2871391543541876,0.17788046677971567,0.5349803788660967,0.2818240418420581,0.179284707886193,0.5388912502717489,0.7697173912400682,0.06402513609218938,0.16625747266774238,0.14074463061925915,0.6171928317559021,0.2420625376248386,0.09051549441862673,0.06992121703349273,0.8395632885478805,0.2909362342187441,0.16637699125149902,0.5426867745297569,1.44015,0.75463,0.97488,1.32323,0.79388,0.57181,0.37254,0.36901,1.44279,0.76069,0.93979,0.503,0.4268,0.33388999999999996,0.00046868477290590033,0.0004604879141262095,79400
