z_x1,z_x2,z_note,x_x1,x_x2,x_note,"p(y=0|x,D)","p(y=1|x,D)","p(y=2|x,D)","p(u=0|z,D)","p(u=1|z,D)","p(u=2|z,D)","p(y=0|x,u=0,z,D)","p(y=1|x,u=0,z,D)","p(y=2|x,u=0,z,D)","p(y=0|x,u=1,z,D)","p(y=1|x,u=1,z,D)","p(y=2|x,u=1,z,D)","p(y=0|x,u=2,z,D)","p(y=1|x,u=2,z,D)","p(y=2|x,u=2,z,D)","p(y=0|x,z,D)","p(y=1|x,z,D)","p(y=2|x,z,D)","H[p(u|z,D)]","Var[p(u|z,D)]","H[p(y|x,u=0,z,D)]","H[p(y|x,u=1,z,D)]","H[p(y|x,u=2,z,D)]","Var[p(y|x,u=0,z,D)]","Var[p(y|x,u=1,z,D)]","Var[p(y|x,u=2,z,D)]","H[p(y|x,D)]","Var[p(y|x,D)]",Va,Ve,Va_variance,Ve_variance,kl_pyx_pyxz,kl_pyxz_pyx,api_calls
1.0,-1.2,x1 = 1.0; x2 = -1.2,1.0,-1.2,x1 = 1.0; x2 = -1.2,0.5006272944976293,0.24578951054077752,0.2535831949615932,0.499133183222156,0.247908963033191,0.25295785374465296,0.8087538082650816,0.09935854187946007,0.09188764985545823,0.20248807829542015,0.6461591058362848,0.15135281586829505,0.16202166883211788,0.15609364273312754,0.6818846884347546,0.4948591258870921,0.24926689201989066,0.25587398209301715,1.50083,0.69149,0.89511,1.28594,1.22036,0.38674,0.35123,0.57365,1.49928,0.69318,1.07427,0.4250099999999999,0.42522,0.26796000000000003,6.81418431766629e-05,6.815799625373847e-05,41450
