z_x1,z_x2,z_note,x_x1,x_x2,x_note,"p(y=0|x,D)","p(y=1|x,D)","p(y=2|x,D)","p(u=0|z,D)","p(u=1|z,D)","p(u=2|z,D)","p(y=0|x,u=0,z,D)","p(y=1|x,u=0,z,D)","p(y=2|x,u=0,z,D)","p(y=0|x,u=1,z,D)","p(y=1|x,u=1,z,D)","p(y=2|x,u=1,z,D)","p(y=0|x,u=2,z,D)","p(y=1|x,u=2,z,D)","p(y=2|x,u=2,z,D)","p(y=0|x,z,D)","p(y=1|x,z,D)","p(y=2|x,z,D)","H[p(u|z,D)]","Var[p(u|z,D)]","H[p(y|x,u=0,z,D)]","H[p(y|x,u=1,z,D)]","H[p(y|x,u=2,z,D)]","Var[p(y|x,u=0,z,D)]","Var[p(y|x,u=1,z,D)]","Var[p(y|x,u=2,z,D)]","H[p(y|x,D)]","Var[p(y|x,D)]",Va,Ve,Va_variance,Ve_variance,kl_pyx_pyxz,kl_pyxz_pyx,api_calls
2.0,-3.8,x1 = 2.0; x2 = -3.8,2.0,-3.8,x1 = 2.0; x2 = -3.8,0.636499626108077,0.19685551773298354,0.16664485615893948,0.6338724624169487,0.19842373561956894,0.16770380196348222,0.9032632114746901,0.05246213944927778,0.04427464907603194,0.16952450814975256,0.704282900716976,0.12619259113327147,0.126999426368942,0.10567087543435368,0.7673296981967043,0.6274896489034998,0.19072215717677407,0.18178819391972595,1.31192,0.58426,0.5548,1.16711,1.0139,0.20968,0.29384,0.48431,1.30724,0.58238,0.75329,0.5539499999999999,0.27244,0.30994,0.0008109762390658293,0.0008287378478709154,150
