z_x1,z_x2,z_note,x_x1,x_x2,x_note,"p(y=0|x,D)","p(y=1|x,D)","p(y=2|x,D)","p(u=0|z,D)","p(u=1|z,D)","p(u=2|z,D)","p(y=0|x,u=0,z,D)","p(y=1|x,u=0,z,D)","p(y=2|x,u=0,z,D)","p(y=0|x,u=1,z,D)","p(y=1|x,u=1,z,D)","p(y=2|x,u=1,z,D)","p(y=0|x,u=2,z,D)","p(y=1|x,u=2,z,D)","p(y=2|x,u=2,z,D)","p(y=0|x,z,D)","p(y=1|x,z,D)","p(y=2|x,z,D)","H[p(u|z,D)]","Var[p(u|z,D)]","H[p(y|x,u=0,z,D)]","H[p(y|x,u=1,z,D)]","H[p(y|x,u=2,z,D)]","Var[p(y|x,u=0,z,D)]","Var[p(y|x,u=1,z,D)]","Var[p(y|x,u=2,z,D)]","H[p(y|x,D)]","Var[p(y|x,D)]",Va,Ve,Va_variance,Ve_variance,kl_pyx_pyxz,kl_pyxz_pyx,api_calls
0.0,-0.7,x1 = 0.0; x2 = -0.7,0.0,-0.7,x1 = 0.0; x2 = -0.7,0.3298246451915284,0.3507638983422452,0.3194114564662265,0.3298246451915284,0.3507638983422452,0.3194114564662265,0.7949262884810566,0.12096329560117787,0.08411041591776555,0.1685296164407142,0.6863283207574571,0.14514206280182873,0.1452805546615565,0.15432795267525995,0.7003914926631836,0.36770465986122025,0.3299299895218846,0.3023653506168952,1.58386,0.64913,0.93223,1.20978,1.18022,0.37378,0.31312,0.53752,1.58386,0.64913,1.1088,0.47506000000000004,0.4048,0.24433,0.0031379138284345458,0.003190958030413544,1700
