z_x1,z_x2,z_note,x_x1,x_x2,x_note,"p(y=0|x,D)","p(y=1|x,D)","p(y=2|x,D)","p(u=0|z,D)","p(u=1|z,D)","p(u=2|z,D)","p(y=0|x,u=0,z,D)","p(y=1|x,u=0,z,D)","p(y=2|x,u=0,z,D)","p(y=0|x,u=1,z,D)","p(y=1|x,u=1,z,D)","p(y=2|x,u=1,z,D)","p(y=0|x,u=2,z,D)","p(y=1|x,u=2,z,D)","p(y=2|x,u=2,z,D)","p(y=0|x,z,D)","p(y=1|x,z,D)","p(y=2|x,z,D)","H[p(u|z,D)]","Var[p(u|z,D)]","H[p(y|x,u=0,z,D)]","H[p(y|x,u=1,z,D)]","H[p(y|x,u=2,z,D)]","Var[p(y|x,u=0,z,D)]","Var[p(y|x,u=1,z,D)]","Var[p(y|x,u=2,z,D)]","H[p(y|x,D)]","Var[p(y|x,D)]",Va,Ve,Va_variance,Ve_variance,kl_pyx_pyxz,kl_pyxz_pyx,api_calls
-2.0,-2.3,x1 = -2.0; x2 = -2.3,-2.0,-2.3,x1 = -2.0; x2 = -2.3,0.18081375586647513,0.20601754889111823,0.6131686952424067,0.17900068518262507,0.20673047391098504,0.61426884090639,0.6936468695561948,0.09439498361891922,0.21195814682488598,0.15265634131216205,0.596538615114168,0.25080504357367006,0.09655012347343864,0.09923452629627236,0.804215350230289,0.21502971514572017,0.20117615480024975,0.5837941300540302,1.34628,0.60381,1.16188,1.359,0.90917,0.67358,0.39383,0.39998,1.34837,0.60705,1.0474,0.30096999999999996,0.44768,0.15936999999999996,0.0036640783391637226,0.0038230226238416126,900
