z_x1,z_x2,z_note,x_x1,x_x2,x_note,"p(y=0|x,D)","p(y=1|x,D)","p(y=2|x,D)","p(u=0|z,D)","p(u=1|z,D)","p(u=2|z,D)","p(y=0|x,u=0,z,D)","p(y=1|x,u=0,z,D)","p(y=2|x,u=0,z,D)","p(y=0|x,u=1,z,D)","p(y=1|x,u=1,z,D)","p(y=2|x,u=1,z,D)","p(y=0|x,u=2,z,D)","p(y=1|x,u=2,z,D)","p(y=2|x,u=2,z,D)","p(y=0|x,z,D)","p(y=1|x,z,D)","p(y=2|x,z,D)","H[p(u|z,D)]","Var[p(u|z,D)]","H[p(y|x,u=0,z,D)]","H[p(y|x,u=1,z,D)]","H[p(y|x,u=2,z,D)]","Var[p(y|x,u=0,z,D)]","Var[p(y|x,u=1,z,D)]","Var[p(y|x,u=2,z,D)]","H[p(y|x,D)]","Var[p(y|x,D)]",Va,Ve,Va_variance,Ve_variance,kl_pyx_pyxz,kl_pyxz_pyx,api_calls
3.6,1.2,x1 = 3.6; x2 = 1.2,3.6,1.2,x1 = 3.6; x2 = 1.2,0.5125012766010054,0.29007052311269865,0.19742820028629585,0.5077391466830901,0.2945885720063059,0.1976722813106041,0.8640926491355687,0.07292987030833802,0.06297748055609322,0.14080142971222137,0.7158108871068145,0.14338768318096412,0.11623013038828303,0.12952101863432142,0.7542488509773956,0.5031876314734748,0.27350177240854706,0.22331059611797816,1.47823,0.60927,0.7088,1.14527,1.04971,0.28528,0.28418,0.46341,1.47427,0.61066,0.90477,0.5695,0.32017,0.29048999999999997,0.0021391826395424085,0.002194554546016178,66650
