z_x1,z_x2,z_note,x_x1,x_x2,x_note,"p(y=0|x,D)","p(y=1|x,D)","p(y=2|x,D)","p(u=0|z,D)","p(u=1|z,D)","p(u=2|z,D)","p(y=0|x,u=0,z,D)","p(y=1|x,u=0,z,D)","p(y=2|x,u=0,z,D)","p(y=0|x,u=1,z,D)","p(y=1|x,u=1,z,D)","p(y=2|x,u=1,z,D)","p(y=0|x,u=2,z,D)","p(y=1|x,u=2,z,D)","p(y=2|x,u=2,z,D)","p(y=0|x,z,D)","p(y=1|x,z,D)","p(y=2|x,z,D)","H[p(u|z,D)]","Var[p(u|z,D)]","H[p(y|x,u=0,z,D)]","H[p(y|x,u=1,z,D)]","H[p(y|x,u=2,z,D)]","Var[p(y|x,u=0,z,D)]","Var[p(y|x,u=1,z,D)]","Var[p(y|x,u=2,z,D)]","H[p(y|x,D)]","Var[p(y|x,D)]",Va,Ve,Va_variance,Ve_variance,kl_pyx_pyxz,kl_pyxz_pyx,api_calls
-2.7,-2.9,x1 = -2.7; x2 = -2.9,-2.7,-2.9,x1 = -2.7; x2 = -2.9,0.15763531142258766,0.15890058291172196,0.6834641056656905,0.15763531142258766,0.15890058291172196,0.6834641056656905,0.637935950143435,0.06618305024733032,0.29588099960923464,0.13467412241085858,0.5517132848776702,0.31361259271147135,0.0761774168316918,0.06147706689688013,0.8623455162714281,0.1740255587895295,0.1401177168494634,0.6858567243610072,1.21711,0.5646,1.19281,1.38757,0.71458,0.81682,0.41627,0.32046,1.21711,0.5646,0.8969,0.3202099999999999,0.41393,0.15066999999999997,0.002007626730707366,0.0019848308868617884,52600
