z_x1,z_x2,z_note,x_x1,x_x2,x_note,"p(y=0|x,D)","p(y=1|x,D)","p(y=2|x,D)","p(u=0|z,D)","p(u=1|z,D)","p(u=2|z,D)","p(y=0|x,u=0,z,D)","p(y=1|x,u=0,z,D)","p(y=2|x,u=0,z,D)","p(y=0|x,u=1,z,D)","p(y=1|x,u=1,z,D)","p(y=2|x,u=1,z,D)","p(y=0|x,u=2,z,D)","p(y=1|x,u=2,z,D)","p(y=2|x,u=2,z,D)","p(y=0|x,z,D)","p(y=1|x,z,D)","p(y=2|x,z,D)","H[p(u|z,D)]","Var[p(u|z,D)]","H[p(y|x,u=0,z,D)]","H[p(y|x,u=1,z,D)]","H[p(y|x,u=2,z,D)]","Var[p(y|x,u=0,z,D)]","Var[p(y|x,u=1,z,D)]","Var[p(y|x,u=2,z,D)]","H[p(y|x,D)]","Var[p(y|x,D)]",Va,Ve,Va_variance,Ve_variance,kl_pyx_pyxz,kl_pyxz_pyx,api_calls
0.9,2.2,x1 = 0.9; x2 = 2.2,0.9,2.2,x1 = 0.9; x2 = 2.2,0.36334098434100476,0.288059405211223,0.34859961044777243,0.3680124681245279,0.2875205164641623,0.34446701541130975,0.6610352263406002,0.15881337998164707,0.18015139367775274,0.21043979375749194,0.5622360336080962,0.22732417263441182,0.20222122099207557,0.15979653775058308,0.6379822412573414,0.3734335037965973,0.2751443351280104,0.35142216107539226,1.57741,0.71193,1.26182,1.42609,1.30277,0.60994,0.43748,0.65032,1.57792,0.71172,1.32316,0.2547600000000001,0.57426,0.13746000000000003,0.0004474702271184102,0.00044423445376469547,39150
