z_x1,z_x2,z_note,x_x1,x_x2,x_note,"p(y=0|x,D)","p(y=1|x,D)","p(y=2|x,D)","p(u=0|z,D)","p(u=1|z,D)","p(u=2|z,D)","p(y=0|x,u=0,z,D)","p(y=1|x,u=0,z,D)","p(y=2|x,u=0,z,D)","p(y=0|x,u=1,z,D)","p(y=1|x,u=1,z,D)","p(y=2|x,u=1,z,D)","p(y=0|x,u=2,z,D)","p(y=1|x,u=2,z,D)","p(y=2|x,u=2,z,D)","p(y=0|x,z,D)","p(y=1|x,z,D)","p(y=2|x,z,D)","H[p(u|z,D)]","Var[p(u|z,D)]","H[p(y|x,u=0,z,D)]","H[p(y|x,u=1,z,D)]","H[p(y|x,u=2,z,D)]","Var[p(y|x,u=0,z,D)]","Var[p(y|x,u=1,z,D)]","Var[p(y|x,u=2,z,D)]","H[p(y|x,D)]","Var[p(y|x,D)]",Va,Ve,Va_variance,Ve_variance,kl_pyx_pyxz,kl_pyxz_pyx,api_calls
1.1,-1.2,x1 = 1.1; x2 = -1.2,1.1,-1.2,x1 = 1.1; x2 = -1.2,0.4824364353918155,0.24539877510843316,0.2721647894997513,0.4820919152734303,0.24548928461269823,0.27241880011387143,0.7858819428659766,0.10473655750265494,0.10938149963136841,0.2406390351095829,0.5936913270213262,0.1656696378690909,0.18538827186209142,0.16443337199628888,0.6501783561416198,0.4884448861698598,0.2410322486547364,0.27052286517540375,1.51597,0.71055,0.96333,1.37079,1.28282,0.43761,0.40069,0.61954,1.51567,0.71039,1.15039,0.36528000000000005,0.47811,0.23228,8.139591131890484e-05,8.130472597861352e-05,45450
