z_x1,z_x2,z_note,x_x1,x_x2,x_note,"p(y=0|x,D)","p(y=1|x,D)","p(y=2|x,D)","p(u=0|z,D)","p(u=1|z,D)","p(u=2|z,D)","p(y=0|x,u=0,z,D)","p(y=1|x,u=0,z,D)","p(y=2|x,u=0,z,D)","p(y=0|x,u=1,z,D)","p(y=1|x,u=1,z,D)","p(y=2|x,u=1,z,D)","p(y=0|x,u=2,z,D)","p(y=1|x,u=2,z,D)","p(y=2|x,u=2,z,D)","p(y=0|x,z,D)","p(y=1|x,z,D)","p(y=2|x,z,D)","H[p(u|z,D)]","Var[p(u|z,D)]","H[p(y|x,u=0,z,D)]","H[p(y|x,u=1,z,D)]","H[p(y|x,u=2,z,D)]","Var[p(y|x,u=0,z,D)]","Var[p(y|x,u=1,z,D)]","Var[p(y|x,u=2,z,D)]","H[p(y|x,D)]","Var[p(y|x,D)]",Va,Ve,Va_variance,Ve_variance,kl_pyx_pyxz,kl_pyxz_pyx,api_calls
3.6,-1.1,x1 = 3.6; x2 = -1.1,3.6,-1.1,x1 = 3.6; x2 = -1.1,0.89824594678725,0.053839817113591114,0.04791423609915873,0.89824594678725,0.053839817113591114,0.04791423609915873,0.9234024553833159,0.03851076942522685,0.038086775191457256,0.2755336923778606,0.6059114564637498,0.1185548511583896,0.2290133149955477,0.1107246423601465,0.660262042644306,0.8552501944522621,0.07251959120294524,0.07223021434479246,0.57604,0.2231,0.46667,1.31509,1.23397,0.17771,0.36945,0.7033,0.57604,0.2231,0.54911,0.02693000000000001,0.21322,0.00988,0.008356806916190236,0.009296167903722619,65500
