z_x1,z_x2,z_note,x_x1,x_x2,x_note,"p(y=0|x,D)","p(y=1|x,D)","p(y=2|x,D)","p(u=0|z,D)","p(u=1|z,D)","p(u=2|z,D)","p(y=0|x,u=0,z,D)","p(y=1|x,u=0,z,D)","p(y=2|x,u=0,z,D)","p(y=0|x,u=1,z,D)","p(y=1|x,u=1,z,D)","p(y=2|x,u=1,z,D)","p(y=0|x,u=2,z,D)","p(y=1|x,u=2,z,D)","p(y=2|x,u=2,z,D)","p(y=0|x,z,D)","p(y=1|x,z,D)","p(y=2|x,z,D)","H[p(u|z,D)]","Var[p(u|z,D)]","H[p(y|x,u=0,z,D)]","H[p(y|x,u=1,z,D)]","H[p(y|x,u=2,z,D)]","Var[p(y|x,u=0,z,D)]","Var[p(y|x,u=1,z,D)]","Var[p(y|x,u=2,z,D)]","H[p(y|x,D)]","Var[p(y|x,D)]",Va,Ve,Va_variance,Ve_variance,kl_pyx_pyxz,kl_pyxz_pyx,api_calls
-0.4,3.8,x1 = -0.4; x2 = 3.8,-0.4,3.8,x1 = -0.4; x2 = 3.8,0.30087893688300993,0.21770836771008145,0.4814126954069087,0.30087893688300993,0.21770836771008145,0.4814126954069087,0.7673424184575623,0.09508827465571171,0.13756930688672572,0.12701210441911293,0.6392164839037302,0.23377141167715684,0.09169956093890369,0.08030079188017995,0.8279996471809165,0.30267410182248433,0.2064306569748555,0.49089524120266026,1.50793,0.7497,1.00965,1.28098,0.83372,0.5083,0.34939,0.37756,1.50793,0.7497,0.98403,0.5239,0.41076,0.33894,0.00040011612811016034,0.0003954101380111343,67950
