z_x1,z_x2,z_note,x_x1,x_x2,x_note,"p(y=0|x,D)","p(y=1|x,D)","p(y=2|x,D)","p(u=0|z,D)","p(u=1|z,D)","p(u=2|z,D)","p(y=0|x,u=0,z,D)","p(y=1|x,u=0,z,D)","p(y=2|x,u=0,z,D)","p(y=0|x,u=1,z,D)","p(y=1|x,u=1,z,D)","p(y=2|x,u=1,z,D)","p(y=0|x,u=2,z,D)","p(y=1|x,u=2,z,D)","p(y=2|x,u=2,z,D)","p(y=0|x,z,D)","p(y=1|x,z,D)","p(y=2|x,z,D)","H[p(u|z,D)]","Var[p(u|z,D)]","H[p(y|x,u=0,z,D)]","H[p(y|x,u=1,z,D)]","H[p(y|x,u=2,z,D)]","Var[p(y|x,u=0,z,D)]","Var[p(y|x,u=1,z,D)]","Var[p(y|x,u=2,z,D)]","H[p(y|x,D)]","Var[p(y|x,D)]",Va,Ve,Va_variance,Ve_variance,kl_pyx_pyxz,kl_pyxz_pyx,api_calls
-3.8,-1.7,x1 = -3.8; x2 = -1.7,-3.8,-1.7,x1 = -3.8; x2 = -1.7,0.3123455563524055,0.14361765920110697,0.5440367844464875,0.3100494082241149,0.1440365367724373,0.5459140550034478,0.7844440043019404,0.06363711679719417,0.1519188789008655,0.14564598945700502,0.6407973061991958,0.21355670434379914,0.09531978643070452,0.07350675124706227,0.8311734623222332,0.3162311543674021,0.15215724380551168,0.5316116018270862,1.40318,0.80033,0.94066,1.2919,0.8218,0.53627,0.35459,0.38501,1.40423,0.8027,0.92636,0.47787000000000013,0.42753,0.37516999999999995,0.0004123051562764449,0.00041604679562611685,9200
