z_x1,z_x2,z_note,x_x1,x_x2,x_note,"p(y=0|x,D)","p(y=1|x,D)","p(y=2|x,D)","p(u=0|z,D)","p(u=1|z,D)","p(u=2|z,D)","p(y=0|x,u=0,z,D)","p(y=1|x,u=0,z,D)","p(y=2|x,u=0,z,D)","p(y=0|x,u=1,z,D)","p(y=1|x,u=1,z,D)","p(y=2|x,u=1,z,D)","p(y=0|x,u=2,z,D)","p(y=1|x,u=2,z,D)","p(y=2|x,u=2,z,D)","p(y=0|x,z,D)","p(y=1|x,z,D)","p(y=2|x,z,D)","H[p(u|z,D)]","Var[p(u|z,D)]","H[p(y|x,u=0,z,D)]","H[p(y|x,u=1,z,D)]","H[p(y|x,u=2,z,D)]","Var[p(y|x,u=0,z,D)]","Var[p(y|x,u=1,z,D)]","Var[p(y|x,u=2,z,D)]","H[p(y|x,D)]","Var[p(y|x,D)]",Va,Ve,Va_variance,Ve_variance,kl_pyx_pyxz,kl_pyxz_pyx,api_calls
-1.7,2.2,x1 = -1.7; x2 = 2.2,-1.7,2.2,x1 = -1.7; x2 = 2.2,0.31358980369172573,0.20866977474412604,0.4777404215641482,0.31358980369172573,0.20866977474412604,0.4777404215641482,0.6868629983433638,0.111901770890334,0.20123523076630218,0.1642389525776172,0.5946764174162673,0.2410846300061154,0.12793254423470962,0.10144064178578378,0.7706268139795066,0.3107834856666524,0.2076445434046308,0.48157197092871684,1.50552,0.76438,1.19126,1.36873,1.00408,0.65226,0.39942,0.4855,1.50552,0.76438,1.13887,0.3666499999999999,0.51983,0.24454999999999993,3.0442292157395814e-05,3.0441100844489418e-05,15150
