z_x1,z_x2,z_note,x_x1,x_x2,x_note,"p(y=0|x,D)","p(y=1|x,D)","p(y=2|x,D)","p(u=0|z,D)","p(u=1|z,D)","p(u=2|z,D)","p(y=0|x,u=0,z,D)","p(y=1|x,u=0,z,D)","p(y=2|x,u=0,z,D)","p(y=0|x,u=1,z,D)","p(y=1|x,u=1,z,D)","p(y=2|x,u=1,z,D)","p(y=0|x,u=2,z,D)","p(y=1|x,u=2,z,D)","p(y=2|x,u=2,z,D)","p(y=0|x,z,D)","p(y=1|x,z,D)","p(y=2|x,z,D)","H[p(u|z,D)]","Var[p(u|z,D)]","H[p(y|x,u=0,z,D)]","H[p(y|x,u=1,z,D)]","H[p(y|x,u=2,z,D)]","Var[p(y|x,u=0,z,D)]","Var[p(y|x,u=1,z,D)]","Var[p(y|x,u=2,z,D)]","H[p(y|x,D)]","Var[p(y|x,D)]",Va,Ve,Va_variance,Ve_variance,kl_pyx_pyxz,kl_pyxz_pyx,api_calls
4.0,-1.1,x1 = 4.0; x2 = -1.1,4.0,-1.1,x1 = 4.0; x2 = -1.1,0.897032187750216,0.054352326445396226,0.04861548580438796,0.895996416143028,0.05466960218008136,0.04933398167689075,0.9194021006334904,0.04212014714562515,0.03847775222088462,0.217673799693131,0.6593261495115085,0.12300005079536054,0.17628071374231577,0.11457009256763573,0.7091491936900486,0.8443777566979819,0.07943679803806755,0.07618544526395093,0.58537,0.22849,0.48476,1.24691,1.15115,0.18185,0.33171,0.60148,0.58107,0.22584,0.5593,0.021769999999999956,0.21074,0.015100000000000002,0.011798302589630875,0.013290975950077749,81500
