z_x1,z_x2,z_note,x_x1,x_x2,x_note,"p(y=0|x,D)","p(y=1|x,D)","p(y=2|x,D)","p(u=0|z,D)","p(u=1|z,D)","p(u=2|z,D)","p(y=0|x,u=0,z,D)","p(y=1|x,u=0,z,D)","p(y=2|x,u=0,z,D)","p(y=0|x,u=1,z,D)","p(y=1|x,u=1,z,D)","p(y=2|x,u=1,z,D)","p(y=0|x,u=2,z,D)","p(y=1|x,u=2,z,D)","p(y=2|x,u=2,z,D)","p(y=0|x,z,D)","p(y=1|x,z,D)","p(y=2|x,z,D)","H[p(u|z,D)]","Var[p(u|z,D)]","H[p(y|x,u=0,z,D)]","H[p(y|x,u=1,z,D)]","H[p(y|x,u=2,z,D)]","Var[p(y|x,u=0,z,D)]","Var[p(y|x,u=1,z,D)]","Var[p(y|x,u=2,z,D)]","H[p(y|x,D)]","Var[p(y|x,D)]",Va,Ve,Va_variance,Ve_variance,kl_pyx_pyxz,kl_pyxz_pyx,api_calls
3.5,2.9,x1 = 3.5; x2 = 2.9,3.5,2.9,x1 = 3.5; x2 = 2.9,0.41709540628964936,0.32405926916762645,0.25884532454272413,0.4160346825853193,0.32872452121410145,0.25524079620057916,0.875722318343114,0.06976540527684234,0.05451227638004358,0.1326754696913038,0.7343499035280383,0.13297462678065788,0.10181475079504945,0.11434182440858161,0.783843424796369,0.4339318150537792,0.29960834698173644,0.26645983796448425,1.55684,0.64542,0.66446,1.1008,0.96872,0.25585,0.26565,0.4205,1.55771,0.6509,0.88556,0.6721499999999999,0.3011,0.34980000000000006,0.0014124117295232818,0.001392794845931281,63500
