z_x1,z_x2,z_note,x_x1,x_x2,x_note,"p(y=0|x,D)","p(y=1|x,D)","p(y=2|x,D)","p(u=0|z,D)","p(u=1|z,D)","p(u=2|z,D)","p(y=0|x,u=0,z,D)","p(y=1|x,u=0,z,D)","p(y=2|x,u=0,z,D)","p(y=0|x,u=1,z,D)","p(y=1|x,u=1,z,D)","p(y=2|x,u=1,z,D)","p(y=0|x,u=2,z,D)","p(y=1|x,u=2,z,D)","p(y=2|x,u=2,z,D)","p(y=0|x,z,D)","p(y=1|x,z,D)","p(y=2|x,z,D)","H[p(u|z,D)]","Var[p(u|z,D)]","H[p(y|x,u=0,z,D)]","H[p(y|x,u=1,z,D)]","H[p(y|x,u=2,z,D)]","Var[p(y|x,u=0,z,D)]","Var[p(y|x,u=1,z,D)]","Var[p(y|x,u=2,z,D)]","H[p(y|x,D)]","Var[p(y|x,D)]",Va,Ve,Va_variance,Ve_variance,kl_pyx_pyxz,kl_pyxz_pyx,api_calls
-2.4,0.0,x1 = -2.4; x2 = 0.0,-2.4,0.0,x1 = -2.4; x2 = 0.0,0.3550903936306956,0.2993857921089359,0.34552381426036854,0.353321520125218,0.29364326064292023,0.3530352192318618,0.7138277450771063,0.13693335261362732,0.14923890230926629,0.20118765722092485,0.6040332065154994,0.19477913626357585,0.14994517609911834,0.1303307780418883,0.7197240458589933,0.3642240317825748,0.27176313539777613,0.3640128328196492,1.57974,0.70636,1.14952,1.36443,1.13511,0.54431,0.39593,0.54502,1.58106,0.70052,1.20754,0.37351999999999985,0.50099,0.19952999999999999,0.0019517318768012895,0.001917952987088991,66050
