z_x1,z_x2,z_note,x_x1,x_x2,x_note,"p(y=0|x,D)","p(y=1|x,D)","p(y=2|x,D)","p(u=0|z,D)","p(u=1|z,D)","p(u=2|z,D)","p(y=0|x,u=0,z,D)","p(y=1|x,u=0,z,D)","p(y=2|x,u=0,z,D)","p(y=0|x,u=1,z,D)","p(y=1|x,u=1,z,D)","p(y=2|x,u=1,z,D)","p(y=0|x,u=2,z,D)","p(y=1|x,u=2,z,D)","p(y=2|x,u=2,z,D)","p(y=0|x,z,D)","p(y=1|x,z,D)","p(y=2|x,z,D)","H[p(u|z,D)]","Var[p(u|z,D)]","H[p(y|x,u=0,z,D)]","H[p(y|x,u=1,z,D)]","H[p(y|x,u=2,z,D)]","Var[p(y|x,u=0,z,D)]","Var[p(y|x,u=1,z,D)]","Var[p(y|x,u=2,z,D)]","H[p(y|x,D)]","Var[p(y|x,D)]",Va,Ve,Va_variance,Ve_variance,kl_pyx_pyxz,kl_pyxz_pyx,api_calls
-3.3,-3.2,x1 = -3.3; x2 = -3.2,-3.3,-3.2,x1 = -3.3; x2 = -3.2,0.234751988028649,0.1599877250066151,0.605260286964736,0.2349152187541345,0.1588851685879786,0.606199612657887,0.8142600782766165,0.05148344664299004,0.13425647508039346,0.11448462617316053,0.6569376191661771,0.22857775466066227,0.062210992608809045,0.05427169293264501,0.883517314458546,0.24718427316388708,0.14937136873741533,0.6034443580986977,1.35035,0.70326,0.85065,1.24288,0.63526,0.48611,0.33005,0.27118,1.35225,0.70274,0.7824,0.56985,0.33102,0.37172000000000005,0.0006893896301203898,0.0006865636016641604,28450
