z_x1,z_x2,z_note,x_x1,x_x2,x_note,"p(y=0|x,D)","p(y=1|x,D)","p(y=2|x,D)","p(u=0|z,D)","p(u=1|z,D)","p(u=2|z,D)","p(y=0|x,u=0,z,D)","p(y=1|x,u=0,z,D)","p(y=2|x,u=0,z,D)","p(y=0|x,u=1,z,D)","p(y=1|x,u=1,z,D)","p(y=2|x,u=1,z,D)","p(y=0|x,u=2,z,D)","p(y=1|x,u=2,z,D)","p(y=2|x,u=2,z,D)","p(y=0|x,z,D)","p(y=1|x,z,D)","p(y=2|x,z,D)","H[p(u|z,D)]","Var[p(u|z,D)]","H[p(y|x,u=0,z,D)]","H[p(y|x,u=1,z,D)]","H[p(y|x,u=2,z,D)]","Var[p(y|x,u=0,z,D)]","Var[p(y|x,u=1,z,D)]","Var[p(y|x,u=2,z,D)]","H[p(y|x,D)]","Var[p(y|x,D)]",Va,Ve,Va_variance,Ve_variance,kl_pyx_pyxz,kl_pyxz_pyx,api_calls
-0.7,-4.0,x1 = -0.7; x2 = -4.0,-0.7,-4.0,x1 = -0.7; x2 = -4.0,0.2721336030051567,0.33734625146645153,0.3905201455283917,0.27202083260901466,0.33718217382768156,0.3907969935633038,0.7956655807060371,0.09072877912029553,0.11360564017366734,0.133274839569798,0.6689695659510553,0.19775559447914656,0.0968002293493599,0.11818050490322415,0.7850192657474159,0.2992047524706395,0.2964293165238129,0.4043659310055475,1.56948,0.64871,0.933,1.23789,0.96434,0.44407,0.32687,0.40817,1.56957,0.64864,1.04805,0.52152,0.39052,0.25812,0.004205450194411852,0.004134841750870878,52050
