z_x1,z_x2,z_note,x_x1,x_x2,x_note,"p(y=0|x,D)","p(y=1|x,D)","p(y=2|x,D)","p(u=0|z,D)","p(u=1|z,D)","p(u=2|z,D)","p(y=0|x,u=0,z,D)","p(y=1|x,u=0,z,D)","p(y=2|x,u=0,z,D)","p(y=0|x,u=1,z,D)","p(y=1|x,u=1,z,D)","p(y=2|x,u=1,z,D)","p(y=0|x,u=2,z,D)","p(y=1|x,u=2,z,D)","p(y=2|x,u=2,z,D)","p(y=0|x,z,D)","p(y=1|x,z,D)","p(y=2|x,z,D)","H[p(u|z,D)]","Var[p(u|z,D)]","H[p(y|x,u=0,z,D)]","H[p(y|x,u=1,z,D)]","H[p(y|x,u=2,z,D)]","Var[p(y|x,u=0,z,D)]","Var[p(y|x,u=1,z,D)]","Var[p(y|x,u=2,z,D)]","H[p(y|x,D)]","Var[p(y|x,D)]",Va,Ve,Va_variance,Ve_variance,kl_pyx_pyxz,kl_pyxz_pyx,api_calls
-1.9,1.1,x1 = -1.9; x2 = 1.1,-1.9,1.1,x1 = -1.9; x2 = 1.1,0.2676495430045186,0.29641418455208746,0.43593627244339395,0.2676495430045186,0.29641418455208746,0.43593627244339395,0.639740702771093,0.15549973721656124,0.20475956001234583,0.16943555486147927,0.6043864025812938,0.22617804255722693,0.14714311062944246,0.1526209504415291,0.7002359389290286,0.28559442772999355,0.2873011445110874,0.4271044277589192,1.55113,0.67527,1.29828,1.35805,1.18069,0.65529,0.39239,0.54147,1.55113,0.67527,1.26473,0.2864,0.52774,0.14753000000000005,0.0008096803373241687,0.0008201769171930044,6600
