z_x1,z_x2,z_note,x_x1,x_x2,x_note,"p(y=0|x,D)","p(y=1|x,D)","p(y=2|x,D)","p(u=0|z,D)","p(u=1|z,D)","p(u=2|z,D)","p(y=0|x,u=0,z,D)","p(y=1|x,u=0,z,D)","p(y=2|x,u=0,z,D)","p(y=0|x,u=1,z,D)","p(y=1|x,u=1,z,D)","p(y=2|x,u=1,z,D)","p(y=0|x,u=2,z,D)","p(y=1|x,u=2,z,D)","p(y=2|x,u=2,z,D)","p(y=0|x,z,D)","p(y=1|x,z,D)","p(y=2|x,z,D)","H[p(u|z,D)]","Var[p(u|z,D)]","H[p(y|x,u=0,z,D)]","H[p(y|x,u=1,z,D)]","H[p(y|x,u=2,z,D)]","Var[p(y|x,u=0,z,D)]","Var[p(y|x,u=1,z,D)]","Var[p(y|x,u=2,z,D)]","H[p(y|x,D)]","Var[p(y|x,D)]",Va,Ve,Va_variance,Ve_variance,kl_pyx_pyxz,kl_pyxz_pyx,api_calls
-2.0,3.6,x1 = -2.0; x2 = 3.6,-2.0,3.6,x1 = -2.0; x2 = 3.6,0.2733783810097957,0.21118425211182404,0.5154373668783803,0.2763752136584045,0.2146020454525052,0.5090227408890902,0.8496864329572441,0.05996295887395918,0.09035060816879678,0.11086071338596934,0.7024100751959589,0.18672921141807192,0.07439540260154913,0.07569766716460302,0.8499069302338478,0.2964921570459468,0.20584274847291767,0.4976650944811355,1.48512,0.73127,0.75648,1.16181,0.76016,0.36345,0.29183,0.32288,1.4781,0.73022,0.84534,0.63276,0.32743,0.40279,0.00130765187483229,0.0013287953413819442,83850
