z_x1,z_x2,z_note,x_x1,x_x2,x_note,"p(y=0|x,D)","p(y=1|x,D)","p(y=2|x,D)","p(u=0|z,D)","p(u=1|z,D)","p(u=2|z,D)","p(y=0|x,u=0,z,D)","p(y=1|x,u=0,z,D)","p(y=2|x,u=0,z,D)","p(y=0|x,u=1,z,D)","p(y=1|x,u=1,z,D)","p(y=2|x,u=1,z,D)","p(y=0|x,u=2,z,D)","p(y=1|x,u=2,z,D)","p(y=2|x,u=2,z,D)","p(y=0|x,z,D)","p(y=1|x,z,D)","p(y=2|x,z,D)","H[p(u|z,D)]","Var[p(u|z,D)]","H[p(y|x,u=0,z,D)]","H[p(y|x,u=1,z,D)]","H[p(y|x,u=2,z,D)]","Var[p(y|x,u=0,z,D)]","Var[p(y|x,u=1,z,D)]","Var[p(y|x,u=2,z,D)]","H[p(y|x,D)]","Var[p(y|x,D)]",Va,Ve,Va_variance,Ve_variance,kl_pyx_pyxz,kl_pyxz_pyx,api_calls
-3.4,-3.0,x1 = -3.4; x2 = -3.0,-3.4,-3.0,x1 = -3.4; x2 = -3.0,0.24111094679715528,0.1594397724585527,0.5994492807442919,0.24664981611578002,0.15915535499532324,0.5941948288888967,0.8086469363427813,0.05487728195745813,0.13647578169976046,0.12089084875403582,0.6572688936656974,0.22184025758026676,0.07098953448437778,0.060342930959722374,0.8686675345558997,0.26087465839651763,0.15399879313875503,0.5851265484647272,1.36634,0.72006,0.86972,1.24837,0.69179,0.49331,0.33254,0.30337,1.35973,0.71215,0.82426,0.5354700000000001,0.35486,0.35728999999999994,0.0010371886327104566,0.0010551419443552857,24550
