z_x1,z_x2,z_note,x_x1,x_x2,x_note,"p(y=0|x,D)","p(y=1|x,D)","p(y=2|x,D)","p(u=0|z,D)","p(u=1|z,D)","p(u=2|z,D)","p(y=0|x,u=0,z,D)","p(y=1|x,u=0,z,D)","p(y=2|x,u=0,z,D)","p(y=0|x,u=1,z,D)","p(y=1|x,u=1,z,D)","p(y=2|x,u=1,z,D)","p(y=0|x,u=2,z,D)","p(y=1|x,u=2,z,D)","p(y=2|x,u=2,z,D)","p(y=0|x,z,D)","p(y=1|x,z,D)","p(y=2|x,z,D)","H[p(u|z,D)]","Var[p(u|z,D)]","H[p(y|x,u=0,z,D)]","H[p(y|x,u=1,z,D)]","H[p(y|x,u=2,z,D)]","Var[p(y|x,u=0,z,D)]","Var[p(y|x,u=1,z,D)]","Var[p(y|x,u=2,z,D)]","H[p(y|x,D)]","Var[p(y|x,D)]",Va,Ve,Va_variance,Ve_variance,kl_pyx_pyxz,kl_pyxz_pyx,api_calls
4.0,-3.9,x1 = 4.0; x2 = -3.9,4.0,-3.9,x1 = 4.0; x2 = -3.9,0.6416440975964663,0.17499496780965412,0.18336093459387942,0.639170781269573,0.17550006856982936,0.18532915016059764,0.9228296750491903,0.04015070104009897,0.037019623910710724,0.16926225190420652,0.7046548014765742,0.12608294661921934,0.12217849806775054,0.09689328561266125,0.7809282163195882,0.6421945384102036,0.16728727120838197,0.19051819038141452,1.30401,0.61853,0.46921,1.1663,0.97543,0.17519,0.29348,0.46916,1.29953,0.61498,0.68537,0.61416,0.25043,0.36455,0.00031128989186237927,0.0003104324959076008,80100
