z_x1,z_x2,z_note,x_x1,x_x2,x_note,"p(y=0|x,D)","p(y=1|x,D)","p(y=2|x,D)","p(u=0|z,D)","p(u=1|z,D)","p(u=2|z,D)","p(y=0|x,u=0,z,D)","p(y=1|x,u=0,z,D)","p(y=2|x,u=0,z,D)","p(y=0|x,u=1,z,D)","p(y=1|x,u=1,z,D)","p(y=2|x,u=1,z,D)","p(y=0|x,u=2,z,D)","p(y=1|x,u=2,z,D)","p(y=2|x,u=2,z,D)","p(y=0|x,z,D)","p(y=1|x,z,D)","p(y=2|x,z,D)","H[p(u|z,D)]","Var[p(u|z,D)]","H[p(y|x,u=0,z,D)]","H[p(y|x,u=1,z,D)]","H[p(y|x,u=2,z,D)]","Var[p(y|x,u=0,z,D)]","Var[p(y|x,u=1,z,D)]","Var[p(y|x,u=2,z,D)]","H[p(y|x,D)]","Var[p(y|x,D)]",Va,Ve,Va_variance,Ve_variance,kl_pyx_pyxz,kl_pyxz_pyx,api_calls
0.9,2.4,x1 = 0.9; x2 = 2.4,0.9,2.4,x1 = 0.9; x2 = 2.4,0.3452609314479963,0.29504860770384833,0.3596904608481554,0.34901447694412463,0.29148442644257744,0.359501096613298,0.6588272952966421,0.1688718735285611,0.17230083117479683,0.18352300378310898,0.5864953460433278,0.22998165017356337,0.17847545121041364,0.1555858655407976,0.6659386832487887,0.3475964817899052,0.28582627744227135,0.3665772407678235,1.57903,0.70841,1.26708,1.38804,1.25195,0.59442,0.41135,0.60679,1.57989,0.70474,1.2969,0.2829900000000001,0.5455,0.15924000000000005,0.00022016974213277547,0.00021905028163581464,39250
