z_x1,z_x2,z_note,x_x1,x_x2,x_note,"p(y=0|x,D)","p(y=1|x,D)","p(y=2|x,D)","p(u=0|z,D)","p(u=1|z,D)","p(u=2|z,D)","p(y=0|x,u=0,z,D)","p(y=1|x,u=0,z,D)","p(y=2|x,u=0,z,D)","p(y=0|x,u=1,z,D)","p(y=1|x,u=1,z,D)","p(y=2|x,u=1,z,D)","p(y=0|x,u=2,z,D)","p(y=1|x,u=2,z,D)","p(y=2|x,u=2,z,D)","p(y=0|x,z,D)","p(y=1|x,z,D)","p(y=2|x,z,D)","H[p(u|z,D)]","Var[p(u|z,D)]","H[p(y|x,u=0,z,D)]","H[p(y|x,u=1,z,D)]","H[p(y|x,u=2,z,D)]","Var[p(y|x,u=0,z,D)]","Var[p(y|x,u=1,z,D)]","Var[p(y|x,u=2,z,D)]","H[p(y|x,D)]","Var[p(y|x,D)]",Va,Ve,Va_variance,Ve_variance,kl_pyx_pyxz,kl_pyxz_pyx,api_calls
2.4,3.4,x1 = 2.4; x2 = 3.4,2.4,3.4,x1 = 2.4; x2 = 3.4,0.3269481531388424,0.3506414185592746,0.32241042830188305,0.3245760508127043,0.3553864721832002,0.32003747700409557,0.8398299423186038,0.08981043498619548,0.07035962269520082,0.1401133867912168,0.699831455828891,0.16005515737989226,0.11312636455187634,0.11796228291038073,0.7689113525377428,0.35858776456323244,0.31561329992373466,0.3257989355130329,1.58338,0.64459,0.79318,1.18071,1.01092,0.3181,0.29977,0.45198,1.58398,0.64934,1.00059,0.5833899999999999,0.35443,0.29491,0.003332111655117597,0.003312506813721383,19750
