z_x1,z_x2,z_note,x_x1,x_x2,x_note,"p(y=0|x,D)","p(y=1|x,D)","p(y=2|x,D)","p(u=0|z,D)","p(u=1|z,D)","p(u=2|z,D)","p(y=0|x,u=0,z,D)","p(y=1|x,u=0,z,D)","p(y=2|x,u=0,z,D)","p(y=0|x,u=1,z,D)","p(y=1|x,u=1,z,D)","p(y=2|x,u=1,z,D)","p(y=0|x,u=2,z,D)","p(y=1|x,u=2,z,D)","p(y=2|x,u=2,z,D)","p(y=0|x,z,D)","p(y=1|x,z,D)","p(y=2|x,z,D)","H[p(u|z,D)]","Var[p(u|z,D)]","H[p(y|x,u=0,z,D)]","H[p(y|x,u=1,z,D)]","H[p(y|x,u=2,z,D)]","Var[p(y|x,u=0,z,D)]","Var[p(y|x,u=1,z,D)]","Var[p(y|x,u=2,z,D)]","H[p(y|x,D)]","Var[p(y|x,D)]",Va,Ve,Va_variance,Ve_variance,kl_pyx_pyxz,kl_pyxz_pyx,api_calls
-0.8,0.8,x1 = -0.8; x2 = 0.8,-0.8,0.8,x1 = -0.8; x2 = 0.8,0.21856516774435727,0.30243574284574304,0.4789990894098997,0.21856516779042362,0.30243574280139024,0.47899908940818625,0.7189830738528614,0.14359361800030274,0.13742330814683584,0.12276653958833901,0.6688207787821643,0.20841268162949667,0.10746195949856219,0.1362937804740071,0.7562442600274306,0.24574782651251145,0.29894446898290694,0.4553077045045817,1.50995,0.62974,1.13775,1.23115,1.04252,0.51819,0.32384,0.44279,1.50995,0.62974,1.12038,0.38956999999999997,0.4233,0.20643999999999996,0.002188342564516884,0.0022403429339887745,50450
