z_x1,z_x2,z_note,x_x1,x_x2,x_note,"p(y=0|x,D)","p(y=1|x,D)","p(y=2|x,D)","p(u=0|z,D)","p(u=1|z,D)","p(u=2|z,D)","p(y=0|x,u=0,z,D)","p(y=1|x,u=0,z,D)","p(y=2|x,u=0,z,D)","p(y=0|x,u=1,z,D)","p(y=1|x,u=1,z,D)","p(y=2|x,u=1,z,D)","p(y=0|x,u=2,z,D)","p(y=1|x,u=2,z,D)","p(y=2|x,u=2,z,D)","p(y=0|x,z,D)","p(y=1|x,z,D)","p(y=2|x,z,D)","H[p(u|z,D)]","Var[p(u|z,D)]","H[p(y|x,u=0,z,D)]","H[p(y|x,u=1,z,D)]","H[p(y|x,u=2,z,D)]","Var[p(y|x,u=0,z,D)]","Var[p(y|x,u=1,z,D)]","Var[p(y|x,u=2,z,D)]","H[p(y|x,D)]","Var[p(y|x,D)]",Va,Ve,Va_variance,Ve_variance,kl_pyx_pyxz,kl_pyxz_pyx,api_calls
-2.2,0.2,x1 = -2.2; x2 = 0.2,-2.2,0.2,x1 = -2.2; x2 = 0.2,0.3631452312475501,0.35485959273235723,0.2819951760200926,0.36043258064441036,0.3566400012799221,0.2829274180756675,0.6210761935217647,0.22229073541467087,0.15663307106356442,0.23013845116217216,0.5870074607586644,0.18285408807916342,0.22815115591941618,0.2257881774326771,0.5460606666479068,0.3704828902001527,0.35335283104818555,0.2761642787516617,1.57647,0.63735,1.32795,1.38712,1.4478,0.562,0.41076,0.67315,1.57609,0.63856,1.38296,0.19313000000000002,0.53951,0.09904999999999997,0.00013748381479981777,0.00013754440346351333,74150
