z_x1,z_x2,z_note,x_x1,x_x2,x_note,"p(y=0|x,D)","p(y=1|x,D)","p(y=2|x,D)","p(u=0|z,D)","p(u=1|z,D)","p(u=2|z,D)","p(y=0|x,u=0,z,D)","p(y=1|x,u=0,z,D)","p(y=2|x,u=0,z,D)","p(y=0|x,u=1,z,D)","p(y=1|x,u=1,z,D)","p(y=2|x,u=1,z,D)","p(y=0|x,u=2,z,D)","p(y=1|x,u=2,z,D)","p(y=2|x,u=2,z,D)","p(y=0|x,z,D)","p(y=1|x,z,D)","p(y=2|x,z,D)","H[p(u|z,D)]","Var[p(u|z,D)]","H[p(y|x,u=0,z,D)]","H[p(y|x,u=1,z,D)]","H[p(y|x,u=2,z,D)]","Var[p(y|x,u=0,z,D)]","Var[p(y|x,u=1,z,D)]","Var[p(y|x,u=2,z,D)]","H[p(y|x,D)]","Var[p(y|x,D)]",Va,Ve,Va_variance,Ve_variance,kl_pyx_pyxz,kl_pyxz_pyx,api_calls
-3.6,-0.5,x1 = -3.6; x2 = -0.5,-3.6,-0.5,x1 = -3.6; x2 = -0.5,0.32549411088533653,0.1299420984929248,0.5445637906217387,0.3340985406727214,0.1301122342133195,0.5357892251139591,0.817663244175645,0.0536714034636029,0.1286653523607521,0.15112748932795542,0.6393895150950719,0.20948299557697286,0.0947279023027056,0.07373040001819588,0.8315416976790985,0.3435978212997533,0.14062788980772875,0.5157742888925179,1.39359,0.82921,0.84458,1.29696,0.82073,0.47161,0.35721,0.38338,1.38712,0.82207,0.89066,0.4964599999999999,0.40945,0.41262,0.001691154371685842,0.001696960609289845,17800
