z_x1,z_x2,z_note,x_x1,x_x2,x_note,"p(y=0|x,D)","p(y=1|x,D)","p(y=2|x,D)","p(u=0|z,D)","p(u=1|z,D)","p(u=2|z,D)","p(y=0|x,u=0,z,D)","p(y=1|x,u=0,z,D)","p(y=2|x,u=0,z,D)","p(y=0|x,u=1,z,D)","p(y=1|x,u=1,z,D)","p(y=2|x,u=1,z,D)","p(y=0|x,u=2,z,D)","p(y=1|x,u=2,z,D)","p(y=2|x,u=2,z,D)","p(y=0|x,z,D)","p(y=1|x,z,D)","p(y=2|x,z,D)","H[p(u|z,D)]","Var[p(u|z,D)]","H[p(y|x,u=0,z,D)]","H[p(y|x,u=1,z,D)]","H[p(y|x,u=2,z,D)]","Var[p(y|x,u=0,z,D)]","Var[p(y|x,u=1,z,D)]","Var[p(y|x,u=2,z,D)]","H[p(y|x,D)]","Var[p(y|x,D)]",Va,Ve,Va_variance,Ve_variance,kl_pyx_pyxz,kl_pyxz_pyx,api_calls
1.2,-2.6,x1 = 1.2; x2 = -2.6,1.2,-2.6,x1 = 1.2; x2 = -2.6,0.7850193687518753,0.1432509980014149,0.0717296332467098,0.7926087559892139,0.13722156294272042,0.07016968106806579,0.8903277861624673,0.06559294650476513,0.04407926733276751,0.3745502891226825,0.5379897183770094,0.08745999250030814,0.27804987561143024,0.13173308293855845,0.5902170414500114,0.7765886461795959,0.13505700214952787,0.08835435167087641,0.92794,0.34086,0.60553,1.31924,1.34764,0.21827,0.37959,0.77082,0.94838,0.34797,0.75554,0.19284,0.27918,0.06879000000000002,0.0019618545443302673,0.0020772621735305648,48750
