z_x1,z_x2,z_note,x_x1,x_x2,x_note,"p(y=0|x,D)","p(y=1|x,D)","p(y=2|x,D)","p(u=0|z,D)","p(u=1|z,D)","p(u=2|z,D)","p(y=0|x,u=0,z,D)","p(y=1|x,u=0,z,D)","p(y=2|x,u=0,z,D)","p(y=0|x,u=1,z,D)","p(y=1|x,u=1,z,D)","p(y=2|x,u=1,z,D)","p(y=0|x,u=2,z,D)","p(y=1|x,u=2,z,D)","p(y=2|x,u=2,z,D)","p(y=0|x,z,D)","p(y=1|x,z,D)","p(y=2|x,z,D)","H[p(u|z,D)]","Var[p(u|z,D)]","H[p(y|x,u=0,z,D)]","H[p(y|x,u=1,z,D)]","H[p(y|x,u=2,z,D)]","Var[p(y|x,u=0,z,D)]","Var[p(y|x,u=1,z,D)]","Var[p(y|x,u=2,z,D)]","H[p(y|x,D)]","Var[p(y|x,D)]",Va,Ve,Va_variance,Ve_variance,kl_pyx_pyxz,kl_pyxz_pyx,api_calls
-0.1,-2.9,x1 = -0.1; x2 = -2.9,-0.1,-2.9,x1 = -0.1; x2 = -2.9,0.21507578496849739,0.42255948217615147,0.36236473285535115,0.21430977906815135,0.43299781951939187,0.3526924014124567,0.7444542949198739,0.14440340294518894,0.11114230213493706,0.12782923321746936,0.6961903632035709,0.17598040357895978,0.10188221876761727,0.1894275535552129,0.7086902276771698,0.2508266991229948,0.3992056293765071,0.34996767150049796,1.5294,0.54785,1.07236,1.18418,1.14244,0.45451,0.30149,0.44236,1.53266,0.55575,1.14549,0.38717,0.38397,0.17178,0.003565513475464313,0.003691266727058504,76600
