z_x1,z_x2,z_note,x_x1,x_x2,x_note,"p(y=0|x,D)","p(y=1|x,D)","p(y=2|x,D)","p(u=0|z,D)","p(u=1|z,D)","p(u=2|z,D)","p(y=0|x,u=0,z,D)","p(y=1|x,u=0,z,D)","p(y=2|x,u=0,z,D)","p(y=0|x,u=1,z,D)","p(y=1|x,u=1,z,D)","p(y=2|x,u=1,z,D)","p(y=0|x,u=2,z,D)","p(y=1|x,u=2,z,D)","p(y=2|x,u=2,z,D)","p(y=0|x,z,D)","p(y=1|x,z,D)","p(y=2|x,z,D)","H[p(u|z,D)]","Var[p(u|z,D)]","H[p(y|x,u=0,z,D)]","H[p(y|x,u=1,z,D)]","H[p(y|x,u=2,z,D)]","Var[p(y|x,u=0,z,D)]","Var[p(y|x,u=1,z,D)]","Var[p(y|x,u=2,z,D)]","H[p(y|x,D)]","Var[p(y|x,D)]",Va,Ve,Va_variance,Ve_variance,kl_pyx_pyxz,kl_pyxz_pyx,api_calls
-2.6,1.7,x1 = -2.6; x2 = 1.7,-2.6,1.7,x1 = -2.6; x2 = 1.7,0.20144763470002497,0.14369006673241813,0.6548622985675568,0.2012656386708259,0.14206436351570417,0.6566699978134699,0.6218660670976257,0.07814443193620509,0.29998950096616916,0.13154904709956983,0.5463832021048048,0.32206775079562544,0.08920391965732491,0.06494989735165779,0.8458461829910174,0.2024262405357446,0.13600001979679888,0.6615737396674566,1.2639,0.65054,1.23466,1.38785,0.77153,0.81825,0.41732,0.36254,1.26778,0.65073,0.9523,0.31547999999999987,0.46204,0.18869000000000002,0.0002499566053419519,0.0002461993491113014,58900
