z_x1,z_x2,z_note,x_x1,x_x2,x_note,"p(y=0|x,D)","p(y=1|x,D)","p(y=2|x,D)","p(u=0|z,D)","p(u=1|z,D)","p(u=2|z,D)","p(y=0|x,u=0,z,D)","p(y=1|x,u=0,z,D)","p(y=2|x,u=0,z,D)","p(y=0|x,u=1,z,D)","p(y=1|x,u=1,z,D)","p(y=2|x,u=1,z,D)","p(y=0|x,u=2,z,D)","p(y=1|x,u=2,z,D)","p(y=2|x,u=2,z,D)","p(y=0|x,z,D)","p(y=1|x,z,D)","p(y=2|x,z,D)","H[p(u|z,D)]","Var[p(u|z,D)]","H[p(y|x,u=0,z,D)]","H[p(y|x,u=1,z,D)]","H[p(y|x,u=2,z,D)]","Var[p(y|x,u=0,z,D)]","Var[p(y|x,u=1,z,D)]","Var[p(y|x,u=2,z,D)]","H[p(y|x,D)]","Var[p(y|x,D)]",Va,Ve,Va_variance,Ve_variance,kl_pyx_pyxz,kl_pyxz_pyx,api_calls
-1.1,2.6,x1 = -1.1; x2 = 2.6,-1.1,2.6,x1 = -1.1; x2 = 2.6,0.31739899820432477,0.22313571643085287,0.45946528536482234,0.31739899820432477,0.22313571643085287,0.45946528536482234,0.7552068589311085,0.10208185641809028,0.1427112846508011,0.1504111044407234,0.6476878599247285,0.201901035634548,0.11821839969924645,0.10536834365384566,0.7764132566469079,0.3275812407634922,0.2253360696951426,0.4470826895413651,1.52387,0.75668,1.04283,1.28298,0.98972,0.52277,0.34966,0.46141,1.52387,0.75668,1.07201,0.45186000000000015,0.45595,0.30073,0.0003406068814970041,0.0003407939159663573,39350
