z_x1,z_x2,z_note,x_x1,x_x2,x_note,"p(y=0|x,D)","p(y=1|x,D)","p(y=2|x,D)","p(u=0|z,D)","p(u=1|z,D)","p(u=2|z,D)","p(y=0|x,u=0,z,D)","p(y=1|x,u=0,z,D)","p(y=2|x,u=0,z,D)","p(y=0|x,u=1,z,D)","p(y=1|x,u=1,z,D)","p(y=2|x,u=1,z,D)","p(y=0|x,u=2,z,D)","p(y=1|x,u=2,z,D)","p(y=2|x,u=2,z,D)","p(y=0|x,z,D)","p(y=1|x,z,D)","p(y=2|x,z,D)","H[p(u|z,D)]","Var[p(u|z,D)]","H[p(y|x,u=0,z,D)]","H[p(y|x,u=1,z,D)]","H[p(y|x,u=2,z,D)]","Var[p(y|x,u=0,z,D)]","Var[p(y|x,u=1,z,D)]","Var[p(y|x,u=2,z,D)]","H[p(y|x,D)]","Var[p(y|x,D)]",Va,Ve,Va_variance,Ve_variance,kl_pyx_pyxz,kl_pyxz_pyx,api_calls
-2.0,2.0,x1 = -2.0; x2 = 2.0,-2.0,2.0,x1 = -2.0; x2 = 2.0,0.26619606299565135,0.21920755865601488,0.5145963783483338,0.2611508127022434,0.2195195123529185,0.5193296749448382,0.8000798816353925,0.08950867869373595,0.1104114396708717,0.143623672632022,0.643031028325461,0.21334529904251703,0.08052853112768996,0.092475428605752,0.826996040266558,0.2822905657886426,0.21255835622878383,0.5051510779825736,1.47699,0.71382,0.92011,1.28722,0.83694,0.43485,0.35211,0.35031,1.4815,0.71909,0.95751,0.5239900000000001,0.37278,0.34631,0.0006584728515689961,0.0006661246119407244,83050
