z_x1,z_x2,z_note,x_x1,x_x2,x_note,"p(y=0|x,D)","p(y=1|x,D)","p(y=2|x,D)","p(u=0|z,D)","p(u=1|z,D)","p(u=2|z,D)","p(y=0|x,u=0,z,D)","p(y=1|x,u=0,z,D)","p(y=2|x,u=0,z,D)","p(y=0|x,u=1,z,D)","p(y=1|x,u=1,z,D)","p(y=2|x,u=1,z,D)","p(y=0|x,u=2,z,D)","p(y=1|x,u=2,z,D)","p(y=2|x,u=2,z,D)","p(y=0|x,z,D)","p(y=1|x,z,D)","p(y=2|x,z,D)","H[p(u|z,D)]","Var[p(u|z,D)]","H[p(y|x,u=0,z,D)]","H[p(y|x,u=1,z,D)]","H[p(y|x,u=2,z,D)]","Var[p(y|x,u=0,z,D)]","Var[p(y|x,u=1,z,D)]","Var[p(y|x,u=2,z,D)]","H[p(y|x,D)]","Var[p(y|x,D)]",Va,Ve,Va_variance,Ve_variance,kl_pyx_pyxz,kl_pyxz_pyx,api_calls
-0.6,2.5,x1 = -0.6; x2 = 2.5,-0.6,2.5,x1 = -0.6; x2 = 2.5,0.31811545159908033,0.18373142468021744,0.49815312372070214,0.31811545159908033,0.18373142468021744,0.49815312372070214,0.6989906659869478,0.11025744845500669,0.1907518855580454,0.16254023639603718,0.5798469651472005,0.2576127984567624,0.1322759566318444,0.09278206777888473,0.774941975589271,0.3181171615641805,0.18783038389973963,0.4940524545360799,1.47556,0.78386,1.16781,1.38602,0.98933,0.63144,0.41111,0.4942,1.47556,0.78386,1.11899,0.35657000000000005,0.52259,0.26127,6.20250739232402e-05,6.231096081043847e-05,59300
