z_x1,z_x2,z_note,x_x1,x_x2,x_note,"p(y=0|x,D)","p(y=1|x,D)","p(y=2|x,D)","p(u=0|z,D)","p(u=1|z,D)","p(u=2|z,D)","p(y=0|x,u=0,z,D)","p(y=1|x,u=0,z,D)","p(y=2|x,u=0,z,D)","p(y=0|x,u=1,z,D)","p(y=1|x,u=1,z,D)","p(y=2|x,u=1,z,D)","p(y=0|x,u=2,z,D)","p(y=1|x,u=2,z,D)","p(y=2|x,u=2,z,D)","p(y=0|x,z,D)","p(y=1|x,z,D)","p(y=2|x,z,D)","H[p(u|z,D)]","Var[p(u|z,D)]","H[p(y|x,u=0,z,D)]","H[p(y|x,u=1,z,D)]","H[p(y|x,u=2,z,D)]","Var[p(y|x,u=0,z,D)]","Var[p(y|x,u=1,z,D)]","Var[p(y|x,u=2,z,D)]","H[p(y|x,D)]","Var[p(y|x,D)]",Va,Ve,Va_variance,Ve_variance,kl_pyx_pyxz,kl_pyxz_pyx,api_calls
-0.1,-3.9,x1 = -0.1; x2 = -3.9,-0.1,-3.9,x1 = -0.1; x2 = -3.9,0.2642780716618484,0.36200977631665293,0.3737121520214986,0.26626070963411863,0.3611863318974045,0.3725529584684768,0.8047130675449032,0.0982086563329164,0.09707827612218026,0.11971376253137947,0.7041815671496241,0.17610467031899635,0.08806025481359694,0.13418089032248223,0.7777588548639208,0.29030955563699373,0.3304793514155291,0.379211092947477,1.56966,0.62752,0.90768,1.16414,0.97953,0.40104,0.29264,0.39013,1.56872,0.62601,1.02708,0.5416399999999999,0.35782,0.26818999999999993,0.002702150780623448,0.00269699952456504,76100
