z_x1,z_x2,z_note,x_x1,x_x2,x_note,"p(y=0|x,D)","p(y=1|x,D)","p(y=2|x,D)","p(u=0|z,D)","p(u=1|z,D)","p(u=2|z,D)","p(y=0|x,u=0,z,D)","p(y=1|x,u=0,z,D)","p(y=2|x,u=0,z,D)","p(y=0|x,u=1,z,D)","p(y=1|x,u=1,z,D)","p(y=2|x,u=1,z,D)","p(y=0|x,u=2,z,D)","p(y=1|x,u=2,z,D)","p(y=2|x,u=2,z,D)","p(y=0|x,z,D)","p(y=1|x,z,D)","p(y=2|x,z,D)","H[p(u|z,D)]","Var[p(u|z,D)]","H[p(y|x,u=0,z,D)]","H[p(y|x,u=1,z,D)]","H[p(y|x,u=2,z,D)]","Var[p(y|x,u=0,z,D)]","Var[p(y|x,u=1,z,D)]","Var[p(y|x,u=2,z,D)]","H[p(y|x,D)]","Var[p(y|x,D)]",Va,Ve,Va_variance,Ve_variance,kl_pyx_pyxz,kl_pyxz_pyx,api_calls
0.1,2.6,x1 = 0.1; x2 = 2.6,0.1,2.6,x1 = 0.1; x2 = 2.6,0.43934452398650514,0.23260668930270736,0.3280487867107875,0.444215755708396,0.2330427312799003,0.3227415130117037,0.8049238435859838,0.09445705825078896,0.10061909816322726,0.23823255839177357,0.567708472184617,0.1940589694236094,0.21298607900269997,0.13656228354939287,0.650451637447907,0.4818176689414334,0.21833396445457298,0.2998483666039935,1.5363,0.7522,0.90691,1.41576,1.27106,0.4095,0.43034,0.67206,1.53824,0.75501,1.14302,0.3952200000000001,0.4991,0.25590999999999997,0.0036726669825514237,0.003685435099729375,7350
