z_x1,z_x2,z_note,x_x1,x_x2,x_note,"p(y=0|x,D)","p(y=1|x,D)","p(y=2|x,D)","p(u=0|z,D)","p(u=1|z,D)","p(u=2|z,D)","p(y=0|x,u=0,z,D)","p(y=1|x,u=0,z,D)","p(y=2|x,u=0,z,D)","p(y=0|x,u=1,z,D)","p(y=1|x,u=1,z,D)","p(y=2|x,u=1,z,D)","p(y=0|x,u=2,z,D)","p(y=1|x,u=2,z,D)","p(y=2|x,u=2,z,D)","p(y=0|x,z,D)","p(y=1|x,z,D)","p(y=2|x,z,D)","H[p(u|z,D)]","Var[p(u|z,D)]","H[p(y|x,u=0,z,D)]","H[p(y|x,u=1,z,D)]","H[p(y|x,u=2,z,D)]","Var[p(y|x,u=0,z,D)]","Var[p(y|x,u=1,z,D)]","Var[p(y|x,u=2,z,D)]","H[p(y|x,D)]","Var[p(y|x,D)]",Va,Ve,Va_variance,Ve_variance,kl_pyx_pyxz,kl_pyxz_pyx,api_calls
-3.4,3.6,x1 = -3.4; x2 = 3.6,-3.4,3.6,x1 = -3.4; x2 = 3.6,0.3347982522639762,0.23949625496398147,0.42570549277204234,0.3337567367935524,0.24186975140327144,0.42437351180317623,0.8362640076617461,0.06521263265553323,0.09852335968272066,0.11930523333541494,0.6851728656851901,0.19552190097939495,0.07691197003142311,0.07784338962824108,0.8452446403403359,0.3406044762449645,0.22052241879157106,0.43887310496346454,1.54843,0.74992,0.80199,1.20005,0.77637,0.39053,0.30902,0.33182,1.54685,0.75224,0.8874,0.6594500000000001,0.3459,0.40634000000000003,0.0010431194161547377,0.0010239009292122726,27850
