z_x1,z_x2,z_note,x_x1,x_x2,x_note,"p(y=0|x,D)","p(y=1|x,D)","p(y=2|x,D)","p(u=0|z,D)","p(u=1|z,D)","p(u=2|z,D)","p(y=0|x,u=0,z,D)","p(y=1|x,u=0,z,D)","p(y=2|x,u=0,z,D)","p(y=0|x,u=1,z,D)","p(y=1|x,u=1,z,D)","p(y=2|x,u=1,z,D)","p(y=0|x,u=2,z,D)","p(y=1|x,u=2,z,D)","p(y=2|x,u=2,z,D)","p(y=0|x,z,D)","p(y=1|x,z,D)","p(y=2|x,z,D)","H[p(u|z,D)]","Var[p(u|z,D)]","H[p(y|x,u=0,z,D)]","H[p(y|x,u=1,z,D)]","H[p(y|x,u=2,z,D)]","Var[p(y|x,u=0,z,D)]","Var[p(y|x,u=1,z,D)]","Var[p(y|x,u=2,z,D)]","H[p(y|x,D)]","Var[p(y|x,D)]",Va,Ve,Va_variance,Ve_variance,kl_pyx_pyxz,kl_pyxz_pyx,api_calls
-0.3,-0.3,x1 = -0.3; x2 = -0.3,-0.3,-0.3,x1 = -0.3; x2 = -0.3,0.3756462309781208,0.3199231994806281,0.30443056954125114,0.37588936413821605,0.3235131449136214,0.30059749094816257,0.7856046058943742,0.11824360098124628,0.09615179312437963,0.18186618626065393,0.6426535055976945,0.1754803081416516,0.15672169922685855,0.15153889773009427,0.6917394030430473,0.401246667209047,0.2979055811106439,0.3008477516803092,1.57859,0.67082,0.96255,1.29772,1.19935,0.40641,0.35731,0.56222,1.57899,0.67501,1.14216,0.43682999999999983,0.43736,0.23764999999999997,0.001650181515674391,0.0016499863430015048,69900
