z_x1,z_x2,z_note,x_x1,x_x2,x_note,"p(y=0|x,D)","p(y=1|x,D)","p(y=2|x,D)","p(u=0|z,D)","p(u=1|z,D)","p(u=2|z,D)","p(y=0|x,u=0,z,D)","p(y=1|x,u=0,z,D)","p(y=2|x,u=0,z,D)","p(y=0|x,u=1,z,D)","p(y=1|x,u=1,z,D)","p(y=2|x,u=1,z,D)","p(y=0|x,u=2,z,D)","p(y=1|x,u=2,z,D)","p(y=2|x,u=2,z,D)","p(y=0|x,z,D)","p(y=1|x,z,D)","p(y=2|x,z,D)","H[p(u|z,D)]","Var[p(u|z,D)]","H[p(y|x,u=0,z,D)]","H[p(y|x,u=1,z,D)]","H[p(y|x,u=2,z,D)]","Var[p(y|x,u=0,z,D)]","Var[p(y|x,u=1,z,D)]","Var[p(y|x,u=2,z,D)]","H[p(y|x,D)]","Var[p(y|x,D)]",Va,Ve,Va_variance,Ve_variance,kl_pyx_pyxz,kl_pyxz_pyx,api_calls
-2.0,-0.9,x1 = -2.0; x2 = -0.9,-2.0,-0.9,x1 = -2.0; x2 = -0.9,0.4598944437206217,0.2516916881218102,0.2884138681575681,0.4598944437206217,0.2516916881218102,0.2884138681575681,0.7676690492485025,0.12497880252584344,0.10735214822565393,0.2545414008420823,0.5998187214361405,0.14563987772177717,0.256104920098348,0.16073724846652035,0.5831578314351316,0.49097689590026217,0.25480529501705346,0.2542178090826843,1.53366,0.7189,1.01342,1.34959,1.38092,0.439,0.38832,0.7323,1.53366,0.7189,1.20402,0.32963999999999993,0.51084,0.20806000000000002,0.0032276556892376768,0.0031591365841431435,1600
