z_x1,z_x2,z_note,x_x1,x_x2,x_note,"p(y=0|x,D)","p(y=1|x,D)","p(y=2|x,D)","p(u=0|z,D)","p(u=1|z,D)","p(u=2|z,D)","p(y=0|x,u=0,z,D)","p(y=1|x,u=0,z,D)","p(y=2|x,u=0,z,D)","p(y=0|x,u=1,z,D)","p(y=1|x,u=1,z,D)","p(y=2|x,u=1,z,D)","p(y=0|x,u=2,z,D)","p(y=1|x,u=2,z,D)","p(y=2|x,u=2,z,D)","p(y=0|x,z,D)","p(y=1|x,z,D)","p(y=2|x,z,D)","H[p(u|z,D)]","Var[p(u|z,D)]","H[p(y|x,u=0,z,D)]","H[p(y|x,u=1,z,D)]","H[p(y|x,u=2,z,D)]","Var[p(y|x,u=0,z,D)]","Var[p(y|x,u=1,z,D)]","Var[p(y|x,u=2,z,D)]","H[p(y|x,D)]","Var[p(y|x,D)]",Va,Ve,Va_variance,Ve_variance,kl_pyx_pyxz,kl_pyxz_pyx,api_calls
2.2,0.0,x1 = 2.2; x2 = 0.0,2.2,0.0,x1 = 2.2; x2 = 0.0,0.19511373894872733,0.4517509242060768,0.353135336845196,0.19511373894872733,0.4517509242060768,0.353135336845196,0.5721290263942649,0.2527310737216123,0.17513989988412287,0.11874051310897679,0.6552510997104358,0.22600838718058736,0.10407603331204636,0.21263686032784607,0.6832871063601076,0.20202429511972553,0.4204111839211666,0.37756452095910803,1.5082,0.52328,1.4026,1.24956,1.19009,0.58967,0.33324,0.45188,1.5082,0.52328,1.25842,0.2497799999999999,0.42517,0.09810999999999998,0.0020676190197781233,0.002060231729173849,10050
