z_x1,z_x2,z_note,x_x1,x_x2,x_note,"p(y=0|x,D)","p(y=1|x,D)","p(y=2|x,D)","p(u=0|z,D)","p(u=1|z,D)","p(u=2|z,D)","p(y=0|x,u=0,z,D)","p(y=1|x,u=0,z,D)","p(y=2|x,u=0,z,D)","p(y=0|x,u=1,z,D)","p(y=1|x,u=1,z,D)","p(y=2|x,u=1,z,D)","p(y=0|x,u=2,z,D)","p(y=1|x,u=2,z,D)","p(y=2|x,u=2,z,D)","p(y=0|x,z,D)","p(y=1|x,z,D)","p(y=2|x,z,D)","H[p(u|z,D)]","Var[p(u|z,D)]","H[p(y|x,u=0,z,D)]","H[p(y|x,u=1,z,D)]","H[p(y|x,u=2,z,D)]","Var[p(y|x,u=0,z,D)]","Var[p(y|x,u=1,z,D)]","Var[p(y|x,u=2,z,D)]","H[p(y|x,D)]","Var[p(y|x,D)]",Va,Ve,Va_variance,Ve_variance,kl_pyx_pyxz,kl_pyxz_pyx,api_calls
1.7,-1.4,x1 = 1.7; x2 = -1.4,1.7,-1.4,x1 = 1.7; x2 = -1.4,0.3309005089249438,0.29156296984016217,0.3775365212348941,0.3283815605015258,0.29274382931051723,0.37887461018795704,0.6665941927613435,0.16204435660867017,0.17136145062998626,0.17048923873710362,0.6056473093129109,0.22386345194998544,0.13916719153838447,0.17449786545052598,0.6863349430110897,0.32153382928941776,0.29662470198469226,0.3818414687258901,1.57689,0.70471,1.25159,1.35668,1.20815,0.5927,0.3915,0.52611,1.57695,0.70626,1.2659,0.31105000000000005,0.50857,0.19769000000000003,0.00020292031274974677,0.00020197526601885112,69350
