z_x1,z_x2,z_note,x_x1,x_x2,x_note,"p(y=0|x,D)","p(y=1|x,D)","p(y=2|x,D)","p(u=0|z,D)","p(u=1|z,D)","p(u=2|z,D)","p(y=0|x,u=0,z,D)","p(y=1|x,u=0,z,D)","p(y=2|x,u=0,z,D)","p(y=0|x,u=1,z,D)","p(y=1|x,u=1,z,D)","p(y=2|x,u=1,z,D)","p(y=0|x,u=2,z,D)","p(y=1|x,u=2,z,D)","p(y=2|x,u=2,z,D)","p(y=0|x,z,D)","p(y=1|x,z,D)","p(y=2|x,z,D)","H[p(u|z,D)]","Var[p(u|z,D)]","H[p(y|x,u=0,z,D)]","H[p(y|x,u=1,z,D)]","H[p(y|x,u=2,z,D)]","Var[p(y|x,u=0,z,D)]","Var[p(y|x,u=1,z,D)]","Var[p(y|x,u=2,z,D)]","H[p(y|x,D)]","Var[p(y|x,D)]",Va,Ve,Va_variance,Ve_variance,kl_pyx_pyxz,kl_pyxz_pyx,api_calls
3.7,-3.1,x1 = 3.7; x2 = -3.1,3.7,-3.1,x1 = 3.7; x2 = -3.1,0.7007602250908689,0.14187897565331456,0.15736079925581656,0.6974388420413601,0.1445496266883742,0.15801153127026574,0.9219744218600304,0.037656886526239906,0.04036869161372961,0.1633186361538342,0.7153763603463127,0.12130500349985304,0.10928801777446688,0.08116302514716514,0.8095489570783678,0.6838971880991387,0.14249545504952166,0.17360735685133954,1.18653,0.56447,0.47314,1.14181,0.88986,0.18511,0.28286,0.42847,1.17902,0.56284,0.63564,0.54338,0.23769,0.32515,0.0009926295784988253,0.0010171005823733092,68500
