z_x1,z_x2,z_note,x_x1,x_x2,x_note,"p(y=0|x,D)","p(y=1|x,D)","p(y=2|x,D)","p(u=0|z,D)","p(u=1|z,D)","p(u=2|z,D)","p(y=0|x,u=0,z,D)","p(y=1|x,u=0,z,D)","p(y=2|x,u=0,z,D)","p(y=0|x,u=1,z,D)","p(y=1|x,u=1,z,D)","p(y=2|x,u=1,z,D)","p(y=0|x,u=2,z,D)","p(y=1|x,u=2,z,D)","p(y=2|x,u=2,z,D)","p(y=0|x,z,D)","p(y=1|x,z,D)","p(y=2|x,z,D)","H[p(u|z,D)]","Var[p(u|z,D)]","H[p(y|x,u=0,z,D)]","H[p(y|x,u=1,z,D)]","H[p(y|x,u=2,z,D)]","Var[p(y|x,u=0,z,D)]","Var[p(y|x,u=1,z,D)]","Var[p(y|x,u=2,z,D)]","H[p(y|x,D)]","Var[p(y|x,D)]",Va,Ve,Va_variance,Ve_variance,kl_pyx_pyxz,kl_pyxz_pyx,api_calls
-0.5,-2.9,x1 = -0.5; x2 = -2.9,-0.5,-2.9,x1 = -0.5; x2 = -2.9,0.22774690849789728,0.4335972021782061,0.3386558893238966,0.22774690849789728,0.4335972021782061,0.3386558893238966,0.7608604223124706,0.13537841597623573,0.10376116171129372,0.131632735164299,0.716374263934316,0.1519930009013849,0.10203551643928137,0.16411670021956098,0.7338477833411575,0.26491412322474245,0.39702897933607995,0.3380568974391775,1.53788,0.5541,1.02972,1.14291,1.0915,0.43284,0.28321,0.4367,1.53788,0.5541,1.09972,0.4381599999999999,0.36927,0.18483000000000005,0.004373680579467954,0.004467881782126498,60600
