z_x1,z_x2,z_note,x_x1,x_x2,x_note,"p(y=0|x,D)","p(y=1|x,D)","p(y=2|x,D)","p(u=0|z,D)","p(u=1|z,D)","p(u=2|z,D)","p(y=0|x,u=0,z,D)","p(y=1|x,u=0,z,D)","p(y=2|x,u=0,z,D)","p(y=0|x,u=1,z,D)","p(y=1|x,u=1,z,D)","p(y=2|x,u=1,z,D)","p(y=0|x,u=2,z,D)","p(y=1|x,u=2,z,D)","p(y=2|x,u=2,z,D)","p(y=0|x,z,D)","p(y=1|x,z,D)","p(y=2|x,z,D)","H[p(u|z,D)]","Var[p(u|z,D)]","H[p(y|x,u=0,z,D)]","H[p(y|x,u=1,z,D)]","H[p(y|x,u=2,z,D)]","Var[p(y|x,u=0,z,D)]","Var[p(y|x,u=1,z,D)]","Var[p(y|x,u=2,z,D)]","H[p(y|x,D)]","Var[p(y|x,D)]",Va,Ve,Va_variance,Ve_variance,kl_pyx_pyxz,kl_pyxz_pyx,api_calls
-1.0,1.1,x1 = -1.0; x2 = 1.1,-1.0,1.1,x1 = -1.0; x2 = 1.1,0.24072827686761383,0.4444323208971125,0.3148394022352737,0.24072827686761383,0.4444323208971125,0.3148394022352737,0.715509670382598,0.16214945111312734,0.12234087850427473,0.13330967331780255,0.7050605541796603,0.16162977250253713,0.1262204592775011,0.1942171352456666,0.6795624054768322,0.2712297114927742,0.4135328631931562,0.3152374253140695,1.53949,0.55008,1.14196,1.16799,1.21481,0.486,0.29414,0.4996,1.53949,0.55008,1.17646,0.36302999999999996,0.40501,0.14507000000000003,0.002910144645921783,0.002955736280875228,42600
