z_x1,z_x2,z_note,x_x1,x_x2,x_note,"p(y=0|x,D)","p(y=1|x,D)","p(y=2|x,D)","p(u=0|z,D)","p(u=1|z,D)","p(u=2|z,D)","p(y=0|x,u=0,z,D)","p(y=1|x,u=0,z,D)","p(y=2|x,u=0,z,D)","p(y=0|x,u=1,z,D)","p(y=1|x,u=1,z,D)","p(y=2|x,u=1,z,D)","p(y=0|x,u=2,z,D)","p(y=1|x,u=2,z,D)","p(y=2|x,u=2,z,D)","p(y=0|x,z,D)","p(y=1|x,z,D)","p(y=2|x,z,D)","H[p(u|z,D)]","Var[p(u|z,D)]","H[p(y|x,u=0,z,D)]","H[p(y|x,u=1,z,D)]","H[p(y|x,u=2,z,D)]","Var[p(y|x,u=0,z,D)]","Var[p(y|x,u=1,z,D)]","Var[p(y|x,u=2,z,D)]","H[p(y|x,D)]","Var[p(y|x,D)]",Va,Ve,Va_variance,Ve_variance,kl_pyx_pyxz,kl_pyxz_pyx,api_calls
1.9,0.3,x1 = 1.9; x2 = 0.3,1.9,0.3,x1 = 1.9; x2 = 0.3,0.39720891375480866,0.34410155670108716,0.25868952954410407,0.39541021689116335,0.34701641323804217,0.25757336987079454,0.722643752313507,0.1703287233030595,0.10702752438343344,0.21026441922333466,0.6322201182915896,0.1575154624850757,0.16159911675414107,0.221871472800128,0.6165294104457311,0.40032955649829766,0.34388865817786124,0.2557817853238412,1.56321,0.63398,1.11867,1.31126,1.33706,0.45069,0.365,0.57117,1.56333,0.63671,1.24175,0.3215800000000002,0.45199,0.18472,2.8726047497207308e-05,2.8695961647304778e-05,78200
