z_x1,z_x2,z_note,x_x1,x_x2,x_note,"p(y=0|x,D)","p(y=1|x,D)","p(y=2|x,D)","p(u=0|z,D)","p(u=1|z,D)","p(u=2|z,D)","p(y=0|x,u=0,z,D)","p(y=1|x,u=0,z,D)","p(y=2|x,u=0,z,D)","p(y=0|x,u=1,z,D)","p(y=1|x,u=1,z,D)","p(y=2|x,u=1,z,D)","p(y=0|x,u=2,z,D)","p(y=1|x,u=2,z,D)","p(y=2|x,u=2,z,D)","p(y=0|x,z,D)","p(y=1|x,z,D)","p(y=2|x,z,D)","H[p(u|z,D)]","Var[p(u|z,D)]","H[p(y|x,u=0,z,D)]","H[p(y|x,u=1,z,D)]","H[p(y|x,u=2,z,D)]","Var[p(y|x,u=0,z,D)]","Var[p(y|x,u=1,z,D)]","Var[p(y|x,u=2,z,D)]","H[p(y|x,D)]","Var[p(y|x,D)]",Va,Ve,Va_variance,Ve_variance,kl_pyx_pyxz,kl_pyxz_pyx,api_calls
-1.5,-3.2,x1 = -1.5; x2 = -3.2,-1.5,-3.2,x1 = -1.5; x2 = -3.2,0.2330934932460465,0.27879666921163065,0.48810983754232284,0.2330934932460465,0.27879666921163065,0.48810983754232284,0.7433085964828011,0.09550337085942315,0.16118803265777565,0.13704991494148325,0.6501224000718799,0.2128276849866368,0.09332783351820166,0.10771717688096374,0.7989549896008347,0.2570236907721613,0.25609098775819183,0.4868853214696469,1.50853,0.65617,1.06614,1.2719,0.92431,0.56563,0.34414,0.39437,1.50853,0.65617,1.05428,0.4542499999999998,0.42029,0.23588000000000003,0.0021299040682524898,0.002140683208496994,20450
