z_x1,z_x2,z_note,x_x1,x_x2,x_note,"p(y=0|x,D)","p(y=1|x,D)","p(y=2|x,D)","p(u=0|z,D)","p(u=1|z,D)","p(u=2|z,D)","p(y=0|x,u=0,z,D)","p(y=1|x,u=0,z,D)","p(y=2|x,u=0,z,D)","p(y=0|x,u=1,z,D)","p(y=1|x,u=1,z,D)","p(y=2|x,u=1,z,D)","p(y=0|x,u=2,z,D)","p(y=1|x,u=2,z,D)","p(y=2|x,u=2,z,D)","p(y=0|x,z,D)","p(y=1|x,z,D)","p(y=2|x,z,D)","H[p(u|z,D)]","Var[p(u|z,D)]","H[p(y|x,u=0,z,D)]","H[p(y|x,u=1,z,D)]","H[p(y|x,u=2,z,D)]","Var[p(y|x,u=0,z,D)]","Var[p(y|x,u=1,z,D)]","Var[p(y|x,u=2,z,D)]","H[p(y|x,D)]","Var[p(y|x,D)]",Va,Ve,Va_variance,Ve_variance,kl_pyx_pyxz,kl_pyxz_pyx,api_calls
-0.5,0.7,x1 = -0.5; x2 = 0.7,-0.5,0.7,x1 = -0.5; x2 = 0.7,0.18389423931492827,0.2627179400422461,0.5533878206428258,0.18389423931492827,0.2627179400422461,0.5533878206428258,0.667345598032347,0.16068143797099907,0.1719729639966539,0.11459115392466161,0.6575207546782307,0.22788809139710767,0.10272688904588248,0.1427998825482623,0.7544732284058553,0.20967397226699366,0.2813146048032279,0.5090114229297786,1.42828,0.60076,1.24999,1.2421,1.0449,0.59392,0.32964,0.43243,1.42828,0.60076,1.13442,0.29386,0.43512,0.16563999999999995,0.004163300112861153,0.004200056658667538,62400
