z_x1,z_x2,z_note,x_x1,x_x2,x_note,"p(y=0|x,D)","p(y=1|x,D)","p(y=2|x,D)","p(u=0|z,D)","p(u=1|z,D)","p(u=2|z,D)","p(y=0|x,u=0,z,D)","p(y=1|x,u=0,z,D)","p(y=2|x,u=0,z,D)","p(y=0|x,u=1,z,D)","p(y=1|x,u=1,z,D)","p(y=2|x,u=1,z,D)","p(y=0|x,u=2,z,D)","p(y=1|x,u=2,z,D)","p(y=2|x,u=2,z,D)","p(y=0|x,z,D)","p(y=1|x,z,D)","p(y=2|x,z,D)","H[p(u|z,D)]","Var[p(u|z,D)]","H[p(y|x,u=0,z,D)]","H[p(y|x,u=1,z,D)]","H[p(y|x,u=2,z,D)]","Var[p(y|x,u=0,z,D)]","Var[p(y|x,u=1,z,D)]","Var[p(y|x,u=2,z,D)]","H[p(y|x,D)]","Var[p(y|x,D)]",Va,Ve,Va_variance,Ve_variance,kl_pyx_pyxz,kl_pyxz_pyx,api_calls
-1.3,2.8,x1 = -1.3; x2 = 2.8,-1.3,2.8,x1 = -1.3; x2 = 2.8,0.29254812694704685,0.21357685192982312,0.49387502112313,0.29057996673062886,0.2125233718827983,0.4968966613865729,0.7663630454156707,0.09203486927323543,0.14160208531109403,0.13257146979396522,0.6811932032031255,0.18623532700290932,0.09838852059101898,0.08554242311494421,0.8160690562940369,0.29975321141698247,0.21401871015258034,0.48622807843043736,1.4943,0.74491,1.01029,1.21534,0.87188,0.51764,0.31593,0.39939,1.49709,0.74589,0.98509,0.512,0.41601,0.32988000000000006,0.00014757123223636207,0.00014797205376894298,31450
