z_x1,z_x2,z_note,x_x1,x_x2,x_note,"p(y=0|x,D)","p(y=1|x,D)","p(y=2|x,D)","p(u=0|z,D)","p(u=1|z,D)","p(u=2|z,D)","p(y=0|x,u=0,z,D)","p(y=1|x,u=0,z,D)","p(y=2|x,u=0,z,D)","p(y=0|x,u=1,z,D)","p(y=1|x,u=1,z,D)","p(y=2|x,u=1,z,D)","p(y=0|x,u=2,z,D)","p(y=1|x,u=2,z,D)","p(y=2|x,u=2,z,D)","p(y=0|x,z,D)","p(y=1|x,z,D)","p(y=2|x,z,D)","H[p(u|z,D)]","Var[p(u|z,D)]","H[p(y|x,u=0,z,D)]","H[p(y|x,u=1,z,D)]","H[p(y|x,u=2,z,D)]","Var[p(y|x,u=0,z,D)]","Var[p(y|x,u=1,z,D)]","Var[p(y|x,u=2,z,D)]","H[p(y|x,D)]","Var[p(y|x,D)]",Va,Ve,Va_variance,Ve_variance,kl_pyx_pyxz,kl_pyxz_pyx,api_calls
-1.3,-3.2,x1 = -1.3; x2 = -3.2,-1.3,-3.2,x1 = -1.3; x2 = -3.2,0.2372236479873587,0.2986730425881056,0.4641033094245356,0.23555044219616125,0.3043626868459106,0.4600868709579281,0.7508671929263324,0.10334803312532348,0.14578477394834402,0.13140593731023273,0.6778533177793645,0.1907407449104027,0.09241275483621528,0.12365177653403503,0.7839354686297497,0.2593800586808321,0.2875474909434489,0.453072450375719,1.52897,0.64522,1.05379,1.22092,0.96571,0.53053,0.31863,0.39814,1.52708,0.64985,1.06413,0.46295,0.40512,0.24473000000000006,0.0013201787892921334,0.0013458807683267657,28450
