z_x1,z_x2,z_note,x_x1,x_x2,x_note,"p(y=0|x,D)","p(y=1|x,D)","p(y=2|x,D)","p(u=0|z,D)","p(u=1|z,D)","p(u=2|z,D)","p(y=0|x,u=0,z,D)","p(y=1|x,u=0,z,D)","p(y=2|x,u=0,z,D)","p(y=0|x,u=1,z,D)","p(y=1|x,u=1,z,D)","p(y=2|x,u=1,z,D)","p(y=0|x,u=2,z,D)","p(y=1|x,u=2,z,D)","p(y=2|x,u=2,z,D)","p(y=0|x,z,D)","p(y=1|x,z,D)","p(y=2|x,z,D)","H[p(u|z,D)]","Var[p(u|z,D)]","H[p(y|x,u=0,z,D)]","H[p(y|x,u=1,z,D)]","H[p(y|x,u=2,z,D)]","Var[p(y|x,u=0,z,D)]","Var[p(y|x,u=1,z,D)]","Var[p(y|x,u=2,z,D)]","H[p(y|x,D)]","Var[p(y|x,D)]",Va,Ve,Va_variance,Ve_variance,kl_pyx_pyxz,kl_pyxz_pyx,api_calls
-3.1,0.3,x1 = -3.1; x2 = 0.3,-3.1,0.3,x1 = -3.1; x2 = 0.3,0.35276638247079734,0.19417900216497394,0.45305461536422864,0.3541152493644558,0.19053618697019362,0.4553485636653507,0.7927904958410655,0.06479738216618866,0.14241212199274572,0.14033148625407404,0.6530415510416033,0.20662696270432254,0.09373959937625484,0.08420891743606396,0.8220514831876813,0.3501616223657839,0.18571819781483784,0.4641201798193783,1.5029,0.79922,0.92183,1.26909,0.85315,0.51221,0.34256,0.38535,1.50693,0.79576,0.95672,0.5502100000000001,0.42212,0.37364,0.000332501462479878,0.0003307529162685837,38200
