z_x1,z_x2,z_note,x_x1,x_x2,x_note,"p(y=0|x,D)","p(y=1|x,D)","p(y=2|x,D)","p(u=0|z,D)","p(u=1|z,D)","p(u=2|z,D)","p(y=0|x,u=0,z,D)","p(y=1|x,u=0,z,D)","p(y=2|x,u=0,z,D)","p(y=0|x,u=1,z,D)","p(y=1|x,u=1,z,D)","p(y=2|x,u=1,z,D)","p(y=0|x,u=2,z,D)","p(y=1|x,u=2,z,D)","p(y=2|x,u=2,z,D)","p(y=0|x,z,D)","p(y=1|x,z,D)","p(y=2|x,z,D)","H[p(u|z,D)]","Var[p(u|z,D)]","H[p(y|x,u=0,z,D)]","H[p(y|x,u=1,z,D)]","H[p(y|x,u=2,z,D)]","Var[p(y|x,u=0,z,D)]","Var[p(y|x,u=1,z,D)]","Var[p(y|x,u=2,z,D)]","H[p(y|x,D)]","Var[p(y|x,D)]",Va,Ve,Va_variance,Ve_variance,kl_pyx_pyxz,kl_pyxz_pyx,api_calls
-0.6,3.9,x1 = -0.6; x2 = 3.9,-0.6,3.9,x1 = -0.6; x2 = 3.9,0.30949449577270993,0.2352542684769486,0.45525123575034143,0.30949449577270993,0.2352542684769486,0.45525123575034143,0.779723081827353,0.09470601156232608,0.12557090661032086,0.1305485078495954,0.6475110353757623,0.22194045677464222,0.09505112185540422,0.0862029214612362,0.8187459566833596,0.3153042364515428,0.22088471077372052,0.46381105277473655,1.53164,0.7435,0.97782,1.27147,0.86376,0.47738,0.34414,0.39006,1.53164,0.7435,0.99498,0.5366599999999999,0.40628,0.3372200000000001,0.0005909187165711906,0.0005822359666006263,60000
