z_x1,z_x2,z_note,x_x1,x_x2,x_note,"p(y=0|x,D)","p(y=1|x,D)","p(y=2|x,D)","p(u=0|z,D)","p(u=1|z,D)","p(u=2|z,D)","p(y=0|x,u=0,z,D)","p(y=1|x,u=0,z,D)","p(y=2|x,u=0,z,D)","p(y=0|x,u=1,z,D)","p(y=1|x,u=1,z,D)","p(y=2|x,u=1,z,D)","p(y=0|x,u=2,z,D)","p(y=1|x,u=2,z,D)","p(y=2|x,u=2,z,D)","p(y=0|x,z,D)","p(y=1|x,z,D)","p(y=2|x,z,D)","H[p(u|z,D)]","Var[p(u|z,D)]","H[p(y|x,u=0,z,D)]","H[p(y|x,u=1,z,D)]","H[p(y|x,u=2,z,D)]","Var[p(y|x,u=0,z,D)]","Var[p(y|x,u=1,z,D)]","Var[p(y|x,u=2,z,D)]","H[p(y|x,D)]","Var[p(y|x,D)]",Va,Ve,Va_variance,Ve_variance,kl_pyx_pyxz,kl_pyxz_pyx,api_calls
-0.7,0.3,x1 = -0.7; x2 = 0.3,-0.7,0.3,x1 = -0.7; x2 = 0.3,0.19447811131704648,0.2960002952895397,0.5095215933934137,0.1947724630765702,0.29395275307351565,0.5112747838499141,0.6806661050512982,0.1633412924598549,0.15599260248884686,0.13023414427456126,0.6535871631476027,0.2161786925778359,0.11500097260294531,0.1616516506294792,0.7233473767675754,0.22965479647735831,0.306586544569832,0.46375865895280954,1.47374,0.60587,1.22287,1.26169,1.1218,0.56138,0.33903,0.46826,1.47495,0.60475,1.18261,0.29234000000000004,0.44841,0.15634000000000003,0.0052152122222287114,0.005311834485154522,54200
