z_x1,z_x2,z_note,x_x1,x_x2,x_note,"p(y=0|x,D)","p(y=1|x,D)","p(y=2|x,D)","p(u=0|z,D)","p(u=1|z,D)","p(u=2|z,D)","p(y=0|x,u=0,z,D)","p(y=1|x,u=0,z,D)","p(y=2|x,u=0,z,D)","p(y=0|x,u=1,z,D)","p(y=1|x,u=1,z,D)","p(y=2|x,u=1,z,D)","p(y=0|x,u=2,z,D)","p(y=1|x,u=2,z,D)","p(y=2|x,u=2,z,D)","p(y=0|x,z,D)","p(y=1|x,z,D)","p(y=2|x,z,D)","H[p(u|z,D)]","Var[p(u|z,D)]","H[p(y|x,u=0,z,D)]","H[p(y|x,u=1,z,D)]","H[p(y|x,u=2,z,D)]","Var[p(y|x,u=0,z,D)]","Var[p(y|x,u=1,z,D)]","Var[p(y|x,u=2,z,D)]","H[p(y|x,D)]","Var[p(y|x,D)]",Va,Ve,Va_variance,Ve_variance,kl_pyx_pyxz,kl_pyxz_pyx,api_calls
0.0,0.8,x1 = 0.0; x2 = 0.8,0.0,0.8,x1 = 0.0; x2 = 0.8,0.28546190813206096,0.3111341020641215,0.4034039898038174,0.28713768275219226,0.30800908398786064,0.40485323325994704,0.7964902600284232,0.11224147206673844,0.09126826790483841,0.16560393696168338,0.682554796455693,0.1518412665826237,0.14258644176449692,0.14118985966259778,0.7162236985729054,0.33743646649499176,0.29962300501369776,0.36294052849131053,1.56834,0.67813,0.93084,1.2186,1.14432,0.39042,0.31726,0.52975,1.56871,0.67496,1.1059,0.46280999999999994,0.42429,0.25067,0.006620223108178197,0.006784416335452889,2450
