z_x1,z_x2,z_note,x_x1,x_x2,x_note,"p(y=0|x,D)","p(y=1|x,D)","p(y=2|x,D)","p(u=0|z,D)","p(u=1|z,D)","p(u=2|z,D)","p(y=0|x,u=0,z,D)","p(y=1|x,u=0,z,D)","p(y=2|x,u=0,z,D)","p(y=0|x,u=1,z,D)","p(y=1|x,u=1,z,D)","p(y=2|x,u=1,z,D)","p(y=0|x,u=2,z,D)","p(y=1|x,u=2,z,D)","p(y=2|x,u=2,z,D)","p(y=0|x,z,D)","p(y=1|x,z,D)","p(y=2|x,z,D)","H[p(u|z,D)]","Var[p(u|z,D)]","H[p(y|x,u=0,z,D)]","H[p(y|x,u=1,z,D)]","H[p(y|x,u=2,z,D)]","Var[p(y|x,u=0,z,D)]","Var[p(y|x,u=1,z,D)]","Var[p(y|x,u=2,z,D)]","H[p(y|x,D)]","Var[p(y|x,D)]",Va,Ve,Va_variance,Ve_variance,kl_pyx_pyxz,kl_pyxz_pyx,api_calls
1.8,-1.7,x1 = 1.8; x2 = -1.7,1.8,-1.7,x1 = 1.8; x2 = -1.7,0.419876752243736,0.28739326588749625,0.2927299818687678,0.4197989234949711,0.2841054313001275,0.2960956452049014,0.704487078883589,0.14972406972231936,0.14578885139409162,0.18370980256040187,0.6074918035027359,0.20879839393686223,0.16575224917639136,0.17898377352139663,0.655263977302212,0.39701438918597887,0.28844204003817864,0.3145435707758425,1.56138,0.70059,1.17121,1.35775,1.27365,0.53813,0.39188,0.58139,1.56148,0.69644,1.25454,0.30694,0.50939,0.18704999999999994,0.0014224017037997062,0.0014292384405429556,73200
