z_x1,z_x2,z_note,x_x1,x_x2,x_note,"p(y=0|x,D)","p(y=1|x,D)","p(y=2|x,D)","p(u=0|z,D)","p(u=1|z,D)","p(u=2|z,D)","p(y=0|x,u=0,z,D)","p(y=1|x,u=0,z,D)","p(y=2|x,u=0,z,D)","p(y=0|x,u=1,z,D)","p(y=1|x,u=1,z,D)","p(y=2|x,u=1,z,D)","p(y=0|x,u=2,z,D)","p(y=1|x,u=2,z,D)","p(y=2|x,u=2,z,D)","p(y=0|x,z,D)","p(y=1|x,z,D)","p(y=2|x,z,D)","H[p(u|z,D)]","Var[p(u|z,D)]","H[p(y|x,u=0,z,D)]","H[p(y|x,u=1,z,D)]","H[p(y|x,u=2,z,D)]","Var[p(y|x,u=0,z,D)]","Var[p(y|x,u=1,z,D)]","Var[p(y|x,u=2,z,D)]","H[p(y|x,D)]","Var[p(y|x,D)]",Va,Ve,Va_variance,Ve_variance,kl_pyx_pyxz,kl_pyxz_pyx,api_calls
-3.7,0.5,x1 = -3.7; x2 = 0.5,-3.7,0.5,x1 = -3.7; x2 = 0.5,0.3238637725761471,0.1790008476677336,0.49713537975611927,0.3163314278643504,0.18171782991743662,0.5019507422182129,0.8086364096640244,0.06372169953172331,0.1276418908042524,0.12395302951664897,0.6776945361418906,0.19835243434146052,0.08057683760208638,0.07447205938862114,0.8449511030092924,0.31876718906754375,0.18068766213805856,0.5005451487943977,1.47146,0.78383,0.87998,1.21668,0.77721,0.47252,0.31677,0.34126,1.47231,0.79098,0.88958,0.58273,0.37833,0.41265,6.0066328513265314e-05,5.9903896037682026e-05,14300
