z_x1,z_x2,z_note,x_x1,x_x2,x_note,"p(y=0|x,D)","p(y=1|x,D)","p(y=2|x,D)","p(u=0|z,D)","p(u=1|z,D)","p(u=2|z,D)","p(y=0|x,u=0,z,D)","p(y=1|x,u=0,z,D)","p(y=2|x,u=0,z,D)","p(y=0|x,u=1,z,D)","p(y=1|x,u=1,z,D)","p(y=2|x,u=1,z,D)","p(y=0|x,u=2,z,D)","p(y=1|x,u=2,z,D)","p(y=2|x,u=2,z,D)","p(y=0|x,z,D)","p(y=1|x,z,D)","p(y=2|x,z,D)","H[p(u|z,D)]","Var[p(u|z,D)]","H[p(y|x,u=0,z,D)]","H[p(y|x,u=1,z,D)]","H[p(y|x,u=2,z,D)]","Var[p(y|x,u=0,z,D)]","Var[p(y|x,u=1,z,D)]","Var[p(y|x,u=2,z,D)]","H[p(y|x,D)]","Var[p(y|x,D)]",Va,Ve,Va_variance,Ve_variance,kl_pyx_pyxz,kl_pyxz_pyx,api_calls
-2.2,-3.9,x1 = -2.2; x2 = -3.9,-2.2,-3.9,x1 = -2.2; x2 = -3.9,0.20556173067543604,0.21128741740876372,0.5831508519158003,0.20556173067543604,0.21128741740876372,0.5831508519158003,0.7348835158254552,0.07398113821147523,0.19113534596306958,0.1303804140422657,0.6237208419712921,0.24589874398644213,0.08541756795584311,0.08319469143074973,0.831387740613407,0.22842299584363107,0.19550711187493724,0.5760698922814316,1.39675,0.64614,1.06082,1.30565,0.82311,0.63036,0.36293,0.36033,1.39675,0.64614,0.97393,0.42282,0.41639,0.22975000000000007,0.001847929210721285,0.001874270680288872,72100
