z_x1,z_x2,z_note,x_x1,x_x2,x_note,"p(y=0|x,D)","p(y=1|x,D)","p(y=2|x,D)","p(u=0|z,D)","p(u=1|z,D)","p(u=2|z,D)","p(y=0|x,u=0,z,D)","p(y=1|x,u=0,z,D)","p(y=2|x,u=0,z,D)","p(y=0|x,u=1,z,D)","p(y=1|x,u=1,z,D)","p(y=2|x,u=1,z,D)","p(y=0|x,u=2,z,D)","p(y=1|x,u=2,z,D)","p(y=2|x,u=2,z,D)","p(y=0|x,z,D)","p(y=1|x,z,D)","p(y=2|x,z,D)","H[p(u|z,D)]","Var[p(u|z,D)]","H[p(y|x,u=0,z,D)]","H[p(y|x,u=1,z,D)]","H[p(y|x,u=2,z,D)]","Var[p(y|x,u=0,z,D)]","Var[p(y|x,u=1,z,D)]","Var[p(y|x,u=2,z,D)]","H[p(y|x,D)]","Var[p(y|x,D)]",Va,Ve,Va_variance,Ve_variance,kl_pyx_pyxz,kl_pyxz_pyx,api_calls
-2.9,-2.6,x1 = -2.9; x2 = -2.6,-2.9,-2.6,x1 = -2.9; x2 = -2.6,0.19666553599075112,0.1382235927929777,0.6651108712162712,0.19335557203129047,0.13793753354393376,0.6687068944247757,0.6500179313425324,0.06679872589604695,0.28318334276142054,0.1411437470486815,0.541623986831371,0.3172322661199475,0.087708090123785,0.06408683594025315,0.8482050739359618,0.20380461385098006,0.13048149174345972,0.6657138944055601,1.24082,0.6361,1.18019,1.4033,0.76345,0.79863,0.42737,0.35756,1.24734,0.64234,0.93229,0.31504999999999994,0.45247,0.18987000000000004,0.00035207234687893523,0.0003492982514534397,44750
