z_x1,z_x2,z_note,x_x1,x_x2,x_note,"p(y=0|x,D)","p(y=1|x,D)","p(y=2|x,D)","p(u=0|z,D)","p(u=1|z,D)","p(u=2|z,D)","p(y=0|x,u=0,z,D)","p(y=1|x,u=0,z,D)","p(y=2|x,u=0,z,D)","p(y=0|x,u=1,z,D)","p(y=1|x,u=1,z,D)","p(y=2|x,u=1,z,D)","p(y=0|x,u=2,z,D)","p(y=1|x,u=2,z,D)","p(y=2|x,u=2,z,D)","p(y=0|x,z,D)","p(y=1|x,z,D)","p(y=2|x,z,D)","H[p(u|z,D)]","Var[p(u|z,D)]","H[p(y|x,u=0,z,D)]","H[p(y|x,u=1,z,D)]","H[p(y|x,u=2,z,D)]","Var[p(y|x,u=0,z,D)]","Var[p(y|x,u=1,z,D)]","Var[p(y|x,u=2,z,D)]","H[p(y|x,D)]","Var[p(y|x,D)]",Va,Ve,Va_variance,Ve_variance,kl_pyx_pyxz,kl_pyxz_pyx,api_calls
-1.3,-0.5,x1 = -1.3; x2 = -0.5,-1.3,-0.5,x1 = -1.3; x2 = -0.5,0.33400087296091774,0.311590660580785,0.35440846645829727,0.33400087296091774,0.311590660580785,0.35440846645829727,0.6838874312731742,0.15288643311957525,0.16322613560725058,0.14700279552673112,0.6419519417958398,0.21104526267742924,0.1380954307818567,0.1593624160147013,0.7025421532034419,0.3231658870659318,0.30756982120196197,0.3692642917321063,1.58297,0.68799,1.21597,1.29079,1.17452,0.57603,0.35395,0.52204,1.58297,0.68799,1.22459,0.3583799999999999,0.4877,0.20028999999999997,0.0005087288550814466,0.0005108266259710916,29800
