z_x1,z_x2,z_note,x_x1,x_x2,x_note,"p(y=0|x,D)","p(y=1|x,D)","p(y=2|x,D)","p(u=0|z,D)","p(u=1|z,D)","p(u=2|z,D)","p(y=0|x,u=0,z,D)","p(y=1|x,u=0,z,D)","p(y=2|x,u=0,z,D)","p(y=0|x,u=1,z,D)","p(y=1|x,u=1,z,D)","p(y=2|x,u=1,z,D)","p(y=0|x,u=2,z,D)","p(y=1|x,u=2,z,D)","p(y=2|x,u=2,z,D)","p(y=0|x,z,D)","p(y=1|x,z,D)","p(y=2|x,z,D)","H[p(u|z,D)]","Var[p(u|z,D)]","H[p(y|x,u=0,z,D)]","H[p(y|x,u=1,z,D)]","H[p(y|x,u=2,z,D)]","Var[p(y|x,u=0,z,D)]","Var[p(y|x,u=1,z,D)]","Var[p(y|x,u=2,z,D)]","H[p(y|x,D)]","Var[p(y|x,D)]",Va,Ve,Va_variance,Ve_variance,kl_pyx_pyxz,kl_pyxz_pyx,api_calls
-3.7,-2.2,x1 = -3.7; x2 = -2.2,-3.7,-2.2,x1 = -3.7; x2 = -2.2,0.27737205641433305,0.1313093775280759,0.591318566057591,0.2781827345814566,0.13556791633319984,0.5862493490853435,0.7855707430157276,0.05689551797467905,0.1575337390095933,0.13624122059802604,0.6363432259179788,0.22741555348399528,0.0875316858991288,0.06492344513576256,0.8475448689651086,0.288317549777175,0.14015640343729047,0.5715260467855344,1.35598,0.76953,0.92885,1.29267,0.76598,0.54867,0.35534,0.35746,1.34598,0.77013,0.88269,0.46329,0.41036,0.35977,0.0008345633056963883,0.0008397406934383643,12950
