z_x1,z_x2,z_note,x_x1,x_x2,x_note,"p(y=0|x,D)","p(y=1|x,D)","p(y=2|x,D)","p(u=0|z,D)","p(u=1|z,D)","p(u=2|z,D)","p(y=0|x,u=0,z,D)","p(y=1|x,u=0,z,D)","p(y=2|x,u=0,z,D)","p(y=0|x,u=1,z,D)","p(y=1|x,u=1,z,D)","p(y=2|x,u=1,z,D)","p(y=0|x,u=2,z,D)","p(y=1|x,u=2,z,D)","p(y=2|x,u=2,z,D)","p(y=0|x,z,D)","p(y=1|x,z,D)","p(y=2|x,z,D)","H[p(u|z,D)]","Var[p(u|z,D)]","H[p(y|x,u=0,z,D)]","H[p(y|x,u=1,z,D)]","H[p(y|x,u=2,z,D)]","Var[p(y|x,u=0,z,D)]","Var[p(y|x,u=1,z,D)]","Var[p(y|x,u=2,z,D)]","H[p(y|x,D)]","Var[p(y|x,D)]",Va,Ve,Va_variance,Ve_variance,kl_pyx_pyxz,kl_pyxz_pyx,api_calls
-2.0,-3.1,x1 = -2.0; x2 = -3.1,-2.0,-3.1,x1 = -2.0; x2 = -3.1,0.19808960732537123,0.2096617030855496,0.5922486895890792,0.1933023220405959,0.21489944648498036,0.5917982314744238,0.7833177627163774,0.07184469252767296,0.14483754475594962,0.1287566030557224,0.6659180241489859,0.20532537279529164,0.08537805055507322,0.08614064129923837,0.8284813081456883,0.2296134444819076,0.2079710398648427,0.5624155156532497,1.38292,0.6263,0.95266,1.24035,0.83268,0.5205,0.32822,0.36166,1.38282,0.63498,0.94348,0.43933999999999995,0.38518,0.24979999999999997,0.0030548827432601323,0.003156122832605194,500
