z_x1,z_x2,z_note,x_x1,x_x2,x_note,"p(y=0|x,D)","p(y=1|x,D)","p(y=2|x,D)","p(u=0|z,D)","p(u=1|z,D)","p(u=2|z,D)","p(y=0|x,u=0,z,D)","p(y=1|x,u=0,z,D)","p(y=2|x,u=0,z,D)","p(y=0|x,u=1,z,D)","p(y=1|x,u=1,z,D)","p(y=2|x,u=1,z,D)","p(y=0|x,u=2,z,D)","p(y=1|x,u=2,z,D)","p(y=2|x,u=2,z,D)","p(y=0|x,z,D)","p(y=1|x,z,D)","p(y=2|x,z,D)","H[p(u|z,D)]","Var[p(u|z,D)]","H[p(y|x,u=0,z,D)]","H[p(y|x,u=1,z,D)]","H[p(y|x,u=2,z,D)]","Var[p(y|x,u=0,z,D)]","Var[p(y|x,u=1,z,D)]","Var[p(y|x,u=2,z,D)]","H[p(y|x,D)]","Var[p(y|x,D)]",Va,Ve,Va_variance,Ve_variance,kl_pyx_pyxz,kl_pyxz_pyx,api_calls
1.5,0.0,x1 = 1.5; x2 = 0.0,1.5,0.0,x1 = 1.5; x2 = 0.0,0.44592893875018086,0.29088917347089743,0.2631818877789217,0.4443243158696295,0.29316210907833107,0.2625135750520394,0.7656313159453371,0.12357458445227991,0.11079409960238311,0.23535210424634329,0.5914096492524907,0.17323824650116593,0.19113576199349674,0.17727563278879446,0.6315886052177087,0.45936066212386584,0.2748233529327682,0.26581598494336595,1.54549,0.67378,1.01942,1.37751,1.31748,0.44761,0.40473,0.62873,1.54462,0.67571,1.20264,0.3419800000000002,0.48259,0.19312,0.0006721105469307061,0.0006654831057532713,62050
