z_x1,z_x2,z_note,x_x1,x_x2,x_note,"p(y=0|x,D)","p(y=1|x,D)","p(y=2|x,D)","p(u=0|z,D)","p(u=1|z,D)","p(u=2|z,D)","p(y=0|x,u=0,z,D)","p(y=1|x,u=0,z,D)","p(y=2|x,u=0,z,D)","p(y=0|x,u=1,z,D)","p(y=1|x,u=1,z,D)","p(y=2|x,u=1,z,D)","p(y=0|x,u=2,z,D)","p(y=1|x,u=2,z,D)","p(y=2|x,u=2,z,D)","p(y=0|x,z,D)","p(y=1|x,z,D)","p(y=2|x,z,D)","H[p(u|z,D)]","Var[p(u|z,D)]","H[p(y|x,u=0,z,D)]","H[p(y|x,u=1,z,D)]","H[p(y|x,u=2,z,D)]","Var[p(y|x,u=0,z,D)]","Var[p(y|x,u=1,z,D)]","Var[p(y|x,u=2,z,D)]","H[p(y|x,D)]","Var[p(y|x,D)]",Va,Ve,Va_variance,Ve_variance,kl_pyx_pyxz,kl_pyxz_pyx,api_calls
-1.7,0.0,x1 = -1.7; x2 = 0.0,-1.7,0.0,x1 = -1.7; x2 = 0.0,0.2954976365969826,0.3441751036996082,0.3603272597034092,0.2954976365969826,0.3441751036996082,0.3603272597034092,0.6292078158891135,0.20864393880701715,0.16214824530386945,0.17600498870278178,0.6273792399036796,0.19661577139353853,0.147965837672848,0.18688481520156924,0.6651493471255827,0.29982208258038745,0.3449217991023488,0.35525611831726367,1.57995,0.65162,1.31785,1.32446,1.25139,0.57321,0.3722,0.54564,1.57995,0.65162,1.29618,0.28376999999999986,0.49409,0.15753,6.816966971501942e-05,6.815259119101295e-05,14050
