z_x1,z_x2,z_note,x_x1,x_x2,x_note,"p(y=0|x,D)","p(y=1|x,D)","p(y=2|x,D)","p(u=0|z,D)","p(u=1|z,D)","p(u=2|z,D)","p(y=0|x,u=0,z,D)","p(y=1|x,u=0,z,D)","p(y=2|x,u=0,z,D)","p(y=0|x,u=1,z,D)","p(y=1|x,u=1,z,D)","p(y=2|x,u=1,z,D)","p(y=0|x,u=2,z,D)","p(y=1|x,u=2,z,D)","p(y=2|x,u=2,z,D)","p(y=0|x,z,D)","p(y=1|x,z,D)","p(y=2|x,z,D)","H[p(u|z,D)]","Var[p(u|z,D)]","H[p(y|x,u=0,z,D)]","H[p(y|x,u=1,z,D)]","H[p(y|x,u=2,z,D)]","Var[p(y|x,u=0,z,D)]","Var[p(y|x,u=1,z,D)]","Var[p(y|x,u=2,z,D)]","H[p(y|x,D)]","Var[p(y|x,D)]",Va,Ve,Va_variance,Ve_variance,kl_pyx_pyxz,kl_pyxz_pyx,api_calls
3.0,-2.2,x1 = 3.0; x2 = -2.2,3.0,-2.2,x1 = 3.0; x2 = -2.2,0.8513270071168002,0.08279881930099656,0.06587417358220335,0.8483296766735438,0.08266116841537176,0.06900915491108461,0.9142489611678443,0.04319728345071536,0.0425537553814405,0.2730123257290943,0.6062516968278755,0.12073597744303025,0.19968898114929529,0.10280767244981297,0.6975033464008918,0.8119324112973739,0.09385368171065189,0.0942139069919744,0.76479,0.31,0.50787,1.31732,1.16404,0.19695,0.37056,0.64937,0.75379,0.30027,0.62006,0.13373000000000002,0.24252,0.05774999999999997,0.0063874101195877005,0.007005067066383725,40950
