z_x1,z_x2,z_note,x_x1,x_x2,x_note,"p(y=0|x,D)","p(y=1|x,D)","p(y=2|x,D)","p(u=0|z,D)","p(u=1|z,D)","p(u=2|z,D)","p(y=0|x,u=0,z,D)","p(y=1|x,u=0,z,D)","p(y=2|x,u=0,z,D)","p(y=0|x,u=1,z,D)","p(y=1|x,u=1,z,D)","p(y=2|x,u=1,z,D)","p(y=0|x,u=2,z,D)","p(y=1|x,u=2,z,D)","p(y=2|x,u=2,z,D)","p(y=0|x,z,D)","p(y=1|x,z,D)","p(y=2|x,z,D)","H[p(u|z,D)]","Var[p(u|z,D)]","H[p(y|x,u=0,z,D)]","H[p(y|x,u=1,z,D)]","H[p(y|x,u=2,z,D)]","Var[p(y|x,u=0,z,D)]","Var[p(y|x,u=1,z,D)]","Var[p(y|x,u=2,z,D)]","H[p(y|x,D)]","Var[p(y|x,D)]",Va,Ve,Va_variance,Ve_variance,kl_pyx_pyxz,kl_pyxz_pyx,api_calls
-2.8,2.3,x1 = -2.8; x2 = 2.3,-2.8,2.3,x1 = -2.8; x2 = 2.3,0.2833542589869604,0.18690734829313851,0.529738392719901,0.2833542589869604,0.18690734829313851,0.529738392719901,0.7454360589504815,0.07467420833614978,0.17988973271336867,0.12926616144895048,0.6329053601444942,0.23782847840655533,0.09032667004288775,0.0733924481214107,0.8362808818357015,0.28323278257479,0.17833271505926368,0.538434502365946,1.45334,0.75239,1.04067,1.292,0.80559,0.60548,0.35531,0.37016,1.45334,0.75239,0.96311,0.49023000000000005,0.43406,0.31833,0.00027354841252292747,0.0002707809815408538,51200
