z_x1,z_x2,z_note,x_x1,x_x2,x_note,"p(y=0|x,D)","p(y=1|x,D)","p(y=2|x,D)","p(u=0|z,D)","p(u=1|z,D)","p(u=2|z,D)","p(y=0|x,u=0,z,D)","p(y=1|x,u=0,z,D)","p(y=2|x,u=0,z,D)","p(y=0|x,u=1,z,D)","p(y=1|x,u=1,z,D)","p(y=2|x,u=1,z,D)","p(y=0|x,u=2,z,D)","p(y=1|x,u=2,z,D)","p(y=2|x,u=2,z,D)","p(y=0|x,z,D)","p(y=1|x,z,D)","p(y=2|x,z,D)","H[p(u|z,D)]","Var[p(u|z,D)]","H[p(y|x,u=0,z,D)]","H[p(y|x,u=1,z,D)]","H[p(y|x,u=2,z,D)]","Var[p(y|x,u=0,z,D)]","Var[p(y|x,u=1,z,D)]","Var[p(y|x,u=2,z,D)]","H[p(y|x,D)]","Var[p(y|x,D)]",Va,Ve,Va_variance,Ve_variance,kl_pyx_pyxz,kl_pyxz_pyx,api_calls
0.9,3.5,x1 = 0.9; x2 = 3.5,0.9,3.5,x1 = 0.9; x2 = 3.5,0.32246494683454274,0.32950570768711074,0.34802934547834646,0.3281834800934498,0.3312328513838102,0.34058366852273997,0.768629305576224,0.12157132153906217,0.10979937288471389,0.16121089290525883,0.6465566225935038,0.19223248450123756,0.13927769063775503,0.13598084067754596,0.724741468684699,0.35308549095773767,0.30037134663174636,0.3465431624105161,1.58478,0.66861,1.01133,1.28858,1.12414,0.44437,0.35248,0.52125,1.58421,0.66984,1.14159,0.4426199999999998,0.44012,0.22971999999999998,0.0027404174159680727,0.002740797489000261,39800
