z_x1,z_x2,z_note,x_x1,x_x2,x_note,"p(y=0|x,D)","p(y=1|x,D)","p(y=2|x,D)","p(u=0|z,D)","p(u=1|z,D)","p(u=2|z,D)","p(y=0|x,u=0,z,D)","p(y=1|x,u=0,z,D)","p(y=2|x,u=0,z,D)","p(y=0|x,u=1,z,D)","p(y=1|x,u=1,z,D)","p(y=2|x,u=1,z,D)","p(y=0|x,u=2,z,D)","p(y=1|x,u=2,z,D)","p(y=2|x,u=2,z,D)","p(y=0|x,z,D)","p(y=1|x,z,D)","p(y=2|x,z,D)","H[p(u|z,D)]","Var[p(u|z,D)]","H[p(y|x,u=0,z,D)]","H[p(y|x,u=1,z,D)]","H[p(y|x,u=2,z,D)]","Var[p(y|x,u=0,z,D)]","Var[p(y|x,u=1,z,D)]","Var[p(y|x,u=2,z,D)]","H[p(y|x,D)]","Var[p(y|x,D)]",Va,Ve,Va_variance,Ve_variance,kl_pyx_pyxz,kl_pyxz_pyx,api_calls
-1.4,-3.4,x1 = -1.4; x2 = -3.4,-1.4,-3.4,x1 = -1.4; x2 = -3.4,0.23408550199310924,0.28951749469055554,0.47639700331633505,0.23408550199310924,0.28951749469055554,0.47639700331633505,0.7431411317476269,0.09511289287613897,0.16174597537623409,0.13405044836074204,0.6556448050997031,0.2103047465395549,0.08936014938091606,0.10598631879302027,0.8046535318260636,0.2553394222293867,0.2625767553197961,0.48208382245081693,1.51775,0.65177,1.06622,1.261,0.90685,0.56687,0.33854,0.38237,1.51775,0.65177,1.04669,0.47106000000000003,0.41287,0.23889999999999995,0.0022809550544608103,0.002265011448215194,24350
