z_x1,z_x2,z_note,x_x1,x_x2,x_note,"p(y=0|x,D)","p(y=1|x,D)","p(y=2|x,D)","p(u=0|z,D)","p(u=1|z,D)","p(u=2|z,D)","p(y=0|x,u=0,z,D)","p(y=1|x,u=0,z,D)","p(y=2|x,u=0,z,D)","p(y=0|x,u=1,z,D)","p(y=1|x,u=1,z,D)","p(y=2|x,u=1,z,D)","p(y=0|x,u=2,z,D)","p(y=1|x,u=2,z,D)","p(y=2|x,u=2,z,D)","p(y=0|x,z,D)","p(y=1|x,z,D)","p(y=2|x,z,D)","H[p(u|z,D)]","Var[p(u|z,D)]","H[p(y|x,u=0,z,D)]","H[p(y|x,u=1,z,D)]","H[p(y|x,u=2,z,D)]","Var[p(y|x,u=0,z,D)]","Var[p(y|x,u=1,z,D)]","Var[p(y|x,u=2,z,D)]","H[p(y|x,D)]","Var[p(y|x,D)]",Va,Ve,Va_variance,Ve_variance,kl_pyx_pyxz,kl_pyxz_pyx,api_calls
-2.3,-0.3,x1 = -2.3; x2 = -0.3,-2.3,-0.3,x1 = -2.3; x2 = -0.3,0.4598601329238366,0.20971996021492476,0.33041990686123857,0.4598601329238366,0.20971996021492476,0.33041990686123857,0.7542503673963117,0.09461120582235874,0.15113842678132955,0.26620830948490765,0.559894438693093,0.17389725182199942,0.2058129180271048,0.10778000061796056,0.6864070813549347,0.4706835554881334,0.1965416188585182,0.33277482565334837,1.51586,0.77353,1.04076,1.41566,1.18839,0.54164,0.43158,0.66125,1.51586,0.77353,1.16816,0.3476999999999999,0.55808,0.21545000000000003,0.0005660151667891437,0.0005577609621697528,69900
