z_x1,z_x2,z_note,x_x1,x_x2,x_note,"p(y=0|x,D)","p(y=1|x,D)","p(y=2|x,D)","p(u=0|z,D)","p(u=1|z,D)","p(u=2|z,D)","p(y=0|x,u=0,z,D)","p(y=1|x,u=0,z,D)","p(y=2|x,u=0,z,D)","p(y=0|x,u=1,z,D)","p(y=1|x,u=1,z,D)","p(y=2|x,u=1,z,D)","p(y=0|x,u=2,z,D)","p(y=1|x,u=2,z,D)","p(y=2|x,u=2,z,D)","p(y=0|x,z,D)","p(y=1|x,z,D)","p(y=2|x,z,D)","H[p(u|z,D)]","Var[p(u|z,D)]","H[p(y|x,u=0,z,D)]","H[p(y|x,u=1,z,D)]","H[p(y|x,u=2,z,D)]","Var[p(y|x,u=0,z,D)]","Var[p(y|x,u=1,z,D)]","Var[p(y|x,u=2,z,D)]","H[p(y|x,D)]","Var[p(y|x,D)]",Va,Ve,Va_variance,Ve_variance,kl_pyx_pyxz,kl_pyxz_pyx,api_calls
-0.2,-0.1,x1 = -0.2; x2 = -0.1,-0.2,-0.1,x1 = -0.2; x2 = -0.1,0.35139781559802297,0.338162456665947,0.3104397277360301,0.3424181513365846,0.34680139642555224,0.31078045223786327,0.6867758519608673,0.18705629162299153,0.12616785641614112,0.1798952886018378,0.6239992312661718,0.19610548013199033,0.17350058184234413,0.22518999988119526,0.6013094182764607,0.3514730441970393,0.3504399243475236,0.29808703145543725,1.58327,0.6522,1.20149,1.33066,1.36402,0.49866,0.37574,0.59179,1.58306,0.66016,1.2968,0.28625999999999996,0.48497,0.17518999999999996,0.00047011494871096807,0.0004693231543936912,74000
