z_x1,z_x2,z_note,x_x1,x_x2,x_note,"p(y=0|x,D)","p(y=1|x,D)","p(y=2|x,D)","p(u=0|z,D)","p(u=1|z,D)","p(u=2|z,D)","p(y=0|x,u=0,z,D)","p(y=1|x,u=0,z,D)","p(y=2|x,u=0,z,D)","p(y=0|x,u=1,z,D)","p(y=1|x,u=1,z,D)","p(y=2|x,u=1,z,D)","p(y=0|x,u=2,z,D)","p(y=1|x,u=2,z,D)","p(y=2|x,u=2,z,D)","p(y=0|x,z,D)","p(y=1|x,z,D)","p(y=2|x,z,D)","H[p(u|z,D)]","Var[p(u|z,D)]","H[p(y|x,u=0,z,D)]","H[p(y|x,u=1,z,D)]","H[p(y|x,u=2,z,D)]","Var[p(y|x,u=0,z,D)]","Var[p(y|x,u=1,z,D)]","Var[p(y|x,u=2,z,D)]","H[p(y|x,D)]","Var[p(y|x,D)]",Va,Ve,Va_variance,Ve_variance,kl_pyx_pyxz,kl_pyxz_pyx,api_calls
1.9,3.6,x1 = 1.9; x2 = 3.6,1.9,3.6,x1 = 1.9; x2 = 3.6,0.2958917912177528,0.3588054195798439,0.3453027892024032,0.29526002177969135,0.3606924080692816,0.34404757015102694,0.8076394190127679,0.10198612026770999,0.09037446071952206,0.1396839182811058,0.6874356975666437,0.17288038415225046,0.1191384107773906,0.12420576197449942,0.7566558272481101,0.3298358420408281,0.32079795184565274,0.3493662061135191,1.57988,0.63693,0.89824,1.20613,1.04383,0.38354,0.31146,0.46937,1.58013,0.63875,1.05938,0.52075,0.38707,0.25168,0.004001074777728232,0.003988478362061278,79850
