z_x1,z_x2,z_note,x_x1,x_x2,x_note,"p(y=0|x,D)","p(y=1|x,D)","p(y=2|x,D)","p(u=0|z,D)","p(u=1|z,D)","p(u=2|z,D)","p(y=0|x,u=0,z,D)","p(y=1|x,u=0,z,D)","p(y=2|x,u=0,z,D)","p(y=0|x,u=1,z,D)","p(y=1|x,u=1,z,D)","p(y=2|x,u=1,z,D)","p(y=0|x,u=2,z,D)","p(y=1|x,u=2,z,D)","p(y=2|x,u=2,z,D)","p(y=0|x,z,D)","p(y=1|x,z,D)","p(y=2|x,z,D)","H[p(u|z,D)]","Var[p(u|z,D)]","H[p(y|x,u=0,z,D)]","H[p(y|x,u=1,z,D)]","H[p(y|x,u=2,z,D)]","Var[p(y|x,u=0,z,D)]","Var[p(y|x,u=1,z,D)]","Var[p(y|x,u=2,z,D)]","H[p(y|x,D)]","Var[p(y|x,D)]",Va,Ve,Va_variance,Ve_variance,kl_pyx_pyxz,kl_pyxz_pyx,api_calls
3.6,-3.7,x1 = 3.6; x2 = -3.7,3.6,-3.7,x1 = 3.6; x2 = -3.7,0.6782659121132413,0.15175980835516792,0.16997427953159075,0.6826347948047302,0.15101946504563865,0.16634574014963122,0.9269829995797394,0.03587484942311337,0.03714215099714725,0.1621714276124558,0.7140193773659561,0.12380919502158802,0.10739585620006895,0.07828323610047452,0.8143209076994566,0.6751467351379131,0.14534232772706604,0.17951093713502092,1.21832,0.58243,0.45008,1.14573,0.87472,0.17231,0.28451,0.42197,1.22725,0.58988,0.62577,0.6014799999999999,0.23078,0.3591,0.0004047635512627965,0.0004074920485502096,64200
