z_x1,z_x2,z_note,x_x1,x_x2,x_note,"p(y=0|x,D)","p(y=1|x,D)","p(y=2|x,D)","p(u=0|z,D)","p(u=1|z,D)","p(u=2|z,D)","p(y=0|x,u=0,z,D)","p(y=1|x,u=0,z,D)","p(y=2|x,u=0,z,D)","p(y=0|x,u=1,z,D)","p(y=1|x,u=1,z,D)","p(y=2|x,u=1,z,D)","p(y=0|x,u=2,z,D)","p(y=1|x,u=2,z,D)","p(y=2|x,u=2,z,D)","p(y=0|x,z,D)","p(y=1|x,z,D)","p(y=2|x,z,D)","H[p(u|z,D)]","Var[p(u|z,D)]","H[p(y|x,u=0,z,D)]","H[p(y|x,u=1,z,D)]","H[p(y|x,u=2,z,D)]","Var[p(y|x,u=0,z,D)]","Var[p(y|x,u=1,z,D)]","Var[p(y|x,u=2,z,D)]","H[p(y|x,D)]","Var[p(y|x,D)]",Va,Ve,Va_variance,Ve_variance,kl_pyx_pyxz,kl_pyxz_pyx,api_calls
-2.9,0.8,x1 = -2.9; x2 = 0.8,-2.9,0.8,x1 = -2.9; x2 = 0.8,0.30420689921187183,0.23624036704059326,0.45955273374753497,0.31161615171912793,0.235817326654626,0.45256652162624605,0.7288551443205319,0.0934847815079332,0.1776600741715349,0.16221384593733731,0.617340302242154,0.22044585182050871,0.11968230869907895,0.09425570423325168,0.7860619870676693,0.3195400768773028,0.21736788377698416,0.4630920393457131,1.53334,0.74432,1.09508,1.33614,0.9607,0.6027,0.37927,0.46168,1.52954,0.73963,1.09111,0.4384299999999999,0.48619,0.25344,0.001184020284731073,0.0011684329496020594,46450
