z_x1,z_x2,z_note,x_x1,x_x2,x_note,"p(y=0|x,D)","p(y=1|x,D)","p(y=2|x,D)","p(u=0|z,D)","p(u=1|z,D)","p(u=2|z,D)","p(y=0|x,u=0,z,D)","p(y=1|x,u=0,z,D)","p(y=2|x,u=0,z,D)","p(y=0|x,u=1,z,D)","p(y=1|x,u=1,z,D)","p(y=2|x,u=1,z,D)","p(y=0|x,u=2,z,D)","p(y=1|x,u=2,z,D)","p(y=2|x,u=2,z,D)","p(y=0|x,z,D)","p(y=1|x,z,D)","p(y=2|x,z,D)","H[p(u|z,D)]","Var[p(u|z,D)]","H[p(y|x,u=0,z,D)]","H[p(y|x,u=1,z,D)]","H[p(y|x,u=2,z,D)]","Var[p(y|x,u=0,z,D)]","Var[p(y|x,u=1,z,D)]","Var[p(y|x,u=2,z,D)]","H[p(y|x,D)]","Var[p(y|x,D)]",Va,Ve,Va_variance,Ve_variance,kl_pyx_pyxz,kl_pyxz_pyx,api_calls
3.0,0.9,x1 = 3.0; x2 = 0.9,3.0,0.9,x1 = 3.0; x2 = 0.9,0.5157773819127224,0.3047761632894379,0.17944645479783972,0.5209240746966765,0.30025116051464157,0.17882476478868187,0.8739569258919294,0.06938808258455129,0.05665499152351927,0.177449678945196,0.69502395284797,0.1275263682068339,0.15758034912179195,0.1542861263764266,0.6881335245017816,0.5367239438482736,0.2724178514028318,0.19085820474889442,1.45537,0.58272,0.6716,1.18634,1.20716,0.26263,0.30248,0.56423,1.45984,0.58211,0.92192,0.5379200000000001,0.32853,0.25358,0.002612256116368802,0.0025570906382014185,42500
