z_x1,z_x2,z_note,x_x1,x_x2,x_note,"p(y=0|x,D)","p(y=1|x,D)","p(y=2|x,D)","p(u=0|z,D)","p(u=1|z,D)","p(u=2|z,D)","p(y=0|x,u=0,z,D)","p(y=1|x,u=0,z,D)","p(y=2|x,u=0,z,D)","p(y=0|x,u=1,z,D)","p(y=1|x,u=1,z,D)","p(y=2|x,u=1,z,D)","p(y=0|x,u=2,z,D)","p(y=1|x,u=2,z,D)","p(y=2|x,u=2,z,D)","p(y=0|x,z,D)","p(y=1|x,z,D)","p(y=2|x,z,D)","H[p(u|z,D)]","Var[p(u|z,D)]","H[p(y|x,u=0,z,D)]","H[p(y|x,u=1,z,D)]","H[p(y|x,u=2,z,D)]","Var[p(y|x,u=0,z,D)]","Var[p(y|x,u=1,z,D)]","Var[p(y|x,u=2,z,D)]","H[p(y|x,D)]","Var[p(y|x,D)]",Va,Ve,Va_variance,Ve_variance,kl_pyx_pyxz,kl_pyxz_pyx,api_calls
0.8,1.9,x1 = 0.8; x2 = 1.9,0.8,1.9,x1 = 0.8; x2 = 1.9,0.3566996824555488,0.29826029941476745,0.3450400181296838,0.3566996824555488,0.29826029941476745,0.3450400181296838,0.7004398471670598,0.1444287999906477,0.15513135284229249,0.21995152958000022,0.5749375971023631,0.20511087331763664,0.2012231391165408,0.16306058019414932,0.63571628068931,0.3848795157018534,0.2792611924970838,0.33585929180106283,1.58075,0.7016,1.18004,1.40842,1.30758,0.55821,0.42484,0.64816,1.58075,0.7016,1.29216,0.2885900000000001,0.54947,0.15213,0.001814227400926155,0.0018265487217193465,35000
