z_x1,z_x2,z_note,x_x1,x_x2,x_note,"p(y=0|x,D)","p(y=1|x,D)","p(y=2|x,D)","p(u=0|z,D)","p(u=1|z,D)","p(u=2|z,D)","p(y=0|x,u=0,z,D)","p(y=1|x,u=0,z,D)","p(y=2|x,u=0,z,D)","p(y=0|x,u=1,z,D)","p(y=1|x,u=1,z,D)","p(y=2|x,u=1,z,D)","p(y=0|x,u=2,z,D)","p(y=1|x,u=2,z,D)","p(y=2|x,u=2,z,D)","p(y=0|x,z,D)","p(y=1|x,z,D)","p(y=2|x,z,D)","H[p(u|z,D)]","Var[p(u|z,D)]","H[p(y|x,u=0,z,D)]","H[p(y|x,u=1,z,D)]","H[p(y|x,u=2,z,D)]","Var[p(y|x,u=0,z,D)]","Var[p(y|x,u=1,z,D)]","Var[p(y|x,u=2,z,D)]","H[p(y|x,D)]","Var[p(y|x,D)]",Va,Ve,Va_variance,Ve_variance,kl_pyx_pyxz,kl_pyxz_pyx,api_calls
3.8,-1.8,x1 = 3.8; x2 = -1.8,3.8,-1.8,x1 = 3.8; x2 = -1.8,0.8673069560872415,0.06811859098191957,0.06457445293083901,0.8641938392986278,0.07067360532855654,0.06513255537281568,0.9159667630325167,0.04211013627498293,0.04192310069250034,0.21295303842343513,0.6565853017947114,0.13046165978185342,0.1581093537088139,0.10299448776981826,0.7388961585213678,0.8169210588414612,0.089502865002199,0.09357607615633973,0.70879,0.29083,0.50027,1.25703,1.08106,0.19394,0.33661,0.55969,0.6974,0.2875,0.59158,0.10582000000000003,0.22785,0.05964999999999998,0.009356704388508722,0.01025558360590514,73150
