z_x1,z_x2,z_note,x_x1,x_x2,x_note,"p(y=0|x,D)","p(y=1|x,D)","p(y=2|x,D)","p(u=0|z,D)","p(u=1|z,D)","p(u=2|z,D)","p(y=0|x,u=0,z,D)","p(y=1|x,u=0,z,D)","p(y=2|x,u=0,z,D)","p(y=0|x,u=1,z,D)","p(y=1|x,u=1,z,D)","p(y=2|x,u=1,z,D)","p(y=0|x,u=2,z,D)","p(y=1|x,u=2,z,D)","p(y=2|x,u=2,z,D)","p(y=0|x,z,D)","p(y=1|x,z,D)","p(y=2|x,z,D)","H[p(u|z,D)]","Var[p(u|z,D)]","H[p(y|x,u=0,z,D)]","H[p(y|x,u=1,z,D)]","H[p(y|x,u=2,z,D)]","Var[p(y|x,u=0,z,D)]","Var[p(y|x,u=1,z,D)]","Var[p(y|x,u=2,z,D)]","H[p(y|x,D)]","Var[p(y|x,D)]",Va,Ve,Va_variance,Ve_variance,kl_pyx_pyxz,kl_pyxz_pyx,api_calls
2.4,-2.4,x1 = 2.4; x2 = -2.4,2.4,-2.4,x1 = 2.4; x2 = -2.4,0.7561498117862702,0.13092340894182086,0.11292677927190904,0.7518812613254304,0.13321922159757407,0.11489951707699564,0.8798623833549695,0.06471893314350895,0.05541868350152165,0.23193608868570084,0.6136233599540916,0.15444055136020768,0.1936079154699929,0.11771156634525348,0.6886805181847537,0.7146958397746148,0.14393238157819616,0.14137177864718925,1.05542,0.46104,0.64937,1.33751,1.19253,0.25557,0.38037,0.63719,1.04428,0.45534,0.80345,0.2408300000000001,0.31604,0.13930000000000003,0.004861672035070416,0.00509822881334911,16850
