z_x1,z_x2,z_note,x_x1,x_x2,x_note,"p(y=0|x,D)","p(y=1|x,D)","p(y=2|x,D)","p(u=0|z,D)","p(u=1|z,D)","p(u=2|z,D)","p(y=0|x,u=0,z,D)","p(y=1|x,u=0,z,D)","p(y=2|x,u=0,z,D)","p(y=0|x,u=1,z,D)","p(y=1|x,u=1,z,D)","p(y=2|x,u=1,z,D)","p(y=0|x,u=2,z,D)","p(y=1|x,u=2,z,D)","p(y=2|x,u=2,z,D)","p(y=0|x,z,D)","p(y=1|x,z,D)","p(y=2|x,z,D)","H[p(u|z,D)]","Var[p(u|z,D)]","H[p(y|x,u=0,z,D)]","H[p(y|x,u=1,z,D)]","H[p(y|x,u=2,z,D)]","Var[p(y|x,u=0,z,D)]","Var[p(y|x,u=1,z,D)]","Var[p(y|x,u=2,z,D)]","H[p(y|x,D)]","Var[p(y|x,D)]",Va,Ve,Va_variance,Ve_variance,kl_pyx_pyxz,kl_pyxz_pyx,api_calls
3.7,1.3,x1 = 3.7; x2 = 1.3,3.7,1.3,x1 = 3.7; x2 = 1.3,0.5145043954406145,0.28454947097317795,0.20094613358620755,0.5145043954406145,0.28454947097317795,0.20094613358620755,0.8593237688561354,0.0763916866813947,0.06428454446246994,0.13876770569014082,0.7212158798411276,0.14001641446873167,0.1145657135009591,0.1337631484449336,0.7516711380541073,0.5046336705949305,0.27140464313527507,0.22396168626979454,1.47445,0.61713,0.72593,1.13257,1.05588,0.29152,0.27878,0.46033,1.47445,0.61713,0.90794,0.5665100000000001,0.32182,0.29530999999999996,0.0016345471451681345,0.0016741264466429533,70700
