z_x1,z_x2,z_note,x_x1,x_x2,x_note,"p(y=0|x,D)","p(y=1|x,D)","p(y=2|x,D)","p(u=0|z,D)","p(u=1|z,D)","p(u=2|z,D)","p(y=0|x,u=0,z,D)","p(y=1|x,u=0,z,D)","p(y=2|x,u=0,z,D)","p(y=0|x,u=1,z,D)","p(y=1|x,u=1,z,D)","p(y=2|x,u=1,z,D)","p(y=0|x,u=2,z,D)","p(y=1|x,u=2,z,D)","p(y=2|x,u=2,z,D)","p(y=0|x,z,D)","p(y=1|x,z,D)","p(y=2|x,z,D)","H[p(u|z,D)]","Var[p(u|z,D)]","H[p(y|x,u=0,z,D)]","H[p(y|x,u=1,z,D)]","H[p(y|x,u=2,z,D)]","Var[p(y|x,u=0,z,D)]","Var[p(y|x,u=1,z,D)]","Var[p(y|x,u=2,z,D)]","H[p(y|x,D)]","Var[p(y|x,D)]",Va,Ve,Va_variance,Ve_variance,kl_pyx_pyxz,kl_pyxz_pyx,api_calls
-1.0,-2.8,x1 = -1.0; x2 = -2.8,-1.0,-2.8,x1 = -1.0; x2 = -2.8,0.22619166762494566,0.3859962903932539,0.38781204198180036,0.22619166762494566,0.3859962903932539,0.38781204198180036,0.7631548182948736,0.12405796349773272,0.11278721820739349,0.14988044373243434,0.676203516437653,0.17391603982991266,0.11788624733289069,0.17409719421778636,0.708016558449323,0.27619026258908425,0.35658991493441633,0.3672198224764993,1.54512,0.58788,1.02621,1.23097,1.1554,0.45296,0.32322,0.47765,1.54512,0.58788,1.15535,0.38976999999999995,0.41246,0.17541999999999996,0.00657382838391217,0.006864969084963306,40650
