z_x1,z_x2,z_note,x_x1,x_x2,x_note,"p(y=0|x,D)","p(y=1|x,D)","p(y=2|x,D)","p(u=0|z,D)","p(u=1|z,D)","p(u=2|z,D)","p(y=0|x,u=0,z,D)","p(y=1|x,u=0,z,D)","p(y=2|x,u=0,z,D)","p(y=0|x,u=1,z,D)","p(y=1|x,u=1,z,D)","p(y=2|x,u=1,z,D)","p(y=0|x,u=2,z,D)","p(y=1|x,u=2,z,D)","p(y=2|x,u=2,z,D)","p(y=0|x,z,D)","p(y=1|x,z,D)","p(y=2|x,z,D)","H[p(u|z,D)]","Var[p(u|z,D)]","H[p(y|x,u=0,z,D)]","H[p(y|x,u=1,z,D)]","H[p(y|x,u=2,z,D)]","Var[p(y|x,u=0,z,D)]","Var[p(y|x,u=1,z,D)]","Var[p(y|x,u=2,z,D)]","H[p(y|x,D)]","Var[p(y|x,D)]",Va,Ve,Va_variance,Ve_variance,kl_pyx_pyxz,kl_pyxz_pyx,api_calls
-3.9,0.0,x1 = -3.9; x2 = 0.0,-3.9,0.0,x1 = -3.9; x2 = 0.0,0.37380646542462986,0.187694190350886,0.4384993442244842,0.37795369395551826,0.18504307329249453,0.43700323275198727,0.8027445524803222,0.07703712227456079,0.12021832524511696,0.16872864567171658,0.606884575943676,0.22438677838460755,0.10854968299361231,0.10192453835104116,0.7895257786553466,0.38205889844259394,0.18595760475796216,0.4319834967994439,1.50285,0.81147,0.90679,1.35419,0.95271,0.45712,0.39002,0.43435,1.50521,0.80812,1.00965,0.49556,0.43475,0.3733699999999999,0.00014675395057523691,0.00014714138447446175,6050
