z_x1,z_x2,z_note,x_x1,x_x2,x_note,"p(y=0|x,D)","p(y=1|x,D)","p(y=2|x,D)","p(u=0|z,D)","p(u=1|z,D)","p(u=2|z,D)","p(y=0|x,u=0,z,D)","p(y=1|x,u=0,z,D)","p(y=2|x,u=0,z,D)","p(y=0|x,u=1,z,D)","p(y=1|x,u=1,z,D)","p(y=2|x,u=1,z,D)","p(y=0|x,u=2,z,D)","p(y=1|x,u=2,z,D)","p(y=2|x,u=2,z,D)","p(y=0|x,z,D)","p(y=1|x,z,D)","p(y=2|x,z,D)","H[p(u|z,D)]","Var[p(u|z,D)]","H[p(y|x,u=0,z,D)]","H[p(y|x,u=1,z,D)]","H[p(y|x,u=2,z,D)]","Var[p(y|x,u=0,z,D)]","Var[p(y|x,u=1,z,D)]","Var[p(y|x,u=2,z,D)]","H[p(y|x,D)]","Var[p(y|x,D)]",Va,Ve,Va_variance,Ve_variance,kl_pyx_pyxz,kl_pyxz_pyx,api_calls
1.3,-2.3,x1 = 1.3; x2 = -2.3,1.3,-2.3,x1 = 1.3; x2 = -2.3,0.7168957926622274,0.18724922842059083,0.09585497891718173,0.7199421910236408,0.18377171992225622,0.09628608905410307,0.8533065723578195,0.08958118969427395,0.0571122379479065,0.36743434188019525,0.5268303621335381,0.10573529598626666,0.29031739767698206,0.14824124589508034,0.5614413564279377,0.7098089710906685,0.17558336954329024,0.11460765936604121,1.11554,0.42728,0.74297,1.36058,1.39383,0.27649,0.40468,0.77825,1.12108,0.42706,0.91914,0.20194000000000012,0.34836,0.07869999999999999,0.002039978216158384,0.0021315465034022936,52900
