z_x1,z_x2,z_note,x_x1,x_x2,x_note,"p(y=0|x,D)","p(y=1|x,D)","p(y=2|x,D)","p(u=0|z,D)","p(u=1|z,D)","p(u=2|z,D)","p(y=0|x,u=0,z,D)","p(y=1|x,u=0,z,D)","p(y=2|x,u=0,z,D)","p(y=0|x,u=1,z,D)","p(y=1|x,u=1,z,D)","p(y=2|x,u=1,z,D)","p(y=0|x,u=2,z,D)","p(y=1|x,u=2,z,D)","p(y=2|x,u=2,z,D)","p(y=0|x,z,D)","p(y=1|x,z,D)","p(y=2|x,z,D)","H[p(u|z,D)]","Var[p(u|z,D)]","H[p(y|x,u=0,z,D)]","H[p(y|x,u=1,z,D)]","H[p(y|x,u=2,z,D)]","Var[p(y|x,u=0,z,D)]","Var[p(y|x,u=1,z,D)]","Var[p(y|x,u=2,z,D)]","H[p(y|x,D)]","Var[p(y|x,D)]",Va,Ve,Va_variance,Ve_variance,kl_pyx_pyxz,kl_pyxz_pyx,api_calls
-1.7,1.1,x1 = -1.7; x2 = 1.1,-1.7,1.1,x1 = -1.7; x2 = 1.1,0.27494701528820675,0.30633530377469925,0.4187176809370941,0.27494701528820675,0.30633530377469925,0.4187176809370941,0.6382888738776297,0.1608759367993751,0.20083518932299524,0.18843576544075913,0.6015818310502405,0.20998240350900038,0.1584696118129442,0.1562754764171196,0.6852549117699362,0.2995741765699554,0.29395341668751346,0.4064724067425313,1.56091,0.67299,1.30261,1.36759,1.21331,0.64776,0.39795,0.56622,1.56091,0.67299,1.28512,0.27579,0.53709,0.13590000000000002,0.001481015793193985,0.001505905878374781,14600
