z_x1,z_x2,z_note,x_x1,x_x2,x_note,"p(y=0|x,D)","p(y=1|x,D)","p(y=2|x,D)","p(u=0|z,D)","p(u=1|z,D)","p(u=2|z,D)","p(y=0|x,u=0,z,D)","p(y=1|x,u=0,z,D)","p(y=2|x,u=0,z,D)","p(y=0|x,u=1,z,D)","p(y=1|x,u=1,z,D)","p(y=2|x,u=1,z,D)","p(y=0|x,u=2,z,D)","p(y=1|x,u=2,z,D)","p(y=2|x,u=2,z,D)","p(y=0|x,z,D)","p(y=1|x,z,D)","p(y=2|x,z,D)","H[p(u|z,D)]","Var[p(u|z,D)]","H[p(y|x,u=0,z,D)]","H[p(y|x,u=1,z,D)]","H[p(y|x,u=2,z,D)]","Var[p(y|x,u=0,z,D)]","Var[p(y|x,u=1,z,D)]","Var[p(y|x,u=2,z,D)]","H[p(y|x,D)]","Var[p(y|x,D)]",Va,Ve,Va_variance,Ve_variance,kl_pyx_pyxz,kl_pyxz_pyx,api_calls
2.6,0.7,x1 = 2.6; x2 = 0.7,2.6,0.7,x1 = 2.6; x2 = 0.7,0.29015130876684103,0.45246903942888184,0.25737965180427713,0.27564530263406206,0.4600063770449042,0.26434832032103384,0.7149866777154157,0.1999013770339632,0.08511194525062109,0.12203182604695491,0.7335576556895171,0.14441051826352796,0.1106952078832042,0.22338518875279437,0.6659196033640015,0.28248022961373476,0.4515945745481789,0.2659251958380865,1.5352,0.53987,1.11289,1.1014,1.22516,0.40336,0.26594,0.46834,1.53959,0.54646,1.13728,0.40230999999999995,0.35732,0.18913999999999992,0.00024287541329609877,0.00024347646734066558,26400
