z_x1,z_x2,z_note,x_x1,x_x2,x_note,"p(y=0|x,D)","p(y=1|x,D)","p(y=2|x,D)","p(u=0|z,D)","p(u=1|z,D)","p(u=2|z,D)","p(y=0|x,u=0,z,D)","p(y=1|x,u=0,z,D)","p(y=2|x,u=0,z,D)","p(y=0|x,u=1,z,D)","p(y=1|x,u=1,z,D)","p(y=2|x,u=1,z,D)","p(y=0|x,u=2,z,D)","p(y=1|x,u=2,z,D)","p(y=2|x,u=2,z,D)","p(y=0|x,z,D)","p(y=1|x,z,D)","p(y=2|x,z,D)","H[p(u|z,D)]","Var[p(u|z,D)]","H[p(y|x,u=0,z,D)]","H[p(y|x,u=1,z,D)]","H[p(y|x,u=2,z,D)]","Var[p(y|x,u=0,z,D)]","Var[p(y|x,u=1,z,D)]","Var[p(y|x,u=2,z,D)]","H[p(y|x,D)]","Var[p(y|x,D)]",Va,Ve,Va_variance,Ve_variance,kl_pyx_pyxz,kl_pyxz_pyx,api_calls
-3.8,-2.4,x1 = -3.8; x2 = -2.4,-3.8,-2.4,x1 = -3.8; x2 = -2.4,0.2866285096353491,0.13875949211035654,0.5746119982542943,0.28712806778236766,0.13845233273408564,0.5744195994835467,0.787203325651029,0.056583556593770276,0.1562131177552008,0.12984850065635256,0.6368391542554372,0.23331234508821014,0.07901663703232378,0.06119479482053615,0.85978856814714,0.2893947026605736,0.13957008328738119,0.5710352140520453,1.37127,0.77901,0.92459,1.28688,0.72337,0.54527,0.35246,0.3292,1.3714,0.77831,0.85917,0.51223,0.39446,0.38384999999999997,2.6799761007185313e-05,2.6823630465929935e-05,8850
