z_x1,z_x2,z_note,x_x1,x_x2,x_note,"p(y=0|x,D)","p(y=1|x,D)","p(y=2|x,D)","p(u=0|z,D)","p(u=1|z,D)","p(u=2|z,D)","p(y=0|x,u=0,z,D)","p(y=1|x,u=0,z,D)","p(y=2|x,u=0,z,D)","p(y=0|x,u=1,z,D)","p(y=1|x,u=1,z,D)","p(y=2|x,u=1,z,D)","p(y=0|x,u=2,z,D)","p(y=1|x,u=2,z,D)","p(y=2|x,u=2,z,D)","p(y=0|x,z,D)","p(y=1|x,z,D)","p(y=2|x,z,D)","H[p(u|z,D)]","Var[p(u|z,D)]","H[p(y|x,u=0,z,D)]","H[p(y|x,u=1,z,D)]","H[p(y|x,u=2,z,D)]","Var[p(y|x,u=0,z,D)]","Var[p(y|x,u=1,z,D)]","Var[p(y|x,u=2,z,D)]","H[p(y|x,D)]","Var[p(y|x,D)]",Va,Ve,Va_variance,Ve_variance,kl_pyx_pyxz,kl_pyxz_pyx,api_calls
1.9,1.3,x1 = 1.9; x2 = 1.3,1.9,1.3,x1 = 1.9; x2 = 1.3,0.45334907071809194,0.27120146381488747,0.2754494654670205,0.45106437451344916,0.27116993020500385,0.27776569528154693,0.7435393465654838,0.13482449816459022,0.12163615526992608,0.24965411318937614,0.5845472376614105,0.16579864914921347,0.23846727421214647,0.17517645801181342,0.5863562677760401,0.4693208269570861,0.2679841722284831,0.2626950008144308,1.54196,0.6988,1.07733,1.38243,1.385,0.47841,0.40842,0.7038,1.54034,0.69715,1.24552,0.2948200000000001,0.52204,0.1751100000000001,0.0005988817051066006,0.0005972185456758847,78700
