z_x1,z_x2,z_note,x_x1,x_x2,x_note,"p(y=0|x,D)","p(y=1|x,D)","p(y=2|x,D)","p(u=0|z,D)","p(u=1|z,D)","p(u=2|z,D)","p(y=0|x,u=0,z,D)","p(y=1|x,u=0,z,D)","p(y=2|x,u=0,z,D)","p(y=0|x,u=1,z,D)","p(y=1|x,u=1,z,D)","p(y=2|x,u=1,z,D)","p(y=0|x,u=2,z,D)","p(y=1|x,u=2,z,D)","p(y=2|x,u=2,z,D)","p(y=0|x,z,D)","p(y=1|x,z,D)","p(y=2|x,z,D)","H[p(u|z,D)]","Var[p(u|z,D)]","H[p(y|x,u=0,z,D)]","H[p(y|x,u=1,z,D)]","H[p(y|x,u=2,z,D)]","Var[p(y|x,u=0,z,D)]","Var[p(y|x,u=1,z,D)]","Var[p(y|x,u=2,z,D)]","H[p(y|x,D)]","Var[p(y|x,D)]",Va,Ve,Va_variance,Ve_variance,kl_pyx_pyxz,kl_pyxz_pyx,api_calls
-3.9,2.6,x1 = -3.9; x2 = 2.6,-3.9,2.6,x1 = -3.9; x2 = 2.6,0.3404166968093148,0.2057197324504827,0.4538635707402025,0.33596071443452036,0.2108871160362713,0.45315216952920834,0.8276939379281668,0.06446634104050006,0.10783972103133317,0.11612406762356701,0.6978142924440209,0.18606163993241193,0.07809843426281801,0.07302091101051066,0.8488806547266714,0.3379521913660337,0.20190778590076883,0.46014002273319754,1.51969,0.77538,0.8273,1.17435,0.76363,0.41734,0.29729,0.33287,1.51577,0.78141,0.87164,0.6441300000000001,0.35375,0.42766000000000004,8.772648915834295e-05,8.767987054375363e-05,7350
