z_x1,z_x2,z_note,x_x1,x_x2,x_note,"p(y=0|x,D)","p(y=1|x,D)","p(y=2|x,D)","p(u=0|z,D)","p(u=1|z,D)","p(u=2|z,D)","p(y=0|x,u=0,z,D)","p(y=1|x,u=0,z,D)","p(y=2|x,u=0,z,D)","p(y=0|x,u=1,z,D)","p(y=1|x,u=1,z,D)","p(y=2|x,u=1,z,D)","p(y=0|x,u=2,z,D)","p(y=1|x,u=2,z,D)","p(y=2|x,u=2,z,D)","p(y=0|x,z,D)","p(y=1|x,z,D)","p(y=2|x,z,D)","H[p(u|z,D)]","Var[p(u|z,D)]","H[p(y|x,u=0,z,D)]","H[p(y|x,u=1,z,D)]","H[p(y|x,u=2,z,D)]","Var[p(y|x,u=0,z,D)]","Var[p(y|x,u=1,z,D)]","Var[p(y|x,u=2,z,D)]","H[p(y|x,D)]","Var[p(y|x,D)]",Va,Ve,Va_variance,Ve_variance,kl_pyx_pyxz,kl_pyxz_pyx,api_calls
-0.4,0.2,x1 = -0.4; x2 = 0.2,-0.4,0.2,x1 = -0.4; x2 = 0.2,0.17731361788442984,0.2771166274205226,0.5455697546950475,0.17731361788442984,0.2771166274205226,0.5455697546950475,0.5975344991403599,0.19189247367011786,0.21057302718952214,0.11525736823145834,0.6144186301112369,0.27032400165730486,0.10460301954660592,0.15110942466306534,0.7442875557903287,0.19495898073740803,0.28673149909754314,0.5183095201650488,1.43249,0.58727,1.37421,1.30119,1.06978,0.65837,0.36154,0.43969,1.43249,0.58727,1.18789,0.24460000000000015,0.45681,0.13045999999999996,0.001691428952113709,0.0017078209941125133,66150
