z_x1,z_x2,z_note,x_x1,x_x2,x_note,"p(y=0|x,D)","p(y=1|x,D)","p(y=2|x,D)","p(u=0|z,D)","p(u=1|z,D)","p(u=2|z,D)","p(y=0|x,u=0,z,D)","p(y=1|x,u=0,z,D)","p(y=2|x,u=0,z,D)","p(y=0|x,u=1,z,D)","p(y=1|x,u=1,z,D)","p(y=2|x,u=1,z,D)","p(y=0|x,u=2,z,D)","p(y=1|x,u=2,z,D)","p(y=2|x,u=2,z,D)","p(y=0|x,z,D)","p(y=1|x,z,D)","p(y=2|x,z,D)","H[p(u|z,D)]","Var[p(u|z,D)]","H[p(y|x,u=0,z,D)]","H[p(y|x,u=1,z,D)]","H[p(y|x,u=2,z,D)]","Var[p(y|x,u=0,z,D)]","Var[p(y|x,u=1,z,D)]","Var[p(y|x,u=2,z,D)]","H[p(y|x,D)]","Var[p(y|x,D)]",Va,Ve,Va_variance,Ve_variance,kl_pyx_pyxz,kl_pyxz_pyx,api_calls
-3.5,0.1,x1 = -3.5; x2 = 0.1,-3.5,0.1,x1 = -3.5; x2 = 0.1,0.3559915148224063,0.1899489598202591,0.4540595253573345,0.3559915148224063,0.1899489598202591,0.4540595253573345,0.8064149135190755,0.06639851983155018,0.1271865666493743,0.14421686964233524,0.6535589031211266,0.20222422723653813,0.09981441965656698,0.0867126025690454,0.8134729777743877,0.35979239902920956,0.18715282665092658,0.4530547743198638,1.50283,0.80043,0.88849,1.27025,0.88001,0.47225,0.34308,0.40398,1.50283,0.80043,0.95715,0.5456800000000002,0.41672,0.38371,4.204523242665203e-05,4.2013371763894225e-05,22100
