z_x1,z_x2,z_note,x_x1,x_x2,x_note,"p(y=0|x,D)","p(y=1|x,D)","p(y=2|x,D)","p(u=0|z,D)","p(u=1|z,D)","p(u=2|z,D)","p(y=0|x,u=0,z,D)","p(y=1|x,u=0,z,D)","p(y=2|x,u=0,z,D)","p(y=0|x,u=1,z,D)","p(y=1|x,u=1,z,D)","p(y=2|x,u=1,z,D)","p(y=0|x,u=2,z,D)","p(y=1|x,u=2,z,D)","p(y=2|x,u=2,z,D)","p(y=0|x,z,D)","p(y=1|x,z,D)","p(y=2|x,z,D)","H[p(u|z,D)]","Var[p(u|z,D)]","H[p(y|x,u=0,z,D)]","H[p(y|x,u=1,z,D)]","H[p(y|x,u=2,z,D)]","Var[p(y|x,u=0,z,D)]","Var[p(y|x,u=1,z,D)]","Var[p(y|x,u=2,z,D)]","H[p(y|x,D)]","Var[p(y|x,D)]",Va,Ve,Va_variance,Ve_variance,kl_pyx_pyxz,kl_pyxz_pyx,api_calls
2.4,-0.6,x1 = 2.4; x2 = -0.6,2.4,-0.6,x1 = 2.4; x2 = -0.6,0.31748656005190334,0.3291834968659163,0.35332994308218046,0.31428374581869645,0.3332431075241341,0.35247314665716944,0.5993959199741881,0.25194598194967066,0.14865809807614122,0.1479806280200832,0.6324719969717052,0.2195473750082116,0.13448201176348848,0.25047397161991863,0.6150440166165929,0.2850952171477802,0.3782348095765492,0.3366699732756706,1.58338,0.6653,1.35248,1.30617,1.32082,0.54489,0.36241,0.51859,1.58352,0.66953,1.32589,0.25763,0.47481,0.19471999999999995,0.005507448011505791,0.00559614064475944,17750
