z_x1,z_x2,z_note,x_x1,x_x2,x_note,"p(y=0|x,D)","p(y=1|x,D)","p(y=2|x,D)","p(u=0|z,D)","p(u=1|z,D)","p(u=2|z,D)","p(y=0|x,u=0,z,D)","p(y=1|x,u=0,z,D)","p(y=2|x,u=0,z,D)","p(y=0|x,u=1,z,D)","p(y=1|x,u=1,z,D)","p(y=2|x,u=1,z,D)","p(y=0|x,u=2,z,D)","p(y=1|x,u=2,z,D)","p(y=2|x,u=2,z,D)","p(y=0|x,z,D)","p(y=1|x,z,D)","p(y=2|x,z,D)","H[p(u|z,D)]","Var[p(u|z,D)]","H[p(y|x,u=0,z,D)]","H[p(y|x,u=1,z,D)]","H[p(y|x,u=2,z,D)]","Var[p(y|x,u=0,z,D)]","Var[p(y|x,u=1,z,D)]","Var[p(y|x,u=2,z,D)]","H[p(y|x,D)]","Var[p(y|x,D)]",Va,Ve,Va_variance,Ve_variance,kl_pyx_pyxz,kl_pyxz_pyx,api_calls
-2.2,1.3,x1 = -2.2; x2 = 1.3,-2.2,1.3,x1 = -2.2; x2 = 1.3,0.19979682381156724,0.1725537478896978,0.6276494282987349,0.19961065843016046,0.17430346516100284,0.6260858764088366,0.6013777464671614,0.10595371847244081,0.2926685350603978,0.14664346783995802,0.5532565774623519,0.3000999546976901,0.10146816853028358,0.08472153708248711,0.8138102943872294,0.20912965974716907,0.1706269878772052,0.6202433523756257,1.32631,0.64382,1.30314,1.39973,0.87853,0.79874,0.42319,0.40785,1.32337,0.64439,1.05413,0.2692399999999999,0.48855,0.15584000000000003,0.00026629678064817464,0.0002693242436808251,74700
