z_x1,z_x2,z_note,x_x1,x_x2,x_note,"p(y=0|x,D)","p(y=1|x,D)","p(y=2|x,D)","p(u=0|z,D)","p(u=1|z,D)","p(u=2|z,D)","p(y=0|x,u=0,z,D)","p(y=1|x,u=0,z,D)","p(y=2|x,u=0,z,D)","p(y=0|x,u=1,z,D)","p(y=1|x,u=1,z,D)","p(y=2|x,u=1,z,D)","p(y=0|x,u=2,z,D)","p(y=1|x,u=2,z,D)","p(y=2|x,u=2,z,D)","p(y=0|x,z,D)","p(y=1|x,z,D)","p(y=2|x,z,D)","H[p(u|z,D)]","Var[p(u|z,D)]","H[p(y|x,u=0,z,D)]","H[p(y|x,u=1,z,D)]","H[p(y|x,u=2,z,D)]","Var[p(y|x,u=0,z,D)]","Var[p(y|x,u=1,z,D)]","Var[p(y|x,u=2,z,D)]","H[p(y|x,D)]","Var[p(y|x,D)]",Va,Ve,Va_variance,Ve_variance,kl_pyx_pyxz,kl_pyxz_pyx,api_calls
-4.0,3.0,x1 = -4.0; x2 = 3.0,-4.0,3.0,x1 = -4.0; x2 = 3.0,0.34188616672545813,0.2391945485072488,0.4189192847672931,0.34252275535432813,0.2386728037053615,0.41880444094031033,0.8327535399942144,0.0764477011483474,0.09079875885743818,0.14212617003114716,0.6543951297751802,0.2034787001936726,0.08303582689217635,0.09483834758111705,0.8221258255267067,0.3539344615907221,0.2220901187308249,0.4239754196784529,1.54863,0.75551,0.81772,1.26779,0.85271,0.37306,0.34184,0.35891,1.54887,0.75487,0.93979,0.60908,0.35968,0.39519000000000004,0.0008800732166092604,0.0008669119739684568,3550
