z_x1,z_x2,z_note,x_x1,x_x2,x_note,"p(y=0|x,D)","p(y=1|x,D)","p(y=2|x,D)","p(u=0|z,D)","p(u=1|z,D)","p(u=2|z,D)","p(y=0|x,u=0,z,D)","p(y=1|x,u=0,z,D)","p(y=2|x,u=0,z,D)","p(y=0|x,u=1,z,D)","p(y=1|x,u=1,z,D)","p(y=2|x,u=1,z,D)","p(y=0|x,u=2,z,D)","p(y=1|x,u=2,z,D)","p(y=2|x,u=2,z,D)","p(y=0|x,z,D)","p(y=1|x,z,D)","p(y=2|x,z,D)","H[p(u|z,D)]","Var[p(u|z,D)]","H[p(y|x,u=0,z,D)]","H[p(y|x,u=1,z,D)]","H[p(y|x,u=2,z,D)]","Var[p(y|x,u=0,z,D)]","Var[p(y|x,u=1,z,D)]","Var[p(y|x,u=2,z,D)]","H[p(y|x,D)]","Var[p(y|x,D)]",Va,Ve,Va_variance,Ve_variance,kl_pyx_pyxz,kl_pyxz_pyx,api_calls
-2.8,3.3,x1 = -2.8; x2 = 3.3,-2.8,3.3,x1 = -2.8; x2 = 3.3,0.28654658597205296,0.23404272987948813,0.4794106841484589,0.28654658597205296,0.23404272987948813,0.4794106841484589,0.8103946803406273,0.06333578769440878,0.12626953196496377,0.10727255169684854,0.6782345878309409,0.21449286047221044,0.07351765251319298,0.06516960063596801,0.861312746850839,0.2925673378701274,0.20812753099489775,0.49930513113497477,1.51554,0.72876,0.87489,1.20178,0.71912,0.46864,0.31027,0.31421,1.51554,0.72876,0.87672,0.63882,0.35754,0.37121999999999994,0.0020144347350587732,0.0019608812294117234,51700
