z_x1,z_x2,z_note,x_x1,x_x2,x_note,"p(y=0|x,D)","p(y=1|x,D)","p(y=2|x,D)","p(u=0|z,D)","p(u=1|z,D)","p(u=2|z,D)","p(y=0|x,u=0,z,D)","p(y=1|x,u=0,z,D)","p(y=2|x,u=0,z,D)","p(y=0|x,u=1,z,D)","p(y=1|x,u=1,z,D)","p(y=2|x,u=1,z,D)","p(y=0|x,u=2,z,D)","p(y=1|x,u=2,z,D)","p(y=2|x,u=2,z,D)","p(y=0|x,z,D)","p(y=1|x,z,D)","p(y=2|x,z,D)","H[p(u|z,D)]","Var[p(u|z,D)]","H[p(y|x,u=0,z,D)]","H[p(y|x,u=1,z,D)]","H[p(y|x,u=2,z,D)]","Var[p(y|x,u=0,z,D)]","Var[p(y|x,u=1,z,D)]","Var[p(y|x,u=2,z,D)]","H[p(y|x,D)]","Var[p(y|x,D)]",Va,Ve,Va_variance,Ve_variance,kl_pyx_pyxz,kl_pyxz_pyx,api_calls
-1.0,-3.6,x1 = -1.0; x2 = -3.6,-1.0,-3.6,x1 = -1.0; x2 = -3.6,0.26817942864520516,0.32791288151928755,0.4039076898355073,0.26817942864520516,0.32791288151928755,0.4039076898355073,0.8030298972930568,0.09253036443897453,0.10443973826796871,0.13140794960196375,0.6920136701276973,0.17657838027033884,0.09905402947321057,0.13031530101764563,0.7706306695091438,0.29845514266301376,0.3043702890741437,0.39717456826284253,1.56496,0.65366,0.91228,1.19403,1.0032,0.41944,0.30595,0.41867,1.56496,0.65366,1.04139,0.5235699999999999,0.38191,0.27175,0.0025349731580727704,0.0025705990142489967,40250
