z_x1,z_x2,z_note,x_x1,x_x2,x_note,"p(y=0|x,D)","p(y=1|x,D)","p(y=2|x,D)","p(u=0|z,D)","p(u=1|z,D)","p(u=2|z,D)","p(y=0|x,u=0,z,D)","p(y=1|x,u=0,z,D)","p(y=2|x,u=0,z,D)","p(y=0|x,u=1,z,D)","p(y=1|x,u=1,z,D)","p(y=2|x,u=1,z,D)","p(y=0|x,u=2,z,D)","p(y=1|x,u=2,z,D)","p(y=2|x,u=2,z,D)","p(y=0|x,z,D)","p(y=1|x,z,D)","p(y=2|x,z,D)","H[p(u|z,D)]","Var[p(u|z,D)]","H[p(y|x,u=0,z,D)]","H[p(y|x,u=1,z,D)]","H[p(y|x,u=2,z,D)]","Var[p(y|x,u=0,z,D)]","Var[p(y|x,u=1,z,D)]","Var[p(y|x,u=2,z,D)]","H[p(y|x,D)]","Var[p(y|x,D)]",Va,Ve,Va_variance,Ve_variance,kl_pyx_pyxz,kl_pyxz_pyx,api_calls
3.1,1.1,x1 = 3.1; x2 = 1.1,3.1,1.1,x1 = 3.1; x2 = 1.1,0.4906523339976469,0.30576564656055316,0.20358201944179982,0.48892961571641613,0.30901385852738306,0.20205652575620076,0.8535563169632251,0.07962277376434806,0.06682090927242683,0.14765465397743507,0.7069643328585001,0.14538101316406485,0.12242502538968328,0.14332973721698775,0.7342452373933289,0.487693071696096,0.2863524172563339,0.22595451104757003,1.49445,0.60869,0.7465,1.16563,1.09987,0.30142,0.29303,0.48235,1.49421,0.61182,0.94742,0.54679,0.33539,0.27643,0.00179869914342079,0.0018252886302070476,46600
