z_x1,z_x2,z_note,x_x1,x_x2,x_note,"p(y=0|x,D)","p(y=1|x,D)","p(y=2|x,D)","p(u=0|z,D)","p(u=1|z,D)","p(u=2|z,D)","p(y=0|x,u=0,z,D)","p(y=1|x,u=0,z,D)","p(y=2|x,u=0,z,D)","p(y=0|x,u=1,z,D)","p(y=1|x,u=1,z,D)","p(y=2|x,u=1,z,D)","p(y=0|x,u=2,z,D)","p(y=1|x,u=2,z,D)","p(y=2|x,u=2,z,D)","p(y=0|x,z,D)","p(y=1|x,z,D)","p(y=2|x,z,D)","H[p(u|z,D)]","Var[p(u|z,D)]","H[p(y|x,u=0,z,D)]","H[p(y|x,u=1,z,D)]","H[p(y|x,u=2,z,D)]","Var[p(y|x,u=0,z,D)]","Var[p(y|x,u=1,z,D)]","Var[p(y|x,u=2,z,D)]","H[p(y|x,D)]","Var[p(y|x,D)]",Va,Ve,Va_variance,Ve_variance,kl_pyx_pyxz,kl_pyxz_pyx,api_calls
-0.3,-2.7,x1 = -0.3; x2 = -2.7,-0.3,-2.7,x1 = -0.3; x2 = -2.7,0.20100015838965962,0.43673697000795475,0.3622628716023856,0.20100015838965962,0.43673697000795475,0.3622628716023856,0.7056068148770521,0.1697041405848974,0.12468904453805038,0.13343165275878002,0.6932313336399127,0.1733370136013072,0.10917903644994378,0.1912833239652576,0.6995376395847985,0.239653128543272,0.40616515753471816,0.35418171392200976,1.51791,0.53726,1.16374,1.19242,1.16593,0.49283,0.30518,0.46019,1.51791,0.53726,1.17706,0.3408500000000001,0.39905,0.13820999999999994,0.004513910358790134,0.0046855856793946975,68700
