z_x1,z_x2,z_note,x_x1,x_x2,x_note,"p(y=0|x,D)","p(y=1|x,D)","p(y=2|x,D)","p(u=0|z,D)","p(u=1|z,D)","p(u=2|z,D)","p(y=0|x,u=0,z,D)","p(y=1|x,u=0,z,D)","p(y=2|x,u=0,z,D)","p(y=0|x,u=1,z,D)","p(y=1|x,u=1,z,D)","p(y=2|x,u=1,z,D)","p(y=0|x,u=2,z,D)","p(y=1|x,u=2,z,D)","p(y=2|x,u=2,z,D)","p(y=0|x,z,D)","p(y=1|x,z,D)","p(y=2|x,z,D)","H[p(u|z,D)]","Var[p(u|z,D)]","H[p(y|x,u=0,z,D)]","H[p(y|x,u=1,z,D)]","H[p(y|x,u=2,z,D)]","Var[p(y|x,u=0,z,D)]","Var[p(y|x,u=1,z,D)]","Var[p(y|x,u=2,z,D)]","H[p(y|x,D)]","Var[p(y|x,D)]",Va,Ve,Va_variance,Ve_variance,kl_pyx_pyxz,kl_pyxz_pyx,api_calls
-3.9,-2.9,x1 = -3.9; x2 = -2.9,-3.9,-2.9,x1 = -3.9; x2 = -2.9,0.2699780678877849,0.16319986061421132,0.5668220714980038,0.27147631417161566,0.1592530523276303,0.5692706335007539,0.8113254163738857,0.05865068385989454,0.1300238997662198,0.1320305666813682,0.6611159406881784,0.2068534926304534,0.07784163178200096,0.06542222773282584,0.8567361404851732,0.2855948594127606,0.1584499560014702,0.5559551845857691,1.3955,0.75207,0.8674,1.25062,0.73521,0.47718,0.33329,0.3279,1.40107,0.74868,0.85318,0.54789,0.36928,0.3794,0.0006109907840187879,0.0006178516212470356,4600
