z_x1,z_x2,z_note,x_x1,x_x2,x_note,"p(y=0|x,D)","p(y=1|x,D)","p(y=2|x,D)","p(u=0|z,D)","p(u=1|z,D)","p(u=2|z,D)","p(y=0|x,u=0,z,D)","p(y=1|x,u=0,z,D)","p(y=2|x,u=0,z,D)","p(y=0|x,u=1,z,D)","p(y=1|x,u=1,z,D)","p(y=2|x,u=1,z,D)","p(y=0|x,u=2,z,D)","p(y=1|x,u=2,z,D)","p(y=2|x,u=2,z,D)","p(y=0|x,z,D)","p(y=1|x,z,D)","p(y=2|x,z,D)","H[p(u|z,D)]","Var[p(u|z,D)]","H[p(y|x,u=0,z,D)]","H[p(y|x,u=1,z,D)]","H[p(y|x,u=2,z,D)]","Var[p(y|x,u=0,z,D)]","Var[p(y|x,u=1,z,D)]","Var[p(y|x,u=2,z,D)]","H[p(y|x,D)]","Var[p(y|x,D)]",Va,Ve,Va_variance,Ve_variance,kl_pyx_pyxz,kl_pyxz_pyx,api_calls
-2.0,3.3,x1 = -2.0; x2 = 3.3,-2.0,3.3,x1 = -2.0; x2 = 3.3,0.2856031630447097,0.20809074281356485,0.5063060941417254,0.27986166662208484,0.20540247331208666,0.5147358600658285,0.8438946807966753,0.06232619461810651,0.09377912458521823,0.10942744034306058,0.7029976800120962,0.1875748796448431,0.07421980525159054,0.07562573567413743,0.8501544590742721,0.29685403400604105,0.20076745300251725,0.5023785129914418,1.47636,0.73943,0.77641,1.15959,0.75929,0.375,0.2909,0.3223,1.48476,0.7432,0.8463,0.63846,0.3306,0.41259999999999997,0.0003632336434778588,0.0003644265335027864,83700
