z_x1,z_x2,z_note,x_x1,x_x2,x_note,"p(y=0|x,D)","p(y=1|x,D)","p(y=2|x,D)","p(u=0|z,D)","p(u=1|z,D)","p(u=2|z,D)","p(y=0|x,u=0,z,D)","p(y=1|x,u=0,z,D)","p(y=2|x,u=0,z,D)","p(y=0|x,u=1,z,D)","p(y=1|x,u=1,z,D)","p(y=2|x,u=1,z,D)","p(y=0|x,u=2,z,D)","p(y=1|x,u=2,z,D)","p(y=2|x,u=2,z,D)","p(y=0|x,z,D)","p(y=1|x,z,D)","p(y=2|x,z,D)","H[p(u|z,D)]","Var[p(u|z,D)]","H[p(y|x,u=0,z,D)]","H[p(y|x,u=1,z,D)]","H[p(y|x,u=2,z,D)]","Var[p(y|x,u=0,z,D)]","Var[p(y|x,u=1,z,D)]","Var[p(y|x,u=2,z,D)]","H[p(y|x,D)]","Var[p(y|x,D)]",Va,Ve,Va_variance,Ve_variance,kl_pyx_pyxz,kl_pyxz_pyx,api_calls
1.0,3.5,x1 = 1.0; x2 = 3.5,1.0,3.5,x1 = 1.0; x2 = 3.5,0.31525846921714884,0.3174756612123902,0.36726586957046103,0.3151292817836094,0.3177047372659429,0.3671659809504477,0.8181233695112974,0.08925518103988875,0.09262144944881387,0.15039642642790468,0.6729855006385678,0.17661807293352755,0.1254752828523282,0.12539926274243524,0.7491254544052364,0.3516665423020058,0.28797994607602057,0.3603535116219736,1.5813,0.67959,0.866,1.23734,1.06354,0.38439,0.32633,0.48566,1.58128,0.67982,1.05651,0.52477,0.40313,0.27669,0.0034806098182274666,0.0035059236580792736,43800
