z_x1,z_x2,z_note,x_x1,x_x2,x_note,"p(y=0|x,D)","p(y=1|x,D)","p(y=2|x,D)","p(u=0|z,D)","p(u=1|z,D)","p(u=2|z,D)","p(y=0|x,u=0,z,D)","p(y=1|x,u=0,z,D)","p(y=2|x,u=0,z,D)","p(y=0|x,u=1,z,D)","p(y=1|x,u=1,z,D)","p(y=2|x,u=1,z,D)","p(y=0|x,u=2,z,D)","p(y=1|x,u=2,z,D)","p(y=2|x,u=2,z,D)","p(y=0|x,z,D)","p(y=1|x,z,D)","p(y=2|x,z,D)","H[p(u|z,D)]","Var[p(u|z,D)]","H[p(y|x,u=0,z,D)]","H[p(y|x,u=1,z,D)]","H[p(y|x,u=2,z,D)]","Var[p(y|x,u=0,z,D)]","Var[p(y|x,u=1,z,D)]","Var[p(y|x,u=2,z,D)]","H[p(y|x,D)]","Var[p(y|x,D)]",Va,Ve,Va_variance,Ve_variance,kl_pyx_pyxz,kl_pyxz_pyx,api_calls
1.8,1.1,x1 = 1.8; x2 = 1.1,1.8,1.1,x1 = 1.8; x2 = 1.1,0.485576529005497,0.2536972355423416,0.2607262354521614,0.48368008415073344,0.25289070002497366,0.2634292158242929,0.7427246353921853,0.12788211134187397,0.1293932532659409,0.3101834315621022,0.5180804284411928,0.17173613999670495,0.2796786068696292,0.15730378494618566,0.5630176081841853,0.5113591353817006,0.23431016530750948,0.25433069931079,1.5154,0.6986,1.07988,1.45188,1.40044,0.49594,0.46275,0.76242,1.51375,0.69575,1.2584,0.25534999999999997,0.55775,0.138,0.0015217359494598594,0.0015121617542573377,74600
