z_x1,z_x2,z_note,x_x1,x_x2,x_note,"p(y=0|x,D)","p(y=1|x,D)","p(y=2|x,D)","p(u=0|z,D)","p(u=1|z,D)","p(u=2|z,D)","p(y=0|x,u=0,z,D)","p(y=1|x,u=0,z,D)","p(y=2|x,u=0,z,D)","p(y=0|x,u=1,z,D)","p(y=1|x,u=1,z,D)","p(y=2|x,u=1,z,D)","p(y=0|x,u=2,z,D)","p(y=1|x,u=2,z,D)","p(y=2|x,u=2,z,D)","p(y=0|x,z,D)","p(y=1|x,z,D)","p(y=2|x,z,D)","H[p(u|z,D)]","Var[p(u|z,D)]","H[p(y|x,u=0,z,D)]","H[p(y|x,u=1,z,D)]","H[p(y|x,u=2,z,D)]","Var[p(y|x,u=0,z,D)]","Var[p(y|x,u=1,z,D)]","Var[p(y|x,u=2,z,D)]","H[p(y|x,D)]","Var[p(y|x,D)]",Va,Ve,Va_variance,Ve_variance,kl_pyx_pyxz,kl_pyxz_pyx,api_calls
-0.4,-1.9,x1 = -0.4; x2 = -1.9,-0.4,-1.9,x1 = -0.4; x2 = -1.9,0.19191022885121573,0.3944147618480535,0.4136750093007307,0.19191022885121573,0.3944147618480535,0.4136750093007307,0.6174545455238883,0.20469106996412778,0.17785438451198377,0.13291345326140036,0.6452938642423545,0.2217926824962452,0.11370169182727721,0.21267664103780254,0.6736216671349201,0.21795441957536815,0.38177474732713557,0.4002708330974962,1.51321,0.55641,1.34101,1.27667,1.21557,0.60206,0.34681,0.47381,1.51321,0.55641,1.26374,0.24946999999999986,0.44833,0.10807999999999995,0.0020509788591387672,0.0021165971342565083,65100
