z_x1,z_x2,z_note,x_x1,x_x2,x_note,"p(y=0|x,D)","p(y=1|x,D)","p(y=2|x,D)","p(u=0|z,D)","p(u=1|z,D)","p(u=2|z,D)","p(y=0|x,u=0,z,D)","p(y=1|x,u=0,z,D)","p(y=2|x,u=0,z,D)","p(y=0|x,u=1,z,D)","p(y=1|x,u=1,z,D)","p(y=2|x,u=1,z,D)","p(y=0|x,u=2,z,D)","p(y=1|x,u=2,z,D)","p(y=2|x,u=2,z,D)","p(y=0|x,z,D)","p(y=1|x,z,D)","p(y=2|x,z,D)","H[p(u|z,D)]","Var[p(u|z,D)]","H[p(y|x,u=0,z,D)]","H[p(y|x,u=1,z,D)]","H[p(y|x,u=2,z,D)]","Var[p(y|x,u=0,z,D)]","Var[p(y|x,u=1,z,D)]","Var[p(y|x,u=2,z,D)]","H[p(y|x,D)]","Var[p(y|x,D)]",Va,Ve,Va_variance,Ve_variance,kl_pyx_pyxz,kl_pyxz_pyx,api_calls
-1.6,1.3,x1 = -1.6; x2 = 1.3,-1.6,1.3,x1 = -1.6; x2 = 1.3,0.26809662961805414,0.3131455635883692,0.41875780679357666,0.26735346450939146,0.30461517072890626,0.42803136476170245,0.6629282515386281,0.15572185005022193,0.18134989841114987,0.19433054959896745,0.6130121827022668,0.19265726769876573,0.16439696565021755,0.1547093705062374,0.680893663843545,0.3067992558838825,0.2945860498026979,0.39861469431341967,1.55522,0.66957,1.25765,1.34981,1.2223,0.61236,0.38699,0.57852,1.55959,0.66416,1.27059,0.2889999999999999,0.52922,0.13493999999999995,0.0036241419801721596,0.003721693579168881,18700
