z_x1,z_x2,z_note,x_x1,x_x2,x_note,"p(y=0|x,D)","p(y=1|x,D)","p(y=2|x,D)","p(u=0|z,D)","p(u=1|z,D)","p(u=2|z,D)","p(y=0|x,u=0,z,D)","p(y=1|x,u=0,z,D)","p(y=2|x,u=0,z,D)","p(y=0|x,u=1,z,D)","p(y=1|x,u=1,z,D)","p(y=2|x,u=1,z,D)","p(y=0|x,u=2,z,D)","p(y=1|x,u=2,z,D)","p(y=2|x,u=2,z,D)","p(y=0|x,z,D)","p(y=1|x,z,D)","p(y=2|x,z,D)","H[p(u|z,D)]","Var[p(u|z,D)]","H[p(y|x,u=0,z,D)]","H[p(y|x,u=1,z,D)]","H[p(y|x,u=2,z,D)]","Var[p(y|x,u=0,z,D)]","Var[p(y|x,u=1,z,D)]","Var[p(y|x,u=2,z,D)]","H[p(y|x,D)]","Var[p(y|x,D)]",Va,Ve,Va_variance,Ve_variance,kl_pyx_pyxz,kl_pyxz_pyx,api_calls
2.3,-0.1,x1 = 2.3; x2 = -0.1,2.3,-0.1,x1 = 2.3; x2 = -0.1,0.2170580746734855,0.34478575595094385,0.43815616937557067,0.21305621578895817,0.3496490733171687,0.43729471089387306,0.47253343090064437,0.28011827981762344,0.2473482892817322,0.13294119450026862,0.5752018116440638,0.2918569938556675,0.11975342909800064,0.23444546718031706,0.6458011037216823,0.19952649124012098,0.3633214838739547,0.4371520248859243,1.52717,0.60007,1.52382,1.36447,1.26468,0.66917,0.39954,0.48883,1.52965,0.60633,1.35478,0.17486999999999986,0.49603,0.11030000000000001,0.0012308250279319238,0.0012185730170847443,14000
