z_x1,z_x2,z_note,x_x1,x_x2,x_note,"p(y=0|x,D)","p(y=1|x,D)","p(y=2|x,D)","p(u=0|z,D)","p(u=1|z,D)","p(u=2|z,D)","p(y=0|x,u=0,z,D)","p(y=1|x,u=0,z,D)","p(y=2|x,u=0,z,D)","p(y=0|x,u=1,z,D)","p(y=1|x,u=1,z,D)","p(y=2|x,u=1,z,D)","p(y=0|x,u=2,z,D)","p(y=1|x,u=2,z,D)","p(y=2|x,u=2,z,D)","p(y=0|x,z,D)","p(y=1|x,z,D)","p(y=2|x,z,D)","H[p(u|z,D)]","Var[p(u|z,D)]","H[p(y|x,u=0,z,D)]","H[p(y|x,u=1,z,D)]","H[p(y|x,u=2,z,D)]","Var[p(y|x,u=0,z,D)]","Var[p(y|x,u=1,z,D)]","Var[p(y|x,u=2,z,D)]","H[p(y|x,D)]","Var[p(y|x,D)]",Va,Ve,Va_variance,Ve_variance,kl_pyx_pyxz,kl_pyxz_pyx,api_calls
1.8,-1.5,x1 = 1.8; x2 = -1.5,1.8,-1.5,x1 = 1.8; x2 = -1.5,0.37791537504910017,0.29327360126492497,0.32881102368597487,0.37232695078834294,0.29588525709433144,0.3317877921173257,0.6702786458642219,0.1676377234978879,0.16208363063789016,0.17976250512427366,0.5999376854752488,0.2202998094004776,0.16079670759930714,0.199854909278881,0.639348383121812,0.3561022640318914,0.30623817782793844,0.33765955814017024,1.57863,0.70247,1.2443,1.36808,1.30082,0.5741,0.39842,0.57113,1.57718,0.70432,1.29968,0.2775000000000001,0.52113,0.18318999999999996,0.0010501953530013316,0.001042429069675525,73300
