z_x1,z_x2,z_note,x_x1,x_x2,x_note,"p(y=0|x,D)","p(y=1|x,D)","p(y=2|x,D)","p(u=0|z,D)","p(u=1|z,D)","p(u=2|z,D)","p(y=0|x,u=0,z,D)","p(y=1|x,u=0,z,D)","p(y=2|x,u=0,z,D)","p(y=0|x,u=1,z,D)","p(y=1|x,u=1,z,D)","p(y=2|x,u=1,z,D)","p(y=0|x,u=2,z,D)","p(y=1|x,u=2,z,D)","p(y=2|x,u=2,z,D)","p(y=0|x,z,D)","p(y=1|x,z,D)","p(y=2|x,z,D)","H[p(u|z,D)]","Var[p(u|z,D)]","H[p(y|x,u=0,z,D)]","H[p(y|x,u=1,z,D)]","H[p(y|x,u=2,z,D)]","Var[p(y|x,u=0,z,D)]","Var[p(y|x,u=1,z,D)]","Var[p(y|x,u=2,z,D)]","H[p(y|x,D)]","Var[p(y|x,D)]",Va,Ve,Va_variance,Ve_variance,kl_pyx_pyxz,kl_pyxz_pyx,api_calls
-0.2,1.9,x1 = -0.2; x2 = 1.9,-0.2,1.9,x1 = -0.2; x2 = 1.9,0.2811446710540492,0.35312581057158976,0.36572951837436096,0.2792208547773115,0.35862786030837085,0.3621512849143177,0.6765457932094021,0.16515145759023195,0.15830274920036588,0.13221954592446328,0.6858312201256254,0.18194923394991128,0.12434757124160112,0.16606002633780806,0.7095924024205906,0.28135594022287863,0.3522107660735384,0.36643329370358285,1.57515,0.63449,1.23145,1.20639,1.15532,0.56627,0.3117,0.49143,1.5757,0.63972,1.19489,0.3808100000000001,0.44787,0.19184999999999997,1.943228412776125e-06,1.94265508940048e-06,75000
