z_x1,z_x2,z_note,x_x1,x_x2,x_note,"p(y=0|x,D)","p(y=1|x,D)","p(y=2|x,D)","p(u=0|z,D)","p(u=1|z,D)","p(u=2|z,D)","p(y=0|x,u=0,z,D)","p(y=1|x,u=0,z,D)","p(y=2|x,u=0,z,D)","p(y=0|x,u=1,z,D)","p(y=1|x,u=1,z,D)","p(y=2|x,u=1,z,D)","p(y=0|x,u=2,z,D)","p(y=1|x,u=2,z,D)","p(y=2|x,u=2,z,D)","p(y=0|x,z,D)","p(y=1|x,z,D)","p(y=2|x,z,D)","H[p(u|z,D)]","Var[p(u|z,D)]","H[p(y|x,u=0,z,D)]","H[p(y|x,u=1,z,D)]","H[p(y|x,u=2,z,D)]","Var[p(y|x,u=0,z,D)]","Var[p(y|x,u=1,z,D)]","Var[p(y|x,u=2,z,D)]","H[p(y|x,D)]","Var[p(y|x,D)]",Va,Ve,Va_variance,Ve_variance,kl_pyx_pyxz,kl_pyxz_pyx,api_calls
-0.3,-3.8,x1 = -0.3; x2 = -3.8,-0.3,-3.8,x1 = -0.3; x2 = -3.8,0.2364314573609994,0.367184522301346,0.3963840203376546,0.2364314573609994,0.367184522301346,0.3963840203376546,0.7832823044455622,0.10064042476778198,0.11607727078665571,0.12341325913763727,0.6997818543010618,0.1768048865613011,0.08818274386543964,0.11576143199570037,0.79605582413886,0.2654622459050405,0.3266296099984619,0.4079081440964976,1.55182,0.60723,0.97005,1.17489,0.93099,0.4542,0.29737,0.38315,1.55182,0.60723,1.02978,0.5220400000000001,0.36845,0.23878000000000005,0.004232500134813489,0.004206396679608626,68150
