z_x1,z_x2,z_note,x_x1,x_x2,x_note,"p(y=0|x,D)","p(y=1|x,D)","p(y=2|x,D)","p(u=0|z,D)","p(u=1|z,D)","p(u=2|z,D)","p(y=0|x,u=0,z,D)","p(y=1|x,u=0,z,D)","p(y=2|x,u=0,z,D)","p(y=0|x,u=1,z,D)","p(y=1|x,u=1,z,D)","p(y=2|x,u=1,z,D)","p(y=0|x,u=2,z,D)","p(y=1|x,u=2,z,D)","p(y=2|x,u=2,z,D)","p(y=0|x,z,D)","p(y=1|x,z,D)","p(y=2|x,z,D)","H[p(u|z,D)]","Var[p(u|z,D)]","H[p(y|x,u=0,z,D)]","H[p(y|x,u=1,z,D)]","H[p(y|x,u=2,z,D)]","Var[p(y|x,u=0,z,D)]","Var[p(y|x,u=1,z,D)]","Var[p(y|x,u=2,z,D)]","H[p(y|x,D)]","Var[p(y|x,D)]",Va,Ve,Va_variance,Ve_variance,kl_pyx_pyxz,kl_pyxz_pyx,api_calls
2.8,2.8,x1 = 2.8; x2 = 2.8,2.8,2.8,x1 = 2.8; x2 = 2.8,0.36895149610399036,0.3324869290685293,0.29856157482748036,0.36895149610399036,0.3324869290685293,0.29856157482748036,0.8740662808790167,0.06921509152561404,0.056718627595369206,0.13438392876291672,0.7018490638899562,0.1637670073471272,0.08249544885650528,0.10348298106681045,0.8140215700766842,0.3917989329416081,0.28978869328889273,0.31841237376949916,1.5796,0.66256,0.67122,1.17508,0.87725,0.26273,0.29729,0.36139,1.5796,0.66256,0.90026,0.6793399999999999,0.30368,0.35888000000000003,0.004313165584628131,0.004206218688364075,35450
