z_x1,z_x2,z_note,x_x1,x_x2,x_note,"p(y=0|x,D)","p(y=1|x,D)","p(y=2|x,D)","p(u=0|z,D)","p(u=1|z,D)","p(u=2|z,D)","p(y=0|x,u=0,z,D)","p(y=1|x,u=0,z,D)","p(y=2|x,u=0,z,D)","p(y=0|x,u=1,z,D)","p(y=1|x,u=1,z,D)","p(y=2|x,u=1,z,D)","p(y=0|x,u=2,z,D)","p(y=1|x,u=2,z,D)","p(y=2|x,u=2,z,D)","p(y=0|x,z,D)","p(y=1|x,z,D)","p(y=2|x,z,D)","H[p(u|z,D)]","Var[p(u|z,D)]","H[p(y|x,u=0,z,D)]","H[p(y|x,u=1,z,D)]","H[p(y|x,u=2,z,D)]","Var[p(y|x,u=0,z,D)]","Var[p(y|x,u=1,z,D)]","Var[p(y|x,u=2,z,D)]","H[p(y|x,D)]","Var[p(y|x,D)]",Va,Ve,Va_variance,Ve_variance,kl_pyx_pyxz,kl_pyxz_pyx,api_calls
1.8,-3.2,x1 = 1.8; x2 = -3.2,1.8,-3.2,x1 = 1.8; x2 = -3.2,0.6861180053071578,0.18577031892752663,0.12811167576531557,0.691169294661129,0.184847795523218,0.12398290981565292,0.8701867879445052,0.07277828211450864,0.057034929940986266,0.22070080298924638,0.6593191014088001,0.11998009560195351,0.16402530236819396,0.12387072306908882,0.7121039745627172,0.6625787796208044,0.18753364904457387,0.1498875713346218,1.19194,0.49345,0.68536,1.24435,1.14983,0.26601,0.33054,0.57574,1.2038,0.50286,0.84627,0.35753,0.31634,0.18651999999999996,0.0020861086120832484,0.0021707567311988543,72450
