z_x1,z_x2,z_note,x_x1,x_x2,x_note,"p(y=0|x,D)","p(y=1|x,D)","p(y=2|x,D)","p(u=0|z,D)","p(u=1|z,D)","p(u=2|z,D)","p(y=0|x,u=0,z,D)","p(y=1|x,u=0,z,D)","p(y=2|x,u=0,z,D)","p(y=0|x,u=1,z,D)","p(y=1|x,u=1,z,D)","p(y=2|x,u=1,z,D)","p(y=0|x,u=2,z,D)","p(y=1|x,u=2,z,D)","p(y=2|x,u=2,z,D)","p(y=0|x,z,D)","p(y=1|x,z,D)","p(y=2|x,z,D)","H[p(u|z,D)]","Var[p(u|z,D)]","H[p(y|x,u=0,z,D)]","H[p(y|x,u=1,z,D)]","H[p(y|x,u=2,z,D)]","Var[p(y|x,u=0,z,D)]","Var[p(y|x,u=1,z,D)]","Var[p(y|x,u=2,z,D)]","H[p(y|x,D)]","Var[p(y|x,D)]",Va,Ve,Va_variance,Ve_variance,kl_pyx_pyxz,kl_pyxz_pyx,api_calls
-3.7,3.5,x1 = -3.7; x2 = 3.5,-3.7,3.5,x1 = -3.7; x2 = 3.5,0.3325957653093935,0.24950843982016707,0.4178957948704394,0.3325923450980057,0.2455893571024558,0.4218182977995384,0.8442557051868114,0.06060825210164056,0.09513604271154798,0.11323060815297872,0.6948957492459,0.19187364260112122,0.07462892284022474,0.0739265018100207,0.8514445753497546,0.340081062310139,0.2220003921650831,0.43791854552477777,1.55099,0.74645,0.77421,1.17776,0.75477,0.37821,0.29892,0.32263,1.55398,0.74322,0.86512,0.6888599999999999,0.33529,0.40793,0.002185803783073193,0.002131185261754088,15800
