z_x1,z_x2,z_note,x_x1,x_x2,x_note,"p(y=0|x,D)","p(y=1|x,D)","p(y=2|x,D)","p(u=0|z,D)","p(u=1|z,D)","p(u=2|z,D)","p(y=0|x,u=0,z,D)","p(y=1|x,u=0,z,D)","p(y=2|x,u=0,z,D)","p(y=0|x,u=1,z,D)","p(y=1|x,u=1,z,D)","p(y=2|x,u=1,z,D)","p(y=0|x,u=2,z,D)","p(y=1|x,u=2,z,D)","p(y=2|x,u=2,z,D)","p(y=0|x,z,D)","p(y=1|x,z,D)","p(y=2|x,z,D)","H[p(u|z,D)]","Var[p(u|z,D)]","H[p(y|x,u=0,z,D)]","H[p(y|x,u=1,z,D)]","H[p(y|x,u=2,z,D)]","Var[p(y|x,u=0,z,D)]","Var[p(y|x,u=1,z,D)]","Var[p(y|x,u=2,z,D)]","H[p(y|x,D)]","Var[p(y|x,D)]",Va,Ve,Va_variance,Ve_variance,kl_pyx_pyxz,kl_pyxz_pyx,api_calls
-3.4,1.9,x1 = -3.4; x2 = 1.9,-3.4,1.9,x1 = -3.4; x2 = 1.9,0.2781715252281086,0.1592109336357685,0.562617541136123,0.2781715252281086,0.1592109336357685,0.562617541136123,0.7665947857181357,0.0680842116589848,0.16532100262287952,0.11311190336223768,0.6702379562135419,0.2166501404242204,0.08152618661534979,0.06936562657267205,0.8491081868119782,0.2771215551664824,0.16467461802970376,0.5582038268038139,1.4024,0.75988,0.98717,1.22059,0.76225,0.57039,0.31904,0.34145,1.4024,0.75988,0.89779,0.5046100000000001,0.40157,0.35831,0.00011104865239043322,0.00011203722781401911,27000
