z_x1,z_x2,z_note,x_x1,x_x2,x_note,"p(y=0|x,D)","p(y=1|x,D)","p(y=2|x,D)","p(u=0|z,D)","p(u=1|z,D)","p(u=2|z,D)","p(y=0|x,u=0,z,D)","p(y=1|x,u=0,z,D)","p(y=2|x,u=0,z,D)","p(y=0|x,u=1,z,D)","p(y=1|x,u=1,z,D)","p(y=2|x,u=1,z,D)","p(y=0|x,u=2,z,D)","p(y=1|x,u=2,z,D)","p(y=2|x,u=2,z,D)","p(y=0|x,z,D)","p(y=1|x,z,D)","p(y=2|x,z,D)","H[p(u|z,D)]","Var[p(u|z,D)]","H[p(y|x,u=0,z,D)]","H[p(y|x,u=1,z,D)]","H[p(y|x,u=2,z,D)]","Var[p(y|x,u=0,z,D)]","Var[p(y|x,u=1,z,D)]","Var[p(y|x,u=2,z,D)]","H[p(y|x,D)]","Var[p(y|x,D)]",Va,Ve,Va_variance,Ve_variance,kl_pyx_pyxz,kl_pyxz_pyx,api_calls
-3.2,-0.9,x1 = -3.2; x2 = -0.9,-3.2,-0.9,x1 = -3.2; x2 = -0.9,0.35024178537423956,0.12787548278184807,0.5218827318439124,0.3516797386900277,0.12948434841809892,0.5188359128918735,0.7934684038594204,0.060882258822925014,0.14564933731765456,0.16246430982955534,0.6352105731080303,0.20232511706241443,0.10910751051629401,0.07698811102485853,0.8139043784588473,0.35669224104963154,0.14360508090628876,0.4997026780440797,1.40324,0.84257,0.91548,1.30823,0.87531,0.51945,0.3632,0.42627,1.39918,0.84266,0.94549,0.45369000000000004,0.45087,0.39178999999999997,0.0014385604482156748,0.0014672207352192691,33600
