z_x1,z_x2,z_note,x_x1,x_x2,x_note,"p(y=0|x,D)","p(y=1|x,D)","p(y=2|x,D)","p(u=0|z,D)","p(u=1|z,D)","p(u=2|z,D)","p(y=0|x,u=0,z,D)","p(y=1|x,u=0,z,D)","p(y=2|x,u=0,z,D)","p(y=0|x,u=1,z,D)","p(y=1|x,u=1,z,D)","p(y=2|x,u=1,z,D)","p(y=0|x,u=2,z,D)","p(y=1|x,u=2,z,D)","p(y=2|x,u=2,z,D)","p(y=0|x,z,D)","p(y=1|x,z,D)","p(y=2|x,z,D)","H[p(u|z,D)]","Var[p(u|z,D)]","H[p(y|x,u=0,z,D)]","H[p(y|x,u=1,z,D)]","H[p(y|x,u=2,z,D)]","Var[p(y|x,u=0,z,D)]","Var[p(y|x,u=1,z,D)]","Var[p(y|x,u=2,z,D)]","H[p(y|x,D)]","Var[p(y|x,D)]",Va,Ve,Va_variance,Ve_variance,kl_pyx_pyxz,kl_pyxz_pyx,api_calls
-0.7,0.2,x1 = -0.7; x2 = 0.2,-0.7,0.2,x1 = -0.7; x2 = 0.2,0.20986289933638275,0.30910500162447874,0.48103209903913846,0.2101229714688264,0.30700695084195345,0.4828700776892201,0.6418504188844911,0.19169391003770542,0.16645567107780354,0.13034265432674313,0.6407138821796702,0.22894346349358666,0.11898876194253365,0.18104054295246128,0.6999706951050051,0.2323397308473557,0.32440197036004526,0.4432582987925989,1.50311,0.6186,1.298,1.2816,1.17203,0.58231,0.34956,0.48142,1.50416,0.61736,1.23214,0.27201999999999993,0.46214,0.15522000000000002,0.0030561914956225636,0.0030588122803769796,54150
