z_x1,z_x2,z_note,x_x1,x_x2,x_note,"p(y=0|x,D)","p(y=1|x,D)","p(y=2|x,D)","p(u=0|z,D)","p(u=1|z,D)","p(u=2|z,D)","p(y=0|x,u=0,z,D)","p(y=1|x,u=0,z,D)","p(y=2|x,u=0,z,D)","p(y=0|x,u=1,z,D)","p(y=1|x,u=1,z,D)","p(y=2|x,u=1,z,D)","p(y=0|x,u=2,z,D)","p(y=1|x,u=2,z,D)","p(y=2|x,u=2,z,D)","p(y=0|x,z,D)","p(y=1|x,z,D)","p(y=2|x,z,D)","H[p(u|z,D)]","Var[p(u|z,D)]","H[p(y|x,u=0,z,D)]","H[p(y|x,u=1,z,D)]","H[p(y|x,u=2,z,D)]","Var[p(y|x,u=0,z,D)]","Var[p(y|x,u=1,z,D)]","Var[p(y|x,u=2,z,D)]","H[p(y|x,D)]","Var[p(y|x,D)]",Va,Ve,Va_variance,Ve_variance,kl_pyx_pyxz,kl_pyxz_pyx,api_calls
2.4,-3.5,x1 = 2.4; x2 = -3.5,2.4,-3.5,x1 = 2.4; x2 = -3.5,0.6560747295372145,0.176617237622518,0.16730803284026746,0.6596153901751668,0.17394376494669253,0.16644084487814056,0.8984577296938381,0.05250136104263947,0.04904090926352238,0.1767656250832332,0.6870449802078835,0.13618939470888333,0.1327445467780241,0.09070450609161226,0.7765509471303638,0.6454779387867288,0.16923483092209546,0.1852872302911756,1.26545,0.58284,0.57532,1.2057,0.98412,0.22599,0.31131,0.49481,1.27227,0.58449,0.75301,0.51926,0.28557,0.29891999999999996,0.0011472054009440263,0.001175707719167026,16300
