z_x1,z_x2,z_note,x_x1,x_x2,x_note,"p(y=0|x,D)","p(y=1|x,D)","p(y=2|x,D)","p(u=0|z,D)","p(u=1|z,D)","p(u=2|z,D)","p(y=0|x,u=0,z,D)","p(y=1|x,u=0,z,D)","p(y=2|x,u=0,z,D)","p(y=0|x,u=1,z,D)","p(y=1|x,u=1,z,D)","p(y=2|x,u=1,z,D)","p(y=0|x,u=2,z,D)","p(y=1|x,u=2,z,D)","p(y=2|x,u=2,z,D)","p(y=0|x,z,D)","p(y=1|x,z,D)","p(y=2|x,z,D)","H[p(u|z,D)]","Var[p(u|z,D)]","H[p(y|x,u=0,z,D)]","H[p(y|x,u=1,z,D)]","H[p(y|x,u=2,z,D)]","Var[p(y|x,u=0,z,D)]","Var[p(y|x,u=1,z,D)]","Var[p(y|x,u=2,z,D)]","H[p(y|x,D)]","Var[p(y|x,D)]",Va,Ve,Va_variance,Ve_variance,kl_pyx_pyxz,kl_pyxz_pyx,api_calls
4.0,3.1,x1 = 4.0; x2 = 3.1,4.0,3.1,x1 = 4.0; x2 = 3.1,0.4391995957195604,0.30323696873183825,0.2575634355486013,0.4450059631677384,0.29987663446890006,0.2551174023633615,0.8938529126275588,0.05595022784353386,0.05019685952890725,0.12468398902797213,0.7429918886132901,0.1323241223587377,0.09851732679390197,0.10230766714778264,0.7991750060583154,0.4602931758154234,0.27380455831060924,0.26590226587396737,1.54364,0.66407,0.59411,1.07904,0.92435,0.23229,0.25695,0.40677,1.54742,0.66377,0.82378,0.7236400000000001,0.2842,0.37956999999999996,0.0021511103199984994,0.002109130068792304,83600
