z_x1,z_x2,z_note,x_x1,x_x2,x_note,"p(y=0|x,D)","p(y=1|x,D)","p(y=2|x,D)","p(u=0|z,D)","p(u=1|z,D)","p(u=2|z,D)","p(y=0|x,u=0,z,D)","p(y=1|x,u=0,z,D)","p(y=2|x,u=0,z,D)","p(y=0|x,u=1,z,D)","p(y=1|x,u=1,z,D)","p(y=2|x,u=1,z,D)","p(y=0|x,u=2,z,D)","p(y=1|x,u=2,z,D)","p(y=2|x,u=2,z,D)","p(y=0|x,z,D)","p(y=1|x,z,D)","p(y=2|x,z,D)","H[p(u|z,D)]","Var[p(u|z,D)]","H[p(y|x,u=0,z,D)]","H[p(y|x,u=1,z,D)]","H[p(y|x,u=2,z,D)]","Var[p(y|x,u=0,z,D)]","Var[p(y|x,u=1,z,D)]","Var[p(y|x,u=2,z,D)]","H[p(y|x,D)]","Var[p(y|x,D)]",Va,Ve,Va_variance,Ve_variance,kl_pyx_pyxz,kl_pyxz_pyx,api_calls
-2.0,-1.8,x1 = -2.0; x2 = -1.8,-2.0,-1.8,x1 = -2.0; x2 = -1.8,0.24578848424799177,0.2257459363307514,0.5284655794212567,0.2430587854844617,0.22050327072436468,0.5364379437911736,0.7155841692287916,0.11101396381697481,0.17340186695423343,0.17488679748575714,0.6079274879471361,0.21718571456710678,0.1304781386694029,0.12131395178931148,0.7482079095412856,0.2824855543542908,0.2261103255238,0.49140412012190915,1.45894,0.69343,1.13586,1.3549,1.06566,0.59502,0.39028,0.4971,1.46858,0.69435,1.1465,0.3220799999999999,0.49735,0.197,0.003858116314037721,0.003943860848804895,1150
