z_x1,z_x2,z_note,x_x1,x_x2,x_note,"p(y=0|x,D)","p(y=1|x,D)","p(y=2|x,D)","p(u=0|z,D)","p(u=1|z,D)","p(u=2|z,D)","p(y=0|x,u=0,z,D)","p(y=1|x,u=0,z,D)","p(y=2|x,u=0,z,D)","p(y=0|x,u=1,z,D)","p(y=1|x,u=1,z,D)","p(y=2|x,u=1,z,D)","p(y=0|x,u=2,z,D)","p(y=1|x,u=2,z,D)","p(y=2|x,u=2,z,D)","p(y=0|x,z,D)","p(y=1|x,z,D)","p(y=2|x,z,D)","H[p(u|z,D)]","Var[p(u|z,D)]","H[p(y|x,u=0,z,D)]","H[p(y|x,u=1,z,D)]","H[p(y|x,u=2,z,D)]","Var[p(y|x,u=0,z,D)]","Var[p(y|x,u=1,z,D)]","Var[p(y|x,u=2,z,D)]","H[p(y|x,D)]","Var[p(y|x,D)]",Va,Ve,Va_variance,Ve_variance,kl_pyx_pyxz,kl_pyxz_pyx,api_calls
-0.6,3.0,x1 = -0.6; x2 = 3.0,-0.6,3.0,x1 = -0.6; x2 = 3.0,0.31195817958553945,0.21848507517627663,0.4695567452381839,0.31195817958553945,0.21848507517627663,0.4695567452381839,0.7403122576960707,0.10407794611601524,0.15560979618791412,0.13730442190295603,0.621720185370287,0.24097539272675697,0.10558155473369421,0.09487259769359761,0.7995458475727083,0.31052196237517016,0.2128526162298871,0.4766254213949428,1.51582,0.75668,1.07854,1.31434,0.92288,0.55405,0.36753,0.42354,1.51582,0.75668,1.05697,0.45885,0.45202,0.30466000000000004,0.00012986761680373621,0.00012948519659430544,59550
