z_x1,z_x2,z_note,x_x1,x_x2,x_note,"p(y=0|x,D)","p(y=1|x,D)","p(y=2|x,D)","p(u=0|z,D)","p(u=1|z,D)","p(u=2|z,D)","p(y=0|x,u=0,z,D)","p(y=1|x,u=0,z,D)","p(y=2|x,u=0,z,D)","p(y=0|x,u=1,z,D)","p(y=1|x,u=1,z,D)","p(y=2|x,u=1,z,D)","p(y=0|x,u=2,z,D)","p(y=1|x,u=2,z,D)","p(y=2|x,u=2,z,D)","p(y=0|x,z,D)","p(y=1|x,z,D)","p(y=2|x,z,D)","H[p(u|z,D)]","Var[p(u|z,D)]","H[p(y|x,u=0,z,D)]","H[p(y|x,u=1,z,D)]","H[p(y|x,u=2,z,D)]","Var[p(y|x,u=0,z,D)]","Var[p(y|x,u=1,z,D)]","Var[p(y|x,u=2,z,D)]","H[p(y|x,D)]","Var[p(y|x,D)]",Va,Ve,Va_variance,Ve_variance,kl_pyx_pyxz,kl_pyxz_pyx,api_calls
2.2,-2.3,x1 = 2.2; x2 = -2.3,2.2,-2.3,x1 = 2.2; x2 = -2.3,0.7323265515506133,0.1550525421823878,0.11262090626699897,0.7324543989351642,0.1529719681854681,0.11457363287936773,0.8433180003402191,0.09121805371361724,0.06546394594616362,0.2981485799561266,0.564156599911725,0.13769482013214834,0.29454793465344536,0.1422903186900478,0.5631617466565069,0.6970477810683506,0.16941592889404303,0.1335362900376062,1.10148,0.46525,0.77993,1.38031,1.3862,0.30373,0.4101,0.78556,1.10091,0.46091,0.94123,0.15968000000000004,0.37521,0.0857,0.0032357937166202985,0.0033413518296361994,8900
