z_x1,z_x2,z_note,x_x1,x_x2,x_note,"p(y=0|x,D)","p(y=1|x,D)","p(y=2|x,D)","p(u=0|z,D)","p(u=1|z,D)","p(u=2|z,D)","p(y=0|x,u=0,z,D)","p(y=1|x,u=0,z,D)","p(y=2|x,u=0,z,D)","p(y=0|x,u=1,z,D)","p(y=1|x,u=1,z,D)","p(y=2|x,u=1,z,D)","p(y=0|x,u=2,z,D)","p(y=1|x,u=2,z,D)","p(y=2|x,u=2,z,D)","p(y=0|x,z,D)","p(y=1|x,z,D)","p(y=2|x,z,D)","H[p(u|z,D)]","Var[p(u|z,D)]","H[p(y|x,u=0,z,D)]","H[p(y|x,u=1,z,D)]","H[p(y|x,u=2,z,D)]","Var[p(y|x,u=0,z,D)]","Var[p(y|x,u=1,z,D)]","Var[p(y|x,u=2,z,D)]","H[p(y|x,D)]","Var[p(y|x,D)]",Va,Ve,Va_variance,Ve_variance,kl_pyx_pyxz,kl_pyxz_pyx,api_calls
1.2,2.6,x1 = 1.2; x2 = 2.6,1.2,2.6,x1 = 1.2; x2 = 2.6,0.3224588268516846,0.30378392247616964,0.37375725067214577,0.3162620961200895,0.30284053913850567,0.38089736474140495,0.7035201042951185,0.14077980787034644,0.15570008783453515,0.1719131063158172,0.6160130210909861,0.21207387259319677,0.14681922954138854,0.1425082950657241,0.7106724753928875,0.3304820582743338,0.285358066596318,0.3841598751293484,1.57757,0.69298,1.17288,1.34176,1.15713,0.55911,0.38237,0.53956,1.57935,0.69358,1.21802,0.36132999999999993,0.49814,0.19543999999999995,0.0008228057092823475,0.0008128971751966106,51350
