z_x1,z_x2,z_note,x_x1,x_x2,x_note,"p(y=0|x,D)","p(y=1|x,D)","p(y=2|x,D)","p(u=0|z,D)","p(u=1|z,D)","p(u=2|z,D)","p(y=0|x,u=0,z,D)","p(y=1|x,u=0,z,D)","p(y=2|x,u=0,z,D)","p(y=0|x,u=1,z,D)","p(y=1|x,u=1,z,D)","p(y=2|x,u=1,z,D)","p(y=0|x,u=2,z,D)","p(y=1|x,u=2,z,D)","p(y=2|x,u=2,z,D)","p(y=0|x,z,D)","p(y=1|x,z,D)","p(y=2|x,z,D)","H[p(u|z,D)]","Var[p(u|z,D)]","H[p(y|x,u=0,z,D)]","H[p(y|x,u=1,z,D)]","H[p(y|x,u=2,z,D)]","Var[p(y|x,u=0,z,D)]","Var[p(y|x,u=1,z,D)]","Var[p(y|x,u=2,z,D)]","H[p(y|x,D)]","Var[p(y|x,D)]",Va,Ve,Va_variance,Ve_variance,kl_pyx_pyxz,kl_pyxz_pyx,api_calls
-0.4,-0.2,x1 = -0.4; x2 = -0.2,-0.4,-0.2,x1 = -0.4; x2 = -0.2,0.3529171583721338,0.3352788909368408,0.3118039506910254,0.3502881669582111,0.3329889412615486,0.3167228917802404,0.6843553650778371,0.19109027668775666,0.12455435823440622,0.18925878780056324,0.6219122737329473,0.18882893846648935,0.17128301550016428,0.20909770044358247,0.6196192840562533,0.35699192173733835,0.3402526006814781,0.30275547758118365,1.58374,0.66588,1.20503,1.33477,1.33597,0.49553,0.37809,0.5899,1.58311,0.66303,1.2897,0.29340999999999995,0.48631,0.17672,0.00019376338140277005,0.0001927247659277969,65950
