z_x1,z_x2,z_note,x_x1,x_x2,x_note,"p(y=0|x,D)","p(y=1|x,D)","p(y=2|x,D)","p(u=0|z,D)","p(u=1|z,D)","p(u=2|z,D)","p(y=0|x,u=0,z,D)","p(y=1|x,u=0,z,D)","p(y=2|x,u=0,z,D)","p(y=0|x,u=1,z,D)","p(y=1|x,u=1,z,D)","p(y=2|x,u=1,z,D)","p(y=0|x,u=2,z,D)","p(y=1|x,u=2,z,D)","p(y=2|x,u=2,z,D)","p(y=0|x,z,D)","p(y=1|x,z,D)","p(y=2|x,z,D)","H[p(u|z,D)]","Var[p(u|z,D)]","H[p(y|x,u=0,z,D)]","H[p(y|x,u=1,z,D)]","H[p(y|x,u=2,z,D)]","Var[p(y|x,u=0,z,D)]","Var[p(y|x,u=1,z,D)]","Var[p(y|x,u=2,z,D)]","H[p(y|x,D)]","Var[p(y|x,D)]",Va,Ve,Va_variance,Ve_variance,kl_pyx_pyxz,kl_pyxz_pyx,api_calls
0.4,1.0,x1 = 0.4; x2 = 1.0,0.4,1.0,x1 = 0.4; x2 = 1.0,0.2377969024810354,0.41659469638388114,0.3456084011350834,0.2412852084338954,0.4120008046846328,0.3467139868814718,0.6939989479471509,0.175291782883888,0.13070926916896125,0.14286682708034631,0.6993915742045432,0.15774159871511037,0.14088586127785796,0.19097525028849063,0.6681388884336513,0.2751600271870515,0.3966589961550214,0.328180976657927,1.55183,0.57688,1.1898,1.18211,1.2432,0.50741,0.30039,0.53103,1.54878,0.57178,1.20515,0.3436300000000001,0.43031,0.14146999999999993,0.0036075544380121394,0.003724364669923933,18550
