z_x1,z_x2,z_note,x_x1,x_x2,x_note,"p(y=0|x,D)","p(y=1|x,D)","p(y=2|x,D)","p(u=0|z,D)","p(u=1|z,D)","p(u=2|z,D)","p(y=0|x,u=0,z,D)","p(y=1|x,u=0,z,D)","p(y=2|x,u=0,z,D)","p(y=0|x,u=1,z,D)","p(y=1|x,u=1,z,D)","p(y=2|x,u=1,z,D)","p(y=0|x,u=2,z,D)","p(y=1|x,u=2,z,D)","p(y=2|x,u=2,z,D)","p(y=0|x,z,D)","p(y=1|x,z,D)","p(y=2|x,z,D)","H[p(u|z,D)]","Var[p(u|z,D)]","H[p(y|x,u=0,z,D)]","H[p(y|x,u=1,z,D)]","H[p(y|x,u=2,z,D)]","Var[p(y|x,u=0,z,D)]","Var[p(y|x,u=1,z,D)]","Var[p(y|x,u=2,z,D)]","H[p(y|x,D)]","Var[p(y|x,D)]",Va,Ve,Va_variance,Ve_variance,kl_pyx_pyxz,kl_pyxz_pyx,api_calls
-1.2,1.4,x1 = -1.2; x2 = 1.4,-1.2,1.4,x1 = -1.2; x2 = 1.4,0.2520142374583797,0.431166125258102,0.31681963728351825,0.24978353633632228,0.4321973479762559,0.31801911568742164,0.6517661253286303,0.1916165158888958,0.1566173587824739,0.15053623882921816,0.6822164949946636,0.1672472661761181,0.1387536411650519,0.2099123934723373,0.6513339653626108,0.2719881211068359,0.4094709645854266,0.31854091430773734,1.54857,0.56315,1.27817,1.2191,1.27099,0.56321,0.3175,0.52735,1.54978,0.56463,1.25036,0.29942,0.44561,0.11901999999999996,0.0013215604407952966,0.0013312962016198266,34750
