z_x1,z_x2,z_note,x_x1,x_x2,x_note,"p(y=0|x,D)","p(y=1|x,D)","p(y=2|x,D)","p(u=0|z,D)","p(u=1|z,D)","p(u=2|z,D)","p(y=0|x,u=0,z,D)","p(y=1|x,u=0,z,D)","p(y=2|x,u=0,z,D)","p(y=0|x,u=1,z,D)","p(y=1|x,u=1,z,D)","p(y=2|x,u=1,z,D)","p(y=0|x,u=2,z,D)","p(y=1|x,u=2,z,D)","p(y=2|x,u=2,z,D)","p(y=0|x,z,D)","p(y=1|x,z,D)","p(y=2|x,z,D)","H[p(u|z,D)]","Var[p(u|z,D)]","H[p(y|x,u=0,z,D)]","H[p(y|x,u=1,z,D)]","H[p(y|x,u=2,z,D)]","Var[p(y|x,u=0,z,D)]","Var[p(y|x,u=1,z,D)]","Var[p(y|x,u=2,z,D)]","H[p(y|x,D)]","Var[p(y|x,D)]",Va,Ve,Va_variance,Ve_variance,kl_pyx_pyxz,kl_pyxz_pyx,api_calls
-3.0,0.8,x1 = -3.0; x2 = 0.8,-3.0,0.8,x1 = -3.0; x2 = 0.8,0.31934169243364546,0.18356626842278834,0.49709203914356614,0.3173021463946507,0.1895053255785441,0.4931925280268052,0.7987797846267963,0.07086007682121966,0.13036013855198397,0.13924202474764963,0.6616096104207861,0.19914836483156417,0.0950693919387977,0.08367259859708931,0.8212580094641131,0.3267291591410252,0.18912929952641822,0.48414154133255666,1.48318,0.77956,0.9127,1.25397,0.85553,0.48236,0.3348,0.38898,1.47611,0.78484,0.94918,0.52693,0.40834,0.3765,0.0003384677125265745,0.0003384340201479565,42450
