z_x1,z_x2,z_note,x_x1,x_x2,x_note,"p(y=0|x,D)","p(y=1|x,D)","p(y=2|x,D)","p(u=0|z,D)","p(u=1|z,D)","p(u=2|z,D)","p(y=0|x,u=0,z,D)","p(y=1|x,u=0,z,D)","p(y=2|x,u=0,z,D)","p(y=0|x,u=1,z,D)","p(y=1|x,u=1,z,D)","p(y=2|x,u=1,z,D)","p(y=0|x,u=2,z,D)","p(y=1|x,u=2,z,D)","p(y=2|x,u=2,z,D)","p(y=0|x,z,D)","p(y=1|x,z,D)","p(y=2|x,z,D)","H[p(u|z,D)]","Var[p(u|z,D)]","H[p(y|x,u=0,z,D)]","H[p(y|x,u=1,z,D)]","H[p(y|x,u=2,z,D)]","Var[p(y|x,u=0,z,D)]","Var[p(y|x,u=1,z,D)]","Var[p(y|x,u=2,z,D)]","H[p(y|x,D)]","Var[p(y|x,D)]",Va,Ve,Va_variance,Ve_variance,kl_pyx_pyxz,kl_pyxz_pyx,api_calls
-3.0,1.6,x1 = -3.0; x2 = 1.6,-3.0,1.6,x1 = -3.0; x2 = 1.6,0.25418036070528666,0.15060147107537752,0.5952181682193358,0.25271457869023456,0.15116379046162978,0.5961216308481356,0.7517878547626526,0.0676671704186447,0.18054497481870277,0.12120599889710615,0.6407683502965189,0.23802565080637494,0.08123304003546748,0.07158977547434245,0.84717718449019,0.2567344815054485,0.15663766680999217,0.5866278516845593,1.35843,0.73091,1.01822,1.27337,0.76924,0.60601,0.34558,0.34174,1.35913,0.73309,0.90837,0.45075999999999994,0.40911,0.32398000000000005,0.00019316776858782636,0.00019446137616679904,42850
