z_x1,z_x2,z_note,x_x1,x_x2,x_note,"p(y=0|x,D)","p(y=1|x,D)","p(y=2|x,D)","p(u=0|z,D)","p(u=1|z,D)","p(u=2|z,D)","p(y=0|x,u=0,z,D)","p(y=1|x,u=0,z,D)","p(y=2|x,u=0,z,D)","p(y=0|x,u=1,z,D)","p(y=1|x,u=1,z,D)","p(y=2|x,u=1,z,D)","p(y=0|x,u=2,z,D)","p(y=1|x,u=2,z,D)","p(y=2|x,u=2,z,D)","p(y=0|x,z,D)","p(y=1|x,z,D)","p(y=2|x,z,D)","H[p(u|z,D)]","Var[p(u|z,D)]","H[p(y|x,u=0,z,D)]","H[p(y|x,u=1,z,D)]","H[p(y|x,u=2,z,D)]","Var[p(y|x,u=0,z,D)]","Var[p(y|x,u=1,z,D)]","Var[p(y|x,u=2,z,D)]","H[p(y|x,D)]","Var[p(y|x,D)]",Va,Ve,Va_variance,Ve_variance,kl_pyx_pyxz,kl_pyxz_pyx,api_calls
1.1,-2.7,x1 = 1.1; x2 = -2.7,1.1,-2.7,x1 = 1.1; x2 = -2.7,0.7958419440519318,0.1414063663641363,0.06275168958393189,0.7976258242806076,0.1394803664886181,0.06289380923077423,0.886323728677422,0.06611599907681927,0.04756027224575872,0.37646932034193126,0.5270485809460852,0.09648209871198363,0.2744349114685258,0.12835277702792208,0.597212311503552,0.7767250304069697,0.13432135256208413,0.08895361703094601,0.90759,0.32069,0.62239,1.34307,1.33624,0.23036,0.39456,0.76746,0.91189,0.32117,0.76781,0.14407999999999999,0.28704,0.034129999999999994,0.004723009542904555,0.0052486191221087115,44700
