z_x1,z_x2,z_note,x_x1,x_x2,x_note,"p(y=0|x,D)","p(y=1|x,D)","p(y=2|x,D)","p(u=0|z,D)","p(u=1|z,D)","p(u=2|z,D)","p(y=0|x,u=0,z,D)","p(y=1|x,u=0,z,D)","p(y=2|x,u=0,z,D)","p(y=0|x,u=1,z,D)","p(y=1|x,u=1,z,D)","p(y=2|x,u=1,z,D)","p(y=0|x,u=2,z,D)","p(y=1|x,u=2,z,D)","p(y=2|x,u=2,z,D)","p(y=0|x,z,D)","p(y=1|x,z,D)","p(y=2|x,z,D)","H[p(u|z,D)]","Var[p(u|z,D)]","H[p(y|x,u=0,z,D)]","H[p(y|x,u=1,z,D)]","H[p(y|x,u=2,z,D)]","Var[p(y|x,u=0,z,D)]","Var[p(y|x,u=1,z,D)]","Var[p(y|x,u=2,z,D)]","H[p(y|x,D)]","Var[p(y|x,D)]",Va,Ve,Va_variance,Ve_variance,kl_pyx_pyxz,kl_pyxz_pyx,api_calls
-1.9,2.1,x1 = -1.9; x2 = 2.1,-1.9,2.1,x1 = -1.9; x2 = 2.1,0.2915466471879051,0.22268932263383728,0.4857640301782576,0.2915466471879051,0.22268932263383728,0.4857640301782576,0.6825089218149732,0.1113991916802852,0.2060918865047415,0.14798230990374808,0.6055288922945375,0.24648879780171443,0.1212125114711258,0.10837168957338672,0.7704157989554875,0.29081794626548607,0.2199659483785137,0.4892161053560002,1.50698,0.73959,1.19844,1.34416,1.00635,0.66163,0.38477,0.47016,1.50698,0.73959,1.13758,0.36939999999999995,0.50697,0.23261999999999994,2.9910196845283742e-05,2.9869563109749878e-05,7100
