z_x1,z_x2,z_note,x_x1,x_x2,x_note,"p(y=0|x,D)","p(y=1|x,D)","p(y=2|x,D)","p(u=0|z,D)","p(u=1|z,D)","p(u=2|z,D)","p(y=0|x,u=0,z,D)","p(y=1|x,u=0,z,D)","p(y=2|x,u=0,z,D)","p(y=0|x,u=1,z,D)","p(y=1|x,u=1,z,D)","p(y=2|x,u=1,z,D)","p(y=0|x,u=2,z,D)","p(y=1|x,u=2,z,D)","p(y=2|x,u=2,z,D)","p(y=0|x,z,D)","p(y=1|x,z,D)","p(y=2|x,z,D)","H[p(u|z,D)]","Var[p(u|z,D)]","H[p(y|x,u=0,z,D)]","H[p(y|x,u=1,z,D)]","H[p(y|x,u=2,z,D)]","Var[p(y|x,u=0,z,D)]","Var[p(y|x,u=1,z,D)]","Var[p(y|x,u=2,z,D)]","H[p(y|x,D)]","Var[p(y|x,D)]",Va,Ve,Va_variance,Ve_variance,kl_pyx_pyxz,kl_pyxz_pyx,api_calls
-3.1,2.1,x1 = -3.1; x2 = 2.1,-3.1,2.1,x1 = -3.1; x2 = 2.1,0.3171745923957668,0.1638071327221679,0.5190182748820653,0.32191238300421443,0.16901172728977162,0.5090758897060139,0.7874285622512038,0.060319223681189485,0.15225221406760667,0.10900169025888931,0.6842982243507871,0.20670008539032353,0.08020680618884887,0.06747997561232501,0.8523132181988261,0.31273692008909304,0.1694243585372106,0.5178387213736964,1.45576,0.79596,0.92929,1.19318,0.75092,0.53623,0.30616,0.33637,1.44404,0.79545,0.88309,0.56095,0.3956,0.39985,0.00012684478835151307,0.0001277612172335663,39100
