z_x1,z_x2,z_note,x_x1,x_x2,x_note,"p(y=0|x,D)","p(y=1|x,D)","p(y=2|x,D)","p(u=0|z,D)","p(u=1|z,D)","p(u=2|z,D)","p(y=0|x,u=0,z,D)","p(y=1|x,u=0,z,D)","p(y=2|x,u=0,z,D)","p(y=0|x,u=1,z,D)","p(y=1|x,u=1,z,D)","p(y=2|x,u=1,z,D)","p(y=0|x,u=2,z,D)","p(y=1|x,u=2,z,D)","p(y=2|x,u=2,z,D)","p(y=0|x,z,D)","p(y=1|x,z,D)","p(y=2|x,z,D)","H[p(u|z,D)]","Var[p(u|z,D)]","H[p(y|x,u=0,z,D)]","H[p(y|x,u=1,z,D)]","H[p(y|x,u=2,z,D)]","Var[p(y|x,u=0,z,D)]","Var[p(y|x,u=1,z,D)]","Var[p(y|x,u=2,z,D)]","H[p(y|x,D)]","Var[p(y|x,D)]",Va,Ve,Va_variance,Ve_variance,kl_pyx_pyxz,kl_pyxz_pyx,api_calls
-3.3,-1.6,x1 = -3.3; x2 = -1.6,-3.3,-1.6,x1 = -3.3; x2 = -1.6,0.30440793617695433,0.1224495224458717,0.5731425413771739,0.30466912341734803,0.12186617611532477,0.5734647004673271,0.7573328786906943,0.0633194931082075,0.17934762820109815,0.15685729705230847,0.6115380434948184,0.2316046594528732,0.09728417076793348,0.07416018329302893,0.8285556459390376,0.30564058112302633,0.13634554466900797,0.5580138742079657,1.35252,0.80588,1.00041,1.34182,0.83019,0.60261,0.38287,0.39108,1.35358,0.80533,0.9444,0.40918,0.45453,0.3508,0.0009392301619260031,0.0009641851570427427,29250
