z_x1,z_x2,z_note,x_x1,x_x2,x_note,"p(y=0|x,D)","p(y=1|x,D)","p(y=2|x,D)","p(u=0|z,D)","p(u=1|z,D)","p(u=2|z,D)","p(y=0|x,u=0,z,D)","p(y=1|x,u=0,z,D)","p(y=2|x,u=0,z,D)","p(y=0|x,u=1,z,D)","p(y=1|x,u=1,z,D)","p(y=2|x,u=1,z,D)","p(y=0|x,u=2,z,D)","p(y=1|x,u=2,z,D)","p(y=2|x,u=2,z,D)","p(y=0|x,z,D)","p(y=1|x,z,D)","p(y=2|x,z,D)","H[p(u|z,D)]","Var[p(u|z,D)]","H[p(y|x,u=0,z,D)]","H[p(y|x,u=1,z,D)]","H[p(y|x,u=2,z,D)]","Var[p(y|x,u=0,z,D)]","Var[p(y|x,u=1,z,D)]","Var[p(y|x,u=2,z,D)]","H[p(y|x,D)]","Var[p(y|x,D)]",Va,Ve,Va_variance,Ve_variance,kl_pyx_pyxz,kl_pyxz_pyx,api_calls
3.5,0.3,x1 = 3.5; x2 = 0.3,3.5,0.3,x1 = 3.5; x2 = 0.3,0.5659531235030858,0.2712326696717003,0.1628142068252138,0.5690561734628437,0.2693838959182134,0.16155993061894305,0.8880698313538774,0.06462454857196256,0.04730562007415998,0.17082990577715712,0.6959571129415846,0.1332129812812583,0.13970520100217035,0.1602733196902089,0.7000214793076207,0.5739512081366384,0.2501483832075386,0.17590040865582304,1.39747,0.56456,0.6157,1.18685,1.18023,0.22849,0.30263,0.52577,1.40172,0.56625,0.86076,0.5409600000000001,0.29649,0.26976000000000006,0.001419910382132782,0.001410197492265071,62200
