z_x1,z_x2,z_note,x_x1,x_x2,x_note,"p(y=0|x,D)","p(y=1|x,D)","p(u=0|z,D)","p(u=1|z,D)","p(y=0|x,u=0,z,D)","p(y=1|x,u=0,z,D)","p(y=0|x,u=1,z,D)","p(y=1|x,u=1,z,D)","p(y=0|x,z,D)","p(y=1|x,z,D)","H[p(u|z,D)]","H[p(y|x,u=0,z,D)]","H[p(y|x,u=1,z,D)]","H[p(y|x,D)]",Va,Ve,kl_pyx_pyxz,kl_pyxz_pyx
2.1,-1.0,x1 = 2.1; x2 = -1.0,2.1,-1.0,x1 = 2.1; x2 = -1.0,0.04004857136682864,0.9599514286331713,0.04004857136682864,0.9599514286331713,0.9209206105118717,0.07907938948812823,0.008167881165855415,0.9918321188341445,0.04472232398733697,0.9552776760126629,0.24251,0.39893,0.06839,0.24251,0.08163,0.16088000000000002,0.0002646142932841008,0.00027408441047175464
