z_x1,z_x2,z_note,x_x1,x_x2,x_note,"p(y=0|x,D)","p(y=1|x,D)","p(u=0|z,D)","p(u=1|z,D)","p(y=0|x,u=0,z,D)","p(y=1|x,u=0,z,D)","p(y=0|x,u=1,z,D)","p(y=1|x,u=1,z,D)","p(y=0|x,z,D)","p(y=1|x,z,D)","H[p(u|z,D)]","H[p(y|x,u=0,z,D)]","H[p(y|x,u=1,z,D)]","H[p(y|x,D)]",Va,Ve,kl_pyx_pyxz,kl_pyxz_pyx
0.9,-0.8,x1 = 0.9; x2 = -0.8,0.9,-0.8,x1 = 0.9; x2 = -0.8,0.21612232281724078,0.7838776771827592,0.21612232281724078,0.7838776771827592,0.9656765448087539,0.03432345519124609,0.015690272547055344,0.9843097274529446,0.22100351235274532,0.7789964876472547,0.75302,0.21563,0.11651,0.75302,0.13793,0.61509,6.956635596293975e-05,6.994040722410871e-05
