z_x1,z_x2,z_note,x_x1,x_x2,x_note,"p(y=0|x,D)","p(y=1|x,D)","p(u=0|z,D)","p(u=1|z,D)","p(y=0|x,u=0,z,D)","p(y=1|x,u=0,z,D)","p(y=0|x,u=1,z,D)","p(y=1|x,u=1,z,D)","p(y=0|x,z,D)","p(y=1|x,z,D)","H[p(u|z,D)]","H[p(y|x,u=0,z,D)]","H[p(y|x,u=1,z,D)]","H[p(y|x,D)]",Va,Ve,kl_pyx_pyxz,kl_pyxz_pyx
2.1,0.4,x1 = 2.1; x2 = 0.4,2.1,0.4,x1 = 2.1; x2 = 0.4,0.1368571714431988,0.8631428285568011,0.1368571714431988,0.8631428285568011,0.9237646506102581,0.07623534938974191,0.011431527994384476,0.9885684720056155,0.13629085856953402,0.863709141430466,0.57595,0.38877,0.09014,0.57595,0.13101,0.44494,1.360638673879029e-06,1.3590564105254868e-06
