z_x1,z_x2,z_note,x_x1,x_x2,x_note,"p(y=0|x,D)","p(y=1|x,D)","p(u=0|z,D)","p(u=1|z,D)","p(y=0|x,u=0,z,D)","p(y=1|x,u=0,z,D)","p(y=0|x,u=1,z,D)","p(y=1|x,u=1,z,D)","p(y=0|x,z,D)","p(y=1|x,z,D)","H[p(u|z,D)]","H[p(y|x,u=0,z,D)]","H[p(y|x,u=1,z,D)]","H[p(y|x,D)]",Va,Ve,kl_pyx_pyxz,kl_pyxz_pyx
-0.5,-1.0,x1 = -0.5; x2 = -1.0,-0.5,-1.0,x1 = -0.5; x2 = -1.0,0.5249237999030646,0.47507620009693535,0.5249237999030646,0.47507620009693535,0.971105559070587,0.02889444092941303,0.01847437750094765,0.9815256224990524,0.5185331572366291,0.48146684276337093,0.99821,0.18882,0.13279,0.99821,0.1622,0.83601,8.18211175198048e-05,8.185147914005833e-05
