z_x1,z_x2,z_note,x_x1,x_x2,x_note,"p(y=0|x,D)","p(y=1|x,D)","p(u=0|z,D)","p(u=1|z,D)","p(y=0|x,u=0,z,D)","p(y=1|x,u=0,z,D)","p(y=0|x,u=1,z,D)","p(y=1|x,u=1,z,D)","p(y=0|x,z,D)","p(y=1|x,z,D)","H[p(u|z,D)]","H[p(y|x,u=0,z,D)]","H[p(y|x,u=1,z,D)]","H[p(y|x,D)]",Va,Ve,kl_pyx_pyxz,kl_pyxz_pyx
1.1,0.8,x1 = 1.1; x2 = 0.8,1.1,0.8,x1 = 1.1; x2 = 0.8,0.8951596642011699,0.1048403357988303,0.8951596642011699,0.1048403357988303,0.9881093445380097,0.011890655461990179,0.06046643162482361,0.9395335683751765,0.8908549500467864,0.10914504995321374,0.48415,0.09308,0.32929,0.48415,0.11784,0.36631,9.641191539653572e-05,9.75569036926879e-05
