z_x1,z_x2,z_note,x_x1,x_x2,x_note,"p(y=0|x,D)","p(y=1|x,D)","p(u=0|z,D)","p(u=1|z,D)","p(y=0|x,u=0,z,D)","p(y=1|x,u=0,z,D)","p(y=0|x,u=1,z,D)","p(y=1|x,u=1,z,D)","p(y=0|x,z,D)","p(y=1|x,z,D)","H[p(u|z,D)]","H[p(y|x,u=0,z,D)]","H[p(y|x,u=1,z,D)]","H[p(y|x,D)]",Va,Ve,kl_pyx_pyxz,kl_pyxz_pyx
1.1,0.4,x1 = 1.1; x2 = 0.4,1.1,0.4,x1 = 1.1; x2 = 0.4,0.9007747075871695,0.09922529241283061,0.9007747075871695,0.09922529241283061,0.9790324095894916,0.020967590410508326,0.12325446941674958,0.8767455305832504,0.8941175932354014,0.10588240676459852,0.46654,0.14684,0.53864,0.46654,0.18572,0.28082,0.00023852598897839555,0.00024314312388742584
