z_x1,z_x2,z_note,x_x1,x_x2,x_note,"p(y=0|x,D)","p(y=1|x,D)","p(u=0|z,D)","p(u=1|z,D)","p(y=0|x,u=0,z,D)","p(y=1|x,u=0,z,D)","p(y=0|x,u=1,z,D)","p(y=1|x,u=1,z,D)","p(y=0|x,z,D)","p(y=1|x,z,D)","H[p(u|z,D)]","H[p(y|x,u=0,z,D)]","H[p(y|x,u=1,z,D)]","H[p(y|x,D)]",Va,Ve,kl_pyx_pyxz,kl_pyxz_pyx
-0.5,1.6,x1 = -0.5; x2 = 1.6,-0.5,1.6,x1 = -0.5; x2 = 1.6,0.8471610268470504,0.15283897315294961,0.8471610268470504,0.15283897315294961,0.9892884499625858,0.010711550037414194,0.10717233524423178,0.8928276647557682,0.8544667287873631,0.14553327121263693,0.6169,0.08547,0.49133,0.6169,0.1475,0.46940000000000004,0.0002116991080645175,0.0002088678696430318
