z_x1,z_x2,z_note,x_x1,x_x2,x_note,"p(y=0|x,D)","p(y=1|x,D)","p(u=0|z,D)","p(u=1|z,D)","p(y=0|x,u=0,z,D)","p(y=1|x,u=0,z,D)","p(y=0|x,u=1,z,D)","p(y=1|x,u=1,z,D)","p(y=0|x,z,D)","p(y=1|x,z,D)","H[p(u|z,D)]","H[p(y|x,u=0,z,D)]","H[p(y|x,u=1,z,D)]","H[p(y|x,D)]",Va,Ve,kl_pyx_pyxz,kl_pyxz_pyx
1.3,1.8,x1 = 1.3; x2 = 1.8,1.3,1.8,x1 = 1.3; x2 = 1.8,0.4660579045620808,0.5339420954379193,0.4660579045620808,0.5339420954379193,0.9677501374987241,0.03224986250127587,0.016755819621746458,0.9832441803782537,0.459974238661936,0.5400257613380641,0.99667,0.20555,0.12282,0.99667,0.16138,0.83529,7.445259790385753e-05,7.440769310531128e-05
