z_x1,z_x2,z_note,x_x1,x_x2,x_note,"p(y=0|x,D)","p(y=1|x,D)","p(u=0|z,D)","p(u=1|z,D)","p(y=0|x,u=0,z,D)","p(y=1|x,u=0,z,D)","p(y=0|x,u=1,z,D)","p(y=1|x,u=1,z,D)","p(y=0|x,z,D)","p(y=1|x,z,D)","H[p(u|z,D)]","H[p(y|x,u=0,z,D)]","H[p(y|x,u=1,z,D)]","H[p(y|x,D)]",Va,Ve,kl_pyx_pyxz,kl_pyxz_pyx
-1.5,0.6,x1 = -1.5; x2 = 0.6,-1.5,0.6,x1 = -1.5; x2 = 0.6,0.8812315894032257,0.11876841059677443,0.8812315894032257,0.11876841059677443,0.9889431824024696,0.011056817597530383,0.030839212567373975,0.9691607874326259,0.8751506967186954,0.12484930328130459,0.52581,0.08772,0.19858,0.52581,0.10089,0.42492,0.00017162957691296832,0.00017410769382092493
