z_x1,z_x2,z_note,x_x1,x_x2,x_note,"p(y=0|x,D)","p(y=1|x,D)","p(u=0|z,D)","p(u=1|z,D)","p(y=0|x,u=0,z,D)","p(y=1|x,u=0,z,D)","p(y=0|x,u=1,z,D)","p(y=1|x,u=1,z,D)","p(y=0|x,z,D)","p(y=1|x,z,D)","H[p(u|z,D)]","H[p(y|x,u=0,z,D)]","H[p(y|x,u=1,z,D)]","H[p(y|x,D)]",Va,Ve,kl_pyx_pyxz,kl_pyxz_pyx
1.5,1.8,x1 = 1.5; x2 = 1.8,1.5,1.8,x1 = 1.5; x2 = 1.8,0.3950957303136847,0.6049042696863152,0.3950957303136847,0.6049042696863152,0.9657265761341979,0.03427342386580206,0.016132525688271396,0.9838674743117286,0.39131308055073466,0.6086869194492651,0.96801,0.21539,0.11914,0.96801,0.15717,0.81084,3.0001923403947042e-05,2.9968077395897425e-05
