z_x1,z_x2,z_note,x_x1,x_x2,x_note,"p(y=0|x,D)","p(y=1|x,D)","p(u=0|z,D)","p(u=1|z,D)","p(y=0|x,u=0,z,D)","p(y=1|x,u=0,z,D)","p(y=0|x,u=1,z,D)","p(y=1|x,u=1,z,D)","p(y=0|x,z,D)","p(y=1|x,z,D)","H[p(u|z,D)]","H[p(y|x,u=0,z,D)]","H[p(y|x,u=1,z,D)]","H[p(y|x,D)]",Va,Ve,kl_pyx_pyxz,kl_pyxz_pyx
-0.3,1.6,x1 = -0.3; x2 = 1.6,-0.3,1.6,x1 = -0.3; x2 = 1.6,0.8338854271015256,0.16611457289847428,0.8338854271015256,0.16611457289847428,0.9863420085734032,0.0136579914265969,0.05478986397903253,0.9452101360209676,0.8315976219414514,0.16840237805854855,0.64874,0.10417,0.30641,0.64874,0.13777,0.5109699999999999,1.8755276084011195e-05,1.8823739540798235e-05
