z_x1,z_x2,z_note,x_x1,x_x2,x_note,"p(y=0|x,D)","p(y=1|x,D)","p(u=0|z,D)","p(u=1|z,D)","p(y=0|x,u=0,z,D)","p(y=1|x,u=0,z,D)","p(y=0|x,u=1,z,D)","p(y=1|x,u=1,z,D)","p(y=0|x,z,D)","p(y=1|x,z,D)","H[p(u|z,D)]","H[p(y|x,u=0,z,D)]","H[p(y|x,u=1,z,D)]","H[p(y|x,D)]",Va,Ve,kl_pyx_pyxz,kl_pyxz_pyx
1.1,1.4,x1 = 1.1; x2 = 1.4,1.1,1.4,x1 = 1.1; x2 = 1.4,0.6257218901650322,0.3742781098349678,0.6257218901650322,0.3742781098349678,0.9776903326192687,0.02230966738073138,0.024763287065842132,0.9752367129341579,0.6210305991989119,0.3789694008010881,0.9539,0.15422,0.16741,0.9539,0.15916,0.79474,4.683214164185982e-05,4.690917614466692e-05
