z_x1,z_x2,z_note,x_x1,x_x2,x_note,"p(y=0|x,D)","p(y=1|x,D)","p(u=0|z,D)","p(u=1|z,D)","p(y=0|x,u=0,z,D)","p(y=1|x,u=0,z,D)","p(y=0|x,u=1,z,D)","p(y=1|x,u=1,z,D)","p(y=0|x,z,D)","p(y=1|x,z,D)","H[p(u|z,D)]","H[p(y|x,u=0,z,D)]","H[p(y|x,u=1,z,D)]","H[p(y|x,D)]",Va,Ve,kl_pyx_pyxz,kl_pyxz_pyx
-1.5,0.2,x1 = -1.5; x2 = 0.2,-1.5,0.2,x1 = -1.5; x2 = 0.2,0.9101763855513939,0.08982361444860602,0.9101763855513939,0.08982361444860602,0.9878377510027369,0.0121622489972632,0.03677288638468636,0.9632271136153137,0.9024096672876694,0.09759033271233065,0.43588,0.09481,0.2273,0.43588,0.10671,0.32916999999999996,0.00035092547272134143,0.00035973195135715653
