z_x1,z_x2,z_note,x_x1,x_x2,x_note,"p(y=0|x,D)","p(y=1|x,D)","p(u=0|z,D)","p(u=1|z,D)","p(y=0|x,u=0,z,D)","p(y=1|x,u=0,z,D)","p(y=0|x,u=1,z,D)","p(y=1|x,u=1,z,D)","p(y=0|x,z,D)","p(y=1|x,z,D)","H[p(u|z,D)]","H[p(y|x,u=0,z,D)]","H[p(y|x,u=1,z,D)]","H[p(y|x,D)]",Va,Ve,kl_pyx_pyxz,kl_pyxz_pyx
1.7,-0.0,x1 = 1.7; x2 = -0.0,1.7,-0.0,x1 = 1.7; x2 = -0.0,0.03002512678324528,0.9699748732167548,0.03002512678324528,0.9699748732167548,0.8007009740704666,0.19929902592953325,0.008994039714468108,0.991005960285532,0.03276514079368141,0.9672348592063187,0.19452,0.72052,0.07405,0.19452,0.09346,0.10106,0.00012177964390143459,0.00012525839241278982
