z_x1,z_x2,z_note,x_x1,x_x2,x_note,"p(y=0|x,D)","p(y=1|x,D)","p(u=0|z,D)","p(u=1|z,D)","p(y=0|x,u=0,z,D)","p(y=1|x,u=0,z,D)","p(y=0|x,u=1,z,D)","p(y=1|x,u=1,z,D)","p(y=0|x,z,D)","p(y=1|x,z,D)","H[p(u|z,D)]","H[p(y|x,u=0,z,D)]","H[p(y|x,u=1,z,D)]","H[p(y|x,D)]",Va,Ve,kl_pyx_pyxz,kl_pyxz_pyx
-1.3,1.4,x1 = -1.3; x2 = 1.4,-1.3,1.4,x1 = -1.3; x2 = 1.4,0.6480588612269018,0.35194113877309813,0.6480588612269018,0.35194113877309813,0.9875676765741934,0.012432323425806737,0.016528139676729253,0.9834718603232707,0.6458189161647979,0.354181083835202,0.93579,0.09652,0.12148,0.93579,0.1053,0.83049,1.0978020451567552e-05,1.0988571721095783e-05
