z_x1,z_x2,z_note,x_x1,x_x2,x_note,"p(y=0|x,D)","p(y=1|x,D)","p(u=0|z,D)","p(u=1|z,D)","p(y=0|x,u=0,z,D)","p(y=1|x,u=0,z,D)","p(y=0|x,u=1,z,D)","p(y=1|x,u=1,z,D)","p(y=0|x,z,D)","p(y=1|x,z,D)","H[p(u|z,D)]","H[p(y|x,u=0,z,D)]","H[p(y|x,u=1,z,D)]","H[p(y|x,D)]",Va,Ve,kl_pyx_pyxz,kl_pyxz_pyx
-0.7,0.6,x1 = -0.7; x2 = 0.6,-0.7,0.6,x1 = -0.7; x2 = 0.6,0.9701587531257166,0.02984124687428339,0.9701587531257166,0.02984124687428339,0.991373988741079,0.008626011258921049,0.20078991878800562,0.7992100812119943,0.9677819743347336,0.032218025665266437,0.1936,0.07154,0.72351,0.1936,0.091,0.1026,9.28247647554014e-05,9.514856561766314e-05
