z_x1,z_x2,z_note,x_x1,x_x2,x_note,"p(y=0|x,D)","p(y=1|x,D)","p(u=0|z,D)","p(u=1|z,D)","p(y=0|x,u=0,z,D)","p(y=1|x,u=0,z,D)","p(y=0|x,u=1,z,D)","p(y=1|x,u=1,z,D)","p(y=0|x,z,D)","p(y=1|x,z,D)","H[p(u|z,D)]","H[p(y|x,u=0,z,D)]","H[p(y|x,u=1,z,D)]","H[p(y|x,D)]",Va,Ve,kl_pyx_pyxz,kl_pyxz_pyx
1.7,1.2,x1 = 1.7; x2 = 1.2,1.7,1.2,x1 = 1.7; x2 = 1.2,0.4757755133549003,0.5242244866450997,0.4757755133549003,0.5242244866450997,0.951709714044046,0.04829028595595382,0.016918277057823238,0.9830817229421769,0.46166915286970833,0.5383308471302917,0.99831,0.27909,0.12377,0.99831,0.19767,0.80064,0.00039980534148937805,0.00039933329088819546
