z_x1,z_x2,z_note,x_x1,x_x2,x_note,"p(y=0|x,D)","p(y=1|x,D)","p(u=0|z,D)","p(u=1|z,D)","p(y=0|x,u=0,z,D)","p(y=1|x,u=0,z,D)","p(y=0|x,u=1,z,D)","p(y=1|x,u=1,z,D)","p(y=0|x,z,D)","p(y=1|x,z,D)","H[p(u|z,D)]","H[p(y|x,u=0,z,D)]","H[p(y|x,u=1,z,D)]","H[p(y|x,D)]",Va,Ve,kl_pyx_pyxz,kl_pyxz_pyx
1.9,-0.4,x1 = 1.9; x2 = -0.4,1.9,-0.4,x1 = 1.9; x2 = -0.4,0.016563610507828477,0.9834363894921715,0.016563610507828477,0.9834363894921715,0.7475245832346171,0.25247541676538277,0.007719150663113463,0.9922808493368864,0.01997299969980341,0.9800270003001964,0.12168,0.81518,0.06526,0.12168,0.07768,0.044,0.0003150488358367306,0.000334937681237925
