z_x1,z_x2,z_note,x_x1,x_x2,x_note,"p(y=0|x,D)","p(y=1|x,D)","p(u=0|z,D)","p(u=1|z,D)","p(y=0|x,u=0,z,D)","p(y=1|x,u=0,z,D)","p(y=0|x,u=1,z,D)","p(y=1|x,u=1,z,D)","p(y=0|x,z,D)","p(y=1|x,z,D)","H[p(u|z,D)]","H[p(y|x,u=0,z,D)]","H[p(y|x,u=1,z,D)]","H[p(y|x,D)]",Va,Ve,kl_pyx_pyxz,kl_pyxz_pyx
2.3,-0.4,x1 = 2.3; x2 = -0.4,2.3,-0.4,x1 = 2.3; x2 = -0.4,0.021823456705094352,0.9781765432949058,0.021823456705094352,0.9781765432949058,0.8754973224533295,0.12450267754667044,0.009664311796813476,0.9903356882031865,0.02855978101871745,0.9714402189812827,0.15156,0.54217,0.07856,0.15156,0.08868,0.06288,0.0008888093958703425,0.0009699076518231882
