z_x1,z_x2,z_note,x_x1,x_x2,x_note,"p(y=0|x,D)","p(y=1|x,D)","p(u=0|z,D)","p(u=1|z,D)","p(y=0|x,u=0,z,D)","p(y=1|x,u=0,z,D)","p(y=0|x,u=1,z,D)","p(y=1|x,u=1,z,D)","p(y=0|x,z,D)","p(y=1|x,z,D)","H[p(u|z,D)]","H[p(y|x,u=0,z,D)]","H[p(y|x,u=1,z,D)]","H[p(y|x,D)]",Va,Ve,kl_pyx_pyxz,kl_pyxz_pyx
-0.1,0.8,x1 = -0.1; x2 = 0.8,-0.1,0.8,x1 = -0.1; x2 = 0.8,0.9587137303945047,0.04128626960549528,0.9587137303945047,0.04128626960549528,0.9876297666534534,0.012370233346546727,0.06856401182542905,0.9314359881745711,0.9496849701144454,0.050315029885554564,0.24816,0.09613,0.36054,0.24816,0.10705,0.14110999999999999,0.0009061992258002707,0.0009648853947026702
