z_x1,z_x2,z_note,x_x1,x_x2,x_note,"p(y=0|x,D)","p(y=1|x,D)","p(u=0|z,D)","p(u=1|z,D)","p(y=0|x,u=0,z,D)","p(y=1|x,u=0,z,D)","p(y=0|x,u=1,z,D)","p(y=1|x,u=1,z,D)","p(y=0|x,z,D)","p(y=1|x,z,D)","H[p(u|z,D)]","H[p(y|x,u=0,z,D)]","H[p(y|x,u=1,z,D)]","H[p(y|x,D)]",Va,Ve,kl_pyx_pyxz,kl_pyxz_pyx
-1.5,-1.0,x1 = -1.5; x2 = -1.0,-1.5,-1.0,x1 = -1.5; x2 = -1.0,0.5306331718191842,0.46936682818081576,0.5306331718191842,0.46936682818081576,0.9882148907514299,0.011785109248570227,0.011527934918737595,0.9884720650812625,0.5297904321666626,0.4702095678333375,0.99729,0.09241,0.09076,0.99729,0.09164,0.9056500000000001,1.4255769882564294e-06,1.425674136195645e-06
