z_x1,z_note,x_x1,x_note,"p(y=0|x,D)","p(y=1|x,D)","p(u=0|z,D)","p(u=1|z,D)","p(y=0|x,u=0,z,D)","p(y=1|x,u=0,z,D)","p(y=0|x,u=1,z,D)","p(y=1|x,u=1,z,D)","p(y=0|x,z,D)","p(y=1|x,z,D)","H[p(u|z,D)]","Var[p(u|z,D)]","H[p(y|x,u=0,z,D)]","H[p(y|x,u=1,z,D)]","Var[p(y|x,u=0,z,D)]","Var[p(y|x,u=1,z,D)]","H[p(y|x,D)]","Var[p(y|x,D)]",Va,Ve,Va_variance,Ve_variance,kl_pyx_pyxz,kl_pyxz_pyx,api_calls
-0.1,x1 = -0.1,0.0,x1 = 0.0,0.4628372080016521,0.5371627919983479,0.5279680594334893,0.47203194056651065,0.47217654175557355,0.5278234582444264,0.40226720133165655,0.5977327986683434,0.4391771001315472,0.5608228998684528,0.99774,0.24922,0.99777,0.97226,0.24923,0.24045,0.99601,0.24862,0.98573,0.010279999999999956,0.24509,0.0035300000000000054,0.0011324418114958094,0.0011289111042605132,520
0.1,x1 = 0.1,0.0,x1 = 0.0,0.4628372080016521,0.5371627919983479,0.43824993537216156,0.5617500646278384,0.4968548380764529,0.5031451619235472,0.39012549735866914,0.6098745026413309,0.43689962403055127,0.5631003759694487,0.98897,0.24619,0.99997,0.96488,0.24999,0.23793,0.99601,0.24862,0.98026,0.01574999999999993,0.24322,0.005400000000000016,0.0013618828520166743,0.0013571181466327936,550
-0.3,x1 = -0.3,0.0,x1 = 0.0,0.4628372080016521,0.5371627919983479,0.5527909569434315,0.4472090430565684,0.4565476304825239,0.5434523695174762,0.416998638144823,0.5830013618551769,0.43886096346532905,0.5611390365346709,0.99194,0.24721,0.99455,0.98003,0.24811,0.24311,0.99601,0.24862,0.98806,0.007949999999999902,0.24587,0.0027500000000000024,0.0011630157922905976,0.0011593292729110659,580
-0.9,x1 = -0.9,0.0,x1 = 0.0,0.4628372080016521,0.5371627919983479,0.5557460054820386,0.44425399451796144,0.4473749318553371,0.5526250681446628,0.41708835656960963,0.5829116434303905,0.4339199998043837,0.5660800001956163,0.99101,0.24689,0.99199,0.98007,0.24723,0.24313,0.99601,0.24862,0.98669,0.009319999999999995,0.24541,0.0032100000000000184,0.0016943295999565476,0.0016875210320021969,610
0.2,x1 = 0.2,0.0,x1 = 0.0,0.4628372080016521,0.5371627919983479,0.441436369278876,0.5585636307211239,0.48137127432043203,0.518628725679568,0.40784941777584177,0.5921505822241582,0.440304639191528,0.5596953608084718,0.99008,0.24657,0.999,0.97536,0.24965,0.24151,0.99601,0.24862,0.9858,0.010209999999999941,0.2451,0.0035199999999999954,0.0010267381266837947,0.0010237251456506474,640
