z_x1,z_note,x_x1,x_note,"p(y=0|x,D)","p(y=1|x,D)","p(u=0|z,D)","p(u=1|z,D)","p(y=0|x,u=0,z,D)","p(y=1|x,u=0,z,D)","p(y=0|x,u=1,z,D)","p(y=1|x,u=1,z,D)","p(y=0|x,z,D)","p(y=1|x,z,D)","H[p(u|z,D)]","Var[p(u|z,D)]","H[p(y|x,u=0,z,D)]","H[p(y|x,u=1,z,D)]","Var[p(y|x,u=0,z,D)]","Var[p(y|x,u=1,z,D)]","H[p(y|x,D)]","Var[p(y|x,D)]",Va,Ve,Va_variance,Ve_variance,kl_pyx_pyxz,kl_pyxz_pyx,api_calls
-10.3,x1 = -10.3,-10.0,x1 = -10.0,0.7643219843135819,0.23567801568641805,0.7686461009528769,0.23135389904712297,0.8229237109932207,0.17707628900677935,0.3848553135380347,0.6151446864619653,0.7215748791926385,0.27842512080736137,0.78036,0.17783,0.67364,0.9614,0.14572,0.23674,0.78778,0.18013,0.74021,0.04757,0.16678,0.01335,0.0047055856908287536,0.004879837687478884,200
-9.7,x1 = -9.7,-10.0,x1 = -10.0,0.7643219843135819,0.23567801568641805,0.7651648750602243,0.23483512493977582,0.8247238510610921,0.17527614893890778,0.36967414865348147,0.6303258513465185,0.7178621973423932,0.2821378026576069,0.78635,0.17969,0.66963,0.95042,0.14455,0.23302,0.78778,0.18013,0.73557,0.05221000000000009,0.16533,0.014800000000000008,0.005526465475281815,0.005746565168519166,230
-10.0,x1 = -10.0,-10.0,x1 = -10.0,0.7643219843135819,0.23567801568641805,0.7643219843135819,0.23567801568641805,0.8359477425315823,0.1640522574684177,0.3716731405289522,0.6283268594710477,0.7265284255980009,0.273471574401999,0.78778,0.18013,0.64392,0.95195,0.13714,0.23353,0.78778,0.18013,0.71652,0.07125999999999999,0.15986,0.02027000000000001,0.003707279997073029,0.0038303689193756804,260
-9.9,x1 = -9.9,-10.0,x1 = -10.0,0.7643219843135819,0.23567801568641805,0.7581859807299484,0.24181401927005158,0.8340319413049183,0.16596805869508174,0.3613477045868481,0.6386522954131518,0.7197302661785252,0.28026973382147474,0.79804,0.18334,0.6484,0.9438,0.13842,0.23078,0.78778,0.18013,0.71983,0.06795000000000007,0.16075,0.01938000000000001,0.00510572112596408,0.00530192237435001,290
-9.6,x1 = -9.6,-10.0,x1 = -10.0,0.7643219843135819,0.23567801568641805,0.7683274881204911,0.23167251187950882,0.8259750830655828,0.17402491693441743,0.3877169809437011,0.6122830190562989,0.72444272769546,0.27555727230453997,0.78092,0.178,0.66683,0.96331,0.14374,0.23739,0.78778,0.18013,0.73552,0.052260000000000084,0.16544,0.014690000000000009,0.00411399381091123,0.00425727616496676,320
