z_x1,z_note,x_x1,x_note,"p(y=0|x,D)","p(y=1|x,D)","p(u=0|z,D)","p(u=1|z,D)","p(y=0|x,u=0,z,D)","p(y=1|x,u=0,z,D)","p(y=0|x,u=1,z,D)","p(y=1|x,u=1,z,D)","p(y=0|x,z,D)","p(y=1|x,z,D)","H[p(u|z,D)]","Var[p(u|z,D)]","H[p(y|x,u=0,z,D)]","H[p(y|x,u=1,z,D)]","Var[p(y|x,u=0,z,D)]","Var[p(y|x,u=1,z,D)]","H[p(y|x,D)]","Var[p(y|x,D)]",Va,Ve,Va_variance,Ve_variance,kl_pyx_pyxz,kl_pyxz_pyx,api_calls
4.8,x1 = 4.8,5.0,x1 = 5.0,0.2763034521215823,0.7236965478784176,0.30445957151748365,0.6955404284825163,0.27534069494972935,0.7246593050502707,0.26584409586179736,0.7341559041382026,0.26873542635098246,0.7312645736490175,0.88667,0.21176,0.84902,0.83544,0.19953,0.19517,0.85036,0.19996,0.83957,0.010789999999999966,0.1965,0.003459999999999991,0.00014487488176983393,0.00014403852731011916,680
5.8,x1 = 5.8,5.0,x1 = 5.0,0.2763034521215823,0.7236965478784176,0.1836073463031292,0.8163926536968708,0.3118801511266104,0.6881198488733896,0.2502010915060333,0.7497989084939667,0.26152581996543994,0.73847418003456,0.68791,0.1499,0.89533,0.8116,0.21461,0.1876,0.85036,0.19996,0.82697,0.023390000000000022,0.19256,0.00739999999999999,0.0005587135085157024,0.0005522788709984936,710
4.5,x1 = 4.5,5.0,x1 = 5.0,0.2763034521215823,0.7236965478784176,0.3430558647858634,0.6569441352141364,0.27215418846460954,0.7278458115353904,0.2607813060514975,0.7392186939485024,0.26468284006283554,0.7353171599371642,0.92771,0.22537,0.84454,0.82792,0.19809,0.19277,0.85036,0.19996,0.83362,0.016739999999999977,0.1946,0.005360000000000004,0.00034375274965467266,0.00034066866054957914,740
5.0,x1 = 5.0,5.0,x1 = 5.0,0.2763034521215823,0.7236965478784176,0.27630345415194035,0.7236965458480595,0.31648225706760924,0.6835177429323906,0.2325257792057299,0.76747422079427,0.25572324403739805,0.7442767559626018,0.85036,0.19996,0.90051,0.78239,0.21632,0.17846,0.85036,0.19996,0.81503,0.03532999999999997,0.18892,0.011039999999999994,0.0010939629631664949,0.0010761113563044211,770
4.9,x1 = 4.9,5.0,x1 = 5.0,0.2763034521215823,0.7236965478784176,0.3243077516158281,0.6756922483841719,0.2780013221224168,0.7219986778775831,0.2726287271013226,0.7273712728986774,0.27437110131295606,0.7256288986870439,0.909,0.21913,0.85271,0.84521,0.20072,0.1983,0.85036,0.19996,0.84764,0.0027200000000000557,0.19908,0.0008799999999999919,9.363910277609879e-06,9.350337476475134e-06,800
