z_x1,z_note,x_x1,x_note,"p(y=0|x,D)","p(y=1|x,D)","p(u=0|z,D)","p(u=1|z,D)","p(y=0|x,u=0,z,D)","p(y=1|x,u=0,z,D)","p(y=0|x,u=1,z,D)","p(y=1|x,u=1,z,D)","p(y=0|x,z,D)","p(y=1|x,z,D)","H[p(u|z,D)]","Var[p(u|z,D)]","H[p(y|x,u=0,z,D)]","H[p(y|x,u=1,z,D)]","Var[p(y|x,u=0,z,D)]","Var[p(y|x,u=1,z,D)]","H[p(y|x,D)]","Var[p(y|x,D)]",Va,Ve,Va_variance,Ve_variance,kl_pyx_pyxz,kl_pyxz_pyx,api_calls
-9.7,x1 = -9.7,-10.0,x1 = -10.0,0.7127534438865589,0.28724655611344097,0.6997188473096563,0.3002811526903437,0.809688624401064,0.19031137559893596,0.3459091139536578,0.6540908860463421,0.6704243784097536,0.3295756215902464,0.88163,0.21011,0.70212,0.93036,0.15409,0.22626,0.86514,0.20474,0.77066,0.09448000000000001,0.17576,0.028980000000000006,0.004151757778134292,0.0042585852487973044,200
-10.0,x1 = -10.0,-10.0,x1 = -10.0,0.7127534438865589,0.28724655611344097,0.7127534438865589,0.28724655611344097,0.8120578677564673,0.18794213224353273,0.3835713702918678,0.6164286297081324,0.6889765970186503,0.3110234029813496,0.86514,0.20474,0.69715,0.96053,0.15262,0.23644,0.86514,0.20474,0.7728,0.09233999999999998,0.1767,0.02804000000000001,0.001338557461203288,0.001359056311879922,230
-9.9,x1 = -9.9,-10.0,x1 = -10.0,0.7127534438865589,0.28724655611344097,0.6956308161401542,0.3043691838598458,0.8218750697226916,0.17812493027730822,0.3367121924606769,0.663287807539323,0.6742064407313577,0.32579355926864223,0.88657,0.21173,0.67596,0.92164,0.1464,0.22334,0.86514,0.20474,0.75074,0.11440000000000006,0.16982,0.03492000000000001,0.003457575978613285,0.0035395609613895693,260
-9.5,x1 = -9.5,-10.0,x1 = -10.0,0.7127534438865589,0.28724655611344097,0.6994238314639026,0.30057616853609737,0.8119100004341988,0.18808999956580125,0.3430715594821435,0.6569284405178565,0.6709883381903927,0.32901166180960734,0.88199,0.21023,0.69746,0.92773,0.15271,0.22537,0.86514,0.20474,0.76667,0.09847000000000006,0.17455,0.030189999999999995,0.004044391494746655,0.004147252258389321,290
-9.8,x1 = -9.8,-10.0,x1 = -10.0,0.7127534438865589,0.28724655611344097,0.6871399704929272,0.3128600295070728,0.8050132882765262,0.19498671172347384,0.33801684702198276,0.6619831529780172,0.6589087678859318,0.3410912321140683,0.89645,0.21498,0.71179,0.92291,0.15697,0.22376,0.86514,0.20474,0.77784,0.08730000000000004,0.17787,0.026870000000000005,0.006635561629799565,0.006844966242892388,320
