z_x1,z_note,x_x1,x_note,"p(y=0|x,D)","p(y=1|x,D)","p(u=0|z,D)","p(u=1|z,D)","p(y=0|x,u=0,z,D)","p(y=1|x,u=0,z,D)","p(y=0|x,u=1,z,D)","p(y=1|x,u=1,z,D)","p(y=0|x,z,D)","p(y=1|x,z,D)","H[p(u|z,D)]","Var[p(u|z,D)]","H[p(y|x,u=0,z,D)]","H[p(y|x,u=1,z,D)]","Var[p(y|x,u=0,z,D)]","Var[p(y|x,u=1,z,D)]","H[p(y|x,D)]","Var[p(y|x,D)]",Va,Ve,Va_variance,Ve_variance,kl_pyx_pyxz,kl_pyxz_pyx,api_calls
15.4,x1 = 15.4,15.0,x1 = 15.0,0.2617318541616739,0.7382681458383262,0.25696057712711523,0.7430394228728848,0.521726184758738,0.47827381524126195,0.25334633729958267,0.7466536627004172,0.3223093777919744,0.6776906222080256,0.82213,0.19093,0.99864,0.81654,0.24953,0.18916,0.82935,0.19323,0.86333,-0.03398000000000001,0.20467,-0.011439999999999978,0.008717420686863979,0.009080715422452812,1000
14.9,x1 = 14.9,15.0,x1 = 15.0,0.2617318541616739,0.7382681458383262,0.2587514809480416,0.7412485190519584,0.5248228975099423,0.47517710249005773,0.21849967945919307,0.7815003205408069,0.2977612657785943,0.7022387342214057,0.82486,0.1918,0.99822,0.75742,0.24938,0.17076,0.82935,0.19323,0.81973,0.009620000000000073,0.1911,0.0021300000000000208,0.003182314019883288,0.003267137940991302,1030
14.7,x1 = 14.7,15.0,x1 = 15.0,0.2617318541616739,0.7382681458383262,0.25919906410790805,0.740800935892092,0.5279438348473178,0.4720561651526821,0.21534833860006977,0.7846516613999303,0.2963727986717035,0.7036272013282965,0.82554,0.19201,0.99775,0.75158,0.24922,0.16897,0.82935,0.19323,0.81539,0.013960000000000083,0.18977,0.0034600000000000186,0.0029473662809502976,0.0030232091163927763,1060
14.5,x1 = 14.5,15.0,x1 = 15.0,0.2617318541616739,0.7382681458383262,0.2615846965189362,0.7384153034810639,0.5279438348473178,0.4720561651526822,0.20834891752074675,0.7916510824792533,0.2919500569786123,0.7080499430213877,0.82913,0.19316,0.99775,0.73831,0.24922,0.16494,0.82935,0.19323,0.80618,0.023170000000000024,0.18699,0.006240000000000023,0.0022566421808654265,0.0023079592374916184,1090
15.6,x1 = 15.6,15.0,x1 = 15.0,0.2617318541616739,0.7382681458383262,0.24714845332338814,0.7528515466766119,0.5217504093449096,0.47824959065509043,0.24757820210604292,0.7524217978939571,0.31533943906938827,0.6846605609306118,0.80673,0.18607,0.99863,0.80742,0.24953,0.18628,0.82935,0.19323,0.85468,-0.025329999999999964,0.20191,-0.008679999999999993,0.006885277562411342,0.007144526269475739,1120
