z_x1,z_note,x_x1,x_note,"p(y=0|x,D)","p(y=1|x,D)","p(u=0|z,D)","p(u=1|z,D)","p(y=0|x,u=0,z,D)","p(y=1|x,u=0,z,D)","p(y=0|x,u=1,z,D)","p(y=1|x,u=1,z,D)","p(y=0|x,z,D)","p(y=1|x,z,D)","H[p(u|z,D)]","Var[p(u|z,D)]","H[p(y|x,u=0,z,D)]","H[p(y|x,u=1,z,D)]","Var[p(y|x,u=0,z,D)]","Var[p(y|x,u=1,z,D)]","H[p(y|x,D)]","Var[p(y|x,D)]",Va,Ve,Va_variance,Ve_variance,kl_pyx_pyxz,kl_pyxz_pyx,api_calls
14.9,x1 = 14.9,15.0,x1 = 15.0,0.16169477692763679,0.8383052230723631,0.14641968333764882,0.8535803166623512,0.5037641785722186,0.49623582142778144,0.1404145735496702,0.8595854264503299,0.19361610765793152,0.8063838923420685,0.60081,0.12498,0.99996,0.58532,0.24999,0.1207,0.63835,0.13555,0.64603,-0.00768000000000002,0.13963,-0.00408,0.0034129224114762477,0.00357750576421894,1000
15.1,x1 = 15.1,15.0,x1 = 15.0,0.16169477692763679,0.8383052230723631,0.15044714755472216,0.8495528524452777,0.505796898363864,0.494203101636136,0.16600771540208242,0.8339922845979176,0.21712802874863202,0.7828719712513679,0.61096,0.12781,0.9999,0.64849,0.24997,0.13845,0.63835,0.13555,0.70136,-0.06301000000000001,0.15523,-0.019680000000000003,0.009687196586264046,0.01044559499092846,1030
15.4,x1 = 15.4,15.0,x1 = 15.0,0.16169477692763679,0.8383052230723631,0.15062819799962918,0.8493718020003707,0.5091249950824442,0.4908750049175558,0.16614728336169626,0.8338527166383038,0.21780939803222882,0.7821906019677711,0.61141,0.12794,0.99976,0.64882,0.24992,0.13854,0.63835,0.13555,0.70168,-0.06333,0.15532,-0.01977000000000001,0.009910509911006872,0.01069442594907323,1060
14.6,x1 = 14.6,15.0,x1 = 15.0,0.16169477692763679,0.8383052230723631,0.14804597200442088,0.8519540279955791,0.49438431854424325,0.5056156814557567,0.13017966523277286,0.8698203347672271,0.1840986971408026,0.8159013028591973,0.60493,0.12613,0.99991,0.55793,0.24997,0.11323,0.63835,0.13555,0.62336,0.014989999999999948,0.13347,0.0020799999999999985,0.0017269743409836467,0.0017870898006842224,1090
14.5,x1 = 14.5,15.0,x1 = 15.0,0.16169477692763679,0.8383052230723631,0.1512485621964288,0.8487514378035712,0.5120622507938345,0.48793774920616545,0.13458592667010186,0.8654140733298981,0.19167867795700955,0.8083213220429903,0.61296,0.12837,0.99958,0.56988,0.24985,0.11647,0.63835,0.13555,0.63487,0.0034799999999999276,0.13664,-0.0010900000000000076,0.0030273707558521983,0.0031652810711832284,1120
