z_x1,z_x2,z_note,x_x1,x_x2,x_note,"p(y=0|x,D)","p(y=1|x,D)","p(u=0|z,D)","p(u=1|z,D)","p(y=0|x,u=0,z,D)","p(y=1|x,u=0,z,D)","p(y=0|x,u=1,z,D)","p(y=1|x,u=1,z,D)","p(y=0|x,z,D)","p(y=1|x,z,D)","H[p(u|z,D)]","Var[p(u|z,D)]","H[p(y|x,u=0,z,D)]","H[p(y|x,u=1,z,D)]","Var[p(y|x,u=0,z,D)]","Var[p(y|x,u=1,z,D)]","H[p(y|x,D)]","Var[p(y|x,D)]",Va,Ve,Va_variance,Ve_variance,kl_pyx_pyxz,kl_pyxz_pyx,api_calls
0.5,-1.1,x1 = 0.5; x2 = -1.1,0.5,-1.1,x1 = 0.5; x2 = -1.1,0.41668828592730867,0.5833117140726912,0.420171418957725,0.579828581042275,0.9593768571015289,0.04062314289847115,0.06512211834145243,0.9348778816585475,0.4408624008359434,0.5591375991640565,0.98153,0.24363,0.24514,0.34745,0.03897,0.06088,0.97988,0.24306,0.30446,0.6754199999999999,0.05167,0.19139,0.0011904428414464888,0.0011960379845654921,8120
