z_x1,z_x2,z_note,x_x1,x_x2,x_note,"p(y=0|x,D)","p(y=1|x,D)","p(u=0|z,D)","p(u=1|z,D)","p(y=0|x,u=0,z,D)","p(y=1|x,u=0,z,D)","p(y=0|x,u=1,z,D)","p(y=1|x,u=1,z,D)","p(y=0|x,z,D)","p(y=1|x,z,D)","H[p(u|z,D)]","Var[p(u|z,D)]","H[p(y|x,u=0,z,D)]","H[p(y|x,u=1,z,D)]","Var[p(y|x,u=0,z,D)]","Var[p(y|x,u=1,z,D)]","H[p(y|x,D)]","Var[p(y|x,D)]",Va,Ve,Va_variance,Ve_variance,kl_pyx_pyxz,kl_pyxz_pyx,api_calls
-1.3,-0.1,x1 = -1.3; x2 = -0.1,-1.3,-0.1,x1 = -1.3; x2 = -0.1,0.41508087975930286,0.584919120240697,0.41242024565543556,0.5875797543445644,0.9373065335270525,0.0626934664729474,0.07328494549331996,0.92671505450668,0.4296249410817915,0.5703750589182084,0.97775,0.24233,0.33805,0.37806,0.05876,0.06791,0.97909,0.24279,0.36156,0.61753,0.06414,0.17865,0.0004328795410620586,0.0004342176868059062,1120
