z_x1,z_x2,z_note,x_x1,x_x2,x_note,"p(y=0|x,D)","p(y=1|x,D)","p(u=0|z,D)","p(u=1|z,D)","p(y=0|x,u=0,z,D)","p(y=1|x,u=0,z,D)","p(y=0|x,u=1,z,D)","p(y=1|x,u=1,z,D)","p(y=0|x,z,D)","p(y=1|x,z,D)","H[p(u|z,D)]","Var[p(u|z,D)]","H[p(y|x,u=0,z,D)]","H[p(y|x,u=1,z,D)]","Var[p(y|x,u=0,z,D)]","Var[p(y|x,u=1,z,D)]","H[p(y|x,D)]","Var[p(y|x,D)]",Va,Ve,Va_variance,Ve_variance,kl_pyx_pyxz,kl_pyxz_pyx,api_calls
-0.1,2.1,x1 = -0.1; x2 = 2.1,-0.1,2.1,x1 = -0.1; x2 = 2.1,0.5920014922330872,0.4079985077669129,0.5972766851986654,0.4027233148013346,0.9579319202229799,0.04206807977702008,0.07095664307291986,0.9290433569270803,0.6007262964622753,0.3992737035377248,0.97252,0.24054,0.2517,0.36948,0.0403,0.06592,0.97544,0.24154,0.29913,0.67631,0.05062,0.19092,0.00015830645328522054,0.00015793823797338215,6360
