z_x1,z_x2,z_note,x_x1,x_x2,x_note,"p(y=0|x,D)","p(y=1|x,D)","p(u=0|z,D)","p(u=1|z,D)","p(y=0|x,u=0,z,D)","p(y=1|x,u=0,z,D)","p(y=0|x,u=1,z,D)","p(y=1|x,u=1,z,D)","p(y=0|x,z,D)","p(y=1|x,z,D)","H[p(u|z,D)]","Var[p(u|z,D)]","H[p(y|x,u=0,z,D)]","H[p(y|x,u=1,z,D)]","Var[p(y|x,u=0,z,D)]","Var[p(y|x,u=1,z,D)]","H[p(y|x,D)]","Var[p(y|x,D)]",Va,Ve,Va_variance,Ve_variance,kl_pyx_pyxz,kl_pyxz_pyx,api_calls
-0.1,1.5,x1 = -0.1; x2 = 1.5,-0.1,1.5,x1 = -0.1; x2 = 1.5,0.681843612016637,0.31815638798336304,0.6739215916219262,0.32607840837807384,0.9622439745221592,0.037756025477840786,0.08562282168608913,0.9143771783139109,0.6763967442548212,0.32360325574517873,0.91087,0.21975,0.23191,0.42169,0.03633,0.07829,0.90237,0.21693,0.29379,0.60858,0.05001,0.16692,6.797258916381357e-05,6.817578211111563e-05,6240
