z_x1,z_x2,z_note,x_x1,x_x2,x_note,"p(y=0|x,D)","p(y=1|x,D)","p(u=0|z,D)","p(u=1|z,D)","p(y=0|x,u=0,z,D)","p(y=1|x,u=0,z,D)","p(y=0|x,u=1,z,D)","p(y=1|x,u=1,z,D)","p(y=0|x,z,D)","p(y=1|x,z,D)","H[p(u|z,D)]","Var[p(u|z,D)]","H[p(y|x,u=0,z,D)]","H[p(y|x,u=1,z,D)]","Var[p(y|x,u=0,z,D)]","Var[p(y|x,u=1,z,D)]","H[p(y|x,D)]","Var[p(y|x,D)]",Va,Ve,Va_variance,Ve_variance,kl_pyx_pyxz,kl_pyxz_pyx,api_calls
0.1,0.9,x1 = 0.1; x2 = 0.9,0.1,0.9,x1 = 0.1; x2 = 0.9,0.7676647979478572,0.2323352020521428,0.7633665397840057,0.23663346021599438,0.9644281750843472,0.03557182491565284,0.13976666906934945,0.8602333309306506,0.7692856694090853,0.23071433059091484,0.7894,0.18064,0.22161,0.58363,0.03431,0.12023,0.78206,0.17836,0.30728,0.47478,0.05464,0.12372,7.3891613993858334e-06,7.377122756927921e-06,6920
