z_x1,z_x2,z_note,x_x1,x_x2,x_note,"p(y=0|x,D)","p(y=1|x,D)","p(u=0|z,D)","p(u=1|z,D)","p(y=0|x,u=0,z,D)","p(y=1|x,u=0,z,D)","p(y=0|x,u=1,z,D)","p(y=1|x,u=1,z,D)","p(y=0|x,z,D)","p(y=1|x,z,D)","H[p(u|z,D)]","Var[p(u|z,D)]","H[p(y|x,u=0,z,D)]","H[p(y|x,u=1,z,D)]","Var[p(y|x,u=0,z,D)]","Var[p(y|x,u=1,z,D)]","H[p(y|x,D)]","Var[p(y|x,D)]",Va,Ve,Va_variance,Ve_variance,kl_pyx_pyxz,kl_pyxz_pyx,api_calls
2.3,-1.1,x1 = 2.3; x2 = -1.1,2.3,-1.1,x1 = 2.3; x2 = -1.1,0.31448209164222435,0.6855179083577758,0.3088101554494959,0.691189844550504,0.9362634202933379,0.063736579706662,0.05270641674914809,0.9472935832508519,0.3255577923621202,0.6744422076378798,0.8918,0.21345,0.3421,0.29778,0.05967,0.04993,0.89828,0.21558,0.31147,0.5868099999999999,0.05294,0.16264,0.00028102400266961404,0.0002827457350859739,15320
