z_x1,z_x2,z_note,x_x1,x_x2,x_note,"p(y=0|x,D)","p(y=1|x,D)","p(u=0|z,D)","p(u=1|z,D)","p(y=0|x,u=0,z,D)","p(y=1|x,u=0,z,D)","p(y=0|x,u=1,z,D)","p(y=1|x,u=1,z,D)","p(y=0|x,z,D)","p(y=1|x,z,D)","H[p(u|z,D)]","Var[p(u|z,D)]","H[p(y|x,u=0,z,D)]","H[p(y|x,u=1,z,D)]","Var[p(y|x,u=0,z,D)]","Var[p(y|x,u=1,z,D)]","H[p(y|x,D)]","Var[p(y|x,D)]",Va,Ve,Va_variance,Ve_variance,kl_pyx_pyxz,kl_pyxz_pyx,api_calls
-1.5,1.7,x1 = -1.5; x2 = 1.7,-1.5,1.7,x1 = -1.5; x2 = 1.7,0.5885641060470101,0.41143589395298985,0.5947575315494185,0.4052424684505815,0.9555438495264591,0.044456150473541144,0.0708077651376075,0.9291922348623926,0.5970112147614188,0.4029887852385812,0.97393,0.24102,0.26236,0.36893,0.04248,0.06579,0.97725,0.24216,0.30555,0.6717,0.05193,0.19022999999999998,0.00014796129914671115,0.0001476413401601106,680
