z_x1,z_x2,z_note,x_x1,x_x2,x_note,"p(y=0|x,D)","p(y=1|x,D)","p(u=0|z,D)","p(u=1|z,D)","p(y=0|x,u=0,z,D)","p(y=1|x,u=0,z,D)","p(y=0|x,u=1,z,D)","p(y=1|x,u=1,z,D)","p(y=0|x,z,D)","p(y=1|x,z,D)","H[p(u|z,D)]","Var[p(u|z,D)]","H[p(y|x,u=0,z,D)]","H[p(y|x,u=1,z,D)]","Var[p(y|x,u=0,z,D)]","Var[p(y|x,u=1,z,D)]","H[p(y|x,D)]","Var[p(y|x,D)]",Va,Ve,Va_variance,Ve_variance,kl_pyx_pyxz,kl_pyxz_pyx,api_calls
1.1,0.5,x1 = 1.1; x2 = 0.5,1.1,0.5,x1 = 1.1; x2 = 0.5,0.7564405302157471,0.243559469784253,0.7566891247478196,0.24331087525218043,0.957072971109832,0.0429270288901681,0.1718267753615461,0.8281732246384539,0.7660140319338716,0.23398596806612854,0.8005,0.18411,0.25556,0.66187,0.04108,0.1423,0.80091,0.18424,0.35442,0.44649,0.06571,0.11852999999999998,0.0002533062210392147,0.0002509929491409605,10840
