z_x1,z_x2,z_note,x_x1,x_x2,x_note,"p(y=0|x,D)","p(y=1|x,D)","p(u=0|z,D)","p(u=1|z,D)","p(y=0|x,u=0,z,D)","p(y=1|x,u=0,z,D)","p(y=0|x,u=1,z,D)","p(y=1|x,u=1,z,D)","p(y=0|x,z,D)","p(y=1|x,z,D)","H[p(u|z,D)]","Var[p(u|z,D)]","H[p(y|x,u=0,z,D)]","H[p(y|x,u=1,z,D)]","Var[p(y|x,u=0,z,D)]","Var[p(y|x,u=1,z,D)]","H[p(y|x,D)]","Var[p(y|x,D)]",Va,Ve,Va_variance,Ve_variance,kl_pyx_pyxz,kl_pyxz_pyx,api_calls
0.7,-0.9,x1 = 0.7; x2 = -0.9,0.7,-0.9,x1 = 0.7; x2 = -0.9,0.4488931766627184,0.5511068233372816,0.45585161284779996,0.5441483871521999,0.9557606782955872,0.04423932170441279,0.0727344831011149,0.927265516898885,0.4752633983673713,0.5247366016326286,0.99437,0.24805,0.2614,0.37605,0.04228,0.06744,0.99245,0.24739,0.32379,0.66866,0.05597,0.19142,0.0013972798548891052,0.001401034834650105,8960
