z_x1,z_x2,z_note,x_x1,x_x2,x_note,"p(y=0|x,D)","p(y=1|x,D)","p(u=0|z,D)","p(u=1|z,D)","p(y=0|x,u=0,z,D)","p(y=1|x,u=0,z,D)","p(y=0|x,u=1,z,D)","p(y=1|x,u=1,z,D)","p(y=0|x,z,D)","p(y=1|x,z,D)","H[p(u|z,D)]","Var[p(u|z,D)]","H[p(y|x,u=0,z,D)]","H[p(y|x,u=1,z,D)]","Var[p(y|x,u=0,z,D)]","Var[p(y|x,u=1,z,D)]","H[p(y|x,D)]","Var[p(y|x,D)]",Va,Ve,Va_variance,Ve_variance,kl_pyx_pyxz,kl_pyxz_pyx,api_calls
0.9,1.7,x1 = 0.9; x2 = 1.7,0.9,1.7,x1 = 0.9; x2 = 1.7,0.7967549597432158,0.2032450402567842,0.7982632560257228,0.2017367439742772,0.9700783444552039,0.02992165554479593,0.10061192274066286,0.8993880772593371,0.7946750195435467,0.20532498045645328,0.72539,0.16104,0.194,0.47093,0.02903,0.09049,0.72837,0.16194,0.24987,0.4784999999999999,0.04143,0.12051,1.3290232627562182e-05,1.3323800494791527e-05,10280
