z_x1,z_x2,z_note,x_x1,x_x2,x_note,"p(y=0|x,D)","p(y=1|x,D)","p(u=0|z,D)","p(u=1|z,D)","p(y=0|x,u=0,z,D)","p(y=1|x,u=0,z,D)","p(y=0|x,u=1,z,D)","p(y=1|x,u=1,z,D)","p(y=0|x,z,D)","p(y=1|x,z,D)","H[p(u|z,D)]","Var[p(u|z,D)]","H[p(y|x,u=0,z,D)]","H[p(y|x,u=1,z,D)]","Var[p(y|x,u=0,z,D)]","Var[p(y|x,u=1,z,D)]","H[p(y|x,D)]","Var[p(y|x,D)]",Va,Ve,Va_variance,Ve_variance,kl_pyx_pyxz,kl_pyxz_pyx,api_calls
0.3,-1.5,x1 = 0.3; x2 = -1.5,0.3,-1.5,x1 = 0.3; x2 = -1.5,0.41186501138192444,0.5881349886180756,0.40897545792108814,0.5910245420789119,0.959914804158889,0.04008519584111101,0.0550933240312679,0.9449066759687321,0.42514310320329846,0.5748568967967016,0.97596,0.24171,0.24268,0.30765,0.03848,0.05206,0.97747,0.24223,0.28108,0.69639,0.04651,0.19572,0.000361726039580821,0.0003628000996365316,7240
