z_x1,z_x2,z_note,x_x1,x_x2,x_note,"p(y=0|x,D)","p(y=1|x,D)","p(u=0|z,D)","p(u=1|z,D)","p(y=0|x,u=0,z,D)","p(y=1|x,u=0,z,D)","p(y=0|x,u=1,z,D)","p(y=1|x,u=1,z,D)","p(y=0|x,z,D)","p(y=1|x,z,D)","H[p(u|z,D)]","Var[p(u|z,D)]","H[p(y|x,u=0,z,D)]","H[p(y|x,u=1,z,D)]","Var[p(y|x,u=0,z,D)]","Var[p(y|x,u=1,z,D)]","H[p(y|x,D)]","Var[p(y|x,D)]",Va,Ve,Va_variance,Ve_variance,kl_pyx_pyxz,kl_pyxz_pyx,api_calls
2.1,-1.1,x1 = 2.1; x2 = -1.1,2.1,-1.1,x1 = 2.1; x2 = -1.1,0.32548192063625236,0.6745180793637476,0.32548192063625236,0.6745180793637476,0.9272319717114895,0.07276802828851062,0.05821265388825423,0.9417873461117457,0.34106273052336666,0.6589372694766333,0.91024,0.21954,0.37617,0.32031,0.06747,0.05482,0.91024,0.21954,0.33849,0.57175,0.05894,0.16060000000000002,0.0005442086711930066,0.0005484679792337362,14520
