z_x1,z_x2,z_note,x_x1,x_x2,x_note,"p(y=0|x,D)","p(y=1|x,D)","p(u=0|z,D)","p(u=1|z,D)","p(y=0|x,u=0,z,D)","p(y=1|x,u=0,z,D)","p(y=0|x,u=1,z,D)","p(y=1|x,u=1,z,D)","p(y=0|x,z,D)","p(y=1|x,z,D)","H[p(u|z,D)]","Var[p(u|z,D)]","H[p(y|x,u=0,z,D)]","H[p(y|x,u=1,z,D)]","Var[p(y|x,u=0,z,D)]","Var[p(y|x,u=1,z,D)]","H[p(y|x,D)]","Var[p(y|x,D)]",Va,Ve,Va_variance,Ve_variance,kl_pyx_pyxz,kl_pyxz_pyx,api_calls
-0.9,1.3,x1 = -0.9; x2 = 1.3,-0.9,1.3,x1 = -0.9; x2 = 1.3,0.7033936639287088,0.2966063360712912,0.6978173009563071,0.30218269904369305,0.9613929631647805,0.03860703683521941,0.08554184075730303,0.914458159242697,0.6967259070352412,0.303274092964759,0.88394,0.21087,0.23587,0.42141,0.03712,0.07822,0.8771,0.20863,0.29194,0.58516,0.04954,0.15909,0.00010564586354027631,0.00010609427454641353,3000
