z_x1,z_x2,z_note,x_x1,x_x2,x_note,"p(y=0|x,D)","p(y=1|x,D)","p(u=0|z,D)","p(u=1|z,D)","p(y=0|x,u=0,z,D)","p(y=1|x,u=0,z,D)","p(y=0|x,u=1,z,D)","p(y=1|x,u=1,z,D)","p(y=0|x,z,D)","p(y=1|x,z,D)","H[p(u|z,D)]","Var[p(u|z,D)]","H[p(y|x,u=0,z,D)]","H[p(y|x,u=1,z,D)]","Var[p(y|x,u=0,z,D)]","Var[p(y|x,u=1,z,D)]","H[p(y|x,D)]","Var[p(y|x,D)]",Va,Ve,Va_variance,Ve_variance,kl_pyx_pyxz,kl_pyxz_pyx,api_calls
1.3,0.5,x1 = 1.3; x2 = 0.5,1.3,0.5,x1 = 1.3; x2 = 0.5,0.7169080079703651,0.2830919920296349,0.7165196300549176,0.2834803699450824,0.9560632025150145,0.04393679748498544,0.12560552029024644,0.8743944797097536,0.7206447515342016,0.2793552484657984,0.86015,0.20312,0.26006,0.54526,0.04201,0.10983,0.85963,0.20295,0.34091,0.5187200000000001,0.06124,0.14171,3.458605014439002e-05,3.449292195875208e-05,11640
