z_x1,z_x2,z_note,x_x1,x_x2,x_note,"p(y=0|x,D)","p(y=1|x,D)","p(u=0|z,D)","p(u=1|z,D)","p(y=0|x,u=0,z,D)","p(y=1|x,u=0,z,D)","p(y=0|x,u=1,z,D)","p(y=1|x,u=1,z,D)","p(y=0|x,z,D)","p(y=1|x,z,D)","H[p(u|z,D)]","Var[p(u|z,D)]","H[p(y|x,u=0,z,D)]","H[p(y|x,u=1,z,D)]","Var[p(y|x,u=0,z,D)]","Var[p(y|x,u=1,z,D)]","H[p(y|x,D)]","Var[p(y|x,D)]",Va,Ve,Va_variance,Ve_variance,kl_pyx_pyxz,kl_pyxz_pyx,api_calls
1.3,-0.9,x1 = 1.3; x2 = -0.9,1.3,-0.9,x1 = 1.3; x2 = -0.9,0.24095593727647374,0.7590440627235262,0.24348329308788452,0.7565167069121156,0.886987744254285,0.11301225574571508,0.050623764410252056,0.9493762355897479,0.25426442044276626,0.7457355795572338,0.80079,0.1842,0.50894,0.28904,0.10024,0.04806,0.79663,0.1829,0.34258,0.45404999999999995,0.06076,0.12214,0.00047258343850568353,0.0004782998315168447,11360
