z_x1,z_x2,z_note,x_x1,x_x2,x_note,"p(y=0|x,D)","p(y=1|x,D)","p(u=0|z,D)","p(u=1|z,D)","p(y=0|x,u=0,z,D)","p(y=1|x,u=0,z,D)","p(y=0|x,u=1,z,D)","p(y=1|x,u=1,z,D)","p(y=0|x,z,D)","p(y=1|x,z,D)","H[p(u|z,D)]","Var[p(u|z,D)]","H[p(y|x,u=0,z,D)]","H[p(y|x,u=1,z,D)]","Var[p(y|x,u=0,z,D)]","Var[p(y|x,u=1,z,D)]","H[p(y|x,D)]","Var[p(y|x,D)]",Va,Ve,Va_variance,Ve_variance,kl_pyx_pyxz,kl_pyxz_pyx,api_calls
2.3,2.3,x1 = 2.3; x2 = 2.3,2.3,2.3,x1 = 2.3; x2 = 2.3,0.5883066853906547,0.41169331460934533,0.5855485258765146,0.4144514741234854,0.9551165933940051,0.044883406605994866,0.05737329894636252,0.9426267010536374,0.5830455616257055,0.41695443837429447,0.97878,0.24268,0.26425,0.31693,0.04287,0.05408,0.97738,0.2422,0.28608,0.6913,0.04752,0.19468,5.6998731424920575e-05,5.70693623522401e-05,16000
