z_x1,z_x2,z_note,x_x1,x_x2,x_note,"p(y=0|x,D)","p(y=1|x,D)","p(u=0|z,D)","p(u=1|z,D)","p(y=0|x,u=0,z,D)","p(y=1|x,u=0,z,D)","p(y=0|x,u=1,z,D)","p(y=1|x,u=1,z,D)","p(y=0|x,z,D)","p(y=1|x,z,D)","H[p(u|z,D)]","Var[p(u|z,D)]","H[p(y|x,u=0,z,D)]","H[p(y|x,u=1,z,D)]","Var[p(y|x,u=0,z,D)]","Var[p(y|x,u=1,z,D)]","H[p(y|x,D)]","Var[p(y|x,D)]",Va,Ve,Va_variance,Ve_variance,kl_pyx_pyxz,kl_pyxz_pyx,api_calls
0.1,-0.1,x1 = 0.1; x2 = -0.1,0.1,-0.1,x1 = 0.1; x2 = -0.1,0.290231586247682,0.709768413752318,0.293013970343967,0.7069860296560331,0.8944945678971891,0.10550543210281087,0.0739139375304054,0.9260860624695944,0.3143555260215319,0.685644473978468,0.87258,0.20716,0.48621,0.38036,0.09437,0.06845,0.86902,0.206,0.41138,0.45764,0.07604,0.12996,0.001369778677917502,0.0013906012358576234,6720
