z_x1,z_x2,z_note,x_x1,x_x2,x_note,"p(y=0|x,D)","p(y=1|x,D)","p(u=0|z,D)","p(u=1|z,D)","p(y=0|x,u=0,z,D)","p(y=1|x,u=0,z,D)","p(y=0|x,u=1,z,D)","p(y=1|x,u=1,z,D)","p(y=0|x,z,D)","p(y=1|x,z,D)","H[p(u|z,D)]","Var[p(u|z,D)]","H[p(y|x,u=0,z,D)]","H[p(y|x,u=1,z,D)]","Var[p(y|x,u=0,z,D)]","Var[p(y|x,u=1,z,D)]","H[p(y|x,D)]","Var[p(y|x,D)]",Va,Ve,Va_variance,Ve_variance,kl_pyx_pyxz,kl_pyxz_pyx,api_calls
0.9,1.9,x1 = 0.9; x2 = 1.9,0.9,1.9,x1 = 0.9; x2 = 1.9,0.7956942436831032,0.2043057563168968,0.7910701152270849,0.20892988477291513,0.9710589637049628,0.02894103629503727,0.09916278444564663,0.9008372155543534,0.7888937954383689,0.21110620456163115,0.73943,0.16528,0.18905,0.46634,0.0281,0.08933,0.73046,0.16256,0.24698,0.48348,0.04089,0.12167,0.00013995509596546017,0.0001410867539058296,10320
