z_x1,z_x2,z_note,x_x1,x_x2,x_note,"p(y=0|x,D)","p(y=1|x,D)","p(u=0|z,D)","p(u=1|z,D)","p(y=0|x,u=0,z,D)","p(y=1|x,u=0,z,D)","p(y=0|x,u=1,z,D)","p(y=1|x,u=1,z,D)","p(y=0|x,z,D)","p(y=1|x,z,D)","H[p(u|z,D)]","Var[p(u|z,D)]","H[p(y|x,u=0,z,D)]","H[p(y|x,u=1,z,D)]","Var[p(y|x,u=0,z,D)]","Var[p(y|x,u=1,z,D)]","H[p(y|x,D)]","Var[p(y|x,D)]",Va,Ve,Va_variance,Ve_variance,kl_pyx_pyxz,kl_pyxz_pyx,api_calls
-1.1,2.1,x1 = -1.1; x2 = 2.1,-1.1,2.1,x1 = -1.1; x2 = 2.1,0.5939745329780947,0.4060254670219054,0.5939268301337176,0.4060731698662824,0.9540251132118,0.045974886788200074,0.08306583316986828,0.9169341668301316,0.6003519175407176,0.39964808245928235,0.97439,0.24118,0.26905,0.41289,0.04386,0.07617,0.97437,0.24117,0.32746,0.64691,0.05698,0.18419,8.460828252248795e-05,8.44631088330874e-05,2360
