z_x1,z_x2,z_note,x_x1,x_x2,x_note,"p(y=0|x,D)","p(y=1|x,D)","p(u=0|z,D)","p(u=1|z,D)","p(y=0|x,u=0,z,D)","p(y=1|x,u=0,z,D)","p(y=0|x,u=1,z,D)","p(y=1|x,u=1,z,D)","p(y=0|x,z,D)","p(y=1|x,z,D)","H[p(u|z,D)]","Var[p(u|z,D)]","H[p(y|x,u=0,z,D)]","H[p(y|x,u=1,z,D)]","Var[p(y|x,u=0,z,D)]","Var[p(y|x,u=1,z,D)]","H[p(y|x,D)]","Var[p(y|x,D)]",Va,Ve,Va_variance,Ve_variance,kl_pyx_pyxz,kl_pyxz_pyx,api_calls
-1.3,1.7,x1 = -1.3; x2 = 1.7,-1.3,1.7,x1 = -1.3; x2 = 1.7,0.6093414038035337,0.3906585961964662,0.61239041258872,0.38760958741128004,0.9535760462356793,0.04642395376432083,0.07555397053958053,0.9244460294604195,0.6132462717371187,0.38675372826288135,0.96324,0.23737,0.27101,0.38632,0.04427,0.06985,0.96522,0.23804,0.31571,0.64951,0.05419,0.18385,3.2105449992695604e-05,3.206632671259521e-05,1480
