z_x1,z_x2,z_note,x_x1,x_x2,x_note,"p(y=0|x,D)","p(y=1|x,D)","p(u=0|z,D)","p(u=1|z,D)","p(y=0|x,u=0,z,D)","p(y=1|x,u=0,z,D)","p(y=0|x,u=1,z,D)","p(y=1|x,u=1,z,D)","p(y=0|x,z,D)","p(y=1|x,z,D)","H[p(u|z,D)]","Var[p(u|z,D)]","H[p(y|x,u=0,z,D)]","H[p(y|x,u=1,z,D)]","Var[p(y|x,u=0,z,D)]","Var[p(y|x,u=1,z,D)]","H[p(y|x,D)]","Var[p(y|x,D)]",Va,Ve,Va_variance,Ve_variance,kl_pyx_pyxz,kl_pyxz_pyx,api_calls
0.9,0.9,x1 = 0.9; x2 = 0.9,0.9,0.9,x1 = 0.9; x2 = 0.9,0.7568879241243727,0.2431120758756274,0.7549491545562923,0.24505084544370775,0.9725717180809935,0.0274282819190066,0.13249136797934016,0.86750863202066,0.7667093180479374,0.23329068195206276,0.80334,0.185,0.18133,0.56423,0.02668,0.11494,0.80018,0.18401,0.27516,0.52502,0.04831,0.13570000000000002,0.0002670710982674296,0.00026455968502661804,10120
