z_x1,z_x2,z_note,x_x1,x_x2,x_note,"p(y=0|x,D)","p(y=1|x,D)","p(u=0|z,D)","p(u=1|z,D)","p(y=0|x,u=0,z,D)","p(y=1|x,u=0,z,D)","p(y=0|x,u=1,z,D)","p(y=1|x,u=1,z,D)","p(y=0|x,z,D)","p(y=1|x,z,D)","H[p(u|z,D)]","Var[p(u|z,D)]","H[p(y|x,u=0,z,D)]","H[p(y|x,u=1,z,D)]","Var[p(y|x,u=0,z,D)]","Var[p(y|x,u=1,z,D)]","H[p(y|x,D)]","Var[p(y|x,D)]",Va,Ve,Va_variance,Ve_variance,kl_pyx_pyxz,kl_pyxz_pyx,api_calls
-1.1,1.5,x1 = -1.1; x2 = 1.5,-1.1,1.5,x1 = -1.1; x2 = 1.5,0.6017893868777513,0.3982106131222486,0.6017893868777513,0.3982106131222486,0.9582137264763585,0.04178627352364163,0.07543937734878768,0.9245606226512123,0.6066836116616745,0.3933163883383255,0.96989,0.23964,0.25042,0.3859,0.04004,0.06975,0.96989,0.23964,0.30437,0.6655200000000001,0.05187,0.18777,5.0119663716203036e-05,5.0048431059044815e-05,2240
