z_x1,z_x2,z_note,x_x1,x_x2,x_note,"p(y=0|x,D)","p(y=1|x,D)","p(u=0|z,D)","p(u=1|z,D)","p(y=0|x,u=0,z,D)","p(y=1|x,u=0,z,D)","p(y=0|x,u=1,z,D)","p(y=1|x,u=1,z,D)","p(y=0|x,z,D)","p(y=1|x,z,D)","H[p(u|z,D)]","Var[p(u|z,D)]","H[p(y|x,u=0,z,D)]","H[p(y|x,u=1,z,D)]","Var[p(y|x,u=0,z,D)]","Var[p(y|x,u=1,z,D)]","H[p(y|x,D)]","Var[p(y|x,D)]",Va,Ve,Va_variance,Ve_variance,kl_pyx_pyxz,kl_pyxz_pyx,api_calls
-0.3,-0.3,x1 = -0.3; x2 = -0.3,-0.3,-0.3,x1 = -0.3; x2 = -0.3,0.4946590951725831,0.5053409048274169,0.4946590945232055,0.5053409054767946,0.9413769106529231,0.058623089347077086,0.07111372124169012,0.9288862787583099,0.5015973225127275,0.4984026774872726,0.99992,0.24997,0.32195,0.37007,0.05519,0.06606,0.99992,0.24997,0.34627,0.6536500000000001,0.06068,0.18929,9.627922434657984e-05,9.628255891000557e-05,5080
