z_x1,z_x2,z_note,x_x1,x_x2,x_note,"p(y=0|x,D)","p(y=1|x,D)","p(u=0|z,D)","p(u=1|z,D)","p(y=0|x,u=0,z,D)","p(y=1|x,u=0,z,D)","p(y=0|x,u=1,z,D)","p(y=1|x,u=1,z,D)","p(y=0|x,z,D)","p(y=1|x,z,D)","H[p(u|z,D)]","Var[p(u|z,D)]","H[p(y|x,u=0,z,D)]","H[p(y|x,u=1,z,D)]","Var[p(y|x,u=0,z,D)]","Var[p(y|x,u=1,z,D)]","H[p(y|x,D)]","Var[p(y|x,D)]",Va,Ve,Va_variance,Ve_variance,kl_pyx_pyxz,kl_pyxz_pyx,api_calls
2.3,0.5,x1 = 2.3; x2 = 0.5,2.3,0.5,x1 = 2.3; x2 = 0.5,0.49598452440427365,0.5040154755957263,0.4959845251046393,0.5040154748953607,0.9535759730484354,0.04642402695156454,0.06301822944393547,0.9369817705560644,0.5047210889838725,0.49527891101612737,0.99995,0.24998,0.27101,0.33931,0.04427,0.05905,0.99995,0.24998,0.30543,0.69452,0.05172,0.19826,0.0001526597088665621,0.00015265845399889573,15640
