z_x1,z_x2,z_note,x_x1,x_x2,x_note,"p(y=0|x,D)","p(y=1|x,D)","p(u=0|z,D)","p(u=1|z,D)","p(y=0|x,u=0,z,D)","p(y=1|x,u=0,z,D)","p(y=0|x,u=1,z,D)","p(y=1|x,u=1,z,D)","p(y=0|x,z,D)","p(y=1|x,z,D)","H[p(u|z,D)]","Var[p(u|z,D)]","H[p(y|x,u=0,z,D)]","H[p(y|x,u=1,z,D)]","Var[p(y|x,u=0,z,D)]","Var[p(y|x,u=1,z,D)]","H[p(y|x,D)]","Var[p(y|x,D)]",Va,Ve,Va_variance,Ve_variance,kl_pyx_pyxz,kl_pyxz_pyx,api_calls
-1.3,-1.5,x1 = -1.3; x2 = -1.5,-1.3,-1.5,x1 = -1.3; x2 = -1.5,0.5054341212174144,0.4945658787825856,0.517704279573149,0.4822957204268509,0.9593916262622944,0.040608373737705664,0.06093010853400199,0.9390698914659981,0.5260674812937256,0.47393251870627434,0.9991,0.24969,0.24507,0.33113,0.03896,0.05722,0.99991,0.24997,0.28658,0.71333,0.04777,0.2022,0.000852808364549467,0.0008520685954198845,840
