z_x1,z_x2,z_note,x_x1,x_x2,x_note,"p(y=0|x,D)","p(y=1|x,D)","p(u=0|z,D)","p(u=1|z,D)","p(y=0|x,u=0,z,D)","p(y=1|x,u=0,z,D)","p(y=0|x,u=1,z,D)","p(y=1|x,u=1,z,D)","p(y=0|x,z,D)","p(y=1|x,z,D)","H[p(u|z,D)]","Var[p(u|z,D)]","H[p(y|x,u=0,z,D)]","H[p(y|x,u=1,z,D)]","Var[p(y|x,u=0,z,D)]","Var[p(y|x,u=1,z,D)]","H[p(y|x,D)]","Var[p(y|x,D)]",Va,Ve,Va_variance,Ve_variance,kl_pyx_pyxz,kl_pyxz_pyx,api_calls
-0.7,0.5,x1 = -0.7; x2 = 0.5,-0.7,0.5,x1 = -0.7; x2 = 0.5,0.657256155536355,0.3427438444636451,0.6589030832360616,0.34109691676393844,0.9522485826846327,0.047751417315367126,0.1589368136731925,0.8410631863268074,0.6816523842422848,0.3183476157577152,0.92586,0.22475,0.27677,0.63176,0.04547,0.13368,0.92742,0.22527,0.39786,0.52956,0.07556,0.14971,0.0013536575372389559,0.0013368912842765188,3640
