z_x1,z_x2,z_note,x_x1,x_x2,x_note,"p(y=0|x,D)","p(y=1|x,D)","p(u=0|z,D)","p(u=1|z,D)","p(y=0|x,u=0,z,D)","p(y=1|x,u=0,z,D)","p(y=0|x,u=1,z,D)","p(y=1|x,u=1,z,D)","p(y=0|x,z,D)","p(y=1|x,z,D)","H[p(u|z,D)]","Var[p(u|z,D)]","H[p(y|x,u=0,z,D)]","H[p(y|x,u=1,z,D)]","Var[p(y|x,u=0,z,D)]","Var[p(y|x,u=1,z,D)]","H[p(y|x,D)]","Var[p(y|x,D)]",Va,Ve,Va_variance,Ve_variance,kl_pyx_pyxz,kl_pyxz_pyx,api_calls
-0.3,0.1,x1 = -0.3; x2 = 0.1,-0.3,0.1,x1 = -0.3; x2 = 0.1,0.36488973353325915,0.6351102664667408,0.3706713035350141,0.6293286964649859,0.9230006353649776,0.07699936463502251,0.08465766463996807,0.9153423353600318,0.3954073464080235,0.6045926535919764,0.95119,0.23327,0.39152,0.41838,0.07107,0.07749,0.94667,0.23175,0.40842,0.53825,0.07511,0.15664,0.0019667684058030654,0.0019872455753047295,5160
