z_x1,z_x2,z_note,x_x1,x_x2,x_note,"p(y=0|x,D)","p(y=1|x,D)","p(u=0|z,D)","p(u=1|z,D)","p(y=0|x,u=0,z,D)","p(y=1|x,u=0,z,D)","p(y=0|x,u=1,z,D)","p(y=1|x,u=1,z,D)","p(y=0|x,z,D)","p(y=1|x,z,D)","H[p(u|z,D)]","Var[p(u|z,D)]","H[p(y|x,u=0,z,D)]","H[p(y|x,u=1,z,D)]","Var[p(y|x,u=0,z,D)]","Var[p(y|x,u=1,z,D)]","H[p(y|x,D)]","Var[p(y|x,D)]",Va,Ve,Va_variance,Ve_variance,kl_pyx_pyxz,kl_pyxz_pyx,api_calls
-1.1,-1.5,x1 = -1.1; x2 = -1.5,-1.1,-1.5,x1 = -1.1; x2 = -1.5,0.5175448210646089,0.48245517893539125,0.5143519575954401,0.4856480424045599,0.959054415241658,0.04094558475834209,0.06384236413800641,0.9361576358619936,0.5242964350861987,0.4757035649138013,0.99941,0.24979,0.24661,0.34251,0.03927,0.05977,0.99911,0.24969,0.29318,0.7059300000000001,0.04923,0.20046,9.134710270444941e-05,9.131264057464852e-05,1640
