z_x1,z_x2,z_note,x_x1,x_x2,x_note,"p(y=0|x,D)","p(y=1|x,D)","p(u=0|z,D)","p(u=1|z,D)","p(y=0|x,u=0,z,D)","p(y=1|x,u=0,z,D)","p(y=0|x,u=1,z,D)","p(y=1|x,u=1,z,D)","p(y=0|x,z,D)","p(y=1|x,z,D)","H[p(u|z,D)]","Var[p(u|z,D)]","H[p(y|x,u=0,z,D)]","H[p(y|x,u=1,z,D)]","Var[p(y|x,u=0,z,D)]","Var[p(y|x,u=1,z,D)]","H[p(y|x,D)]","Var[p(y|x,D)]",Va,Ve,Va_variance,Ve_variance,kl_pyx_pyxz,kl_pyxz_pyx,api_calls
1.1,-1.5,x1 = 1.1; x2 = -1.5,1.1,-1.5,x1 = 1.1; x2 = -1.5,0.34157386784616817,0.6584261321538318,0.3391882259196105,0.6608117740803894,0.928472885528153,0.07152711447184706,0.05748417706911958,0.9425158229308804,0.352913291887352,0.647086708112648,0.92404,0.22414,0.3716,0.31738,0.06641,0.05418,0.92632,0.2249,0.33577,0.59055,0.05833,0.16657,0.0002829357038641161,0.00028438104242105994,10440
