z_x1,z_x2,z_note,x_x1,x_x2,x_note,"p(y=0|x,D)","p(y=1|x,D)","p(u=0|z,D)","p(u=1|z,D)","p(y=0|x,u=0,z,D)","p(y=1|x,u=0,z,D)","p(y=0|x,u=1,z,D)","p(y=1|x,u=1,z,D)","p(y=0|x,z,D)","p(y=1|x,z,D)","H[p(u|z,D)]","Var[p(u|z,D)]","H[p(y|x,u=0,z,D)]","H[p(y|x,u=1,z,D)]","Var[p(y|x,u=0,z,D)]","Var[p(y|x,u=1,z,D)]","H[p(y|x,D)]","Var[p(y|x,D)]",Va,Ve,Va_variance,Ve_variance,kl_pyx_pyxz,kl_pyxz_pyx,api_calls
1.5,2.3,x1 = 1.5; x2 = 2.3,1.5,2.3,x1 = 1.5; x2 = 2.3,0.633149980083362,0.36685001991663796,0.6328313378492041,0.367168662150796,0.9576668485997173,0.042333151400282716,0.06322811198884996,0.9367718880111502,0.629256974302457,0.37074302569754314,0.94847,0.23236,0.25289,0.34013,0.04054,0.05923,0.94822,0.23227,0.28492,0.6633,0.0474,0.18487,3.252888610378235e-05,3.2576504698553655e-05,12800
