z_x1,z_x2,z_note,x_x1,x_x2,x_note,"p(y=0|x,D)","p(y=1|x,D)","p(u=0|z,D)","p(u=1|z,D)","p(y=0|x,u=0,z,D)","p(y=1|x,u=0,z,D)","p(y=0|x,u=1,z,D)","p(y=1|x,u=1,z,D)","p(y=0|x,z,D)","p(y=1|x,z,D)","H[p(u|z,D)]","Var[p(u|z,D)]","H[p(y|x,u=0,z,D)]","H[p(y|x,u=1,z,D)]","Var[p(y|x,u=0,z,D)]","Var[p(y|x,u=1,z,D)]","H[p(y|x,D)]","Var[p(y|x,D)]",Va,Ve,Va_variance,Ve_variance,kl_pyx_pyxz,kl_pyxz_pyx,api_calls
-1.1,2.3,x1 = -1.1; x2 = 2.3,-1.1,2.3,x1 = -1.1; x2 = 2.3,0.5883746871563449,0.41162531284365517,0.5877811055171214,0.41221889448287863,0.9582432787840413,0.041756721215958845,0.07820495443090186,0.9217950455690982,0.5954748536166251,0.40452514638337495,0.97765,0.24229,0.25029,0.39582,0.04001,0.07209,0.97735,0.24219,0.31028,0.66707,0.05323,0.18896,0.00010444795304530383,0.00010425996402261845,2400
