z_x1,z_x2,z_note,x_x1,x_x2,x_note,"p(y=0|x,D)","p(y=1|x,D)","p(u=0|z,D)","p(u=1|z,D)","p(y=0|x,u=0,z,D)","p(y=1|x,u=0,z,D)","p(y=0|x,u=1,z,D)","p(y=1|x,u=1,z,D)","p(y=0|x,z,D)","p(y=1|x,z,D)","H[p(u|z,D)]","Var[p(u|z,D)]","H[p(y|x,u=0,z,D)]","H[p(y|x,u=1,z,D)]","Var[p(y|x,u=0,z,D)]","Var[p(y|x,u=1,z,D)]","H[p(y|x,D)]","Var[p(y|x,D)]",Va,Ve,Va_variance,Ve_variance,kl_pyx_pyxz,kl_pyxz_pyx,api_calls
-0.3,1.9,x1 = -0.3; x2 = 1.9,-0.3,1.9,x1 = -0.3; x2 = 1.9,0.7164782696900593,0.28352173030994066,0.7145540872783064,0.28544591272169356,0.9669385110657374,0.033061488934262674,0.08116233992317774,0.9188376600768221,0.7140973234268223,0.2859026765731776,0.86277,0.20397,0.20952,0.40626,0.03197,0.07458,0.86021,0.20314,0.26568,0.59453,0.04413,0.15900999999999998,1.3906559244946954e-05,1.3929914166700003e-05,5520
