z_x1,z_x2,z_note,x_x1,x_x2,x_note,"p(y=0|x,D)","p(y=1|x,D)","p(u=0|z,D)","p(u=1|z,D)","p(y=0|x,u=0,z,D)","p(y=1|x,u=0,z,D)","p(y=0|x,u=1,z,D)","p(y=1|x,u=1,z,D)","p(y=0|x,z,D)","p(y=1|x,z,D)","H[p(u|z,D)]","Var[p(u|z,D)]","H[p(y|x,u=0,z,D)]","H[p(y|x,u=1,z,D)]","Var[p(y|x,u=0,z,D)]","Var[p(y|x,u=1,z,D)]","H[p(y|x,D)]","Var[p(y|x,D)]",Va,Ve,Va_variance,Ve_variance,kl_pyx_pyxz,kl_pyxz_pyx,api_calls
0.7,0.3,x1 = 0.7; x2 = 0.3,0.7,0.3,x1 = 0.7; x2 = 0.3,0.7844479971309583,0.21555200286904186,0.7858412431491983,0.2141587568508017,0.9639212331797211,0.0360787668202789,0.15428582470935823,0.8457141752906419,0.7905307205993172,0.20946927940068288,0.74936,0.16829,0.22402,0.62046,0.03478,0.13048,0.75196,0.16909,0.30892,0.44304,0.05527,0.11381999999999999,0.00011093658430858053,0.0001101663883226146,9200
