z_x1,z_x2,z_note,x_x1,x_x2,x_note,"p(y=0|x,D)","p(y=1|x,D)","p(u=0|z,D)","p(u=1|z,D)","p(y=0|x,u=0,z,D)","p(y=1|x,u=0,z,D)","p(y=0|x,u=1,z,D)","p(y=1|x,u=1,z,D)","p(y=0|x,z,D)","p(y=1|x,z,D)","H[p(u|z,D)]","Var[p(u|z,D)]","H[p(y|x,u=0,z,D)]","H[p(y|x,u=1,z,D)]","Var[p(y|x,u=0,z,D)]","Var[p(y|x,u=1,z,D)]","H[p(y|x,D)]","Var[p(y|x,D)]",Va,Ve,Va_variance,Ve_variance,kl_pyx_pyxz,kl_pyxz_pyx,api_calls
-0.9,0.7,x1 = -0.9; x2 = 0.7,-0.9,0.7,x1 = -0.9; x2 = 0.7,0.9516187894417396,0.04838121055826046,0.9509640160000226,0.049035983999977426,0.9876729811586566,0.0123270188413434,0.2313488032811203,0.7686511967188797,0.9505858808734576,0.04941411912654235,0.28229,0.04663,0.09585,0.78036,0.01218,0.17783,0.27948,0.04604,0.12942,0.15006,0.0203,0.02574,1.1432491743212361e-05,1.1509110988801525e-05,2880
