z_x1,z_x2,z_note,x_x1,x_x2,x_note,"p(y=0|x,D)","p(y=1|x,D)","p(u=0|z,D)","p(u=1|z,D)","p(y=0|x,u=0,z,D)","p(y=1|x,u=0,z,D)","p(y=0|x,u=1,z,D)","p(y=1|x,u=1,z,D)","p(y=0|x,z,D)","p(y=1|x,z,D)","H[p(u|z,D)]","Var[p(u|z,D)]","H[p(y|x,u=0,z,D)]","H[p(y|x,u=1,z,D)]","Var[p(y|x,u=0,z,D)]","Var[p(y|x,u=1,z,D)]","H[p(y|x,D)]","Var[p(y|x,D)]",Va,Ve,Va_variance,Ve_variance,kl_pyx_pyxz,kl_pyxz_pyx,api_calls
-0.3,1.9,x1 = -0.3; x2 = 1.9,-0.3,1.9,x1 = -0.3; x2 = 1.9,0.6456124815996945,0.3543875184003053,0.6448716958682411,0.35512830413175883,0.9786801759001962,0.021319824099803725,0.04718924355680092,0.9528107564431991,0.6478813807829752,0.3521186192170246,0.93856,0.22901,0.14879,0.27433,0.02087,0.04496,0.93793,0.2288,0.19337,0.7445600000000001,0.02943,0.19937,1.1271770242516233e-05,1.1260824222789328e-05,5520
