z_x1,z_x2,z_note,x_x1,x_x2,x_note,"p(y=0|x,D)","p(y=1|x,D)","p(u=0|z,D)","p(u=1|z,D)","p(y=0|x,u=0,z,D)","p(y=1|x,u=0,z,D)","p(y=0|x,u=1,z,D)","p(y=1|x,u=1,z,D)","p(y=0|x,z,D)","p(y=1|x,z,D)","H[p(u|z,D)]","Var[p(u|z,D)]","H[p(y|x,u=0,z,D)]","H[p(y|x,u=1,z,D)]","Var[p(y|x,u=0,z,D)]","Var[p(y|x,u=1,z,D)]","H[p(y|x,D)]","Var[p(y|x,D)]",Va,Ve,Va_variance,Ve_variance,kl_pyx_pyxz,kl_pyxz_pyx,api_calls
0.5,2.1,x1 = 0.5; x2 = 2.1,0.5,2.1,x1 = 0.5; x2 = 2.1,0.6823019166247674,0.3176980833752326,0.6792529050306788,0.32074709496932124,0.9777443185820136,0.022255681417986513,0.04472672397530865,0.9552732760246911,0.6784816355566492,0.3215183644433509,0.90519,0.21787,0.15392,0.26356,0.02176,0.04273,0.90186,0.21677,0.18909,0.71277,0.02849,0.18828,3.352188985458098e-05,3.359278863895995e-05,8760
