z_x1,z_x2,z_note,x_x1,x_x2,x_note,"p(y=0|x,D)","p(y=1|x,D)","p(u=0|z,D)","p(u=1|z,D)","p(y=0|x,u=0,z,D)","p(y=1|x,u=0,z,D)","p(y=0|x,u=1,z,D)","p(y=1|x,u=1,z,D)","p(y=0|x,z,D)","p(y=1|x,z,D)","H[p(u|z,D)]","Var[p(u|z,D)]","H[p(y|x,u=0,z,D)]","H[p(y|x,u=1,z,D)]","Var[p(y|x,u=0,z,D)]","Var[p(y|x,u=1,z,D)]","H[p(y|x,D)]","Var[p(y|x,D)]",Va,Ve,Va_variance,Ve_variance,kl_pyx_pyxz,kl_pyxz_pyx,api_calls
1.5,1.5,x1 = 1.5; x2 = 1.5,1.5,1.5,x1 = 1.5; x2 = 1.5,0.2394378601661625,0.7605621398338374,0.2453976925912497,0.7546023074087503,0.9371065838040403,0.06289341619595976,0.042225872406920634,0.9577741275930792,0.2618275341281898,0.7381724658718101,0.8039,0.18518,0.33883,0.25241,0.05894,0.04044,0.7941,0.18211,0.27362,0.52048,0.04498,0.13713,0.0013219935600579935,0.0013484770430560698,12640
