z_x1,z_x2,z_note,x_x1,x_x2,x_note,"p(y=0|x,D)","p(y=1|x,D)","p(u=0|z,D)","p(u=1|z,D)","p(y=0|x,u=0,z,D)","p(y=1|x,u=0,z,D)","p(y=0|x,u=1,z,D)","p(y=1|x,u=1,z,D)","p(y=0|x,z,D)","p(y=1|x,z,D)","H[p(u|z,D)]","Var[p(u|z,D)]","H[p(y|x,u=0,z,D)]","H[p(y|x,u=1,z,D)]","Var[p(y|x,u=0,z,D)]","Var[p(y|x,u=1,z,D)]","H[p(y|x,D)]","Var[p(y|x,D)]",Va,Ve,Va_variance,Ve_variance,kl_pyx_pyxz,kl_pyxz_pyx,api_calls
0.5,1.7,x1 = 0.5; x2 = 1.7,0.5,1.7,x1 = 0.5; x2 = 1.7,0.7399588698327582,0.26004113016724195,0.7382415645093248,0.2617584354906753,0.981383007218111,0.01861699278188897,0.049362608585287786,0.9506373914147123,0.7374188058265877,0.2625811941734123,0.82939,0.19324,0.1336,0.28368,0.01827,0.04693,0.82681,0.19242,0.17288,0.65393,0.02577,0.16665000000000002,1.6695042430834618e-05,1.6730037975920108e-05,8680
