z_x1,z_x2,z_note,x_x1,x_x2,x_note,"p(y=0|x,D)","p(y=1|x,D)","p(u=0|z,D)","p(u=1|z,D)","p(y=0|x,u=0,z,D)","p(y=1|x,u=0,z,D)","p(y=0|x,u=1,z,D)","p(y=1|x,u=1,z,D)","p(y=0|x,z,D)","p(y=1|x,z,D)","H[p(u|z,D)]","Var[p(u|z,D)]","H[p(y|x,u=0,z,D)]","H[p(y|x,u=1,z,D)]","Var[p(y|x,u=0,z,D)]","Var[p(y|x,u=1,z,D)]","H[p(y|x,D)]","Var[p(y|x,D)]",Va,Ve,Va_variance,Ve_variance,kl_pyx_pyxz,kl_pyxz_pyx,api_calls
-0.3,0.1,x1 = -0.3; x2 = 0.1,-0.3,0.1,x1 = -0.3; x2 = 0.1,0.21890726530082777,0.7810927346991722,0.21935484704943026,0.7806451529505696,0.9001885551734867,0.09981144482651326,0.03816203024232818,0.9618379697576719,0.22725172677115435,0.7727482732288457,0.75899,0.17124,0.4684,0.2338,0.08985,0.03671,0.75817,0.17099,0.28526,0.47291,0.04837,0.12262,0.0002000027694060401,0.00020178866062345313,5160
