z_x1,z_x2,z_note,x_x1,x_x2,x_note,"p(y=0|x,D)","p(y=1|x,D)","p(u=0|z,D)","p(u=1|z,D)","p(y=0|x,u=0,z,D)","p(y=1|x,u=0,z,D)","p(y=0|x,u=1,z,D)","p(y=1|x,u=1,z,D)","p(y=0|x,z,D)","p(y=1|x,z,D)","H[p(u|z,D)]","Var[p(u|z,D)]","H[p(y|x,u=0,z,D)]","H[p(y|x,u=1,z,D)]","Var[p(y|x,u=0,z,D)]","Var[p(y|x,u=1,z,D)]","H[p(y|x,D)]","Var[p(y|x,D)]",Va,Ve,Va_variance,Ve_variance,kl_pyx_pyxz,kl_pyxz_pyx,api_calls
-1.3,0.1,x1 = -1.3; x2 = 0.1,-1.3,0.1,x1 = -1.3; x2 = 0.1,0.9173503297334188,0.08264967026658133,0.9165191812041117,0.08348081879588835,0.9834859688993142,0.01651403110068602,0.08502259280107406,0.914977407198926,0.9084815106045149,0.09151848939548528,0.41433,0.07651,0.12139,0.41963,0.01624,0.07779,0.41145,0.07582,0.14629,0.26515999999999995,0.02138,0.05444,0.0004874723893659328,0.0005026877135497418,1160
