z_x1,z_x2,z_note,x_x1,x_x2,x_note,"p(y=0|x,D)","p(y=1|x,D)","p(u=0|z,D)","p(u=1|z,D)","p(y=0|x,u=0,z,D)","p(y=1|x,u=0,z,D)","p(y=0|x,u=1,z,D)","p(y=1|x,u=1,z,D)","p(y=0|x,z,D)","p(y=1|x,z,D)","H[p(u|z,D)]","Var[p(u|z,D)]","H[p(y|x,u=0,z,D)]","H[p(y|x,u=1,z,D)]","Var[p(y|x,u=0,z,D)]","Var[p(y|x,u=1,z,D)]","H[p(y|x,D)]","Var[p(y|x,D)]",Va,Ve,Va_variance,Ve_variance,kl_pyx_pyxz,kl_pyxz_pyx,api_calls
1.1,-1.1,x1 = 1.1; x2 = -1.1,1.1,-1.1,x1 = 1.1; x2 = -1.1,0.13226004262432214,0.8677399573756779,0.1337683380811575,0.8662316619188424,0.861048568989966,0.13895143101003396,0.04127321839986413,0.9587267816001359,0.1509332046482003,0.8490667953517996,0.56768,0.11587,0.58149,0.2481,0.11964,0.03957,0.5636,0.11477,0.2927,0.2709,0.05028,0.06448999999999999,0.0014097710462152371,0.0014625646890914917,10520
