z_x1,z_x2,z_note,x_x1,x_x2,x_note,"p(y=0|x,D)","p(y=1|x,D)","p(u=0|z,D)","p(u=1|z,D)","p(y=0|x,u=0,z,D)","p(y=1|x,u=0,z,D)","p(y=0|x,u=1,z,D)","p(y=1|x,u=1,z,D)","p(y=0|x,z,D)","p(y=1|x,z,D)","H[p(u|z,D)]","Var[p(u|z,D)]","H[p(y|x,u=0,z,D)]","H[p(y|x,u=1,z,D)]","Var[p(y|x,u=0,z,D)]","Var[p(y|x,u=1,z,D)]","H[p(y|x,D)]","Var[p(y|x,D)]",Va,Ve,Va_variance,Ve_variance,kl_pyx_pyxz,kl_pyxz_pyx,api_calls
1.1,-1.5,x1 = 1.1; x2 = -1.5,1.1,-1.5,x1 = 1.1; x2 = -1.5,0.14447820899115144,0.8555217910088485,0.14159378281214963,0.8584062171878504,0.8800845263595505,0.11991547364044955,0.030418587526157104,0.9695814124738428,0.1507260019322138,0.8492739980677861,0.5884,0.12154,0.52912,0.19649,0.10554,0.02949,0.59585,0.1236,0.24359,0.35226,0.04026,0.08334,0.00015424205603749817,0.0001560523217852463,10440
