z_x1,z_x2,z_note,x_x1,x_x2,x_note,"p(y=0|x,D)","p(y=1|x,D)","p(u=0|z,D)","p(u=1|z,D)","p(y=0|x,u=0,z,D)","p(y=1|x,u=0,z,D)","p(y=0|x,u=1,z,D)","p(y=1|x,u=1,z,D)","p(y=0|x,z,D)","p(y=1|x,z,D)","H[p(u|z,D)]","Var[p(u|z,D)]","H[p(y|x,u=0,z,D)]","H[p(y|x,u=1,z,D)]","Var[p(y|x,u=0,z,D)]","Var[p(y|x,u=1,z,D)]","H[p(y|x,D)]","Var[p(y|x,D)]",Va,Ve,Va_variance,Ve_variance,kl_pyx_pyxz,kl_pyxz_pyx,api_calls
2.3,-1.5,x1 = 2.3; x2 = -1.5,2.3,-1.5,x1 = 2.3; x2 = -1.5,0.1269993353966678,0.8730006646033323,0.12929065654975377,0.8707093434502464,0.8940096773955133,0.1059903226044866,0.025152054683509145,0.974847945316491,0.1374872271722024,0.8625127728277979,0.55549,0.11257,0.4877,0.16946,0.09476,0.02452,0.54915,0.11087,0.21061,0.33854000000000006,0.0336,0.07727,0.0004741082963583415,0.0004848575985262043,15240
