z_x1,z_x2,z_note,x_x1,x_x2,x_note,"p(y=0|x,D)","p(y=1|x,D)","p(u=0|z,D)","p(u=1|z,D)","p(y=0|x,u=0,z,D)","p(y=1|x,u=0,z,D)","p(y=0|x,u=1,z,D)","p(y=1|x,u=1,z,D)","p(y=0|x,z,D)","p(y=1|x,z,D)","H[p(u|z,D)]","Var[p(u|z,D)]","H[p(y|x,u=0,z,D)]","H[p(y|x,u=1,z,D)]","Var[p(y|x,u=0,z,D)]","Var[p(y|x,u=1,z,D)]","H[p(y|x,D)]","Var[p(y|x,D)]",Va,Ve,Va_variance,Ve_variance,kl_pyx_pyxz,kl_pyxz_pyx,api_calls
-1.5,-0.9,x1 = -1.5; x2 = -0.9,-1.5,-0.9,x1 = -1.5; x2 = -0.9,0.8067329953584501,0.19326700464154994,0.8078728322376485,0.19212716776235148,0.9771116364114854,0.02288836358851459,0.06111173509215982,0.9388882649078403,0.8011231697004099,0.19887683029959008,0.7059,0.15521,0.15736,0.33184,0.02236,0.05738,0.70826,0.15591,0.19088,0.51738,0.02909,0.12682,9.946985940902531e-05,0.00010018978726976727,160
