z_x1,z_x2,z_note,x_x1,x_x2,x_note,"p(y=0|x,D)","p(y=1|x,D)","p(u=0|z,D)","p(u=1|z,D)","p(y=0|x,u=0,z,D)","p(y=1|x,u=0,z,D)","p(y=0|x,u=1,z,D)","p(y=1|x,u=1,z,D)","p(y=0|x,z,D)","p(y=1|x,z,D)","H[p(u|z,D)]","Var[p(u|z,D)]","H[p(y|x,u=0,z,D)]","H[p(y|x,u=1,z,D)]","Var[p(y|x,u=0,z,D)]","Var[p(y|x,u=1,z,D)]","H[p(y|x,D)]","Var[p(y|x,D)]",Va,Ve,Va_variance,Ve_variance,kl_pyx_pyxz,kl_pyxz_pyx,api_calls
-0.1,-0.9,x1 = -0.1; x2 = -0.9,-0.1,-0.9,x1 = -0.1; x2 = -0.9,0.8363282438052387,0.16367175619476132,0.8306487502592557,0.16935124974074436,0.9769030909781605,0.02309690902183955,0.0712185728831369,0.928781427116863,0.8235242859679245,0.17647571403207557,0.65622,0.14067,0.15849,0.37045,0.02256,0.06615,0.64302,0.13688,0.19439,0.44863000000000003,0.02994,0.10694000000000001,0.0005751710752700742,0.0005867684522212549,5760
