z_x1,z_x2,z_note,x_x1,x_x2,x_note,"p(y=0|x,D)","p(y=1|x,D)","p(u=0|z,D)","p(u=1|z,D)","p(y=0|x,u=0,z,D)","p(y=1|x,u=0,z,D)","p(y=0|x,u=1,z,D)","p(y=1|x,u=1,z,D)","p(y=0|x,z,D)","p(y=1|x,z,D)","H[p(u|z,D)]","Var[p(u|z,D)]","H[p(y|x,u=0,z,D)]","H[p(y|x,u=1,z,D)]","Var[p(y|x,u=0,z,D)]","Var[p(y|x,u=1,z,D)]","H[p(y|x,D)]","Var[p(y|x,D)]",Va,Ve,Va_variance,Ve_variance,kl_pyx_pyxz,kl_pyxz_pyx,api_calls
0.9,0.3,x1 = 0.9; x2 = 0.3,0.9,0.3,x1 = 0.9; x2 = 0.3,0.9429400395373385,0.05705996046266136,0.9429400397289402,0.05705996027105986,0.9835432014430054,0.01645679855699467,0.4564832057241809,0.5435167942758191,0.9534691790268245,0.04653082097317578,0.31566,0.0538,0.12106,0.99453,0.01619,0.24811,0.31566,0.0538,0.1709,0.14476,0.02942,0.02438,0.0011687447928950354,0.001095990435219213,10000
