z_x1,z_x2,z_note,x_x1,x_x2,x_note,"p(y=0|x,D)","p(y=1|x,D)","p(u=0|z,D)","p(u=1|z,D)","p(y=0|x,u=0,z,D)","p(y=1|x,u=0,z,D)","p(y=0|x,u=1,z,D)","p(y=1|x,u=1,z,D)","p(y=0|x,z,D)","p(y=1|x,z,D)","H[p(u|z,D)]","Var[p(u|z,D)]","H[p(y|x,u=0,z,D)]","H[p(y|x,u=1,z,D)]","Var[p(y|x,u=0,z,D)]","Var[p(y|x,u=1,z,D)]","H[p(y|x,D)]","Var[p(y|x,D)]",Va,Ve,Va_variance,Ve_variance,kl_pyx_pyxz,kl_pyxz_pyx,api_calls
1.9,-1.5,x1 = 1.9; x2 = -1.5,1.9,-1.5,x1 = 1.9; x2 = -1.5,0.12036464499919537,0.8796353550008046,0.1246036274983043,0.8753963725016958,0.8712077534565488,0.12879224654345128,0.021786790329518996,0.978213209670481,0.12762772360825028,0.8723722763917499,0.54245,0.10908,0.55412,0.15136,0.1122,0.02131,0.53041,0.10588,0.20155,0.32886000000000004,0.03264,0.07324,0.00024085201914095852,0.00024492425255930993,13640
