z_x1,z_x2,z_note,x_x1,x_x2,x_note,"p(y=0|x,D)","p(y=1|x,D)","p(u=0|z,D)","p(u=1|z,D)","p(y=0|x,u=0,z,D)","p(y=1|x,u=0,z,D)","p(y=0|x,u=1,z,D)","p(y=1|x,u=1,z,D)","p(y=0|x,z,D)","p(y=1|x,z,D)","H[p(u|z,D)]","Var[p(u|z,D)]","H[p(y|x,u=0,z,D)]","H[p(y|x,u=1,z,D)]","Var[p(y|x,u=0,z,D)]","Var[p(y|x,u=1,z,D)]","H[p(y|x,D)]","Var[p(y|x,D)]",Va,Ve,Va_variance,Ve_variance,kl_pyx_pyxz,kl_pyxz_pyx,api_calls
-0.5,-0.1,x1 = -0.5; x2 = -0.1,-0.5,-0.1,x1 = -0.5; x2 = -0.1,0.5945337534167049,0.4054662465832951,0.596500695468005,0.40349930453199495,0.8947997935959322,0.10520020640406777,0.05899892549634391,0.941001074503656,0.5575547245905106,0.44244527540948925,0.97296,0.24069,0.48527,0.32346,0.09413,0.05552,0.97406,0.24106,0.41998,0.55408,0.07855,0.16251,0.00279032272256214,0.00281185170219031,4320
