z_x1,z_x2,z_note,x_x1,x_x2,x_note,"p(y=0|x,D)","p(y=1|x,D)","p(u=0|z,D)","p(u=1|z,D)","p(y=0|x,u=0,z,D)","p(y=1|x,u=0,z,D)","p(y=0|x,u=1,z,D)","p(y=1|x,u=1,z,D)","p(y=0|x,z,D)","p(y=1|x,z,D)","H[p(u|z,D)]","Var[p(u|z,D)]","H[p(y|x,u=0,z,D)]","H[p(y|x,u=1,z,D)]","Var[p(y|x,u=0,z,D)]","Var[p(y|x,u=1,z,D)]","H[p(y|x,D)]","Var[p(y|x,D)]",Va,Ve,Va_variance,Ve_variance,kl_pyx_pyxz,kl_pyxz_pyx,api_calls
-0.9,0.3,x1 = -0.9; x2 = 0.3,-0.9,0.3,x1 = -0.9; x2 = 0.3,0.9174574907506517,0.08254250924934828,0.9129605931224569,0.08703940687754308,0.9883757461455787,0.011624253854421287,0.38702252613941013,0.61297747386059,0.936034318552341,0.06396568144765888,0.42651,0.07946,0.09138,0.96285,0.01149,0.23724,0.41108,0.07573,0.16723,0.24385,0.03114,0.044590000000000005,0.002654336879688267,0.002454524941214408,2800
