z_x1,z_x2,z_note,x_x1,x_x2,x_note,"p(y=0|x,D)","p(y=1|x,D)","p(u=0|z,D)","p(u=1|z,D)","p(y=0|x,u=0,z,D)","p(y=1|x,u=0,z,D)","p(y=0|x,u=1,z,D)","p(y=1|x,u=1,z,D)","p(y=0|x,z,D)","p(y=1|x,z,D)","H[p(u|z,D)]","Var[p(u|z,D)]","H[p(y|x,u=0,z,D)]","H[p(y|x,u=1,z,D)]","Var[p(y|x,u=0,z,D)]","Var[p(y|x,u=1,z,D)]","H[p(y|x,D)]","Var[p(y|x,D)]",Va,Ve,Va_variance,Ve_variance,kl_pyx_pyxz,kl_pyxz_pyx,api_calls
-0.1,1.1,x1 = -0.1; x2 = 1.1,-0.1,1.1,x1 = -0.1; x2 = 1.1,0.8344928826695522,0.16550711733044757,0.8339478974118807,0.16605210258811914,0.9667824270267877,0.03321757297321223,0.1758080034593668,0.8241919965406332,0.8354394608999918,0.164560539100008,0.64859,0.13848,0.21028,0.67082,0.03211,0.1449,0.64732,0.13811,0.28675,0.36057,0.05084,0.08727000000000001,3.2536823578701224e-06,3.2486950318950675e-06,6160
