z_x1,z_x2,z_note,x_x1,x_x2,x_note,"p(y=0|x,D)","p(y=1|x,D)","p(u=0|z,D)","p(u=1|z,D)","p(y=0|x,u=0,z,D)","p(y=1|x,u=0,z,D)","p(y=0|x,u=1,z,D)","p(y=1|x,u=1,z,D)","p(y=0|x,z,D)","p(y=1|x,z,D)","H[p(u|z,D)]","Var[p(u|z,D)]","H[p(y|x,u=0,z,D)]","H[p(y|x,u=1,z,D)]","Var[p(y|x,u=0,z,D)]","Var[p(y|x,u=1,z,D)]","H[p(y|x,D)]","Var[p(y|x,D)]",Va,Ve,Va_variance,Ve_variance,kl_pyx_pyxz,kl_pyxz_pyx,api_calls
1.5,-1.3,x1 = 1.5; x2 = -1.3,1.5,-1.3,x1 = 1.5; x2 = -1.3,0.11736309530492894,0.8826369046950712,0.12025644168078684,0.8797435583192132,0.8544850033442056,0.14551499665579426,0.024732314889969662,0.9752676851100303,0.12451542067854258,0.8754845793214574,0.5301,0.10579,0.5985,0.16724,0.12434,0.02412,0.52173,0.10359,0.2191,0.30263000000000007,0.03617,0.06742000000000001,0.00023860601078347886,0.00024269851571605446,12080
