z_x1,z_x2,z_note,x_x1,x_x2,x_note,"p(y=0|x,D)","p(y=1|x,D)","p(u=0|z,D)","p(u=1|z,D)","p(y=0|x,u=0,z,D)","p(y=1|x,u=0,z,D)","p(y=0|x,u=1,z,D)","p(y=1|x,u=1,z,D)","p(y=0|x,z,D)","p(y=1|x,z,D)","H[p(u|z,D)]","Var[p(u|z,D)]","H[p(y|x,u=0,z,D)]","H[p(y|x,u=1,z,D)]","Var[p(y|x,u=0,z,D)]","Var[p(y|x,u=1,z,D)]","H[p(y|x,D)]","Var[p(y|x,D)]",Va,Ve,Va_variance,Ve_variance,kl_pyx_pyxz,kl_pyxz_pyx,api_calls
2.1,0.1,x1 = 2.1; x2 = 0.1,2.1,0.1,x1 = 2.1; x2 = 0.1,0.13160071201431786,0.8683992879856822,0.13160071201431786,0.8683992879856822,0.9175298153578119,0.08247018464218817,0.029575324683286608,0.9704246753167134,0.14643076789236512,0.8535692321076349,0.56181,0.11428,0.41082,0.19226,0.07567,0.0287,0.56181,0.11428,0.22102,0.34079000000000004,0.03488,0.0794,0.0009057808722553306,0.0009332243138679436,14760
