z_x1,z_x2,z_note,x_x1,x_x2,x_note,"p(y=0|x,D)","p(y=1|x,D)","p(u=0|z,D)","p(u=1|z,D)","p(y=0|x,u=0,z,D)","p(y=1|x,u=0,z,D)","p(y=0|x,u=1,z,D)","p(y=1|x,u=1,z,D)","p(y=0|x,z,D)","p(y=1|x,z,D)","H[p(u|z,D)]","Var[p(u|z,D)]","H[p(y|x,u=0,z,D)]","H[p(y|x,u=1,z,D)]","Var[p(y|x,u=0,z,D)]","Var[p(y|x,u=1,z,D)]","H[p(y|x,D)]","Var[p(y|x,D)]",Va,Ve,Va_variance,Ve_variance,kl_pyx_pyxz,kl_pyxz_pyx,api_calls
-0.5,1.3,x1 = -0.5; x2 = 1.3,-0.5,1.3,x1 = -0.5; x2 = 1.3,0.8403569427116558,0.1596430572883442,0.8421478472764041,0.15785215272359582,0.9830071219453241,0.016992878054675753,0.06787042673184915,0.9321295732681507,0.8385508245695199,0.16144917543047996,0.62915,0.13293,0.12421,0.35793,0.0167,0.06326,0.63345,0.13416,0.1611,0.47234999999999994,0.02405,0.11011,1.2083993290512313e-05,1.2120697277366718e-05,4600
