z_x1,z_note,x_x1,x_note,"p(y=0|x,D)","p(y=1|x,D)","p(u=0|z,D)","p(u=1|z,D)","p(y=0|x,u=0,z,D)","p(y=1|x,u=0,z,D)","p(y=0|x,u=1,z,D)","p(y=1|x,u=1,z,D)","p(y=0|x,z,D)","p(y=1|x,z,D)","H[p(u|z,D)]","Var[p(u|z,D)]","H[p(y|x,u=0,z,D)]","H[p(y|x,u=1,z,D)]","Var[p(y|x,u=0,z,D)]","Var[p(y|x,u=1,z,D)]","H[p(y|x,D)]","Var[p(y|x,D)]",Va,Ve,Va_variance,Ve_variance,kl_pyx_pyxz,kl_pyxz_pyx,api_calls
5.0,x1 = 5.0,5.0,x1 = 5.0,0.5152558644230688,0.4847441355769312,0.5152558644230688,0.4847441355769312,0.5821392002730523,0.41786079972694756,0.478718790828204,0.521281209171796,0.5320067632956971,0.46799323670430293,0.99933,0.24977,0.98044,0.99869,0.24325,0.24955,0.99933,0.24977,0.98929,0.010040000000000049,0.2463,0.003470000000000001,0.0005627924069746965,0.000562197169085947,680
4.9,x1 = 4.9,5.0,x1 = 5.0,0.5152558644230688,0.4847441355769312,0.5582148064269566,0.44178519357304336,0.5423046863047337,0.4576953136952664,0.5019732541246332,0.49802674587536677,0.5244868567319699,0.47551314326803007,0.9902,0.24661,0.99483,0.99999,0.24821,0.25,0.99933,0.24977,0.99711,0.0022199999999999998,0.249,0.0007699999999999929,0.00017073874789184408,0.00017065511268664867,710
5.4,x1 = 5.4,5.0,x1 = 5.0,0.5152558644230688,0.4847441355769312,0.49371904536773287,0.5062809546322671,0.5669859202209315,0.43301407977906853,0.4935751925605737,0.5064248074394263,0.5298194669407962,0.4701805330592038,0.99989,0.24996,0.98701,0.99988,0.24551,0.24996,0.99933,0.24977,0.99353,0.005800000000000027,0.24776,0.002009999999999984,0.0004252774804154695,0.00042490458081582624,740
5.1,x1 = 5.1,5.0,x1 = 5.0,0.5152558644230688,0.4847441355769312,0.5549389977032899,0.44506100229671003,0.5785250729885434,0.42147492701145667,0.48132501579658893,0.5186749842034111,0.5352651181113945,0.4647348818886054,0.99127,0.24698,0.98213,0.99899,0.24383,0.24965,0.99933,0.24977,0.98963,0.009700000000000042,0.24642,0.003349999999999992,0.00080344068662596,0.0008023553529335412,770
4.8,x1 = 4.8,5.0,x1 = 5.0,0.5152558644230688,0.4847441355769312,0.524729682469688,0.475270317530312,0.542304688161292,0.45769531183870804,0.5086754358070591,0.4913245641929408,0.5263217027165887,0.47367829728341126,0.99823,0.24939,0.99483,0.99978,0.24821,0.24992,0.99933,0.24977,0.99718,0.0021500000000000963,0.24902,0.0007500000000000007,0.00024541514623718265,0.0002452643648478952,800
