z_x1,z_note,x_x1,x_note,"p(y=0|x,D)","p(y=1|x,D)","p(u=0|z,D)","p(u=1|z,D)","p(y=0|x,u=0,z,D)","p(y=1|x,u=0,z,D)","p(y=0|x,u=1,z,D)","p(y=1|x,u=1,z,D)","p(y=0|x,z,D)","p(y=1|x,z,D)","H[p(u|z,D)]","Var[p(u|z,D)]","H[p(y|x,u=0,z,D)]","H[p(y|x,u=1,z,D)]","Var[p(y|x,u=0,z,D)]","Var[p(y|x,u=1,z,D)]","H[p(y|x,D)]","Var[p(y|x,D)]",Va,Ve,Va_variance,Ve_variance,kl_pyx_pyxz,kl_pyxz_pyx,api_calls
10.5,x1 = 10.5,10.0,x1 = 10.0,0.14447001117307476,0.8555299888269252,0.144281494552081,0.8557185054479189,0.45082046757071625,0.5491795324292839,0.12487181667936906,0.8751281833206308,0.17190017517720713,0.8280998248227928,0.59534,0.12346,0.99301,0.5432,0.24758,0.10928,0.59583,0.1236,0.6081,-0.012270000000000003,0.12923,-0.00563000000000001,0.0027645779098575754,0.0028978149070356084,840
10.4,x1 = 10.4,10.0,x1 = 10.0,0.14447001117307476,0.8555299888269252,0.13293759097814667,0.8670624090218533,0.43540808489369826,0.5645919151063017,0.11982465916820342,0.8801753408317966,0.16177755953678158,0.8382224404632184,0.56544,0.11527,0.98793,0.52886,0.24583,0.10547,0.59583,0.1236,0.58989,0.005939999999999945,0.12413,-0.0005300000000000027,0.0011381809708402787,0.0011738996451179928,870
10.0,x1 = 10.0,10.0,x1 = 10.0,0.14447001117307476,0.8555299888269252,0.14447001117307476,0.8555299888269252,0.44742263399934845,0.5525773660006517,0.15629807630654122,0.8437019236934589,0.1983568444091775,0.8016431555908226,0.59583,0.1236,0.99201,0.62538,0.24724,0.13187,0.59583,0.1236,0.67835,-0.08252000000000004,0.14854,-0.024940000000000004,0.009862339053983642,0.010725302514989328,900
10.1,x1 = 10.1,10.0,x1 = 10.0,0.14447001117307476,0.8555299888269252,0.13449158163242095,0.865508418367579,0.4537122122188423,0.5462877877811577,0.11888553141007104,0.881114468589929,0.16391690128477643,0.8360830987152236,0.56963,0.1164,0.99381,0.52615,0.24786,0.10475,0.59583,0.1236,0.58905,0.006780000000000008,0.124,-0.0003999999999999976,0.0014265413251522002,0.0014765057430661914,930
9.7,x1 = 9.7,10.0,x1 = 10.0,0.14447001117307476,0.8555299888269252,0.15446425174091177,0.8455357482590882,0.33480033966504097,0.6651996603349589,0.12599814793369263,0.8740018520663074,0.15825062224133774,0.8417493777586622,0.6209,0.13061,0.91976,0.54636,0.22271,0.11012,0.59583,0.1236,0.60404,-0.00821000000000005,0.12751,-0.003910000000000011,0.0007304245145118987,0.0007488809531553606,960
