z_x1,z_note,x_x1,x_note,"p(y=0|x,D)","p(y=1|x,D)","p(u=0|z,D)","p(u=1|z,D)","p(y=0|x,u=0,z,D)","p(y=1|x,u=0,z,D)","p(y=0|x,u=1,z,D)","p(y=1|x,u=1,z,D)","p(y=0|x,z,D)","p(y=1|x,z,D)","H[p(u|z,D)]","Var[p(u|z,D)]","H[p(y|x,u=0,z,D)]","H[p(y|x,u=1,z,D)]","Var[p(y|x,u=0,z,D)]","Var[p(y|x,u=1,z,D)]","H[p(y|x,D)]","Var[p(y|x,D)]",Va,Ve,Va_variance,Ve_variance,kl_pyx_pyxz,kl_pyxz_pyx,api_calls
14.6,x1 = 14.6,15.0,x1 = 15.0,0.2858491009098544,0.7141508990901456,0.2818058253741017,0.7181941746258984,0.5188366313887385,0.4811633686112615,0.22866282019108594,0.771337179808914,0.3104354905575892,0.689564509442411,0.8579,0.20239,0.99898,0.77567,0.24965,0.17638,0.8633,0.20414,0.8386,0.024699999999999944,0.19703,0.0071099999999999774,0.001433584188000471,0.001456449983904283,1000
14.5,x1 = 14.5,15.0,x1 = 15.0,0.2858491009098544,0.7141508990901456,0.29488356776454105,0.7051164322354591,0.527802171933476,0.4721978280665239,0.23596034938847033,0.7640396506115297,0.3220197072434477,0.6779802927565524,0.87495,0.20793,0.99777,0.78826,0.24923,0.18028,0.8633,0.20414,0.85004,0.013259999999999939,0.20061,0.0035299999999999776,0.00306020472754117,0.0031294814698834897,1030
15.6,x1 = 15.6,15.0,x1 = 15.0,0.2858491009098544,0.7141508990901456,0.2635508130638434,0.7364491869361565,0.5463839397978776,0.45361606020212236,0.24426811319268632,0.7557318868073137,0.3238909849339396,0.6761090150660602,0.83206,0.19409,0.99378,0.80207,0.24785,0.1846,0.8633,0.20414,0.8526,0.010699999999999932,0.20127,0.0028699999999999837,0.003377761105412158,0.003457714780728406,1060
14.9,x1 = 14.9,15.0,x1 = 15.0,0.2858491009098544,0.7141508990901456,0.29408704759546317,0.7059129524045369,0.5341614849358978,0.46583851506410234,0.24073511005488685,0.7592648899451132,0.32702800633028295,0.6729719936697172,0.87394,0.2076,0.99663,0.79626,0.24883,0.18278,0.8633,0.20414,0.85519,0.00810999999999995,0.2022,0.0019399999999999973,0.003943752588712497,0.00404381563310912,1090
15.2,x1 = 15.2,15.0,x1 = 15.0,0.2858491009098544,0.7141508990901456,0.2703429706915773,0.7296570293084228,0.5586056483318915,0.4413943516681084,0.2458681374262135,0.7541318625737865,0.3304145251711441,0.669585474828856,0.84196,0.19726,0.99007,0.80466,0.24657,0.18542,0.8633,0.20414,0.85478,0.008519999999999972,0.20195,0.0021899999999999975,0.004601692257494253,0.004726715935959323,1120
