z_x1,z_note,x_x1,x_note,"p(y=0|x,D)","p(y=1|x,D)","p(u=0|z,D)","p(u=1|z,D)","p(y=0|x,u=0,z,D)","p(y=1|x,u=0,z,D)","p(y=0|x,u=1,z,D)","p(y=1|x,u=1,z,D)","p(y=0|x,z,D)","p(y=1|x,z,D)","H[p(u|z,D)]","Var[p(u|z,D)]","H[p(y|x,u=0,z,D)]","H[p(y|x,u=1,z,D)]","Var[p(y|x,u=0,z,D)]","Var[p(y|x,u=1,z,D)]","H[p(y|x,D)]","Var[p(y|x,D)]",Va,Ve,Va_variance,Ve_variance,kl_pyx_pyxz,kl_pyxz_pyx,api_calls
-9.7,x1 = -9.7,-10.0,x1 = -10.0,0.5905113240092298,0.4094886759907702,0.5884241243677029,0.41157587563229725,0.7725319208451055,0.2274680791548945,0.30641059714567853,0.6935894028543215,0.5806876288926285,0.41931237110737163,0.97732,0.24218,0.77357,0.88899,0.17573,0.21252,0.97623,0.24181,0.82107,0.15516000000000008,0.19087,0.050939999999999985,0.00019861541014757136,0.00019907480642749123,200
-10.0,x1 = -10.0,-10.0,x1 = -10.0,0.5905113240092298,0.4094886759907702,0.59360803603266,0.40639196396734006,0.764390255498123,0.23560974450187705,0.311481603133668,0.6885183968663321,0.5803318187659309,0.41966818123406924,0.97457,0.24124,0.78766,0.89488,0.1801,0.21446,0.97623,0.24181,0.83123,0.14500000000000002,0.19406,0.04774999999999999,0.00021322897309314012,0.00021373893113346872,230
-9.9,x1 = -9.9,-10.0,x1 = -10.0,0.5905113240092298,0.4094886759907702,0.5967508405303612,0.40324915946963885,0.7773602419489796,0.22263975805102038,0.3009936857424905,0.6990063142575096,0.5852658285592665,0.41473417144073366,0.97282,0.24064,0.76496,0.8825,0.17307,0.2104,0.97623,0.24181,0.81236,0.16387000000000007,0.18812,0.05368999999999999,5.674955109014057e-05,5.682158999649207e-05,260
-9.6,x1 = -9.6,-10.0,x1 = -10.0,0.5905113240092298,0.4094886759907702,0.6148038385001434,0.3851961614998565,0.771063934196379,0.22893606580362097,0.30698676054060076,0.6930132394593992,0.5923031882644708,0.4076968117355291,0.96163,0.23682,0.77615,0.88966,0.17652,0.21275,0.97623,0.24181,0.81987,0.15636000000000005,0.19048,0.05132999999999999,6.64510087068442e-06,6.64209879223574e-06,290
-9.8,x1 = -9.8,-10.0,x1 = -10.0,0.5905113240092298,0.4094886759907702,0.5794365478511067,0.42056345214889335,0.7701835064592432,0.22981649354075678,0.299225279171527,0.700774720828473,0.5721156885731982,0.42788431142680183,0.98172,0.24369,0.77769,0.88034,0.177,0.20969,0.97623,0.24181,0.82086,0.15537,0.19075,0.051059999999999994,0.0006938492769337813,0.0006966988389504117,320
