z_x1,z_note,x_x1,x_note,"p(y=0|x,D)","p(y=1|x,D)","p(u=0|z,D)","p(u=1|z,D)","p(y=0|x,u=0,z,D)","p(y=1|x,u=0,z,D)","p(y=0|x,u=1,z,D)","p(y=1|x,u=1,z,D)","p(y=0|x,z,D)","p(y=1|x,z,D)","H[p(u|z,D)]","Var[p(u|z,D)]","H[p(y|x,u=0,z,D)]","H[p(y|x,u=1,z,D)]","Var[p(y|x,u=0,z,D)]","Var[p(y|x,u=1,z,D)]","H[p(y|x,D)]","Var[p(y|x,D)]",Va,Ve,Va_variance,Ve_variance,kl_pyx_pyxz,kl_pyxz_pyx,api_calls
10.5,x1 = 10.5,10.0,x1 = 10.0,0.1885581227213749,0.8114418772786252,0.18863436748361007,0.81136563251639,0.4235109781216179,0.576489021878382,0.16168497916727315,0.8383150208327269,0.21107436087079035,0.7889256391292098,0.69861,0.15305,0.98305,0.63833,0.24415,0.13554,0.69845,0.153,0.70336,-0.00490999999999997,0.15603,-0.003030000000000005,0.001564388986112858,0.001609159521078228,840
10.4,x1 = 10.4,10.0,x1 = 10.0,0.1885581227213749,0.8114418772786252,0.1907230616980271,0.8092769383019727,0.41180507233127495,0.588194927668725,0.16472812460604552,0.8352718753939545,0.21185139655120466,0.7881486034487952,0.70298,0.15435,0.97744,0.6455,0.24222,0.13759,0.69845,0.153,0.70881,-0.010360000000000036,0.15755,-0.0045499999999999985,0.001671124129749367,0.0017204900236693736,870
10.0,x1 = 10.0,10.0,x1 = 10.0,0.1885581227213749,0.8114418772786252,0.1885581227213749,0.8114418772786252,0.4540133336686328,0.5459866663313673,0.21354614961443055,0.7864538503855696,0.25888819041578626,0.741111809584214,0.69845,0.153,0.99389,0.74821,0.24789,0.16794,0.69845,0.153,0.79453,-0.09607999999999994,0.18302,-0.03001999999999999,0.013795306812428791,0.01487483144341624,900
10.1,x1 = 10.1,10.0,x1 = 10.0,0.1885581227213749,0.8114418772786252,0.18806129801313629,0.8119387019868636,0.4325462506949799,0.5674537493050202,0.1589039380967073,0.8410960619032928,0.21036546659525482,0.7896345334047452,0.6974,0.15269,0.98683,0.63168,0.24545,0.13365,0.69845,0.153,0.69847,-2.0000000000020002e-05,0.15468,-0.0016800000000000148,0.0014699291748056474,0.0015107546445460897,930
9.7,x1 = 9.7,10.0,x1 = 10.0,0.1885581227213749,0.8114418772786252,0.22066906083406215,0.779330939165938,0.3454488094848226,0.6545511905151774,0.14884606272286005,0.8511539372771401,0.1922302062082193,0.8077697937917809,0.76139,0.17197,0.92994,0.60695,0.22611,0.12669,0.69845,0.153,0.67822,0.02022999999999997,0.14863,0.004369999999999985,4.363247063622795e-05,4.384754892401959e-05,960
