z_x1,z_note,x_x1,x_note,"p(y=0|x,D)","p(y=1|x,D)","p(u=0|z,D)","p(u=1|z,D)","p(y=0|x,u=0,z,D)","p(y=1|x,u=0,z,D)","p(y=0|x,u=1,z,D)","p(y=1|x,u=1,z,D)","p(y=0|x,z,D)","p(y=1|x,z,D)","H[p(u|z,D)]","Var[p(u|z,D)]","H[p(y|x,u=0,z,D)]","H[p(y|x,u=1,z,D)]","Var[p(y|x,u=0,z,D)]","Var[p(y|x,u=1,z,D)]","H[p(y|x,D)]","Var[p(y|x,D)]",Va,Ve,Va_variance,Ve_variance,kl_pyx_pyxz,kl_pyxz_pyx,api_calls
-14.5,x1 = -14.5,-15.0,x1 = -15.0,0.5977180321892213,0.4022819678107788,0.5987157304441897,0.40128426955581037,0.7437802553604076,0.2562197446395924,0.36582795849253724,0.6341720415074628,0.5921139439848435,0.4078860560151566,0.9717,0.24026,0.82099,0.94741,0.19057,0.232,0.97227,0.24045,0.87172,0.10054999999999992,0.2072,0.03325,6.511258748695837e-05,6.520847228738084e-05,40
-14.9,x1 = -14.9,-15.0,x1 = -15.0,0.5977180321892213,0.4022819678107788,0.59582617707419,0.40417382292580994,0.7390144181293551,0.26098558187064486,0.37333614396357656,0.6266638560364235,0.59121683209886,0.40878316790114005,0.97334,0.24082,0.82823,0.9532,0.19287,0.23396,0.97227,0.24045,0.87874,0.09353,0.20948,0.030969999999999998,8.758738975708606e-05,8.773627730551507e-05,70
-14.7,x1 = -14.7,-15.0,x1 = -15.0,0.5977180321892213,0.4022819678107788,0.6050884701820889,0.394911529817911,0.7397531316395466,0.2602468683604534,0.3651688848290294,0.6348311151709705,0.5918254936859152,0.4081745063140846,0.9679,0.23896,0.82712,0.94689,0.19252,0.23182,0.97227,0.24045,0.87442,0.09784999999999999,0.20804,0.032409999999999994,7.197724946183398e-05,7.208852125185124e-05,100
-14.3,x1 = -14.3,-15.0,x1 = -15.0,0.5977180321892213,0.4022819678107788,0.6016950008382445,0.39830499916175555,0.7482545881657752,0.2517454118342249,0.3622793283397364,0.6377206716602635,0.5945187126243064,0.40548128737569356,0.96995,0.23966,0.81403,0.94456,0.18837,0.23103,0.97227,0.24045,0.86602,0.10624999999999996,0.20536,0.03509000000000001,2.124787366311002e-05,2.1265974171545427e-05,130
-14.4,x1 = -14.4,-15.0,x1 = -15.0,0.5977180321892213,0.4022819678107788,0.601695003670777,0.39830499632922306,0.7318629339118166,0.2681370660881834,0.37080879025210495,0.629191209747895,0.5880532645467844,0.4119467354532156,0.96995,0.23966,0.83878,0.95129,0.19624,0.23331,0.97227,0.24045,0.88359,0.08867999999999998,0.21101,0.029439999999999994,0.00019326032393157493,0.0001937401467980715,160
