z_x1,z_note,x_x1,x_note,"p(y=0|x,D)","p(y=1|x,D)","p(u=0|z,D)","p(u=1|z,D)","p(y=0|x,u=0,z,D)","p(y=1|x,u=0,z,D)","p(y=0|x,u=1,z,D)","p(y=1|x,u=1,z,D)","p(y=0|x,z,D)","p(y=1|x,z,D)","H[p(u|z,D)]","Var[p(u|z,D)]","H[p(y|x,u=0,z,D)]","H[p(y|x,u=1,z,D)]","Var[p(y|x,u=0,z,D)]","Var[p(y|x,u=1,z,D)]","H[p(y|x,D)]","Var[p(y|x,D)]",Va,Ve,Va_variance,Ve_variance,kl_pyx_pyxz,kl_pyxz_pyx,api_calls
-9.7,x1 = -9.7,-10.0,x1 = -10.0,0.8066938733775529,0.1933061266224471,0.7756692008070685,0.22433079919293158,0.7964695591150825,0.20353044088491745,0.49045436370580237,0.5095456362941977,0.7278209257637377,0.2721790742362624,0.768,0.17401,0.72893,0.99974,0.16211,0.24991,0.70834,0.15594,0.78968,-0.08134000000000008,0.18181,-0.025870000000000004,0.016853621617888045,0.018250704323302128,200
-10.0,x1 = -10.0,-10.0,x1 = -10.0,0.8066938733775529,0.1933061266224471,0.8099672337694855,0.19003276623051465,0.8458589308765632,0.1541410691234369,0.3539645653492296,0.6460354346507704,0.7523828839022002,0.24761711609780002,0.70154,0.15392,0.62011,0.93756,0.13038,0.22867,0.70834,0.15594,0.68044,0.027899999999999925,0.14906,0.006879999999999997,0.008361426015803898,0.008871857982692473,230
-9.9,x1 = -9.9,-10.0,x1 = -10.0,0.8066938733775529,0.1933061266224471,0.7850807185444368,0.21491928145556322,0.7953838470205228,0.20461615297947716,0.49666605301260597,0.5033339469873941,0.7311836333743504,0.2688163666256496,0.75078,0.16873,0.73106,0.99997,0.16275,0.24999,0.70834,0.15594,0.78885,-0.08051000000000008,0.1815,-0.02556,0.015538212621386313,0.01678266454510033,260
-9.6,x1 = -9.6,-10.0,x1 = -10.0,0.8066938733775529,0.1933061266224471,0.7821411377918291,0.21785886220817088,0.7887086265089547,0.2112913734910454,0.48843500819419344,0.5115649918058065,0.7232913576717702,0.27670864232822984,0.75624,0.1704,0.74394,0.99961,0.16665,0.24987,0.70834,0.15594,0.79964,-0.09130000000000005,0.18478,-0.028840000000000005,0.018699240065080114,0.020318305915573126,290
-9.8,x1 = -9.8,-10.0,x1 = -10.0,0.8066938733775529,0.1933061266224471,0.7777113607315628,0.2222886392684372,0.7467631562570602,0.25323684374293975,0.4995396974158693,0.5004603025841308,0.6918081899960153,0.3081918100039846,0.76432,0.17288,0.81637,1.0,0.18911,0.25,0.70834,0.15594,0.85719,-0.14885000000000004,0.20265,-0.04671,0.03376971973070511,0.037468915399785335,320
