z_x1,z_note,x_x1,x_note,"p(y=0|x,D)","p(y=1|x,D)","p(u=0|z,D)","p(u=1|z,D)","p(y=0|x,u=0,z,D)","p(y=1|x,u=0,z,D)","p(y=0|x,u=1,z,D)","p(y=1|x,u=1,z,D)","p(y=0|x,z,D)","p(y=1|x,z,D)","H[p(u|z,D)]","Var[p(u|z,D)]","H[p(y|x,u=0,z,D)]","H[p(y|x,u=1,z,D)]","Var[p(y|x,u=0,z,D)]","Var[p(y|x,u=1,z,D)]","H[p(y|x,D)]","Var[p(y|x,D)]",Va,Ve,Va_variance,Ve_variance,kl_pyx_pyxz,kl_pyxz_pyx,api_calls
4.8,x1 = 4.8,5.0,x1 = 5.0,0.3868045535296688,0.6131954464703312,0.4979093049533024,0.5020906950466977,0.42662164432349386,0.5733783556765062,0.37797229627946816,0.6220277037205318,0.40219525935050027,0.5978047406494997,0.99999,0.25,0.98441,0.9566,0.24462,0.23511,0.96271,0.23719,0.97045,-0.00774000000000008,0.23985,-0.0026599999999999957,0.000494746991259171,0.0004969946285213866,680
5.7,x1 = 5.7,5.0,x1 = 5.0,0.3868045535296688,0.6131954464703312,0.34134595784345845,0.6586540421565416,0.4783457426718104,0.5216542573281896,0.3711505918639083,0.6288494081360916,0.40774122329260565,0.5922587767073944,0.9261,0.22483,0.99865,0.95155,0.24953,0.2334,0.96271,0.23719,0.96763,-0.0049200000000000355,0.23891,-0.0017199999999999993,0.0009127476130471185,0.0009182319852985739,710
4.5,x1 = 4.5,5.0,x1 = 5.0,0.3868045535296688,0.6131954464703312,0.5244740732157749,0.475525926784225,0.4178629897565946,0.5821370102434054,0.385739200289301,0.614260799710699,0.40258729499833845,0.5974127050016614,0.99827,0.2494,0.98045,0.96199,0.24325,0.23694,0.96271,0.23719,0.97167,-0.008960000000000079,0.24025,-0.0030599999999999794,0.0005201575752413704,0.0005225760816811916,740
5.0,x1 = 5.0,5.0,x1 = 5.0,0.3868045535296688,0.6131954464703312,0.3868045535296688,0.6131954464703312,0.5088003967515999,0.49119960324840006,0.3616863155484712,0.6383136844515288,0.4185907120461749,0.5814092879538251,0.96271,0.23719,0.99978,0.94407,0.24992,0.23087,0.96271,0.23719,0.96562,-0.002910000000000079,0.23824,-0.0010499999999999954,0.0020920960082447607,0.002110124540530972,770
4.9,x1 = 4.9,5.0,x1 = 5.0,0.3868045535296688,0.6131954464703312,0.5132519516409242,0.4867480483590758,0.42080052199925655,0.5791994780007435,0.37518991289086734,0.6248100871091327,0.39859964703127937,0.6014003529687206,0.99949,0.24982,0.98182,0.95457,0.24373,0.23442,0.96271,0.23719,0.96856,-0.005850000000000022,0.2392,-0.002009999999999984,0.0002911816189919269,0.00029221373252918265,800
