z_x1,z_note,x_x1,x_note,"p(y=0|x,D)","p(y=1|x,D)","p(u=0|z,D)","p(u=1|z,D)","p(y=0|x,u=0,z,D)","p(y=1|x,u=0,z,D)","p(y=0|x,u=1,z,D)","p(y=1|x,u=1,z,D)","p(y=0|x,z,D)","p(y=1|x,z,D)","H[p(u|z,D)]","Var[p(u|z,D)]","H[p(y|x,u=0,z,D)]","H[p(y|x,u=1,z,D)]","Var[p(y|x,u=0,z,D)]","Var[p(y|x,u=1,z,D)]","H[p(y|x,D)]","Var[p(y|x,D)]",Va,Ve,Va_variance,Ve_variance,kl_pyx_pyxz,kl_pyxz_pyx,api_calls
-4.8,x1 = -4.8,-5.0,x1 = -5.0,0.7337864463900081,0.2662135536099919,0.7116146300996127,0.2883853699003874,0.7741267300410866,0.22587326995891338,0.609435415883804,0.390564584116196,0.7266321644884578,0.27336783551154226,0.86663,0.20522,0.77075,0.96516,0.17485,0.23802,0.83598,0.19534,0.82681,0.0091699999999999,0.19307,0.002270000000000022,0.00012954935567809772,0.0001302734633914079,360
-5.0,x1 = -5.0,-5.0,x1 = -5.0,0.7337864463900081,0.2662135536099919,0.7365688318164834,0.2634311681835166,0.7288732762539123,0.27112672374608787,0.5370211277857507,0.46297887221424927,0.678333440664427,0.3216665593355731,0.83188,0.19404,0.84308,0.99604,0.19762,0.24863,0.83598,0.19534,0.88337,-0.04739000000000004,0.21106,-0.015719999999999984,0.007288220131192173,0.007561858187873395,390
-4.9,x1 = -4.9,-5.0,x1 = -5.0,0.7337864463900081,0.2662135536099919,0.7068433538247347,0.29315664617526527,0.7822488141046303,0.21775118589536957,0.5920976446179373,0.4079023553820627,0.726504734991607,0.273495265008393,0.87276,0.20722,0.75604,0.97539,0.17034,0.24152,0.83598,0.19534,0.82034,0.015639999999999987,0.19121,0.0041300000000000225,0.0001341791458081285,0.00013494220413488855,420
-4.6,x1 = -4.6,-5.0,x1 = -5.0,0.7337864463900081,0.2662135536099919,0.7074380872044503,0.2925619127955498,0.7746224286951057,0.22537757130489428,0.6155355734407272,0.3844644265592728,0.728079674021256,0.27192032597874405,0.87201,0.20697,0.76987,0.96113,0.17458,0.23665,0.83598,0.19534,0.82583,0.010149999999999992,0.19274,0.002600000000000019,8.26141529686351e-05,8.298406111238287e-05,450
-5.1,x1 = -5.1,-5.0,x1 = -5.0,0.7337864463900081,0.2662135536099919,0.7423622520484007,0.25763774795159927,0.7710762670788985,0.2289237329211015,0.5609430561487241,0.4390569438512758,0.7169380198450099,0.28306198015498996,0.82316,0.19126,0.77613,0.98926,0.17652,0.24629,0.83598,0.19534,0.83104,0.0049399999999999444,0.1945,0.0008400000000000074,0.0007081227495675663,0.000717181910048461,480
