z_x1,z_note,x_x1,x_note,"p(y=0|x,D)","p(y=1|x,D)","p(u=0|z,D)","p(u=1|z,D)","p(y=0|x,u=0,z,D)","p(y=1|x,u=0,z,D)","p(y=0|x,u=1,z,D)","p(y=1|x,u=1,z,D)","p(y=0|x,z,D)","p(y=1|x,z,D)","H[p(u|z,D)]","Var[p(u|z,D)]","H[p(y|x,u=0,z,D)]","H[p(y|x,u=1,z,D)]","Var[p(y|x,u=0,z,D)]","Var[p(y|x,u=1,z,D)]","H[p(y|x,D)]","Var[p(y|x,D)]",Va,Ve,Va_variance,Ve_variance,kl_pyx_pyxz,kl_pyxz_pyx,api_calls
14.4,x1 = 14.4,15.0,x1 = 15.0,0.2511390562944459,0.7488609437055541,0.2351759237968083,0.7648240762031917,0.5061699472442027,0.49383005275579717,0.16944211903370937,0.8305578809662906,0.2486323971012051,0.7513676028987948,0.78693,0.17987,0.99989,0.65643,0.24996,0.14073,0.81308,0.18807,0.7372,0.07588000000000006,0.16642,0.021649999999999975,1.6779479248237635e-05,1.674210498676075e-05,1000
14.9,x1 = 14.9,15.0,x1 = 15.0,0.2511390562944459,0.7488609437055541,0.23394958870014518,0.7660504112998547,0.5154123826534384,0.48458761734656164,0.1701129533212718,0.8298870466787281,0.250895612791927,0.7491043872080729,0.78483,0.17922,0.99931,0.65796,0.24976,0.14117,0.81308,0.18807,0.73782,0.07526,0.16657,0.02149999999999999,1.5762953546177025e-07,1.5759565940367008e-07,1030
15.0,x1 = 15.0,15.0,x1 = 15.0,0.2511390562944459,0.7488609437055541,0.2511390562944459,0.7488609437055541,0.5431690410922818,0.4568309589077182,0.23716951300748884,0.7628304869925111,0.3140179457172495,0.6859820542827505,0.81308,0.18807,0.99462,0.7903,0.24814,0.18092,0.81308,0.18807,0.84161,-0.028529999999999944,0.1978,-0.009730000000000016,0.009561134951627553,0.010003328684809569,1060
15.4,x1 = 15.4,15.0,x1 = 15.0,0.2511390562944459,0.7488609437055541,0.24530668365833058,0.7546933163416695,0.5339721178789235,0.4660278821210765,0.19657020053816074,0.8034297994618393,0.27933714594098547,0.7206628540590148,0.80375,0.18513,0.99667,0.71502,0.24885,0.15793,0.81308,0.18807,0.78411,0.02897000000000005,0.18023,0.007839999999999986,0.0020183228115221545,0.0020646070878622934,1090
14.7,x1 = 14.7,15.0,x1 = 15.0,0.2511390562944459,0.7488609437055541,0.24977557861819588,0.7502244213818041,0.5124353001771598,0.48756469982284034,0.17069528284662408,0.8293047171533757,0.2560535934123509,0.7439464065876489,0.81092,0.18739,0.99955,0.65929,0.24985,0.14156,0.81308,0.18807,0.74428,0.06879999999999997,0.16861,0.019459999999999977,6.36651693470304e-05,6.393729383565114e-05,1120
