z_x1,z_note,x_x1,x_note,"p(y=0|x,D)","p(y=1|x,D)","p(u=0|z,D)","p(u=1|z,D)","p(y=0|x,u=0,z,D)","p(y=1|x,u=0,z,D)","p(y=0|x,u=1,z,D)","p(y=1|x,u=1,z,D)","p(y=0|x,z,D)","p(y=1|x,z,D)","H[p(u|z,D)]","Var[p(u|z,D)]","H[p(y|x,u=0,z,D)]","H[p(y|x,u=1,z,D)]","Var[p(y|x,u=0,z,D)]","Var[p(y|x,u=1,z,D)]","H[p(y|x,D)]","Var[p(y|x,D)]",Va,Ve,Va_variance,Ve_variance,kl_pyx_pyxz,kl_pyxz_pyx,api_calls
-14.5,x1 = -14.5,-15.0,x1 = -15.0,0.7925530750883758,0.20744692491162411,0.7795603378451184,0.22043966215488156,0.8006943638135547,0.19930563618644523,0.4852030674198363,0.5147969325801637,0.7311475690237178,0.2688524309762821,0.76097,0.17185,0.72054,0.99937,0.15958,0.24978,0.73657,0.16441,0.78201,-0.045440000000000036,0.17946,-0.015050000000000008,0.010126463290536299,0.01074718929158966,40
-14.9,x1 = -14.9,-15.0,x1 = -15.0,0.7925530750883758,0.20744692491162411,0.7822816609827035,0.21771833901729654,0.7470231731236032,0.25297682687639683,0.48802746710438605,0.511972532895614,0.6906350581964873,0.3093649418035128,0.75598,0.17032,0.81596,0.99959,0.18898,0.24986,0.73657,0.16441,0.85594,-0.11937000000000009,0.20223,-0.03781999999999999,0.02618793351010515,0.028572007983452996,70
-14.7,x1 = -14.7,-15.0,x1 = -15.0,0.7925530750883758,0.20744692491162411,0.772529046026069,0.22747095397393102,0.782768494456372,0.21723150554362794,0.4814491611119015,0.5185508388880985,0.7142270982497164,0.2857729017502836,0.77358,0.17573,0.75508,0.99901,0.17004,0.24966,0.73657,0.16441,0.81057,-0.07400000000000007,0.18815,-0.02374000000000001,0.01602208538526398,0.017217925629922123,100
-14.4,x1 = -14.4,-15.0,x1 = -15.0,0.7925530750883758,0.20744692491162411,0.7722855140634934,0.22771448593650662,0.7778409319572036,0.22215906804279645,0.4883100464944704,0.5116899535055296,0.7119105552113157,0.2880894447886843,0.77401,0.17586,0.76409,0.99961,0.1728,0.24986,0.73657,0.16441,0.81772,-0.08115000000000006,0.19035,-0.02593999999999999,0.016922015867769438,0.018214145932179862,130
-15.3,x1 = -15.3,-15.0,x1 = -15.0,0.7925530750883758,0.20744692491162411,0.7890404862992255,0.21095951370077448,0.7995341571168011,0.20046584288319885,0.47339540548257075,0.5266045945174292,0.7307320846730662,0.2692679153269338,0.74331,0.16646,0.72286,0.99796,0.16028,0.24929,0.73657,0.16441,0.78089,-0.044320000000000026,0.17906,-0.014649999999999996,0.010256629290973429,0.010888864374781627,160
